{"cluster":{"nodes":[{"nCores":72, "memorySize":192, "networkSpeed":100, "networkLatency":0.00025}, {"nCores":72, "memorySize":192, "networkSpeed":100, "networkLatency":0.00025}, {"nCores":72, "memorySize":192, "networkSpeed":100, "networkLatency":0.00025}, {"nCores":72, "memorySize":192, "networkSpeed":100, "networkLatency":0.00025}, {"nCores":72, "memorySize":192, "networkSpeed":100, "networkLatency":0.00025}, {"nCores":72, "memorySize":192, "networkSpeed":100, "networkLatency":0.00025}, {"nCores":72, "memorySize":192, "networkSpeed":100, "networkLatency":0.00025}, {"nCores":72, "memorySize":192, "networkSpeed":100, "networkLatency":0.00025}, {"nCores":0, "memorySize":1e+06, "networkSpeed":1e+06, "networkLatency":0.1}], "storageService":true}, "plan":{"dataUnits":[{"name":"intermediate_0", "id":0, "estimatedCard":572197.619237185339, "isIntermediate":true, "attributes":[{"name":"userid", "dataUnitId":0, "attributeIndex":0, "size":4}, {"name":"countstar(*)", "dataUnitId":0, "attributeIndex":1, "size":8}], "partitionLayout":{"type":"hashpartitioned", "nPartitions":16, "attributes":[{"name":"userid", "dataUnitId":1, "attributeIndex":1, "size":4}]}}, {"name":"badges", "id":1, "estimatedCard":2321724, "isIntermediate":false, "attributes":[{"name":"id", "dataUnitId":1, "attributeIndex":0, "size":4}, {"name":"userid", "dataUnitId":1, "attributeIndex":1, "size":4}, {"name":"name", "dataUnitId":1, "attributeIndex":2, "size":10}, {"name":"date", "dataUnitId":1, "attributeIndex":3, "size":8}, {"name":"class", "dataUnitId":1, "attributeIndex":4, "size":2}, {"name":"tagbased", "dataUnitId":1, "attributeIndex":5, "size":1}], "partitionLayout":{"type":"hashpartitioned", "nPartitions":16, "attributes":[{"name":"userid", "dataUnitId":1, "attributeIndex":1, "size":4}]}}, {"name":"intermediate_1", "id":2, "estimatedCard":1.26071e+06, "isIntermediate":true, "attributes":[{"name":"id", "dataUnitId":2, "attributeIndex":0, "size":4}, {"name":"reputation", "dataUnitId":2, "attributeIndex":1, "size":4}], "partitionLayout":{"type":"hashpartitioned", "nPartitions":16, "attributes":[{"name":"id", "dataUnitId":2, "attributeIndex":0, "size":4}]}}, {"name":"users", "id":3, "estimatedCard":1.26071e+06, "isIntermediate":false, "attributes":[{"name":"id", "dataUnitId":3, "attributeIndex":0, "size":4}, {"name":"reputation", "dataUnitId":3, "attributeIndex":1, "size":4}, {"name":"creationdate", "dataUnitId":3, "attributeIndex":2, "size":8}, {"name":"displayname", "dataUnitId":3, "attributeIndex":3, "size":10}, {"name":"lastaccessdate", "dataUnitId":3, "attributeIndex":4, "size":8}, {"name":"websiteurl", "dataUnitId":3, "attributeIndex":5, "size":10}, {"name":"location", "dataUnitId":3, "attributeIndex":6, "size":10}, {"name":"aboutme", "dataUnitId":3, "attributeIndex":7, "size":10}, {"name":"views", "dataUnitId":3, "attributeIndex":8, "size":4}, {"name":"upvotes", "dataUnitId":3, "attributeIndex":9, "size":4}, {"name":"downvotes", "dataUnitId":3, "attributeIndex":10, "size":4}, {"name":"profileimageurl", "dataUnitId":3, "attributeIndex":11, "size":10}, {"name":"accountid", "dataUnitId":3, "attributeIndex":12, "size":4}], "partitionLayout":{"type":"hashpartitioned", "nPartitions":16, "attributes":[{"name":"id", "dataUnitId":3, "attributeIndex":0, "size":4}]}}, {"name":"intermediate_2", "id":4, "estimatedCard":1.26071e+06, "isIntermediate":true, "attributes":[{"name":"id", "dataUnitId":4, "attributeIndex":0, "size":4}, {"name":"reputation", "dataUnitId":4, "attributeIndex":1, "size":4}, {"name":"id", "dataUnitId":4, "attributeIndex":2, "size":4}, {"name":"posttypeid", "dataUnitId":4, "attributeIndex":3, "size":2}, {"name":"score", "dataUnitId":4, "attributeIndex":4, "size":4}, {"name":"viewcount", "dataUnitId":4, "attributeIndex":5, "size":4}, {"name":"owneruserid", "dataUnitId":4, "attributeIndex":6, "size":4}], "partitionLayout":{"type":"broadcast", "nPartitions":1, "attributes":[]}}, {"name":"intermediate_1_shuffled", "id":5, "estimatedCard":1.26071e+06, "isIntermediate":true, "attributes":[{"name":"id", "dataUnitId":2, "attributeIndex":0, "size":4}, {"name":"reputation", "dataUnitId":2, "attributeIndex":1, "size":4}], "partitionLayout":{"type":"broadcast", "nPartitions":1, "attributes":[]}}, {"name":"intermediate_3", "id":6, "estimatedCard":4147019.62767272117, "isIntermediate":true, "attributes":[{"name":"id", "dataUnitId":6, "attributeIndex":0, "size":4}, {"name":"id", "dataUnitId":6, "attributeIndex":1, "size":4}, {"name":"sum()", "dataUnitId":6, "attributeIndex":2, "size":8}, {"name":"sum()", "dataUnitId":6, "attributeIndex":3, "size":8}, {"name":"sum()", "dataUnitId":6, "attributeIndex":4, "size":8}, {"name":"sum()", "dataUnitId":6, "attributeIndex":5, "size":8}, {"name":"any(reputation)", "dataUnitId":6, "attributeIndex":6, "size":4}, {"name":"sum()", "dataUnitId":6, "attributeIndex":7, "size":8}, {"name":"count()", "dataUnitId":6, "attributeIndex":8, "size":8}], "partitionLayout":{"type":"hashpartitioned", "nPartitions":16, "attributes":[{"name":"id", "dataUnitId":7, "attributeIndex":0, "size":4}]}}, {"name":"posts", "id":7, "estimatedCard":3850129, "isIntermediate":false, "attributes":[{"name":"id", "dataUnitId":7, "attributeIndex":0, "size":4}, {"name":"posttypeid", "dataUnitId":7, "attributeIndex":1, "size":2}, {"name":"acceptedanswerid", "dataUnitId":7, "attributeIndex":2, "size":4}, {"name":"parentid", "dataUnitId":7, "attributeIndex":3, "size":4}, {"name":"creationdate", "dataUnitId":7, "attributeIndex":4, "size":8}, {"name":"score", "dataUnitId":7, "attributeIndex":5, "size":4}, {"name":"viewcount", "dataUnitId":7, "attributeIndex":6, "size":4}, {"name":"body", "dataUnitId":7, "attributeIndex":7, "size":10}, {"name":"owneruserid", "dataUnitId":7, "attributeIndex":8, "size":4}, {"name":"ownerdisplayname", "dataUnitId":7, "attributeIndex":9, "size":10}, {"name":"lasteditoruserid", "dataUnitId":7, "attributeIndex":10, "size":4}, {"name":"lasteditordisplayname", "dataUnitId":7, "attributeIndex":11, "size":10}, {"name":"lasteditdate", "dataUnitId":7, "attributeIndex":12, "size":8}, {"name":"lastactivitydate", "dataUnitId":7, "attributeIndex":13, "size":8}, {"name":"title", "dataUnitId":7, "attributeIndex":14, "size":10}, {"name":"tags", "dataUnitId":7, "attributeIndex":15, "size":10}, {"name":"answercount", "dataUnitId":7, "attributeIndex":16, "size":4}, {"name":"commentcount", "dataUnitId":7, "attributeIndex":17, "size":4}, {"name":"favoritecount", "dataUnitId":7, "attributeIndex":18, "size":4}, {"name":"closeddate", "dataUnitId":7, "attributeIndex":19, "size":8}, {"name":"communityowneddate", "dataUnitId":7, "attributeIndex":20, "size":8}, {"name":"contentlicense", "dataUnitId":7, "attributeIndex":21, "size":10}], "partitionLayout":{"type":"hashpartitioned", "nPartitions":16, "attributes":[{"name":"id", "dataUnitId":7, "attributeIndex":0, "size":4}]}}, {"name":"intermediate_4", "id":8, "estimatedCard":1.26071e+06, "isIntermediate":true, "attributes":[{"name":"id", "dataUnitId":8, "attributeIndex":0, "size":4}, {"name":"reputation", "dataUnitId":8, "attributeIndex":1, "size":4}, {"name":"count(id)", "dataUnitId":8, "attributeIndex":2, "size":8}, {"name":"sum()", "dataUnitId":8, "attributeIndex":3, "size":8}, {"name":"sum()", "dataUnitId":8, "attributeIndex":4, "size":8}, {"name":"sum()", "dataUnitId":8, "attributeIndex":5, "size":8}, {"name":"sum()", "dataUnitId":8, "attributeIndex":6, "size":8}, {"name":"sum(sum())", "dataUnitId":8, "attributeIndex":7, "size":8}, {"name":"sum(count())", "dataUnitId":8, "attributeIndex":8, "size":8}], "partitionLayout":{"type":"hashpartitioned", "nPartitions":16, "attributes":[{"name":"id", "dataUnitId":4, "attributeIndex":0, "size":4}, {"name":"id", "dataUnitId":7, "attributeIndex":0, "size":4}]}}, {"name":"intermediate_3_shuffled", "id":9, "estimatedCard":4147019.62767272117, "isIntermediate":true, "attributes":[{"name":"id", "dataUnitId":6, "attributeIndex":0, "size":4}, {"name":"id", "dataUnitId":6, "attributeIndex":1, "size":4}, {"name":"sum()", "dataUnitId":6, "attributeIndex":2, "size":8}, {"name":"sum()", "dataUnitId":6, "attributeIndex":3, "size":8}, {"name":"sum()", "dataUnitId":6, "attributeIndex":4, "size":8}, {"name":"sum()", "dataUnitId":6, "attributeIndex":5, "size":8}, {"name":"any(reputation)", "dataUnitId":6, "attributeIndex":6, "size":4}, {"name":"sum()", "dataUnitId":6, "attributeIndex":7, "size":8}, {"name":"count()", "dataUnitId":6, "attributeIndex":8, "size":8}], "partitionLayout":{"type":"hashpartitioned", "nPartitions":16, "attributes":[{"name":"id", "dataUnitId":4, "attributeIndex":0, "size":4}, {"name":"id", "dataUnitId":7, "attributeIndex":0, "size":4}]}}, {"name":"intermediate_5", "id":10, "estimatedCard":572197.619237185339, "isIntermediate":true, "attributes":[{"name":"id", "dataUnitId":10, "attributeIndex":0, "size":4}, {"name":"reputation", "dataUnitId":10, "attributeIndex":1, "size":4}, {"name":"count(id)", "dataUnitId":10, "attributeIndex":2, "size":8}, {"name":"sum()", "dataUnitId":10, "attributeIndex":3, "size":8}, {"name":"sum()", "dataUnitId":10, "attributeIndex":4, "size":8}, {"name":"sum()", "dataUnitId":10, "attributeIndex":5, "size":8}, {"name":"sum()", "dataUnitId":10, "attributeIndex":6, "size":8}, {"name":"avg()", "dataUnitId":10, "attributeIndex":7, "size":16}, {"name":"userid", "dataUnitId":10, "attributeIndex":8, "size":4}, {"name":"countstar(*)", "dataUnitId":10, "attributeIndex":9, "size":8}, {"name":"sum(sum())", "dataUnitId":10, "attributeIndex":10, "size":8}, {"name":"sum(count())", "dataUnitId":10, "attributeIndex":11, "size":8}], "partitionLayout":{"type":"broadcast", "nPartitions":1, "attributes":[]}}, {"name":"intermediate_0_shuffled", "id":11, "estimatedCard":572197.619237185339, "isIntermediate":true, "attributes":[{"name":"userid", "dataUnitId":0, "attributeIndex":0, "size":4}, {"name":"countstar(*)", "dataUnitId":0, "attributeIndex":1, "size":8}], "partitionLayout":{"type":"broadcast", "nPartitions":1, "attributes":[]}}, {"name":"intermediate_6", "id":12, "estimatedCard":1471209.65691997763, "isIntermediate":true, "attributes":[{"name":"id", "dataUnitId":12, "attributeIndex":0, "size":4}, {"name":"reputation", "dataUnitId":12, "attributeIndex":1, "size":4}, {"name":"count(id)", "dataUnitId":12, "attributeIndex":2, "size":8}, {"name":"sum()", "dataUnitId":12, "attributeIndex":3, "size":8}, {"name":"sum()", "dataUnitId":12, "attributeIndex":4, "size":8}, {"name":"sum()", "dataUnitId":12, "attributeIndex":5, "size":8}, {"name":"sum()", "dataUnitId":12, "attributeIndex":6, "size":8}, {"name":"avg()", "dataUnitId":12, "attributeIndex":7, "size":16}, {"name":"userid", "dataUnitId":12, "attributeIndex":8, "size":4}, {"name":"countstar(*)", "dataUnitId":12, "attributeIndex":9, "size":8}, {"name":"sum(sum())", "dataUnitId":12, "attributeIndex":10, "size":8}, {"name":"sum(count())", "dataUnitId":12, "attributeIndex":11, "size":8}], "partitionLayout":{"type":"hashpartitioned", "nPartitions":16, "attributes":[{"name":"id", "dataUnitId":6, "attributeIndex":0, "size":4}]}}, {"name":"intermediate_4_shuffled", "id":13, "estimatedCard":1.26071e+06, "isIntermediate":true, "attributes":[{"name":"id", "dataUnitId":8, "attributeIndex":0, "size":4}, {"name":"reputation", "dataUnitId":8, "attributeIndex":1, "size":4}, {"name":"count(id)", "dataUnitId":8, "attributeIndex":2, "size":8}, {"name":"sum()", "dataUnitId":8, "attributeIndex":3, "size":8}, {"name":"sum()", "dataUnitId":8, "attributeIndex":4, "size":8}, {"name":"sum()", "dataUnitId":8, "attributeIndex":5, "size":8}, {"name":"sum()", "dataUnitId":8, "attributeIndex":6, "size":8}, {"name":"sum(sum())", "dataUnitId":8, "attributeIndex":7, "size":8}, {"name":"sum(count())", "dataUnitId":8, "attributeIndex":8, "size":8}], "partitionLayout":{"type":"hashpartitioned", "nPartitions":16, "attributes":[{"name":"id", "dataUnitId":6, "attributeIndex":0, "size":4}]}}, {"name":"intermediate_7", "id":14, "estimatedCard":1471209.65691997763, "isIntermediate":true, "attributes":[{"name":"id", "dataUnitId":14, "attributeIndex":0, "size":4}, {"name":"reputation", "dataUnitId":14, "attributeIndex":1, "size":4}, {"name":"count(id)", "dataUnitId":14, "attributeIndex":2, "size":8}, {"name":"sum()", "dataUnitId":14, "attributeIndex":3, "size":8}, {"name":"sum()", "dataUnitId":14, "attributeIndex":4, "size":8}, {"name":"sum()", "dataUnitId":14, "attributeIndex":5, "size":8}, {"name":"sum()", "dataUnitId":14, "attributeIndex":6, "size":8}, {"name":"avg()", "dataUnitId":14, "attributeIndex":7, "size":16}, {"name":"userid", "dataUnitId":14, "attributeIndex":8, "size":4}, {"name":"countstar(*)", "dataUnitId":14, "attributeIndex":9, "size":8}, {"name":"sum(sum())", "dataUnitId":14, "attributeIndex":10, "size":8}, {"name":"sum(count())", "dataUnitId":14, "attributeIndex":11, "size":8}], "partitionLayout":{"type":"hashpartitioned", "nPartitions":16, "attributes":[{"name":"id", "dataUnitId":6, "attributeIndex":0, "size":4}]}}, {"name":"intermediate_7_shuffled", "id":15, "estimatedCard":1471209.65691997763, "isIntermediate":true, "attributes":[{"name":"id", "dataUnitId":14, "attributeIndex":0, "size":4}, {"name":"reputation", "dataUnitId":14, "attributeIndex":1, "size":4}, {"name":"count(id)", "dataUnitId":14, "attributeIndex":2, "size":8}, {"name":"sum()", "dataUnitId":14, "attributeIndex":3, "size":8}, {"name":"sum()", "dataUnitId":14, "attributeIndex":4, "size":8}, {"name":"sum()", "dataUnitId":14, "attributeIndex":5, "size":8}, {"name":"sum()", "dataUnitId":14, "attributeIndex":6, "size":8}, {"name":"avg()", "dataUnitId":14, "attributeIndex":7, "size":16}, {"name":"userid", "dataUnitId":14, "attributeIndex":8, "size":4}, {"name":"countstar(*)", "dataUnitId":14, "attributeIndex":9, "size":8}, {"name":"sum(sum())", "dataUnitId":14, "attributeIndex":10, "size":8}, {"name":"sum(count())", "dataUnitId":14, "attributeIndex":11, "size":8}], "partitionLayout":{"type":"singlenode", "nPartitions":1, "attributes":[]}}], "pipelines":[{"id":0, "scan":1, "output":0, "estimatedLoad":7.17245933198051769e-09, "requiredData":[]}, {"id":1, "scan":3, "output":2, "estimatedLoad":1.11301293191803018e-10, "requiredData":[]}, {"id":2, "scan":5, "output":4, "estimatedLoad":9.21870777071170423e-09, "requiredData":[]}, {"id":3, "scan":7, "output":6, "estimatedLoad":1.56985773011522226e-08, "requiredData":[4]}, {"id":4, "scan":9, "output":8, "estimatedLoad":4.98117835381495435e-09, "requiredData":[]}, {"id":5, "scan":11, "output":10, "estimatedLoad":2.06982398592406421e-09, "requiredData":[]}, {"id":6, "scan":13, "output":12, "estimatedLoad":4.54117716610530263e-08, "requiredData":[10]}, {"id":7, "scan":12, "output":14, "estimatedLoad":3.38930947674537667e-06, "requiredData":[]}], "shuffleStages":[{"from":14, "to":15}, {"from":8, "to":13}, {"from":0, "to":11}, {"from":6, "to":9}, {"from":2, "to":5}], "dependencyOrder":[0, 1, 2, 3, 4, 5, 6, 7]}, "tasks":[{"k":7, "v":[{"pipelineId":7, "scannedPartition":{"dataUnitId":12, "partitionIndex":0}, "requiredPartitions":[], "outputPartition":{"dataUnitId":14, "partitionIndex":0}, "broadcast":false}, {"pipelineId":7, "scannedPartition":{"dataUnitId":12, "partitionIndex":1}, "requiredPartitions":[], "outputPartition":{"dataUnitId":14, "partitionIndex":1}, "broadcast":false}, {"pipelineId":7, "scannedPartition":{"dataUnitId":12, "partitionIndex":2}, "requiredPartitions":[], "outputPartition":{"dataUnitId":14, "partitionIndex":2}, "broadcast":false}, {"pipelineId":7, "scannedPartition":{"dataUnitId":12, "partitionIndex":3}, "requiredPartitions":[], "outputPartition":{"dataUnitId":14, "partitionIndex":3}, "broadcast":false}, {"pipelineId":7, "scannedPartition":{"dataUnitId":12, "partitionIndex":4}, "requiredPartitions":[], "outputPartition":{"dataUnitId":14, "partitionIndex":4}, "broadcast":false}, {"pipelineId":7, "scannedPartition":{"dataUnitId":12, "partitionIndex":5}, "requiredPartitions":[], "outputPartition":{"dataUnitId":14, "partitionIndex":5}, "broadcast":false}, {"pipelineId":7, "scannedPartition":{"dataUnitId":12, "partitionIndex":6}, "requiredPartitions":[], "outputPartition":{"dataUnitId":14, "partitionIndex":6}, "broadcast":false}, {"pipelineId":7, "scannedPartition":{"dataUnitId":12, "partitionIndex":7}, "requiredPartitions":[], "outputPartition":{"dataUnitId":14, "partitionIndex":7}, "broadcast":false}, {"pipelineId":7, "scannedPartition":{"dataUnitId":12, "partitionIndex":8}, "requiredPartitions":[], "outputPartition":{"dataUnitId":14, "partitionIndex":8}, "broadcast":false}, {"pipelineId":7, "scannedPartition":{"dataUnitId":12, "partitionIndex":9}, "requiredPartitions":[], "outputPartition":{"dataUnitId":14, "partitionIndex":9}, "broadcast":false}, {"pipelineId":7, "scannedPartition":{"dataUnitId":12, "partitionIndex":10}, "requiredPartitions":[], "outputPartition":{"dataUnitId":14, "partitionIndex":10}, "broadcast":false}, {"pipelineId":7, "scannedPartition":{"dataUnitId":12, "partitionIndex":11}, "requiredPartitions":[], "outputPartition":{"dataUnitId":14, "partitionIndex":11}, "broadcast":false}, {"pipelineId":7, "scannedPartition":{"dataUnitId":12, "partitionIndex":12}, "requiredPartitions":[], "outputPartition":{"dataUnitId":14, "partitionIndex":12}, "broadcast":false}, {"pipelineId":7, "scannedPartition":{"dataUnitId":12, "partitionIndex":13}, "requiredPartitions":[], "outputPartition":{"dataUnitId":14, "partitionIndex":13}, "broadcast":false}, {"pipelineId":7, "scannedPartition":{"dataUnitId":12, "partitionIndex":14}, "requiredPartitions":[], "outputPartition":{"dataUnitId":14, "partitionIndex":14}, "broadcast":false}, {"pipelineId":7, "scannedPartition":{"dataUnitId":12, "partitionIndex":15}, "requiredPartitions":[], "outputPartition":{"dataUnitId":14, "partitionIndex":15}, "broadcast":false}]}, {"k":6, "v":[{"pipelineId":6, "scannedPartition":{"dataUnitId":13, "partitionIndex":0}, "requiredPartitions":[{"dataUnitId":10, "partitionIndex":0}], "outputPartition":{"dataUnitId":12, "partitionIndex":0}, "broadcast":false}, {"pipelineId":6, "scannedPartition":{"dataUnitId":13, "partitionIndex":1}, "requiredPartitions":[{"dataUnitId":10, "partitionIndex":0}], "outputPartition":{"dataUnitId":12, "partitionIndex":1}, "broadcast":false}, {"pipelineId":6, "scannedPartition":{"dataUnitId":13, "partitionIndex":2}, "requiredPartitions":[{"dataUnitId":10, "partitionIndex":0}], "outputPartition":{"dataUnitId":12, "partitionIndex":2}, "broadcast":false}, {"pipelineId":6, "scannedPartition":{"dataUnitId":13, "partitionIndex":3}, "requiredPartitions":[{"dataUnitId":10, "partitionIndex":0}], "outputPartition":{"dataUnitId":12, "partitionIndex":3}, "broadcast":false}, {"pipelineId":6, "scannedPartition":{"dataUnitId":13, "partitionIndex":4}, "requiredPartitions":[{"dataUnitId":10, "partitionIndex":0}], "outputPartition":{"dataUnitId":12, "partitionIndex":4}, "broadcast":false}, {"pipelineId":6, "scannedPartition":{"dataUnitId":13, "partitionIndex":5}, "requiredPartitions":[{"dataUnitId":10, "partitionIndex":0}], "outputPartition":{"dataUnitId":12, "partitionIndex":5}, "broadcast":false}, {"pipelineId":6, "scannedPartition":{"dataUnitId":13, "partitionIndex":6}, "requiredPartitions":[{"dataUnitId":10, "partitionIndex":0}], "outputPartition":{"dataUnitId":12, "partitionIndex":6}, "broadcast":false}, {"pipelineId":6, "scannedPartition":{"dataUnitId":13, "partitionIndex":7}, "requiredPartitions":[{"dataUnitId":10, "partitionIndex":0}], "outputPartition":{"dataUnitId":12, "partitionIndex":7}, "broadcast":false}, {"pipelineId":6, "scannedPartition":{"dataUnitId":13, "partitionIndex":8}, "requiredPartitions":[{"dataUnitId":10, "partitionIndex":0}], "outputPartition":{"dataUnitId":12, "partitionIndex":8}, "broadcast":false}, {"pipelineId":6, "scannedPartition":{"dataUnitId":13, "partitionIndex":9}, "requiredPartitions":[{"dataUnitId":10, "partitionIndex":0}], "outputPartition":{"dataUnitId":12, "partitionIndex":9}, "broadcast":false}, {"pipelineId":6, "scannedPartition":{"dataUnitId":13, "partitionIndex":10}, "requiredPartitions":[{"dataUnitId":10, "partitionIndex":0}], "outputPartition":{"dataUnitId":12, "partitionIndex":10}, "broadcast":false}, {"pipelineId":6, "scannedPartition":{"dataUnitId":13, "partitionIndex":11}, "requiredPartitions":[{"dataUnitId":10, "partitionIndex":0}], "outputPartition":{"dataUnitId":12, "partitionIndex":11}, "broadcast":false}, {"pipelineId":6, "scannedPartition":{"dataUnitId":13, "partitionIndex":12}, "requiredPartitions":[{"dataUnitId":10, "partitionIndex":0}], "outputPartition":{"dataUnitId":12, "partitionIndex":12}, "broadcast":false}, {"pipelineId":6, "scannedPartition":{"dataUnitId":13, "partitionIndex":13}, "requiredPartitions":[{"dataUnitId":10, "partitionIndex":0}], "outputPartition":{"dataUnitId":12, "partitionIndex":13}, "broadcast":false}, {"pipelineId":6, "scannedPartition":{"dataUnitId":13, "partitionIndex":14}, "requiredPartitions":[{"dataUnitId":10, "partitionIndex":0}], "outputPartition":{"dataUnitId":12, "partitionIndex":14}, "broadcast":false}, {"pipelineId":6, "scannedPartition":{"dataUnitId":13, "partitionIndex":15}, "requiredPartitions":[{"dataUnitId":10, "partitionIndex":0}], "outputPartition":{"dataUnitId":12, "partitionIndex":15}, "broadcast":false}]}, {"k":4, "v":[{"pipelineId":4, "scannedPartition":{"dataUnitId":9, "partitionIndex":0}, "requiredPartitions":[], "outputPartition":{"dataUnitId":8, "partitionIndex":0}, "broadcast":false}, {"pipelineId":4, "scannedPartition":{"dataUnitId":9, "partitionIndex":1}, "requiredPartitions":[], "outputPartition":{"dataUnitId":8, "partitionIndex":1}, "broadcast":false}, {"pipelineId":4, "scannedPartition":{"dataUnitId":9, "partitionIndex":2}, "requiredPartitions":[], "outputPartition":{"dataUnitId":8, "partitionIndex":2}, "broadcast":false}, {"pipelineId":4, "scannedPartition":{"dataUnitId":9, "partitionIndex":3}, "requiredPartitions":[], "outputPartition":{"dataUnitId":8, "partitionIndex":3}, "broadcast":false}, {"pipelineId":4, "scannedPartition":{"dataUnitId":9, "partitionIndex":4}, "requiredPartitions":[], "outputPartition":{"dataUnitId":8, "partitionIndex":4}, "broadcast":false}, {"pipelineId":4, "scannedPartition":{"dataUnitId":9, "partitionIndex":5}, "requiredPartitions":[], "outputPartition":{"dataUnitId":8, "partitionIndex":5}, "broadcast":false}, {"pipelineId":4, "scannedPartition":{"dataUnitId":9, "partitionIndex":6}, "requiredPartitions":[], "outputPartition":{"dataUnitId":8, "partitionIndex":6}, "broadcast":false}, {"pipelineId":4, "scannedPartition":{"dataUnitId":9, "partitionIndex":7}, "requiredPartitions":[], "outputPartition":{"dataUnitId":8, "partitionIndex":7}, "broadcast":false}, {"pipelineId":4, "scannedPartition":{"dataUnitId":9, "partitionIndex":8}, "requiredPartitions":[], "outputPartition":{"dataUnitId":8, "partitionIndex":8}, "broadcast":false}, {"pipelineId":4, "scannedPartition":{"dataUnitId":9, "partitionIndex":9}, "requiredPartitions":[], "outputPartition":{"dataUnitId":8, "partitionIndex":9}, "broadcast":false}, {"pipelineId":4, "scannedPartition":{"dataUnitId":9, "partitionIndex":10}, "requiredPartitions":[], "outputPartition":{"dataUnitId":8, "partitionIndex":10}, "broadcast":false}, {"pipelineId":4, "scannedPartition":{"dataUnitId":9, "partitionIndex":11}, "requiredPartitions":[], "outputPartition":{"dataUnitId":8, "partitionIndex":11}, "broadcast":false}, {"pipelineId":4, "scannedPartition":{"dataUnitId":9, "partitionIndex":12}, "requiredPartitions":[], "outputPartition":{"dataUnitId":8, "partitionIndex":12}, "broadcast":false}, {"pipelineId":4, "scannedPartition":{"dataUnitId":9, "partitionIndex":13}, "requiredPartitions":[], "outputPartition":{"dataUnitId":8, "partitionIndex":13}, "broadcast":false}, {"pipelineId":4, "scannedPartition":{"dataUnitId":9, "partitionIndex":14}, "requiredPartitions":[], "outputPartition":{"dataUnitId":8, "partitionIndex":14}, "broadcast":false}, {"pipelineId":4, "scannedPartition":{"dataUnitId":9, "partitionIndex":15}, "requiredPartitions":[], "outputPartition":{"dataUnitId":8, "partitionIndex":15}, "broadcast":false}]}, {"k":3, "v":[{"pipelineId":3, "scannedPartition":{"dataUnitId":7, "partitionIndex":0}, "requiredPartitions":[{"dataUnitId":4, "partitionIndex":0}], "outputPartition":{"dataUnitId":6, "partitionIndex":0}, "broadcast":false}, {"pipelineId":3, "scannedPartition":{"dataUnitId":7, "partitionIndex":1}, "requiredPartitions":[{"dataUnitId":4, "partitionIndex":0}], "outputPartition":{"dataUnitId":6, "partitionIndex":1}, "broadcast":false}, {"pipelineId":3, "scannedPartition":{"dataUnitId":7, "partitionIndex":2}, "requiredPartitions":[{"dataUnitId":4, "partitionIndex":0}], "outputPartition":{"dataUnitId":6, "partitionIndex":2}, "broadcast":false}, {"pipelineId":3, "scannedPartition":{"dataUnitId":7, "partitionIndex":3}, "requiredPartitions":[{"dataUnitId":4, "partitionIndex":0}], "outputPartition":{"dataUnitId":6, "partitionIndex":3}, "broadcast":false}, {"pipelineId":3, "scannedPartition":{"dataUnitId":7, "partitionIndex":4}, "requiredPartitions":[{"dataUnitId":4, "partitionIndex":0}], "outputPartition":{"dataUnitId":6, "partitionIndex":4}, "broadcast":false}, {"pipelineId":3, "scannedPartition":{"dataUnitId":7, "partitionIndex":5}, "requiredPartitions":[{"dataUnitId":4, "partitionIndex":0}], "outputPartition":{"dataUnitId":6, "partitionIndex":5}, "broadcast":false}, {"pipelineId":3, "scannedPartition":{"dataUnitId":7, "partitionIndex":6}, "requiredPartitions":[{"dataUnitId":4, "partitionIndex":0}], "outputPartition":{"dataUnitId":6, "partitionIndex":6}, "broadcast":false}, {"pipelineId":3, "scannedPartition":{"dataUnitId":7, "partitionIndex":7}, "requiredPartitions":[{"dataUnitId":4, "partitionIndex":0}], "outputPartition":{"dataUnitId":6, "partitionIndex":7}, "broadcast":false}, {"pipelineId":3, "scannedPartition":{"dataUnitId":7, "partitionIndex":8}, "requiredPartitions":[{"dataUnitId":4, "partitionIndex":0}], "outputPartition":{"dataUnitId":6, "partitionIndex":8}, "broadcast":false}, {"pipelineId":3, "scannedPartition":{"dataUnitId":7, "partitionIndex":9}, "requiredPartitions":[{"dataUnitId":4, "partitionIndex":0}], "outputPartition":{"dataUnitId":6, "partitionIndex":9}, "broadcast":false}, {"pipelineId":3, "scannedPartition":{"dataUnitId":7, "partitionIndex":10}, "requiredPartitions":[{"dataUnitId":4, "partitionIndex":0}], "outputPartition":{"dataUnitId":6, "partitionIndex":10}, "broadcast":false}, {"pipelineId":3, "scannedPartition":{"dataUnitId":7, "partitionIndex":11}, "requiredPartitions":[{"dataUnitId":4, "partitionIndex":0}], "outputPartition":{"dataUnitId":6, "partitionIndex":11}, "broadcast":false}, {"pipelineId":3, "scannedPartition":{"dataUnitId":7, "partitionIndex":12}, "requiredPartitions":[{"dataUnitId":4, "partitionIndex":0}], "outputPartition":{"dataUnitId":6, "partitionIndex":12}, "broadcast":false}, {"pipelineId":3, "scannedPartition":{"dataUnitId":7, "partitionIndex":13}, "requiredPartitions":[{"dataUnitId":4, "partitionIndex":0}], "outputPartition":{"dataUnitId":6, "partitionIndex":13}, "broadcast":false}, {"pipelineId":3, "scannedPartition":{"dataUnitId":7, "partitionIndex":14}, "requiredPartitions":[{"dataUnitId":4, "partitionIndex":0}], "outputPartition":{"dataUnitId":6, "partitionIndex":14}, "broadcast":false}, {"pipelineId":3, "scannedPartition":{"dataUnitId":7, "partitionIndex":15}, "requiredPartitions":[{"dataUnitId":4, "partitionIndex":0}], "outputPartition":{"dataUnitId":6, "partitionIndex":15}, "broadcast":false}]}, {"k":1, "v":[{"pipelineId":1, "scannedPartition":{"dataUnitId":3, "partitionIndex":0}, "requiredPartitions":[], "outputPartition":{"dataUnitId":2, "partitionIndex":0}, "broadcast":false}, {"pipelineId":1, "scannedPartition":{"dataUnitId":3, "partitionIndex":1}, "requiredPartitions":[], "outputPartition":{"dataUnitId":2, "partitionIndex":1}, "broadcast":false}, {"pipelineId":1, "scannedPartition":{"dataUnitId":3, "partitionIndex":2}, "requiredPartitions":[], "outputPartition":{"dataUnitId":2, "partitionIndex":2}, "broadcast":false}, {"pipelineId":1, "scannedPartition":{"dataUnitId":3, "partitionIndex":3}, "requiredPartitions":[], "outputPartition":{"dataUnitId":2, "partitionIndex":3}, "broadcast":false}, {"pipelineId":1, "scannedPartition":{"dataUnitId":3, "partitionIndex":4}, "requiredPartitions":[], "outputPartition":{"dataUnitId":2, "partitionIndex":4}, "broadcast":false}, {"pipelineId":1, "scannedPartition":{"dataUnitId":3, "partitionIndex":5}, "requiredPartitions":[], "outputPartition":{"dataUnitId":2, "partitionIndex":5}, "broadcast":false}, {"pipelineId":1, "scannedPartition":{"dataUnitId":3, "partitionIndex":6}, "requiredPartitions":[], "outputPartition":{"dataUnitId":2, "partitionIndex":6}, "broadcast":false}, {"pipelineId":1, "scannedPartition":{"dataUnitId":3, "partitionIndex":7}, "requiredPartitions":[], "outputPartition":{"dataUnitId":2, "partitionIndex":7}, "broadcast":false}, {"pipelineId":1, "scannedPartition":{"dataUnitId":3, "partitionIndex":8}, "requiredPartitions":[], "outputPartition":{"dataUnitId":2, "partitionIndex":8}, "broadcast":false}, {"pipelineId":1, "scannedPartition":{"dataUnitId":3, "partitionIndex":9}, "requiredPartitions":[], "outputPartition":{"dataUnitId":2, "partitionIndex":9}, "broadcast":false}, {"pipelineId":1, "scannedPartition":{"dataUnitId":3, "partitionIndex":10}, "requiredPartitions":[], "outputPartition":{"dataUnitId":2, "partitionIndex":10}, "broadcast":false}, {"pipelineId":1, "scannedPartition":{"dataUnitId":3, "partitionIndex":11}, "requiredPartitions":[], "outputPartition":{"dataUnitId":2, "partitionIndex":11}, "broadcast":false}, {"pipelineId":1, "scannedPartition":{"dataUnitId":3, "partitionIndex":12}, "requiredPartitions":[], "outputPartition":{"dataUnitId":2, "partitionIndex":12}, "broadcast":false}, {"pipelineId":1, "scannedPartition":{"dataUnitId":3, "partitionIndex":13}, "requiredPartitions":[], "outputPartition":{"dataUnitId":2, "partitionIndex":13}, "broadcast":false}, {"pipelineId":1, "scannedPartition":{"dataUnitId":3, "partitionIndex":14}, "requiredPartitions":[], "outputPartition":{"dataUnitId":2, "partitionIndex":14}, "broadcast":false}, {"pipelineId":1, "scannedPartition":{"dataUnitId":3, "partitionIndex":15}, "requiredPartitions":[], "outputPartition":{"dataUnitId":2, "partitionIndex":15}, "broadcast":false}]}, {"k":0, "v":[{"pipelineId":0, "scannedPartition":{"dataUnitId":1, "partitionIndex":0}, "requiredPartitions":[], "outputPartition":{"dataUnitId":0, "partitionIndex":0}, "broadcast":false}, {"pipelineId":0, "scannedPartition":{"dataUnitId":1, "partitionIndex":1}, "requiredPartitions":[], "outputPartition":{"dataUnitId":0, "partitionIndex":1}, "broadcast":false}, {"pipelineId":0, "scannedPartition":{"dataUnitId":1, "partitionIndex":2}, "requiredPartitions":[], "outputPartition":{"dataUnitId":0, "partitionIndex":2}, "broadcast":false}, {"pipelineId":0, "scannedPartition":{"dataUnitId":1, "partitionIndex":3}, "requiredPartitions":[], "outputPartition":{"dataUnitId":0, "partitionIndex":3}, "broadcast":false}, {"pipelineId":0, "scannedPartition":{"dataUnitId":1, "partitionIndex":4}, "requiredPartitions":[], "outputPartition":{"dataUnitId":0, "partitionIndex":4}, "broadcast":false}, {"pipelineId":0, "scannedPartition":{"dataUnitId":1, "partitionIndex":5}, "requiredPartitions":[], "outputPartition":{"dataUnitId":0, "partitionIndex":5}, "broadcast":false}, {"pipelineId":0, "scannedPartition":{"dataUnitId":1, "partitionIndex":6}, "requiredPartitions":[], "outputPartition":{"dataUnitId":0, "partitionIndex":6}, "broadcast":false}, {"pipelineId":0, "scannedPartition":{"dataUnitId":1, "partitionIndex":7}, "requiredPartitions":[], "outputPartition":{"dataUnitId":0, "partitionIndex":7}, "broadcast":false}, {"pipelineId":0, "scannedPartition":{"dataUnitId":1, "partitionIndex":8}, "requiredPartitions":[], "outputPartition":{"dataUnitId":0, "partitionIndex":8}, "broadcast":false}, {"pipelineId":0, "scannedPartition":{"dataUnitId":1, "partitionIndex":9}, "requiredPartitions":[], "outputPartition":{"dataUnitId":0, "partitionIndex":9}, "broadcast":false}, {"pipelineId":0, "scannedPartition":{"dataUnitId":1, "partitionIndex":10}, "requiredPartitions":[], "outputPartition":{"dataUnitId":0, "partitionIndex":10}, "broadcast":false}, {"pipelineId":0, "scannedPartition":{"dataUnitId":1, "partitionIndex":11}, "requiredPartitions":[], "outputPartition":{"dataUnitId":0, "partitionIndex":11}, "broadcast":false}, {"pipelineId":0, "scannedPartition":{"dataUnitId":1, "partitionIndex":12}, "requiredPartitions":[], "outputPartition":{"dataUnitId":0, "partitionIndex":12}, "broadcast":false}, {"pipelineId":0, "scannedPartition":{"dataUnitId":1, "partitionIndex":13}, "requiredPartitions":[], "outputPartition":{"dataUnitId":0, "partitionIndex":13}, "broadcast":false}, {"pipelineId":0, "scannedPartition":{"dataUnitId":1, "partitionIndex":14}, "requiredPartitions":[], "outputPartition":{"dataUnitId":0, "partitionIndex":14}, "broadcast":false}, {"pipelineId":0, "scannedPartition":{"dataUnitId":1, "partitionIndex":15}, "requiredPartitions":[], "outputPartition":{"dataUnitId":0, "partitionIndex":15}, "broadcast":false}]}], "broadcastTasks":[{"k":5, "v":{"pipelineId":5, "scannedPartition":{"dataUnitId":11, "partitionIndex":0}, "requiredPartitions":[], "outputPartition":{"dataUnitId":10, "partitionIndex":0}, "broadcast":true}}, {"k":2, "v":{"pipelineId":2, "scannedPartition":{"dataUnitId":5, "partitionIndex":0}, "requiredPartitions":[], "outputPartition":{"dataUnitId":4, "partitionIndex":0}, "broadcast":true}}], "initialPartitioning":{"owningNode":[{"k":{"dataUnitId":7, "partitionIndex":14}, "v":6}, {"k":{"dataUnitId":7, "partitionIndex":12}, "v":4}, {"k":{"dataUnitId":7, "partitionIndex":13}, "v":5}, {"k":{"dataUnitId":7, "partitionIndex":10}, "v":2}, {"k":{"dataUnitId":7, "partitionIndex":11}, "v":3}, {"k":{"dataUnitId":7, "partitionIndex":6}, "v":6}, {"k":{"dataUnitId":7, "partitionIndex":15}, "v":7}, {"k":{"dataUnitId":7, "partitionIndex":1}, "v":1}, {"k":{"dataUnitId":7, "partitionIndex":0}, "v":0}, {"k":{"dataUnitId":3, "partitionIndex":15}, "v":7}, {"k":{"dataUnitId":3, "partitionIndex":13}, "v":5}, {"k":{"dataUnitId":1, "partitionIndex":9}, "v":1}, {"k":{"dataUnitId":1, "partitionIndex":3}, "v":3}, {"k":{"dataUnitId":1, "partitionIndex":8}, "v":0}, {"k":{"dataUnitId":1, "partitionIndex":6}, "v":6}, {"k":{"dataUnitId":1, "partitionIndex":10}, "v":2}, {"k":{"dataUnitId":1, "partitionIndex":5}, "v":5}, {"k":{"dataUnitId":7, "partitionIndex":4}, "v":4}, {"k":{"dataUnitId":3, "partitionIndex":6}, "v":6}, {"k":{"dataUnitId":3, "partitionIndex":4}, "v":4}, {"k":{"dataUnitId":1, "partitionIndex":7}, "v":7}, {"k":{"dataUnitId":1, "partitionIndex":4}, "v":4}, {"k":{"dataUnitId":1, "partitionIndex":15}, "v":7}, {"k":{"dataUnitId":1, "partitionIndex":2}, "v":2}, {"k":{"dataUnitId":1, "partitionIndex":12}, "v":4}, {"k":{"dataUnitId":1, "partitionIndex":11}, "v":3}, {"k":{"dataUnitId":3, "partitionIndex":14}, "v":6}, {"k":{"dataUnitId":3, "partitionIndex":5}, "v":5}, {"k":{"dataUnitId":7, "partitionIndex":9}, "v":1}, {"k":{"dataUnitId":3, "partitionIndex":11}, "v":3}, {"k":{"dataUnitId":7, "partitionIndex":5}, "v":5}, {"k":{"dataUnitId":3, "partitionIndex":1}, "v":1}, {"k":{"dataUnitId":3, "partitionIndex":0}, "v":0}, {"k":{"dataUnitId":1, "partitionIndex":1}, "v":1}, {"k":{"dataUnitId":3, "partitionIndex":10}, "v":2}, {"k":{"dataUnitId":1, "partitionIndex":13}, "v":5}, {"k":{"dataUnitId":3, "partitionIndex":12}, "v":4}, {"k":{"dataUnitId":1, "partitionIndex":0}, "v":0}, {"k":{"dataUnitId":1, "partitionIndex":14}, "v":6}, {"k":{"dataUnitId":7, "partitionIndex":3}, "v":3}, {"k":{"dataUnitId":7, "partitionIndex":2}, "v":2}, {"k":{"dataUnitId":3, "partitionIndex":2}, "v":2}, {"k":{"dataUnitId":7, "partitionIndex":8}, "v":0}, {"k":{"dataUnitId":3, "partitionIndex":3}, "v":3}, {"k":{"dataUnitId":3, "partitionIndex":7}, "v":7}, {"k":{"dataUnitId":3, "partitionIndex":8}, "v":0}, {"k":{"dataUnitId":7, "partitionIndex":7}, "v":7}, {"k":{"dataUnitId":3, "partitionIndex":9}, "v":1}], "cachingNodes":[{"k":{"dataUnitId":7, "partitionIndex":14}, "v":[8]}, {"k":{"dataUnitId":7, "partitionIndex":12}, "v":[8]}, {"k":{"dataUnitId":7, "partitionIndex":13}, "v":[8]}, {"k":{"dataUnitId":7, "partitionIndex":10}, "v":[8]}, {"k":{"dataUnitId":7, "partitionIndex":11}, "v":[8]}, {"k":{"dataUnitId":7, "partitionIndex":6}, "v":[8]}, {"k":{"dataUnitId":7, "partitionIndex":15}, "v":[8]}, {"k":{"dataUnitId":7, "partitionIndex":1}, "v":[8]}, {"k":{"dataUnitId":7, "partitionIndex":0}, "v":[8]}, {"k":{"dataUnitId":3, "partitionIndex":15}, "v":[8]}, {"k":{"dataUnitId":3, "partitionIndex":13}, "v":[8]}, {"k":{"dataUnitId":1, "partitionIndex":9}, "v":[8]}, {"k":{"dataUnitId":1, "partitionIndex":3}, "v":[8]}, {"k":{"dataUnitId":1, "partitionIndex":8}, "v":[8]}, {"k":{"dataUnitId":1, "partitionIndex":6}, "v":[8]}, {"k":{"dataUnitId":1, "partitionIndex":10}, "v":[8]}, {"k":{"dataUnitId":1, "partitionIndex":5}, "v":[8]}, {"k":{"dataUnitId":7, "partitionIndex":4}, "v":[8]}, {"k":{"dataUnitId":3, "partitionIndex":6}, "v":[8]}, {"k":{"dataUnitId":3, "partitionIndex":4}, "v":[8]}, {"k":{"dataUnitId":1, "partitionIndex":7}, "v":[8]}, {"k":{"dataUnitId":1, "partitionIndex":4}, "v":[8]}, {"k":{"dataUnitId":1, "partitionIndex":15}, "v":[8]}, {"k":{"dataUnitId":1, "partitionIndex":2}, "v":[8]}, {"k":{"dataUnitId":1, "partitionIndex":12}, "v":[8]}, {"k":{"dataUnitId":1, "partitionIndex":11}, "v":[8]}, {"k":{"dataUnitId":3, "partitionIndex":14}, "v":[8]}, {"k":{"dataUnitId":3, "partitionIndex":5}, "v":[8]}, {"k":{"dataUnitId":7, "partitionIndex":9}, "v":[8]}, {"k":{"dataUnitId":3, "partitionIndex":11}, "v":[8]}, {"k":{"dataUnitId":7, "partitionIndex":5}, "v":[8]}, {"k":{"dataUnitId":3, "partitionIndex":1}, "v":[8]}, {"k":{"dataUnitId":3, "partitionIndex":0}, "v":[8]}, {"k":{"dataUnitId":1, "partitionIndex":1}, "v":[8]}, {"k":{"dataUnitId":3, "partitionIndex":10}, "v":[8]}, {"k":{"dataUnitId":1, "partitionIndex":13}, "v":[8]}, {"k":{"dataUnitId":3, "partitionIndex":12}, "v":[8]}, {"k":{"dataUnitId":1, "partitionIndex":0}, "v":[8]}, {"k":{"dataUnitId":1, "partitionIndex":14}, "v":[8]}, {"k":{"dataUnitId":7, "partitionIndex":3}, "v":[8]}, {"k":{"dataUnitId":7, "partitionIndex":2}, "v":[8]}, {"k":{"dataUnitId":3, "partitionIndex":2}, "v":[8]}, {"k":{"dataUnitId":7, "partitionIndex":8}, "v":[8]}, {"k":{"dataUnitId":3, "partitionIndex":3}, "v":[8]}, {"k":{"dataUnitId":3, "partitionIndex":7}, "v":[8]}, {"k":{"dataUnitId":3, "partitionIndex":8}, "v":[8]}, {"k":{"dataUnitId":7, "partitionIndex":7}, "v":[8]}, {"k":{"dataUnitId":3, "partitionIndex":9}, "v":[8]}], "nNodes":9}, "name":"c5n18xlargex8_rrall_16_q10472.sql", "resultNode":0, "nParallelTasks":10000}