{"cluster":{"nodes":[{"nCores":72, "memorySize":192, "networkSpeed":100, "networkLatency":0.00025}, {"nCores":72, "memorySize":192, "networkSpeed":100, "networkLatency":0.00025}, {"nCores":72, "memorySize":192, "networkSpeed":100, "networkLatency":0.00025}, {"nCores":72, "memorySize":192, "networkSpeed":100, "networkLatency":0.00025}, {"nCores":72, "memorySize":192, "networkSpeed":100, "networkLatency":0.00025}, {"nCores":72, "memorySize":192, "networkSpeed":100, "networkLatency":0.00025}, {"nCores":72, "memorySize":192, "networkSpeed":100, "networkLatency":0.00025}, {"nCores":72, "memorySize":192, "networkSpeed":100, "networkLatency":0.00025}, {"nCores":0, "memorySize":1e+06, "networkSpeed":1e+06, "networkLatency":0.1}], "storageService":true}, "plan":{"dataUnits":[{"name":"intermediate_0", "id":0, "estimatedCard":3857035.80374695314, "isIntermediate":true, "attributes":[{"name":"postid", "dataUnitId":0, "attributeIndex":0, "size":4}, {"name":"countstar(*)", "dataUnitId":0, "attributeIndex":1, "size":8}], "partitionLayout":{"type":"hashpartitioned", "nPartitions":16, "attributes":[{"name":"postid", "dataUnitId":1, "attributeIndex":1, "size":4}]}}, {"name":"votes", "id":1, "estimatedCard":12744093, "isIntermediate":false, "attributes":[{"name":"id", "dataUnitId":1, "attributeIndex":0, "size":4}, {"name":"postid", "dataUnitId":1, "attributeIndex":1, "size":4}, {"name":"votetypeid", "dataUnitId":1, "attributeIndex":2, "size":2}, {"name":"userid", "dataUnitId":1, "attributeIndex":3, "size":4}, {"name":"creationdate", "dataUnitId":1, "attributeIndex":4, "size":8}, {"name":"bountyamount", "dataUnitId":1, "attributeIndex":5, "size":4}], "partitionLayout":{"type":"hashpartitioned", "nPartitions":16, "attributes":[{"name":"postid", "dataUnitId":1, "attributeIndex":1, "size":4}]}}, {"name":"intermediate_1", "id":2, "estimatedCard":3673414, "isIntermediate":true, "attributes":[{"name":"id", "dataUnitId":2, "attributeIndex":0, "size":4}, {"name":"posttypeid", "dataUnitId":2, "attributeIndex":1, "size":2}, {"name":"viewcount", "dataUnitId":2, "attributeIndex":2, "size":4}, {"name":"owneruserid", "dataUnitId":2, "attributeIndex":3, "size":4}, {"name":"postid", "dataUnitId":2, "attributeIndex":4, "size":4}, {"name":"countstar(*)", "dataUnitId":2, "attributeIndex":5, "size":8}], "partitionLayout":{"type":"hashpartitioned", "nPartitions":16, "attributes":[{"name":"id", "dataUnitId":2, "attributeIndex":0, "size":4}]}}, {"name":"posts", "id":3, "estimatedCard":3850129, "isIntermediate":false, "attributes":[{"name":"id", "dataUnitId":3, "attributeIndex":0, "size":4}, {"name":"posttypeid", "dataUnitId":3, "attributeIndex":1, "size":2}, {"name":"acceptedanswerid", "dataUnitId":3, "attributeIndex":2, "size":4}, {"name":"parentid", "dataUnitId":3, "attributeIndex":3, "size":4}, {"name":"creationdate", "dataUnitId":3, "attributeIndex":4, "size":8}, {"name":"score", "dataUnitId":3, "attributeIndex":5, "size":4}, {"name":"viewcount", "dataUnitId":3, "attributeIndex":6, "size":4}, {"name":"body", "dataUnitId":3, "attributeIndex":7, "size":10}, {"name":"owneruserid", "dataUnitId":3, "attributeIndex":8, "size":4}, {"name":"ownerdisplayname", "dataUnitId":3, "attributeIndex":9, "size":10}, {"name":"lasteditoruserid", "dataUnitId":3, "attributeIndex":10, "size":4}, {"name":"lasteditordisplayname", "dataUnitId":3, "attributeIndex":11, "size":10}, {"name":"lasteditdate", "dataUnitId":3, "attributeIndex":12, "size":8}, {"name":"lastactivitydate", "dataUnitId":3, "attributeIndex":13, "size":8}, {"name":"title", "dataUnitId":3, "attributeIndex":14, "size":10}, {"name":"tags", "dataUnitId":3, "attributeIndex":15, "size":10}, {"name":"answercount", "dataUnitId":3, "attributeIndex":16, "size":4}, {"name":"commentcount", "dataUnitId":3, "attributeIndex":17, "size":4}, {"name":"favoritecount", "dataUnitId":3, "attributeIndex":18, "size":4}, {"name":"closeddate", "dataUnitId":3, "attributeIndex":19, "size":8}, {"name":"communityowneddate", "dataUnitId":3, "attributeIndex":20, "size":8}, {"name":"contentlicense", "dataUnitId":3, "attributeIndex":21, "size":10}], "partitionLayout":{"type":"hashpartitioned", "nPartitions":16, "attributes":[{"name":"id", "dataUnitId":3, "attributeIndex":0, "size":4}]}}, {"name":"intermediate_2", "id":4, "estimatedCard":1.26071e+06, "isIntermediate":true, "attributes":[{"name":"id", "dataUnitId":4, "attributeIndex":0, "size":4}, {"name":"displayname", "dataUnitId":4, "attributeIndex":1, "size":10}], "partitionLayout":{"type":"hashpartitioned", "nPartitions":16, "attributes":[{"name":"id", "dataUnitId":4, "attributeIndex":0, "size":4}]}}, {"name":"users", "id":5, "estimatedCard":1.26071e+06, "isIntermediate":false, "attributes":[{"name":"id", "dataUnitId":5, "attributeIndex":0, "size":4}, {"name":"reputation", "dataUnitId":5, "attributeIndex":1, "size":4}, {"name":"creationdate", "dataUnitId":5, "attributeIndex":2, "size":8}, {"name":"displayname", "dataUnitId":5, "attributeIndex":3, "size":10}, {"name":"lastaccessdate", "dataUnitId":5, "attributeIndex":4, "size":8}, {"name":"websiteurl", "dataUnitId":5, "attributeIndex":5, "size":10}, {"name":"location", "dataUnitId":5, "attributeIndex":6, "size":10}, {"name":"aboutme", "dataUnitId":5, "attributeIndex":7, "size":10}, {"name":"views", "dataUnitId":5, "attributeIndex":8, "size":4}, {"name":"upvotes", "dataUnitId":5, "attributeIndex":9, "size":4}, {"name":"downvotes", "dataUnitId":5, "attributeIndex":10, "size":4}, {"name":"profileimageurl", "dataUnitId":5, "attributeIndex":11, "size":10}, {"name":"accountid", "dataUnitId":5, "attributeIndex":12, "size":4}], "partitionLayout":{"type":"hashpartitioned", "nPartitions":16, "attributes":[{"name":"id", "dataUnitId":5, "attributeIndex":0, "size":4}]}}, {"name":"intermediate_3", "id":6, "estimatedCard":1.26071e+06, "isIntermediate":true, "attributes":[{"name":"id", "dataUnitId":6, "attributeIndex":0, "size":4}, {"name":"displayname", "dataUnitId":6, "attributeIndex":1, "size":10}, {"name":"id", "dataUnitId":6, "attributeIndex":2, "size":4}, {"name":"posttypeid", "dataUnitId":6, "attributeIndex":3, "size":2}, {"name":"viewcount", "dataUnitId":6, "attributeIndex":4, "size":4}, {"name":"owneruserid", "dataUnitId":6, "attributeIndex":5, "size":4}, {"name":"postid", "dataUnitId":6, "attributeIndex":6, "size":4}, {"name":"countstar(*)", "dataUnitId":6, "attributeIndex":7, "size":8}], "partitionLayout":{"type":"broadcast", "nPartitions":1, "attributes":[]}}, {"name":"intermediate_2_shuffled", "id":7, "estimatedCard":1.26071e+06, "isIntermediate":true, "attributes":[{"name":"id", "dataUnitId":4, "attributeIndex":0, "size":4}, {"name":"displayname", "dataUnitId":4, "attributeIndex":1, "size":10}], "partitionLayout":{"type":"broadcast", "nPartitions":1, "attributes":[]}}, {"name":"intermediate_4", "id":8, "estimatedCard":3857035.80374695314, "isIntermediate":true, "attributes":[{"name":"postid", "dataUnitId":8, "attributeIndex":0, "size":4}, {"name":"countstar(*)", "dataUnitId":8, "attributeIndex":1, "size":8}], "partitionLayout":{"type":"hashpartitioned", "nPartitions":16, "attributes":[{"name":"postid", "dataUnitId":1, "attributeIndex":1, "size":4}]}}, {"name":"intermediate_5", "id":9, "estimatedCard":5367002.82013911102, "isIntermediate":true, "attributes":[{"name":"id", "dataUnitId":9, "attributeIndex":0, "size":4}, {"name":"id", "dataUnitId":9, "attributeIndex":1, "size":4}, {"name":"sum()", "dataUnitId":9, "attributeIndex":2, "size":8}, {"name":"sum()", "dataUnitId":9, "attributeIndex":3, "size":8}, {"name":"sum()", "dataUnitId":9, "attributeIndex":4, "size":8}, {"name":"sum()", "dataUnitId":9, "attributeIndex":5, "size":16}, {"name":"any(displayname)", "dataUnitId":9, "attributeIndex":6, "size":10}], "partitionLayout":{"type":"hashpartitioned", "nPartitions":16, "attributes":[{"name":"id", "dataUnitId":6, "attributeIndex":2, "size":4}]}}, {"name":"intermediate_4_shuffled", "id":10, "estimatedCard":3857035.80374695314, "isIntermediate":true, "attributes":[{"name":"postid", "dataUnitId":8, "attributeIndex":0, "size":4}, {"name":"countstar(*)", "dataUnitId":8, "attributeIndex":1, "size":8}], "partitionLayout":{"type":"hashpartitioned", "nPartitions":16, "attributes":[{"name":"postid", "dataUnitId":8, "attributeIndex":0, "size":4}]}}, {"name":"intermediate_6", "id":11, "estimatedCard":1.26071e+06, "isIntermediate":true, "attributes":[{"name":"id", "dataUnitId":11, "attributeIndex":0, "size":4}, {"name":"displayname", "dataUnitId":11, "attributeIndex":1, "size":10}, {"name":"count(id)", "dataUnitId":11, "attributeIndex":2, "size":8}, {"name":"sum()", "dataUnitId":11, "attributeIndex":3, "size":8}, {"name":"sum()", "dataUnitId":11, "attributeIndex":4, "size":8}, {"name":"sum()", "dataUnitId":11, "attributeIndex":5, "size":8}, {"name":"sum()", "dataUnitId":11, "attributeIndex":6, "size":16}], "partitionLayout":{"type":"hashpartitioned", "nPartitions":16, "attributes":[{"name":"id", "dataUnitId":6, "attributeIndex":0, "size":4}, {"name":"id", "dataUnitId":6, "attributeIndex":2, "size":4}]}}, {"name":"intermediate_5_shuffled", "id":12, "estimatedCard":5367002.82013911102, "isIntermediate":true, "attributes":[{"name":"id", "dataUnitId":9, "attributeIndex":0, "size":4}, {"name":"id", "dataUnitId":9, "attributeIndex":1, "size":4}, {"name":"sum()", "dataUnitId":9, "attributeIndex":2, "size":8}, {"name":"sum()", "dataUnitId":9, "attributeIndex":3, "size":8}, {"name":"sum()", "dataUnitId":9, "attributeIndex":4, "size":8}, {"name":"sum()", "dataUnitId":9, "attributeIndex":5, "size":16}, {"name":"any(displayname)", "dataUnitId":9, "attributeIndex":6, "size":10}], "partitionLayout":{"type":"hashpartitioned", "nPartitions":16, "attributes":[{"name":"id", "dataUnitId":6, "attributeIndex":0, "size":4}, {"name":"id", "dataUnitId":6, "attributeIndex":2, "size":4}]}}, {"name":"intermediate_7", "id":13, "estimatedCard":62227, "isIntermediate":true, "attributes":[{"name":"postid", "dataUnitId":13, "attributeIndex":0, "size":4}, {"name":"bountyamount", "dataUnitId":13, "attributeIndex":1, "size":4}], "partitionLayout":{"type":"hashpartitioned", "nPartitions":16, "attributes":[{"name":"postid", "dataUnitId":13, "attributeIndex":0, "size":4}]}}, {"name":"votes", "id":14, "estimatedCard":12744093, "isIntermediate":false, "attributes":[{"name":"id", "dataUnitId":14, "attributeIndex":0, "size":4}, {"name":"postid", "dataUnitId":14, "attributeIndex":1, "size":4}, {"name":"votetypeid", "dataUnitId":14, "attributeIndex":2, "size":2}, {"name":"userid", "dataUnitId":14, "attributeIndex":3, "size":4}, {"name":"creationdate", "dataUnitId":14, "attributeIndex":4, "size":8}, {"name":"bountyamount", "dataUnitId":14, "attributeIndex":5, "size":4}], "partitionLayout":{"type":"hashpartitioned", "nPartitions":16, "attributes":[{"name":"postid", "dataUnitId":14, "attributeIndex":1, "size":4}]}}, {"name":"intermediate_8", "id":15, "estimatedCard":62227, "isIntermediate":true, "attributes":[{"name":"id", "dataUnitId":15, "attributeIndex":0, "size":4}, {"name":"creationdate", "dataUnitId":15, "attributeIndex":1, "size":8}, {"name":"score", "dataUnitId":15, "attributeIndex":2, "size":4}, {"name":"owneruserid", "dataUnitId":15, "attributeIndex":3, "size":4}, {"name":"title", "dataUnitId":15, "attributeIndex":4, "size":10}, {"name":"postid", "dataUnitId":15, "attributeIndex":5, "size":4}, {"name":"bountyamount", "dataUnitId":15, "attributeIndex":6, "size":4}], "partitionLayout":{"type":"broadcast", "nPartitions":1, "attributes":[]}}, {"name":"intermediate_7_shuffled", "id":16, "estimatedCard":62227, "isIntermediate":true, "attributes":[{"name":"postid", "dataUnitId":13, "attributeIndex":0, "size":4}, {"name":"bountyamount", "dataUnitId":13, "attributeIndex":1, "size":4}], "partitionLayout":{"type":"broadcast", "nPartitions":1, "attributes":[]}}, {"name":"intermediate_9", "id":17, "estimatedCard":3673869.73220357159, "isIntermediate":true, "attributes":[{"name":"id", "dataUnitId":17, "attributeIndex":0, "size":4}, {"name":"creationdate", "dataUnitId":17, "attributeIndex":1, "size":8}, {"name":"score", "dataUnitId":17, "attributeIndex":2, "size":4}, {"name":"owneruserid", "dataUnitId":17, "attributeIndex":3, "size":4}, {"name":"title", "dataUnitId":17, "attributeIndex":4, "size":10}, {"name":"id", "dataUnitId":17, "attributeIndex":5, "size":4}, {"name":"postid", "dataUnitId":17, "attributeIndex":6, "size":4}, {"name":"postid", "dataUnitId":17, "attributeIndex":7, "size":4}, {"name":"bountyamount", "dataUnitId":17, "attributeIndex":8, "size":4}], "partitionLayout":{"type":"hashpartitioned", "nPartitions":16, "attributes":[{"name":"id", "dataUnitId":17, "attributeIndex":0, "size":4}]}}, {"name":"posts", "id":18, "estimatedCard":3850129, "isIntermediate":false, "attributes":[{"name":"id", "dataUnitId":18, "attributeIndex":0, "size":4}, {"name":"posttypeid", "dataUnitId":18, "attributeIndex":1, "size":2}, {"name":"acceptedanswerid", "dataUnitId":18, "attributeIndex":2, "size":4}, {"name":"parentid", "dataUnitId":18, "attributeIndex":3, "size":4}, {"name":"creationdate", "dataUnitId":18, "attributeIndex":4, "size":8}, {"name":"score", "dataUnitId":18, "attributeIndex":5, "size":4}, {"name":"viewcount", "dataUnitId":18, "attributeIndex":6, "size":4}, {"name":"body", "dataUnitId":18, "attributeIndex":7, "size":10}, {"name":"owneruserid", "dataUnitId":18, "attributeIndex":8, "size":4}, {"name":"ownerdisplayname", "dataUnitId":18, "attributeIndex":9, "size":10}, {"name":"lasteditoruserid", "dataUnitId":18, "attributeIndex":10, "size":4}, {"name":"lasteditordisplayname", "dataUnitId":18, "attributeIndex":11, "size":10}, {"name":"lasteditdate", "dataUnitId":18, "attributeIndex":12, "size":8}, {"name":"lastactivitydate", "dataUnitId":18, "attributeIndex":13, "size":8}, {"name":"title", "dataUnitId":18, "attributeIndex":14, "size":10}, {"name":"tags", "dataUnitId":18, "attributeIndex":15, "size":10}, {"name":"answercount", "dataUnitId":18, "attributeIndex":16, "size":4}, {"name":"commentcount", "dataUnitId":18, "attributeIndex":17, "size":4}, {"name":"favoritecount", "dataUnitId":18, "attributeIndex":18, "size":4}, {"name":"closeddate", "dataUnitId":18, "attributeIndex":19, "size":8}, {"name":"communityowneddate", "dataUnitId":18, "attributeIndex":20, "size":8}, {"name":"contentlicense", "dataUnitId":18, "attributeIndex":21, "size":10}], "partitionLayout":{"type":"hashpartitioned", "nPartitions":16, "attributes":[{"name":"id", "dataUnitId":18, "attributeIndex":0, "size":4}]}}, {"name":"intermediate_10", "id":19, "estimatedCard":3673414, "isIntermediate":true, "attributes":[{"name":"id", "dataUnitId":19, "attributeIndex":0, "size":4}, {"name":"title", "dataUnitId":19, "attributeIndex":1, "size":10}, {"name":"creationdate", "dataUnitId":19, "attributeIndex":2, "size":8}, {"name":"score", "dataUnitId":19, "attributeIndex":3, "size":4}, {"name":"owneruserid", "dataUnitId":19, "attributeIndex":4, "size":4}, {"name":"count(id)", "dataUnitId":19, "attributeIndex":5, "size":8}, {"name":"sum()", "dataUnitId":19, "attributeIndex":6, "size":8}], "partitionLayout":{"type":"hashpartitioned", "nPartitions":16, "attributes":[{"name":"id", "dataUnitId":17, "attributeIndex":0, "size":4}]}}, {"name":"comments", "id":20, "estimatedCard":7241857, "isIntermediate":false, "attributes":[{"name":"id", "dataUnitId":20, "attributeIndex":0, "size":4}, {"name":"postid", "dataUnitId":20, "attributeIndex":1, "size":4}, {"name":"score", "dataUnitId":20, "attributeIndex":2, "size":4}, {"name":"text", "dataUnitId":20, "attributeIndex":3, "size":10}, {"name":"creationdate", "dataUnitId":20, "attributeIndex":4, "size":8}, {"name":"userdisplayname", "dataUnitId":20, "attributeIndex":5, "size":10}, {"name":"userid", "dataUnitId":20, "attributeIndex":6, "size":4}, {"name":"contentlicense", "dataUnitId":20, "attributeIndex":7, "size":10}], "partitionLayout":{"type":"hashpartitioned", "nPartitions":16, "attributes":[{"name":"postid", "dataUnitId":20, "attributeIndex":1, "size":4}]}}, {"name":"intermediate_11", "id":21, "estimatedCard":1.26071e+06, "isIntermediate":true, "attributes":[{"name":"id", "dataUnitId":21, "attributeIndex":0, "size":4}, {"name":"displayname", "dataUnitId":21, "attributeIndex":1, "size":10}, {"name":"count(id)", "dataUnitId":21, "attributeIndex":2, "size":8}, {"name":"sum()", "dataUnitId":21, "attributeIndex":3, "size":8}, {"name":"sum()", "dataUnitId":21, "attributeIndex":4, "size":8}, {"name":"sum()", "dataUnitId":21, "attributeIndex":5, "size":8}, {"name":"sum()", "dataUnitId":21, "attributeIndex":6, "size":16}], "partitionLayout":{"type":"hashpartitioned", "nPartitions":16, "attributes":[{"name":"id", "dataUnitId":9, "attributeIndex":0, "size":4}]}}, {"name":"intermediate_6_shuffled", "id":22, "estimatedCard":1.26071e+06, "isIntermediate":true, "attributes":[{"name":"id", "dataUnitId":11, "attributeIndex":0, "size":4}, {"name":"displayname", "dataUnitId":11, "attributeIndex":1, "size":10}, {"name":"count(id)", "dataUnitId":11, "attributeIndex":2, "size":8}, {"name":"sum()", "dataUnitId":11, "attributeIndex":3, "size":8}, {"name":"sum()", "dataUnitId":11, "attributeIndex":4, "size":8}, {"name":"sum()", "dataUnitId":11, "attributeIndex":5, "size":8}, {"name":"sum()", "dataUnitId":11, "attributeIndex":6, "size":16}], "partitionLayout":{"type":"hashpartitioned", "nPartitions":16, "attributes":[{"name":"id", "dataUnitId":9, "attributeIndex":0, "size":4}]}}, {"name":"intermediate_12", "id":23, "estimatedCard":1.26071e+06, "isIntermediate":true, "attributes":[{"name":"id", "dataUnitId":23, "attributeIndex":0, "size":4}, {"name":"displayname", "dataUnitId":23, "attributeIndex":1, "size":10}, {"name":"count(id)", "dataUnitId":23, "attributeIndex":2, "size":8}, {"name":"sum()", "dataUnitId":23, "attributeIndex":3, "size":8}, {"name":"sum()", "dataUnitId":23, "attributeIndex":4, "size":8}, {"name":"sum()", "dataUnitId":23, "attributeIndex":5, "size":8}, {"name":"sum()", "dataUnitId":23, "attributeIndex":6, "size":16}, {"name":"id", "dataUnitId":23, "attributeIndex":7, "size":4}, {"name":"title", "dataUnitId":23, "attributeIndex":8, "size":10}, {"name":"creationdate", "dataUnitId":23, "attributeIndex":9, "size":8}, {"name":"score", "dataUnitId":23, "attributeIndex":10, "size":4}, {"name":"owneruserid", "dataUnitId":23, "attributeIndex":11, "size":4}, {"name":"count(id)", "dataUnitId":23, "attributeIndex":12, "size":8}, {"name":"sum()", "dataUnitId":23, "attributeIndex":13, "size":8}, {"name":"totalbounties", "dataUnitId":23, "attributeIndex":14, "size":8}], "partitionLayout":{"type":"hashpartitioned", "nPartitions":16, "attributes":[{"name":"id", "dataUnitId":23, "attributeIndex":0, "size":4}]}}, {"name":"intermediate_11_shuffled", "id":24, "estimatedCard":1.26071e+06, "isIntermediate":true, "attributes":[{"name":"id", "dataUnitId":21, "attributeIndex":0, "size":4}, {"name":"displayname", "dataUnitId":21, "attributeIndex":1, "size":10}, {"name":"count(id)", "dataUnitId":21, "attributeIndex":2, "size":8}, {"name":"sum()", "dataUnitId":21, "attributeIndex":3, "size":8}, {"name":"sum()", "dataUnitId":21, "attributeIndex":4, "size":8}, {"name":"sum()", "dataUnitId":21, "attributeIndex":5, "size":8}, {"name":"sum()", "dataUnitId":21, "attributeIndex":6, "size":16}], "partitionLayout":{"type":"hashpartitioned", "nPartitions":16, "attributes":[{"name":"id", "dataUnitId":21, "attributeIndex":0, "size":4}]}}, {"name":"intermediate_13", "id":25, "estimatedCard":3673414, "isIntermediate":true, "attributes":[{"name":"id", "dataUnitId":25, "attributeIndex":0, "size":4}, {"name":"title", "dataUnitId":25, "attributeIndex":1, "size":10}, {"name":"creationdate", "dataUnitId":25, "attributeIndex":2, "size":8}, {"name":"score", "dataUnitId":25, "attributeIndex":3, "size":4}, {"name":"owneruserid", "dataUnitId":25, "attributeIndex":4, "size":4}, {"name":"count(id)", "dataUnitId":25, "attributeIndex":5, "size":8}, {"name":"sum()", "dataUnitId":25, "attributeIndex":6, "size":8}, {"name":"totalbounties", "dataUnitId":25, "attributeIndex":7, "size":8}], "partitionLayout":{"type":"hashpartitioned", "nPartitions":16, "attributes":[{"name":"id", "dataUnitId":17, "attributeIndex":0, "size":4}]}}, {"name":"intermediate_14", "id":26, "estimatedCard":4607799.58630302362, "isIntermediate":true, "attributes":[{"name":"id", "dataUnitId":26, "attributeIndex":0, "size":4}, {"name":"displayname", "dataUnitId":26, "attributeIndex":1, "size":10}, {"name":"count(id)", "dataUnitId":26, "attributeIndex":2, "size":8}, {"name":"sum()", "dataUnitId":26, "attributeIndex":3, "size":8}, {"name":"sum()", "dataUnitId":26, "attributeIndex":4, "size":8}, {"name":"sum()", "dataUnitId":26, "attributeIndex":5, "size":8}, {"name":"sum()", "dataUnitId":26, "attributeIndex":6, "size":16}, {"name":"id", "dataUnitId":26, "attributeIndex":7, "size":4}, {"name":"title", "dataUnitId":26, "attributeIndex":8, "size":10}, {"name":"creationdate", "dataUnitId":26, "attributeIndex":9, "size":8}, {"name":"score", "dataUnitId":26, "attributeIndex":10, "size":4}, {"name":"owneruserid", "dataUnitId":26, "attributeIndex":11, "size":4}, {"name":"count(id)", "dataUnitId":26, "attributeIndex":12, "size":8}, {"name":"sum()", "dataUnitId":26, "attributeIndex":13, "size":8}, {"name":"totalbounties", "dataUnitId":26, "attributeIndex":14, "size":8}], "partitionLayout":{"type":"hashpartitioned", "nPartitions":16, "attributes":[{"name":"id", "dataUnitId":26, "attributeIndex":0, "size":4}]}}, {"name":"intermediate_13_shuffled", "id":27, "estimatedCard":3673414, "isIntermediate":true, "attributes":[{"name":"id", "dataUnitId":25, "attributeIndex":0, "size":4}, {"name":"title", "dataUnitId":25, "attributeIndex":1, "size":10}, {"name":"creationdate", "dataUnitId":25, "attributeIndex":2, "size":8}, {"name":"score", "dataUnitId":25, "attributeIndex":3, "size":4}, {"name":"owneruserid", "dataUnitId":25, "attributeIndex":4, "size":4}, {"name":"count(id)", "dataUnitId":25, "attributeIndex":5, "size":8}, {"name":"sum()", "dataUnitId":25, "attributeIndex":6, "size":8}, {"name":"totalbounties", "dataUnitId":25, "attributeIndex":7, "size":8}], "partitionLayout":{"type":"hashpartitioned", "nPartitions":16, "attributes":[{"name":"owneruserid", "dataUnitId":25, "attributeIndex":4, "size":4}]}}, {"name":"intermediate_15", "id":28, "estimatedCard":4607799.58630302362, "isIntermediate":true, "attributes":[{"name":"id", "dataUnitId":28, "attributeIndex":0, "size":4}, {"name":"displayname", "dataUnitId":28, "attributeIndex":1, "size":10}, {"name":"count(id)", "dataUnitId":28, "attributeIndex":2, "size":8}, {"name":"sum()", "dataUnitId":28, "attributeIndex":3, "size":8}, {"name":"sum()", "dataUnitId":28, "attributeIndex":4, "size":8}, {"name":"sum()", "dataUnitId":28, "attributeIndex":5, "size":8}, {"name":"sum()", "dataUnitId":28, "attributeIndex":6, "size":16}, {"name":"id", "dataUnitId":28, "attributeIndex":7, "size":4}, {"name":"title", "dataUnitId":28, "attributeIndex":8, "size":10}, {"name":"creationdate", "dataUnitId":28, "attributeIndex":9, "size":8}, {"name":"score", "dataUnitId":28, "attributeIndex":10, "size":4}, {"name":"owneruserid", "dataUnitId":28, "attributeIndex":11, "size":4}, {"name":"count(id)", "dataUnitId":28, "attributeIndex":12, "size":8}, {"name":"sum()", "dataUnitId":28, "attributeIndex":13, "size":8}, {"name":"totalbounties", "dataUnitId":28, "attributeIndex":14, "size":8}], "partitionLayout":{"type":"hashpartitioned", "nPartitions":16, "attributes":[{"name":"id", "dataUnitId":28, "attributeIndex":0, "size":4}]}}, {"name":"intermediate_15_shuffled", "id":29, "estimatedCard":4607799.58630302362, "isIntermediate":true, "attributes":[{"name":"id", "dataUnitId":28, "attributeIndex":0, "size":4}, {"name":"displayname", "dataUnitId":28, "attributeIndex":1, "size":10}, {"name":"count(id)", "dataUnitId":28, "attributeIndex":2, "size":8}, {"name":"sum()", "dataUnitId":28, "attributeIndex":3, "size":8}, {"name":"sum()", "dataUnitId":28, "attributeIndex":4, "size":8}, {"name":"sum()", "dataUnitId":28, "attributeIndex":5, "size":8}, {"name":"sum()", "dataUnitId":28, "attributeIndex":6, "size":16}, {"name":"id", "dataUnitId":28, "attributeIndex":7, "size":4}, {"name":"title", "dataUnitId":28, "attributeIndex":8, "size":10}, {"name":"creationdate", "dataUnitId":28, "attributeIndex":9, "size":8}, {"name":"score", "dataUnitId":28, "attributeIndex":10, "size":4}, {"name":"owneruserid", "dataUnitId":28, "attributeIndex":11, "size":4}, {"name":"count(id)", "dataUnitId":28, "attributeIndex":12, "size":8}, {"name":"sum()", "dataUnitId":28, "attributeIndex":13, "size":8}, {"name":"totalbounties", "dataUnitId":28, "attributeIndex":14, "size":8}], "partitionLayout":{"type":"singlenode", "nPartitions":1, "attributes":[]}}], "pipelines":[{"id":0, "scan":1, "output":0, "estimatedLoad":1.05637471885054585e-08, "requiredData":[]}, {"id":1, "scan":3, "output":2, "estimatedLoad":4.31095393281521183e-09, "requiredData":[]}, {"id":2, "scan":5, "output":4, "estimatedLoad":1.11301293191803018e-10, "requiredData":[]}, {"id":3, "scan":7, "output":6, "estimatedLoad":1.13215945922199331e-08, "requiredData":[]}, {"id":4, "scan":0, "output":8, "estimatedLoad":1.56119007034925112e-06, "requiredData":[]}, {"id":5, "scan":10, "output":9, "estimatedLoad":2.86913862566709736e-08, "requiredData":[2, 6]}, {"id":6, "scan":12, "output":11, "estimatedLoad":4.47576246866102858e-09, "requiredData":[]}, {"id":7, "scan":14, "output":13, "estimatedLoad":8.12060163194326189e-11, "requiredData":[]}, {"id":8, "scan":16, "output":15, "estimatedLoad":1.40281861864596603e-08, "requiredData":[]}, {"id":9, "scan":18, "output":17, "estimatedLoad":6.27608363449775482e-09, "requiredData":[15]}, {"id":10, "scan":20, "output":19, "estimatedLoad":2.92595480934636e-08, "requiredData":[17]}, {"id":11, "scan":22, "output":21, "estimatedLoad":1.58167923167582702e-06, "requiredData":[]}, {"id":12, "scan":24, "output":23, "estimatedLoad":1.87105018470289976e-08, "requiredData":[]}, {"id":13, "scan":19, "output":25, "estimatedLoad":3.43823460250355668e-09, "requiredData":[]}, {"id":14, "scan":27, "output":26, "estimatedLoad":3.71220085817089646e-08, "requiredData":[23]}, {"id":15, "scan":26, "output":28, "estimatedLoad":3.73218048182143164e-06, "requiredData":[]}], "shuffleStages":[{"from":28, "to":29}, {"from":25, "to":27}, {"from":11, "to":22}, {"from":13, "to":16}, {"from":9, "to":12}, {"from":21, "to":24}, {"from":8, "to":10}, {"from":4, "to":7}], "dependencyOrder":[0, 1, 2, 3, 4, 5, 6, 7, 8, 9, 10, 11, 12, 13, 14, 15]}, "tasks":[{"k":15, "v":[{"pipelineId":15, "scannedPartition":{"dataUnitId":26, "partitionIndex":0}, "requiredPartitions":[], "outputPartition":{"dataUnitId":28, "partitionIndex":0}, "broadcast":false}, {"pipelineId":15, "scannedPartition":{"dataUnitId":26, "partitionIndex":1}, "requiredPartitions":[], "outputPartition":{"dataUnitId":28, "partitionIndex":1}, "broadcast":false}, {"pipelineId":15, "scannedPartition":{"dataUnitId":26, "partitionIndex":2}, "requiredPartitions":[], "outputPartition":{"dataUnitId":28, "partitionIndex":2}, "broadcast":false}, {"pipelineId":15, "scannedPartition":{"dataUnitId":26, "partitionIndex":3}, "requiredPartitions":[], "outputPartition":{"dataUnitId":28, "partitionIndex":3}, "broadcast":false}, {"pipelineId":15, "scannedPartition":{"dataUnitId":26, "partitionIndex":4}, "requiredPartitions":[], "outputPartition":{"dataUnitId":28, "partitionIndex":4}, "broadcast":false}, {"pipelineId":15, "scannedPartition":{"dataUnitId":26, "partitionIndex":5}, "requiredPartitions":[], "outputPartition":{"dataUnitId":28, "partitionIndex":5}, "broadcast":false}, {"pipelineId":15, "scannedPartition":{"dataUnitId":26, "partitionIndex":6}, "requiredPartitions":[], "outputPartition":{"dataUnitId":28, "partitionIndex":6}, "broadcast":false}, {"pipelineId":15, "scannedPartition":{"dataUnitId":26, "partitionIndex":7}, "requiredPartitions":[], "outputPartition":{"dataUnitId":28, "partitionIndex":7}, "broadcast":false}, {"pipelineId":15, "scannedPartition":{"dataUnitId":26, "partitionIndex":8}, "requiredPartitions":[], "outputPartition":{"dataUnitId":28, "partitionIndex":8}, "broadcast":false}, {"pipelineId":15, "scannedPartition":{"dataUnitId":26, "partitionIndex":9}, "requiredPartitions":[], "outputPartition":{"dataUnitId":28, "partitionIndex":9}, "broadcast":false}, {"pipelineId":15, "scannedPartition":{"dataUnitId":26, "partitionIndex":10}, "requiredPartitions":[], "outputPartition":{"dataUnitId":28, "partitionIndex":10}, "broadcast":false}, {"pipelineId":15, "scannedPartition":{"dataUnitId":26, "partitionIndex":11}, "requiredPartitions":[], "outputPartition":{"dataUnitId":28, "partitionIndex":11}, "broadcast":false}, {"pipelineId":15, "scannedPartition":{"dataUnitId":26, "partitionIndex":12}, "requiredPartitions":[], "outputPartition":{"dataUnitId":28, "partitionIndex":12}, "broadcast":false}, {"pipelineId":15, "scannedPartition":{"dataUnitId":26, "partitionIndex":13}, "requiredPartitions":[], "outputPartition":{"dataUnitId":28, "partitionIndex":13}, "broadcast":false}, {"pipelineId":15, "scannedPartition":{"dataUnitId":26, "partitionIndex":14}, "requiredPartitions":[], "outputPartition":{"dataUnitId":28, "partitionIndex":14}, "broadcast":false}, {"pipelineId":15, "scannedPartition":{"dataUnitId":26, "partitionIndex":15}, "requiredPartitions":[], "outputPartition":{"dataUnitId":28, "partitionIndex":15}, "broadcast":false}]}, {"k":0, "v":[{"pipelineId":0, "scannedPartition":{"dataUnitId":1, "partitionIndex":0}, "requiredPartitions":[], "outputPartition":{"dataUnitId":0, "partitionIndex":0}, "broadcast":false}, {"pipelineId":0, "scannedPartition":{"dataUnitId":1, "partitionIndex":1}, "requiredPartitions":[], "outputPartition":{"dataUnitId":0, "partitionIndex":1}, "broadcast":false}, {"pipelineId":0, "scannedPartition":{"dataUnitId":1, "partitionIndex":2}, "requiredPartitions":[], "outputPartition":{"dataUnitId":0, "partitionIndex":2}, "broadcast":false}, {"pipelineId":0, "scannedPartition":{"dataUnitId":1, "partitionIndex":3}, "requiredPartitions":[], "outputPartition":{"dataUnitId":0, "partitionIndex":3}, "broadcast":false}, {"pipelineId":0, "scannedPartition":{"dataUnitId":1, "partitionIndex":4}, "requiredPartitions":[], "outputPartition":{"dataUnitId":0, "partitionIndex":4}, "broadcast":false}, {"pipelineId":0, "scannedPartition":{"dataUnitId":1, "partitionIndex":5}, "requiredPartitions":[], "outputPartition":{"dataUnitId":0, "partitionIndex":5}, "broadcast":false}, {"pipelineId":0, "scannedPartition":{"dataUnitId":1, "partitionIndex":6}, "requiredPartitions":[], "outputPartition":{"dataUnitId":0, "partitionIndex":6}, "broadcast":false}, {"pipelineId":0, "scannedPartition":{"dataUnitId":1, "partitionIndex":7}, "requiredPartitions":[], "outputPartition":{"dataUnitId":0, "partitionIndex":7}, "broadcast":false}, {"pipelineId":0, "scannedPartition":{"dataUnitId":1, "partitionIndex":8}, "requiredPartitions":[], "outputPartition":{"dataUnitId":0, "partitionIndex":8}, "broadcast":false}, {"pipelineId":0, "scannedPartition":{"dataUnitId":1, "partitionIndex":9}, "requiredPartitions":[], "outputPartition":{"dataUnitId":0, "partitionIndex":9}, "broadcast":false}, {"pipelineId":0, "scannedPartition":{"dataUnitId":1, "partitionIndex":10}, "requiredPartitions":[], "outputPartition":{"dataUnitId":0, "partitionIndex":10}, "broadcast":false}, {"pipelineId":0, "scannedPartition":{"dataUnitId":1, "partitionIndex":11}, "requiredPartitions":[], "outputPartition":{"dataUnitId":0, "partitionIndex":11}, "broadcast":false}, {"pipelineId":0, "scannedPartition":{"dataUnitId":1, "partitionIndex":12}, "requiredPartitions":[], "outputPartition":{"dataUnitId":0, "partitionIndex":12}, "broadcast":false}, {"pipelineId":0, "scannedPartition":{"dataUnitId":1, "partitionIndex":13}, "requiredPartitions":[], "outputPartition":{"dataUnitId":0, "partitionIndex":13}, "broadcast":false}, {"pipelineId":0, "scannedPartition":{"dataUnitId":1, "partitionIndex":14}, "requiredPartitions":[], "outputPartition":{"dataUnitId":0, "partitionIndex":14}, "broadcast":false}, {"pipelineId":0, "scannedPartition":{"dataUnitId":1, "partitionIndex":15}, "requiredPartitions":[], "outputPartition":{"dataUnitId":0, "partitionIndex":15}, "broadcast":false}]}, {"k":13, "v":[{"pipelineId":13, "scannedPartition":{"dataUnitId":19, "partitionIndex":0}, "requiredPartitions":[], "outputPartition":{"dataUnitId":25, "partitionIndex":0}, "broadcast":false}, {"pipelineId":13, "scannedPartition":{"dataUnitId":19, "partitionIndex":1}, "requiredPartitions":[], "outputPartition":{"dataUnitId":25, "partitionIndex":1}, "broadcast":false}, {"pipelineId":13, "scannedPartition":{"dataUnitId":19, "partitionIndex":2}, "requiredPartitions":[], "outputPartition":{"dataUnitId":25, "partitionIndex":2}, "broadcast":false}, {"pipelineId":13, "scannedPartition":{"dataUnitId":19, "partitionIndex":3}, "requiredPartitions":[], "outputPartition":{"dataUnitId":25, "partitionIndex":3}, "broadcast":false}, {"pipelineId":13, "scannedPartition":{"dataUnitId":19, "partitionIndex":4}, "requiredPartitions":[], "outputPartition":{"dataUnitId":25, "partitionIndex":4}, "broadcast":false}, {"pipelineId":13, "scannedPartition":{"dataUnitId":19, "partitionIndex":5}, "requiredPartitions":[], "outputPartition":{"dataUnitId":25, "partitionIndex":5}, "broadcast":false}, {"pipelineId":13, "scannedPartition":{"dataUnitId":19, "partitionIndex":6}, "requiredPartitions":[], "outputPartition":{"dataUnitId":25, "partitionIndex":6}, "broadcast":false}, {"pipelineId":13, "scannedPartition":{"dataUnitId":19, "partitionIndex":7}, "requiredPartitions":[], "outputPartition":{"dataUnitId":25, "partitionIndex":7}, "broadcast":false}, {"pipelineId":13, "scannedPartition":{"dataUnitId":19, "partitionIndex":8}, "requiredPartitions":[], "outputPartition":{"dataUnitId":25, "partitionIndex":8}, "broadcast":false}, {"pipelineId":13, "scannedPartition":{"dataUnitId":19, "partitionIndex":9}, "requiredPartitions":[], "outputPartition":{"dataUnitId":25, "partitionIndex":9}, "broadcast":false}, {"pipelineId":13, "scannedPartition":{"dataUnitId":19, "partitionIndex":10}, "requiredPartitions":[], "outputPartition":{"dataUnitId":25, "partitionIndex":10}, "broadcast":false}, {"pipelineId":13, "scannedPartition":{"dataUnitId":19, "partitionIndex":11}, "requiredPartitions":[], "outputPartition":{"dataUnitId":25, "partitionIndex":11}, "broadcast":false}, {"pipelineId":13, "scannedPartition":{"dataUnitId":19, "partitionIndex":12}, "requiredPartitions":[], "outputPartition":{"dataUnitId":25, "partitionIndex":12}, "broadcast":false}, {"pipelineId":13, "scannedPartition":{"dataUnitId":19, "partitionIndex":13}, "requiredPartitions":[], "outputPartition":{"dataUnitId":25, "partitionIndex":13}, "broadcast":false}, {"pipelineId":13, "scannedPartition":{"dataUnitId":19, "partitionIndex":14}, "requiredPartitions":[], "outputPartition":{"dataUnitId":25, "partitionIndex":14}, "broadcast":false}, {"pipelineId":13, "scannedPartition":{"dataUnitId":19, "partitionIndex":15}, "requiredPartitions":[], "outputPartition":{"dataUnitId":25, "partitionIndex":15}, "broadcast":false}]}, {"k":1, "v":[{"pipelineId":1, "scannedPartition":{"dataUnitId":3, "partitionIndex":0}, "requiredPartitions":[], "outputPartition":{"dataUnitId":2, "partitionIndex":0}, "broadcast":false}, {"pipelineId":1, "scannedPartition":{"dataUnitId":3, "partitionIndex":1}, "requiredPartitions":[], "outputPartition":{"dataUnitId":2, "partitionIndex":1}, "broadcast":false}, {"pipelineId":1, "scannedPartition":{"dataUnitId":3, "partitionIndex":2}, "requiredPartitions":[], "outputPartition":{"dataUnitId":2, "partitionIndex":2}, "broadcast":false}, {"pipelineId":1, "scannedPartition":{"dataUnitId":3, "partitionIndex":3}, "requiredPartitions":[], "outputPartition":{"dataUnitId":2, "partitionIndex":3}, "broadcast":false}, {"pipelineId":1, "scannedPartition":{"dataUnitId":3, "partitionIndex":4}, "requiredPartitions":[], "outputPartition":{"dataUnitId":2, "partitionIndex":4}, "broadcast":false}, {"pipelineId":1, "scannedPartition":{"dataUnitId":3, "partitionIndex":5}, "requiredPartitions":[], "outputPartition":{"dataUnitId":2, "partitionIndex":5}, "broadcast":false}, {"pipelineId":1, "scannedPartition":{"dataUnitId":3, "partitionIndex":6}, "requiredPartitions":[], "outputPartition":{"dataUnitId":2, "partitionIndex":6}, "broadcast":false}, {"pipelineId":1, "scannedPartition":{"dataUnitId":3, "partitionIndex":7}, "requiredPartitions":[], "outputPartition":{"dataUnitId":2, "partitionIndex":7}, "broadcast":false}, {"pipelineId":1, "scannedPartition":{"dataUnitId":3, "partitionIndex":8}, "requiredPartitions":[], "outputPartition":{"dataUnitId":2, "partitionIndex":8}, "broadcast":false}, {"pipelineId":1, "scannedPartition":{"dataUnitId":3, "partitionIndex":9}, "requiredPartitions":[], "outputPartition":{"dataUnitId":2, "partitionIndex":9}, "broadcast":false}, {"pipelineId":1, "scannedPartition":{"dataUnitId":3, "partitionIndex":10}, "requiredPartitions":[], "outputPartition":{"dataUnitId":2, "partitionIndex":10}, "broadcast":false}, {"pipelineId":1, "scannedPartition":{"dataUnitId":3, "partitionIndex":11}, "requiredPartitions":[], "outputPartition":{"dataUnitId":2, "partitionIndex":11}, "broadcast":false}, {"pipelineId":1, "scannedPartition":{"dataUnitId":3, "partitionIndex":12}, "requiredPartitions":[], "outputPartition":{"dataUnitId":2, "partitionIndex":12}, "broadcast":false}, {"pipelineId":1, "scannedPartition":{"dataUnitId":3, "partitionIndex":13}, "requiredPartitions":[], "outputPartition":{"dataUnitId":2, "partitionIndex":13}, "broadcast":false}, {"pipelineId":1, "scannedPartition":{"dataUnitId":3, "partitionIndex":14}, "requiredPartitions":[], "outputPartition":{"dataUnitId":2, "partitionIndex":14}, "broadcast":false}, {"pipelineId":1, "scannedPartition":{"dataUnitId":3, "partitionIndex":15}, "requiredPartitions":[], "outputPartition":{"dataUnitId":2, "partitionIndex":15}, "broadcast":false}]}, {"k":14, "v":[{"pipelineId":14, "scannedPartition":{"dataUnitId":27, "partitionIndex":0}, "requiredPartitions":[{"dataUnitId":23, "partitionIndex":0}], "outputPartition":{"dataUnitId":26, "partitionIndex":0}, "broadcast":false}, {"pipelineId":14, "scannedPartition":{"dataUnitId":27, "partitionIndex":1}, "requiredPartitions":[{"dataUnitId":23, "partitionIndex":1}], "outputPartition":{"dataUnitId":26, "partitionIndex":1}, "broadcast":false}, {"pipelineId":14, "scannedPartition":{"dataUnitId":27, "partitionIndex":2}, "requiredPartitions":[{"dataUnitId":23, "partitionIndex":2}], "outputPartition":{"dataUnitId":26, "partitionIndex":2}, "broadcast":false}, {"pipelineId":14, "scannedPartition":{"dataUnitId":27, "partitionIndex":3}, "requiredPartitions":[{"dataUnitId":23, "partitionIndex":3}], "outputPartition":{"dataUnitId":26, "partitionIndex":3}, "broadcast":false}, {"pipelineId":14, "scannedPartition":{"dataUnitId":27, "partitionIndex":4}, "requiredPartitions":[{"dataUnitId":23, "partitionIndex":4}], "outputPartition":{"dataUnitId":26, "partitionIndex":4}, "broadcast":false}, {"pipelineId":14, "scannedPartition":{"dataUnitId":27, "partitionIndex":5}, "requiredPartitions":[{"dataUnitId":23, "partitionIndex":5}], "outputPartition":{"dataUnitId":26, "partitionIndex":5}, "broadcast":false}, {"pipelineId":14, "scannedPartition":{"dataUnitId":27, "partitionIndex":6}, "requiredPartitions":[{"dataUnitId":23, "partitionIndex":6}], "outputPartition":{"dataUnitId":26, "partitionIndex":6}, "broadcast":false}, {"pipelineId":14, "scannedPartition":{"dataUnitId":27, "partitionIndex":7}, "requiredPartitions":[{"dataUnitId":23, "partitionIndex":7}], "outputPartition":{"dataUnitId":26, "partitionIndex":7}, "broadcast":false}, {"pipelineId":14, "scannedPartition":{"dataUnitId":27, "partitionIndex":8}, "requiredPartitions":[{"dataUnitId":23, "partitionIndex":8}], "outputPartition":{"dataUnitId":26, "partitionIndex":8}, "broadcast":false}, {"pipelineId":14, "scannedPartition":{"dataUnitId":27, "partitionIndex":9}, "requiredPartitions":[{"dataUnitId":23, "partitionIndex":9}], "outputPartition":{"dataUnitId":26, "partitionIndex":9}, "broadcast":false}, {"pipelineId":14, "scannedPartition":{"dataUnitId":27, "partitionIndex":10}, "requiredPartitions":[{"dataUnitId":23, "partitionIndex":10}], "outputPartition":{"dataUnitId":26, "partitionIndex":10}, "broadcast":false}, {"pipelineId":14, "scannedPartition":{"dataUnitId":27, "partitionIndex":11}, "requiredPartitions":[{"dataUnitId":23, "partitionIndex":11}], "outputPartition":{"dataUnitId":26, "partitionIndex":11}, "broadcast":false}, {"pipelineId":14, "scannedPartition":{"dataUnitId":27, "partitionIndex":12}, "requiredPartitions":[{"dataUnitId":23, "partitionIndex":12}], "outputPartition":{"dataUnitId":26, "partitionIndex":12}, "broadcast":false}, {"pipelineId":14, "scannedPartition":{"dataUnitId":27, "partitionIndex":13}, "requiredPartitions":[{"dataUnitId":23, "partitionIndex":13}], "outputPartition":{"dataUnitId":26, "partitionIndex":13}, "broadcast":false}, {"pipelineId":14, "scannedPartition":{"dataUnitId":27, "partitionIndex":14}, "requiredPartitions":[{"dataUnitId":23, "partitionIndex":14}], "outputPartition":{"dataUnitId":26, "partitionIndex":14}, "broadcast":false}, {"pipelineId":14, "scannedPartition":{"dataUnitId":27, "partitionIndex":15}, "requiredPartitions":[{"dataUnitId":23, "partitionIndex":15}], "outputPartition":{"dataUnitId":26, "partitionIndex":15}, "broadcast":false}]}, {"k":2, "v":[{"pipelineId":2, "scannedPartition":{"dataUnitId":5, "partitionIndex":0}, "requiredPartitions":[], "outputPartition":{"dataUnitId":4, "partitionIndex":0}, "broadcast":false}, {"pipelineId":2, "scannedPartition":{"dataUnitId":5, "partitionIndex":1}, "requiredPartitions":[], "outputPartition":{"dataUnitId":4, "partitionIndex":1}, "broadcast":false}, {"pipelineId":2, "scannedPartition":{"dataUnitId":5, "partitionIndex":2}, "requiredPartitions":[], "outputPartition":{"dataUnitId":4, "partitionIndex":2}, "broadcast":false}, {"pipelineId":2, "scannedPartition":{"dataUnitId":5, "partitionIndex":3}, "requiredPartitions":[], "outputPartition":{"dataUnitId":4, "partitionIndex":3}, "broadcast":false}, {"pipelineId":2, "scannedPartition":{"dataUnitId":5, "partitionIndex":4}, "requiredPartitions":[], "outputPartition":{"dataUnitId":4, "partitionIndex":4}, "broadcast":false}, {"pipelineId":2, "scannedPartition":{"dataUnitId":5, "partitionIndex":5}, "requiredPartitions":[], "outputPartition":{"dataUnitId":4, "partitionIndex":5}, "broadcast":false}, {"pipelineId":2, "scannedPartition":{"dataUnitId":5, "partitionIndex":6}, "requiredPartitions":[], "outputPartition":{"dataUnitId":4, "partitionIndex":6}, "broadcast":false}, {"pipelineId":2, "scannedPartition":{"dataUnitId":5, "partitionIndex":7}, "requiredPartitions":[], "outputPartition":{"dataUnitId":4, "partitionIndex":7}, "broadcast":false}, {"pipelineId":2, "scannedPartition":{"dataUnitId":5, "partitionIndex":8}, "requiredPartitions":[], "outputPartition":{"dataUnitId":4, "partitionIndex":8}, "broadcast":false}, {"pipelineId":2, "scannedPartition":{"dataUnitId":5, "partitionIndex":9}, "requiredPartitions":[], "outputPartition":{"dataUnitId":4, "partitionIndex":9}, "broadcast":false}, {"pipelineId":2, "scannedPartition":{"dataUnitId":5, "partitionIndex":10}, "requiredPartitions":[], "outputPartition":{"dataUnitId":4, "partitionIndex":10}, "broadcast":false}, {"pipelineId":2, "scannedPartition":{"dataUnitId":5, "partitionIndex":11}, "requiredPartitions":[], "outputPartition":{"dataUnitId":4, "partitionIndex":11}, "broadcast":false}, {"pipelineId":2, "scannedPartition":{"dataUnitId":5, "partitionIndex":12}, "requiredPartitions":[], "outputPartition":{"dataUnitId":4, "partitionIndex":12}, "broadcast":false}, {"pipelineId":2, "scannedPartition":{"dataUnitId":5, "partitionIndex":13}, "requiredPartitions":[], "outputPartition":{"dataUnitId":4, "partitionIndex":13}, "broadcast":false}, {"pipelineId":2, "scannedPartition":{"dataUnitId":5, "partitionIndex":14}, "requiredPartitions":[], "outputPartition":{"dataUnitId":4, "partitionIndex":14}, "broadcast":false}, {"pipelineId":2, "scannedPartition":{"dataUnitId":5, "partitionIndex":15}, "requiredPartitions":[], "outputPartition":{"dataUnitId":4, "partitionIndex":15}, "broadcast":false}]}, {"k":4, "v":[{"pipelineId":4, "scannedPartition":{"dataUnitId":0, "partitionIndex":0}, "requiredPartitions":[], "outputPartition":{"dataUnitId":8, "partitionIndex":0}, "broadcast":false}, {"pipelineId":4, "scannedPartition":{"dataUnitId":0, "partitionIndex":1}, "requiredPartitions":[], "outputPartition":{"dataUnitId":8, "partitionIndex":1}, "broadcast":false}, {"pipelineId":4, "scannedPartition":{"dataUnitId":0, "partitionIndex":2}, "requiredPartitions":[], "outputPartition":{"dataUnitId":8, "partitionIndex":2}, "broadcast":false}, {"pipelineId":4, "scannedPartition":{"dataUnitId":0, "partitionIndex":3}, "requiredPartitions":[], "outputPartition":{"dataUnitId":8, "partitionIndex":3}, "broadcast":false}, {"pipelineId":4, "scannedPartition":{"dataUnitId":0, "partitionIndex":4}, "requiredPartitions":[], "outputPartition":{"dataUnitId":8, "partitionIndex":4}, "broadcast":false}, {"pipelineId":4, "scannedPartition":{"dataUnitId":0, "partitionIndex":5}, "requiredPartitions":[], "outputPartition":{"dataUnitId":8, "partitionIndex":5}, "broadcast":false}, {"pipelineId":4, "scannedPartition":{"dataUnitId":0, "partitionIndex":6}, "requiredPartitions":[], "outputPartition":{"dataUnitId":8, "partitionIndex":6}, "broadcast":false}, {"pipelineId":4, "scannedPartition":{"dataUnitId":0, "partitionIndex":7}, "requiredPartitions":[], "outputPartition":{"dataUnitId":8, "partitionIndex":7}, "broadcast":false}, {"pipelineId":4, "scannedPartition":{"dataUnitId":0, "partitionIndex":8}, "requiredPartitions":[], "outputPartition":{"dataUnitId":8, "partitionIndex":8}, "broadcast":false}, {"pipelineId":4, "scannedPartition":{"dataUnitId":0, "partitionIndex":9}, "requiredPartitions":[], "outputPartition":{"dataUnitId":8, "partitionIndex":9}, "broadcast":false}, {"pipelineId":4, "scannedPartition":{"dataUnitId":0, "partitionIndex":10}, "requiredPartitions":[], "outputPartition":{"dataUnitId":8, "partitionIndex":10}, "broadcast":false}, {"pipelineId":4, "scannedPartition":{"dataUnitId":0, "partitionIndex":11}, "requiredPartitions":[], "outputPartition":{"dataUnitId":8, "partitionIndex":11}, "broadcast":false}, {"pipelineId":4, "scannedPartition":{"dataUnitId":0, "partitionIndex":12}, "requiredPartitions":[], "outputPartition":{"dataUnitId":8, "partitionIndex":12}, "broadcast":false}, {"pipelineId":4, "scannedPartition":{"dataUnitId":0, "partitionIndex":13}, "requiredPartitions":[], "outputPartition":{"dataUnitId":8, "partitionIndex":13}, "broadcast":false}, {"pipelineId":4, "scannedPartition":{"dataUnitId":0, "partitionIndex":14}, "requiredPartitions":[], "outputPartition":{"dataUnitId":8, "partitionIndex":14}, "broadcast":false}, {"pipelineId":4, "scannedPartition":{"dataUnitId":0, "partitionIndex":15}, "requiredPartitions":[], "outputPartition":{"dataUnitId":8, "partitionIndex":15}, "broadcast":false}]}, {"k":5, "v":[{"pipelineId":5, "scannedPartition":{"dataUnitId":10, "partitionIndex":0}, "requiredPartitions":[{"dataUnitId":2, "partitionIndex":0}, {"dataUnitId":6, "partitionIndex":0}], "outputPartition":{"dataUnitId":9, "partitionIndex":0}, "broadcast":false}, {"pipelineId":5, "scannedPartition":{"dataUnitId":10, "partitionIndex":1}, "requiredPartitions":[{"dataUnitId":2, "partitionIndex":1}, {"dataUnitId":6, "partitionIndex":0}], "outputPartition":{"dataUnitId":9, "partitionIndex":1}, "broadcast":false}, {"pipelineId":5, "scannedPartition":{"dataUnitId":10, "partitionIndex":2}, "requiredPartitions":[{"dataUnitId":2, "partitionIndex":2}, {"dataUnitId":6, "partitionIndex":0}], "outputPartition":{"dataUnitId":9, "partitionIndex":2}, "broadcast":false}, {"pipelineId":5, "scannedPartition":{"dataUnitId":10, "partitionIndex":3}, "requiredPartitions":[{"dataUnitId":2, "partitionIndex":3}, {"dataUnitId":6, "partitionIndex":0}], "outputPartition":{"dataUnitId":9, "partitionIndex":3}, "broadcast":false}, {"pipelineId":5, "scannedPartition":{"dataUnitId":10, "partitionIndex":4}, "requiredPartitions":[{"dataUnitId":2, "partitionIndex":4}, {"dataUnitId":6, "partitionIndex":0}], "outputPartition":{"dataUnitId":9, "partitionIndex":4}, "broadcast":false}, {"pipelineId":5, "scannedPartition":{"dataUnitId":10, "partitionIndex":5}, "requiredPartitions":[{"dataUnitId":2, "partitionIndex":5}, {"dataUnitId":6, "partitionIndex":0}], "outputPartition":{"dataUnitId":9, "partitionIndex":5}, "broadcast":false}, {"pipelineId":5, "scannedPartition":{"dataUnitId":10, "partitionIndex":6}, "requiredPartitions":[{"dataUnitId":2, "partitionIndex":6}, {"dataUnitId":6, "partitionIndex":0}], "outputPartition":{"dataUnitId":9, "partitionIndex":6}, "broadcast":false}, {"pipelineId":5, "scannedPartition":{"dataUnitId":10, "partitionIndex":7}, "requiredPartitions":[{"dataUnitId":2, "partitionIndex":7}, {"dataUnitId":6, "partitionIndex":0}], "outputPartition":{"dataUnitId":9, "partitionIndex":7}, "broadcast":false}, {"pipelineId":5, "scannedPartition":{"dataUnitId":10, "partitionIndex":8}, "requiredPartitions":[{"dataUnitId":2, "partitionIndex":8}, {"dataUnitId":6, "partitionIndex":0}], "outputPartition":{"dataUnitId":9, "partitionIndex":8}, "broadcast":false}, {"pipelineId":5, "scannedPartition":{"dataUnitId":10, "partitionIndex":9}, "requiredPartitions":[{"dataUnitId":2, "partitionIndex":9}, {"dataUnitId":6, "partitionIndex":0}], "outputPartition":{"dataUnitId":9, "partitionIndex":9}, "broadcast":false}, {"pipelineId":5, "scannedPartition":{"dataUnitId":10, "partitionIndex":10}, "requiredPartitions":[{"dataUnitId":2, "partitionIndex":10}, {"dataUnitId":6, "partitionIndex":0}], "outputPartition":{"dataUnitId":9, "partitionIndex":10}, "broadcast":false}, {"pipelineId":5, "scannedPartition":{"dataUnitId":10, "partitionIndex":11}, "requiredPartitions":[{"dataUnitId":2, "partitionIndex":11}, {"dataUnitId":6, "partitionIndex":0}], "outputPartition":{"dataUnitId":9, "partitionIndex":11}, "broadcast":false}, {"pipelineId":5, "scannedPartition":{"dataUnitId":10, "partitionIndex":12}, "requiredPartitions":[{"dataUnitId":2, "partitionIndex":12}, {"dataUnitId":6, "partitionIndex":0}], "outputPartition":{"dataUnitId":9, "partitionIndex":12}, "broadcast":false}, {"pipelineId":5, "scannedPartition":{"dataUnitId":10, "partitionIndex":13}, "requiredPartitions":[{"dataUnitId":2, "partitionIndex":13}, {"dataUnitId":6, "partitionIndex":0}], "outputPartition":{"dataUnitId":9, "partitionIndex":13}, "broadcast":false}, {"pipelineId":5, "scannedPartition":{"dataUnitId":10, "partitionIndex":14}, "requiredPartitions":[{"dataUnitId":2, "partitionIndex":14}, {"dataUnitId":6, "partitionIndex":0}], "outputPartition":{"dataUnitId":9, "partitionIndex":14}, "broadcast":false}, {"pipelineId":5, "scannedPartition":{"dataUnitId":10, "partitionIndex":15}, "requiredPartitions":[{"dataUnitId":2, "partitionIndex":15}, {"dataUnitId":6, "partitionIndex":0}], "outputPartition":{"dataUnitId":9, "partitionIndex":15}, "broadcast":false}]}, {"k":6, "v":[{"pipelineId":6, "scannedPartition":{"dataUnitId":12, "partitionIndex":0}, "requiredPartitions":[], "outputPartition":{"dataUnitId":11, "partitionIndex":0}, "broadcast":false}, {"pipelineId":6, "scannedPartition":{"dataUnitId":12, "partitionIndex":1}, "requiredPartitions":[], "outputPartition":{"dataUnitId":11, "partitionIndex":1}, "broadcast":false}, {"pipelineId":6, "scannedPartition":{"dataUnitId":12, "partitionIndex":2}, "requiredPartitions":[], "outputPartition":{"dataUnitId":11, "partitionIndex":2}, "broadcast":false}, {"pipelineId":6, "scannedPartition":{"dataUnitId":12, "partitionIndex":3}, "requiredPartitions":[], "outputPartition":{"dataUnitId":11, "partitionIndex":3}, "broadcast":false}, {"pipelineId":6, "scannedPartition":{"dataUnitId":12, "partitionIndex":4}, "requiredPartitions":[], "outputPartition":{"dataUnitId":11, "partitionIndex":4}, "broadcast":false}, {"pipelineId":6, "scannedPartition":{"dataUnitId":12, "partitionIndex":5}, "requiredPartitions":[], "outputPartition":{"dataUnitId":11, "partitionIndex":5}, "broadcast":false}, {"pipelineId":6, "scannedPartition":{"dataUnitId":12, "partitionIndex":6}, "requiredPartitions":[], "outputPartition":{"dataUnitId":11, "partitionIndex":6}, "broadcast":false}, {"pipelineId":6, "scannedPartition":{"dataUnitId":12, "partitionIndex":7}, "requiredPartitions":[], "outputPartition":{"dataUnitId":11, "partitionIndex":7}, "broadcast":false}, {"pipelineId":6, "scannedPartition":{"dataUnitId":12, "partitionIndex":8}, "requiredPartitions":[], "outputPartition":{"dataUnitId":11, "partitionIndex":8}, "broadcast":false}, {"pipelineId":6, "scannedPartition":{"dataUnitId":12, "partitionIndex":9}, "requiredPartitions":[], "outputPartition":{"dataUnitId":11, "partitionIndex":9}, "broadcast":false}, {"pipelineId":6, "scannedPartition":{"dataUnitId":12, "partitionIndex":10}, "requiredPartitions":[], "outputPartition":{"dataUnitId":11, "partitionIndex":10}, "broadcast":false}, {"pipelineId":6, "scannedPartition":{"dataUnitId":12, "partitionIndex":11}, "requiredPartitions":[], "outputPartition":{"dataUnitId":11, "partitionIndex":11}, "broadcast":false}, {"pipelineId":6, "scannedPartition":{"dataUnitId":12, "partitionIndex":12}, "requiredPartitions":[], "outputPartition":{"dataUnitId":11, "partitionIndex":12}, "broadcast":false}, {"pipelineId":6, "scannedPartition":{"dataUnitId":12, "partitionIndex":13}, "requiredPartitions":[], "outputPartition":{"dataUnitId":11, "partitionIndex":13}, "broadcast":false}, {"pipelineId":6, "scannedPartition":{"dataUnitId":12, "partitionIndex":14}, "requiredPartitions":[], "outputPartition":{"dataUnitId":11, "partitionIndex":14}, "broadcast":false}, {"pipelineId":6, "scannedPartition":{"dataUnitId":12, "partitionIndex":15}, "requiredPartitions":[], "outputPartition":{"dataUnitId":11, "partitionIndex":15}, "broadcast":false}]}, {"k":7, "v":[{"pipelineId":7, "scannedPartition":{"dataUnitId":14, "partitionIndex":0}, "requiredPartitions":[], "outputPartition":{"dataUnitId":13, "partitionIndex":0}, "broadcast":false}, {"pipelineId":7, "scannedPartition":{"dataUnitId":14, "partitionIndex":1}, "requiredPartitions":[], "outputPartition":{"dataUnitId":13, "partitionIndex":1}, "broadcast":false}, {"pipelineId":7, "scannedPartition":{"dataUnitId":14, "partitionIndex":2}, "requiredPartitions":[], "outputPartition":{"dataUnitId":13, "partitionIndex":2}, "broadcast":false}, {"pipelineId":7, "scannedPartition":{"dataUnitId":14, "partitionIndex":3}, "requiredPartitions":[], "outputPartition":{"dataUnitId":13, "partitionIndex":3}, "broadcast":false}, {"pipelineId":7, "scannedPartition":{"dataUnitId":14, "partitionIndex":4}, "requiredPartitions":[], "outputPartition":{"dataUnitId":13, "partitionIndex":4}, "broadcast":false}, {"pipelineId":7, "scannedPartition":{"dataUnitId":14, "partitionIndex":5}, "requiredPartitions":[], "outputPartition":{"dataUnitId":13, "partitionIndex":5}, "broadcast":false}, {"pipelineId":7, "scannedPartition":{"dataUnitId":14, "partitionIndex":6}, "requiredPartitions":[], "outputPartition":{"dataUnitId":13, "partitionIndex":6}, "broadcast":false}, {"pipelineId":7, "scannedPartition":{"dataUnitId":14, "partitionIndex":7}, "requiredPartitions":[], "outputPartition":{"dataUnitId":13, "partitionIndex":7}, "broadcast":false}, {"pipelineId":7, "scannedPartition":{"dataUnitId":14, "partitionIndex":8}, "requiredPartitions":[], "outputPartition":{"dataUnitId":13, "partitionIndex":8}, "broadcast":false}, {"pipelineId":7, "scannedPartition":{"dataUnitId":14, "partitionIndex":9}, "requiredPartitions":[], "outputPartition":{"dataUnitId":13, "partitionIndex":9}, "broadcast":false}, {"pipelineId":7, "scannedPartition":{"dataUnitId":14, "partitionIndex":10}, "requiredPartitions":[], "outputPartition":{"dataUnitId":13, "partitionIndex":10}, "broadcast":false}, {"pipelineId":7, "scannedPartition":{"dataUnitId":14, "partitionIndex":11}, "requiredPartitions":[], "outputPartition":{"dataUnitId":13, "partitionIndex":11}, "broadcast":false}, {"pipelineId":7, "scannedPartition":{"dataUnitId":14, "partitionIndex":12}, "requiredPartitions":[], "outputPartition":{"dataUnitId":13, "partitionIndex":12}, "broadcast":false}, {"pipelineId":7, "scannedPartition":{"dataUnitId":14, "partitionIndex":13}, "requiredPartitions":[], "outputPartition":{"dataUnitId":13, "partitionIndex":13}, "broadcast":false}, {"pipelineId":7, "scannedPartition":{"dataUnitId":14, "partitionIndex":14}, "requiredPartitions":[], "outputPartition":{"dataUnitId":13, "partitionIndex":14}, "broadcast":false}, {"pipelineId":7, "scannedPartition":{"dataUnitId":14, "partitionIndex":15}, "requiredPartitions":[], "outputPartition":{"dataUnitId":13, "partitionIndex":15}, "broadcast":false}]}, {"k":9, "v":[{"pipelineId":9, "scannedPartition":{"dataUnitId":18, "partitionIndex":0}, "requiredPartitions":[{"dataUnitId":15, "partitionIndex":0}], "outputPartition":{"dataUnitId":17, "partitionIndex":0}, "broadcast":false}, {"pipelineId":9, "scannedPartition":{"dataUnitId":18, "partitionIndex":1}, "requiredPartitions":[{"dataUnitId":15, "partitionIndex":0}], "outputPartition":{"dataUnitId":17, "partitionIndex":1}, "broadcast":false}, {"pipelineId":9, "scannedPartition":{"dataUnitId":18, "partitionIndex":2}, "requiredPartitions":[{"dataUnitId":15, "partitionIndex":0}], "outputPartition":{"dataUnitId":17, "partitionIndex":2}, "broadcast":false}, {"pipelineId":9, "scannedPartition":{"dataUnitId":18, "partitionIndex":3}, "requiredPartitions":[{"dataUnitId":15, "partitionIndex":0}], "outputPartition":{"dataUnitId":17, "partitionIndex":3}, "broadcast":false}, {"pipelineId":9, "scannedPartition":{"dataUnitId":18, "partitionIndex":4}, "requiredPartitions":[{"dataUnitId":15, "partitionIndex":0}], "outputPartition":{"dataUnitId":17, "partitionIndex":4}, "broadcast":false}, {"pipelineId":9, "scannedPartition":{"dataUnitId":18, "partitionIndex":5}, "requiredPartitions":[{"dataUnitId":15, "partitionIndex":0}], "outputPartition":{"dataUnitId":17, "partitionIndex":5}, "broadcast":false}, {"pipelineId":9, "scannedPartition":{"dataUnitId":18, "partitionIndex":6}, "requiredPartitions":[{"dataUnitId":15, "partitionIndex":0}], "outputPartition":{"dataUnitId":17, "partitionIndex":6}, "broadcast":false}, {"pipelineId":9, "scannedPartition":{"dataUnitId":18, "partitionIndex":7}, "requiredPartitions":[{"dataUnitId":15, "partitionIndex":0}], "outputPartition":{"dataUnitId":17, "partitionIndex":7}, "broadcast":false}, {"pipelineId":9, "scannedPartition":{"dataUnitId":18, "partitionIndex":8}, "requiredPartitions":[{"dataUnitId":15, "partitionIndex":0}], "outputPartition":{"dataUnitId":17, "partitionIndex":8}, "broadcast":false}, {"pipelineId":9, "scannedPartition":{"dataUnitId":18, "partitionIndex":9}, "requiredPartitions":[{"dataUnitId":15, "partitionIndex":0}], "outputPartition":{"dataUnitId":17, "partitionIndex":9}, "broadcast":false}, {"pipelineId":9, "scannedPartition":{"dataUnitId":18, "partitionIndex":10}, "requiredPartitions":[{"dataUnitId":15, "partitionIndex":0}], "outputPartition":{"dataUnitId":17, "partitionIndex":10}, "broadcast":false}, {"pipelineId":9, "scannedPartition":{"dataUnitId":18, "partitionIndex":11}, "requiredPartitions":[{"dataUnitId":15, "partitionIndex":0}], "outputPartition":{"dataUnitId":17, "partitionIndex":11}, "broadcast":false}, {"pipelineId":9, "scannedPartition":{"dataUnitId":18, "partitionIndex":12}, "requiredPartitions":[{"dataUnitId":15, "partitionIndex":0}], "outputPartition":{"dataUnitId":17, "partitionIndex":12}, "broadcast":false}, {"pipelineId":9, "scannedPartition":{"dataUnitId":18, "partitionIndex":13}, "requiredPartitions":[{"dataUnitId":15, "partitionIndex":0}], "outputPartition":{"dataUnitId":17, "partitionIndex":13}, "broadcast":false}, {"pipelineId":9, "scannedPartition":{"dataUnitId":18, "partitionIndex":14}, "requiredPartitions":[{"dataUnitId":15, "partitionIndex":0}], "outputPartition":{"dataUnitId":17, "partitionIndex":14}, "broadcast":false}, {"pipelineId":9, "scannedPartition":{"dataUnitId":18, "partitionIndex":15}, "requiredPartitions":[{"dataUnitId":15, "partitionIndex":0}], "outputPartition":{"dataUnitId":17, "partitionIndex":15}, "broadcast":false}]}, {"k":10, "v":[{"pipelineId":10, "scannedPartition":{"dataUnitId":20, "partitionIndex":0}, "requiredPartitions":[{"dataUnitId":17, "partitionIndex":0}], "outputPartition":{"dataUnitId":19, "partitionIndex":0}, "broadcast":false}, {"pipelineId":10, "scannedPartition":{"dataUnitId":20, "partitionIndex":1}, "requiredPartitions":[{"dataUnitId":17, "partitionIndex":1}], "outputPartition":{"dataUnitId":19, "partitionIndex":1}, "broadcast":false}, {"pipelineId":10, "scannedPartition":{"dataUnitId":20, "partitionIndex":2}, "requiredPartitions":[{"dataUnitId":17, "partitionIndex":2}], "outputPartition":{"dataUnitId":19, "partitionIndex":2}, "broadcast":false}, {"pipelineId":10, "scannedPartition":{"dataUnitId":20, "partitionIndex":3}, "requiredPartitions":[{"dataUnitId":17, "partitionIndex":3}], "outputPartition":{"dataUnitId":19, "partitionIndex":3}, "broadcast":false}, {"pipelineId":10, "scannedPartition":{"dataUnitId":20, "partitionIndex":4}, "requiredPartitions":[{"dataUnitId":17, "partitionIndex":4}], "outputPartition":{"dataUnitId":19, "partitionIndex":4}, "broadcast":false}, {"pipelineId":10, "scannedPartition":{"dataUnitId":20, "partitionIndex":5}, "requiredPartitions":[{"dataUnitId":17, "partitionIndex":5}], "outputPartition":{"dataUnitId":19, "partitionIndex":5}, "broadcast":false}, {"pipelineId":10, "scannedPartition":{"dataUnitId":20, "partitionIndex":6}, "requiredPartitions":[{"dataUnitId":17, "partitionIndex":6}], "outputPartition":{"dataUnitId":19, "partitionIndex":6}, "broadcast":false}, {"pipelineId":10, "scannedPartition":{"dataUnitId":20, "partitionIndex":7}, "requiredPartitions":[{"dataUnitId":17, "partitionIndex":7}], "outputPartition":{"dataUnitId":19, "partitionIndex":7}, "broadcast":false}, {"pipelineId":10, "scannedPartition":{"dataUnitId":20, "partitionIndex":8}, "requiredPartitions":[{"dataUnitId":17, "partitionIndex":8}], "outputPartition":{"dataUnitId":19, "partitionIndex":8}, "broadcast":false}, {"pipelineId":10, "scannedPartition":{"dataUnitId":20, "partitionIndex":9}, "requiredPartitions":[{"dataUnitId":17, "partitionIndex":9}], "outputPartition":{"dataUnitId":19, "partitionIndex":9}, "broadcast":false}, {"pipelineId":10, "scannedPartition":{"dataUnitId":20, "partitionIndex":10}, "requiredPartitions":[{"dataUnitId":17, "partitionIndex":10}], "outputPartition":{"dataUnitId":19, "partitionIndex":10}, "broadcast":false}, {"pipelineId":10, "scannedPartition":{"dataUnitId":20, "partitionIndex":11}, "requiredPartitions":[{"dataUnitId":17, "partitionIndex":11}], "outputPartition":{"dataUnitId":19, "partitionIndex":11}, "broadcast":false}, {"pipelineId":10, "scannedPartition":{"dataUnitId":20, "partitionIndex":12}, "requiredPartitions":[{"dataUnitId":17, "partitionIndex":12}], "outputPartition":{"dataUnitId":19, "partitionIndex":12}, "broadcast":false}, {"pipelineId":10, "scannedPartition":{"dataUnitId":20, "partitionIndex":13}, "requiredPartitions":[{"dataUnitId":17, "partitionIndex":13}], "outputPartition":{"dataUnitId":19, "partitionIndex":13}, "broadcast":false}, {"pipelineId":10, "scannedPartition":{"dataUnitId":20, "partitionIndex":14}, "requiredPartitions":[{"dataUnitId":17, "partitionIndex":14}], "outputPartition":{"dataUnitId":19, "partitionIndex":14}, "broadcast":false}, {"pipelineId":10, "scannedPartition":{"dataUnitId":20, "partitionIndex":15}, "requiredPartitions":[{"dataUnitId":17, "partitionIndex":15}], "outputPartition":{"dataUnitId":19, "partitionIndex":15}, "broadcast":false}]}, {"k":11, "v":[{"pipelineId":11, "scannedPartition":{"dataUnitId":22, "partitionIndex":0}, "requiredPartitions":[], "outputPartition":{"dataUnitId":21, "partitionIndex":0}, "broadcast":false}, {"pipelineId":11, "scannedPartition":{"dataUnitId":22, "partitionIndex":1}, "requiredPartitions":[], "outputPartition":{"dataUnitId":21, "partitionIndex":1}, "broadcast":false}, {"pipelineId":11, "scannedPartition":{"dataUnitId":22, "partitionIndex":2}, "requiredPartitions":[], "outputPartition":{"dataUnitId":21, "partitionIndex":2}, "broadcast":false}, {"pipelineId":11, "scannedPartition":{"dataUnitId":22, "partitionIndex":3}, "requiredPartitions":[], "outputPartition":{"dataUnitId":21, "partitionIndex":3}, "broadcast":false}, {"pipelineId":11, "scannedPartition":{"dataUnitId":22, "partitionIndex":4}, "requiredPartitions":[], "outputPartition":{"dataUnitId":21, "partitionIndex":4}, "broadcast":false}, {"pipelineId":11, "scannedPartition":{"dataUnitId":22, "partitionIndex":5}, "requiredPartitions":[], "outputPartition":{"dataUnitId":21, "partitionIndex":5}, "broadcast":false}, {"pipelineId":11, "scannedPartition":{"dataUnitId":22, "partitionIndex":6}, "requiredPartitions":[], "outputPartition":{"dataUnitId":21, "partitionIndex":6}, "broadcast":false}, {"pipelineId":11, "scannedPartition":{"dataUnitId":22, "partitionIndex":7}, "requiredPartitions":[], "outputPartition":{"dataUnitId":21, "partitionIndex":7}, "broadcast":false}, {"pipelineId":11, "scannedPartition":{"dataUnitId":22, "partitionIndex":8}, "requiredPartitions":[], "outputPartition":{"dataUnitId":21, "partitionIndex":8}, "broadcast":false}, {"pipelineId":11, "scannedPartition":{"dataUnitId":22, "partitionIndex":9}, "requiredPartitions":[], "outputPartition":{"dataUnitId":21, "partitionIndex":9}, "broadcast":false}, {"pipelineId":11, "scannedPartition":{"dataUnitId":22, "partitionIndex":10}, "requiredPartitions":[], "outputPartition":{"dataUnitId":21, "partitionIndex":10}, "broadcast":false}, {"pipelineId":11, "scannedPartition":{"dataUnitId":22, "partitionIndex":11}, "requiredPartitions":[], "outputPartition":{"dataUnitId":21, "partitionIndex":11}, "broadcast":false}, {"pipelineId":11, "scannedPartition":{"dataUnitId":22, "partitionIndex":12}, "requiredPartitions":[], "outputPartition":{"dataUnitId":21, "partitionIndex":12}, "broadcast":false}, {"pipelineId":11, "scannedPartition":{"dataUnitId":22, "partitionIndex":13}, "requiredPartitions":[], "outputPartition":{"dataUnitId":21, "partitionIndex":13}, "broadcast":false}, {"pipelineId":11, "scannedPartition":{"dataUnitId":22, "partitionIndex":14}, "requiredPartitions":[], "outputPartition":{"dataUnitId":21, "partitionIndex":14}, "broadcast":false}, {"pipelineId":11, "scannedPartition":{"dataUnitId":22, "partitionIndex":15}, "requiredPartitions":[], "outputPartition":{"dataUnitId":21, "partitionIndex":15}, "broadcast":false}]}, {"k":12, "v":[{"pipelineId":12, "scannedPartition":{"dataUnitId":24, "partitionIndex":0}, "requiredPartitions":[], "outputPartition":{"dataUnitId":23, "partitionIndex":0}, "broadcast":false}, {"pipelineId":12, "scannedPartition":{"dataUnitId":24, "partitionIndex":1}, "requiredPartitions":[], "outputPartition":{"dataUnitId":23, "partitionIndex":1}, "broadcast":false}, {"pipelineId":12, "scannedPartition":{"dataUnitId":24, "partitionIndex":2}, "requiredPartitions":[], "outputPartition":{"dataUnitId":23, "partitionIndex":2}, "broadcast":false}, {"pipelineId":12, "scannedPartition":{"dataUnitId":24, "partitionIndex":3}, "requiredPartitions":[], "outputPartition":{"dataUnitId":23, "partitionIndex":3}, "broadcast":false}, {"pipelineId":12, "scannedPartition":{"dataUnitId":24, "partitionIndex":4}, "requiredPartitions":[], "outputPartition":{"dataUnitId":23, "partitionIndex":4}, "broadcast":false}, {"pipelineId":12, "scannedPartition":{"dataUnitId":24, "partitionIndex":5}, "requiredPartitions":[], "outputPartition":{"dataUnitId":23, "partitionIndex":5}, "broadcast":false}, {"pipelineId":12, "scannedPartition":{"dataUnitId":24, "partitionIndex":6}, "requiredPartitions":[], "outputPartition":{"dataUnitId":23, "partitionIndex":6}, "broadcast":false}, {"pipelineId":12, "scannedPartition":{"dataUnitId":24, "partitionIndex":7}, "requiredPartitions":[], "outputPartition":{"dataUnitId":23, "partitionIndex":7}, "broadcast":false}, {"pipelineId":12, "scannedPartition":{"dataUnitId":24, "partitionIndex":8}, "requiredPartitions":[], "outputPartition":{"dataUnitId":23, "partitionIndex":8}, "broadcast":false}, {"pipelineId":12, "scannedPartition":{"dataUnitId":24, "partitionIndex":9}, "requiredPartitions":[], "outputPartition":{"dataUnitId":23, "partitionIndex":9}, "broadcast":false}, {"pipelineId":12, "scannedPartition":{"dataUnitId":24, "partitionIndex":10}, "requiredPartitions":[], "outputPartition":{"dataUnitId":23, "partitionIndex":10}, "broadcast":false}, {"pipelineId":12, "scannedPartition":{"dataUnitId":24, "partitionIndex":11}, "requiredPartitions":[], "outputPartition":{"dataUnitId":23, "partitionIndex":11}, "broadcast":false}, {"pipelineId":12, "scannedPartition":{"dataUnitId":24, "partitionIndex":12}, "requiredPartitions":[], "outputPartition":{"dataUnitId":23, "partitionIndex":12}, "broadcast":false}, {"pipelineId":12, "scannedPartition":{"dataUnitId":24, "partitionIndex":13}, "requiredPartitions":[], "outputPartition":{"dataUnitId":23, "partitionIndex":13}, "broadcast":false}, {"pipelineId":12, "scannedPartition":{"dataUnitId":24, "partitionIndex":14}, "requiredPartitions":[], "outputPartition":{"dataUnitId":23, "partitionIndex":14}, "broadcast":false}, {"pipelineId":12, "scannedPartition":{"dataUnitId":24, "partitionIndex":15}, "requiredPartitions":[], "outputPartition":{"dataUnitId":23, "partitionIndex":15}, "broadcast":false}]}], "broadcastTasks":[{"k":8, "v":{"pipelineId":8, "scannedPartition":{"dataUnitId":16, "partitionIndex":0}, "requiredPartitions":[], "outputPartition":{"dataUnitId":15, "partitionIndex":0}, "broadcast":true}}, {"k":3, "v":{"pipelineId":3, "scannedPartition":{"dataUnitId":7, "partitionIndex":0}, "requiredPartitions":[], "outputPartition":{"dataUnitId":6, "partitionIndex":0}, "broadcast":true}}], "initialPartitioning":{"owningNode":[{"k":{"dataUnitId":20, "partitionIndex":14}, "v":6}, {"k":{"dataUnitId":20, "partitionIndex":13}, "v":5}, {"k":{"dataUnitId":20, "partitionIndex":11}, "v":3}, {"k":{"dataUnitId":20, "partitionIndex":10}, "v":2}, {"k":{"dataUnitId":20, "partitionIndex":7}, "v":7}, {"k":{"dataUnitId":20, "partitionIndex":15}, "v":7}, {"k":{"dataUnitId":20, "partitionIndex":6}, "v":6}, {"k":{"dataUnitId":20, "partitionIndex":5}, "v":5}, {"k":{"dataUnitId":20, "partitionIndex":4}, "v":4}, {"k":{"dataUnitId":20, "partitionIndex":2}, "v":2}, {"k":{"dataUnitId":20, "partitionIndex":1}, "v":1}, {"k":{"dataUnitId":18, "partitionIndex":15}, "v":7}, {"k":{"dataUnitId":18, "partitionIndex":14}, "v":6}, {"k":{"dataUnitId":18, "partitionIndex":12}, "v":4}, {"k":{"dataUnitId":18, "partitionIndex":11}, "v":3}, {"k":{"dataUnitId":18, "partitionIndex":10}, "v":2}, {"k":{"dataUnitId":18, "partitionIndex":5}, "v":5}, {"k":{"dataUnitId":18, "partitionIndex":9}, "v":1}, {"k":{"dataUnitId":18, "partitionIndex":2}, "v":2}, {"k":{"dataUnitId":18, "partitionIndex":1}, "v":1}, {"k":{"dataUnitId":14, "partitionIndex":15}, "v":7}, {"k":{"dataUnitId":18, "partitionIndex":0}, "v":0}, {"k":{"dataUnitId":14, "partitionIndex":12}, "v":4}, {"k":{"dataUnitId":14, "partitionIndex":11}, "v":3}, {"k":{"dataUnitId":18, "partitionIndex":3}, "v":3}, {"k":{"dataUnitId":3, "partitionIndex":9}, "v":1}, {"k":{"dataUnitId":3, "partitionIndex":8}, "v":0}, {"k":{"dataUnitId":5, "partitionIndex":12}, "v":4}, {"k":{"dataUnitId":3, "partitionIndex":7}, "v":7}, {"k":{"dataUnitId":14, "partitionIndex":0}, "v":0}, {"k":{"dataUnitId":14, "partitionIndex":2}, "v":2}, {"k":{"dataUnitId":3, "partitionIndex":3}, "v":3}, {"k":{"dataUnitId":3, "partitionIndex":2}, "v":2}, {"k":{"dataUnitId":5, "partitionIndex":2}, "v":2}, {"k":{"dataUnitId":1, "partitionIndex":14}, "v":6}, {"k":{"dataUnitId":5, "partitionIndex":10}, "v":2}, {"k":{"dataUnitId":20, "partitionIndex":0}, "v":0}, {"k":{"dataUnitId":1, "partitionIndex":13}, "v":5}, {"k":{"dataUnitId":1, "partitionIndex":0}, "v":0}, {"k":{"dataUnitId":3, "partitionIndex":10}, "v":2}, {"k":{"dataUnitId":1, "partitionIndex":1}, "v":1}, {"k":{"dataUnitId":18, "partitionIndex":4}, "v":4}, {"k":{"dataUnitId":3, "partitionIndex":0}, "v":0}, {"k":{"dataUnitId":3, "partitionIndex":11}, "v":3}, {"k":{"dataUnitId":5, "partitionIndex":3}, "v":3}, {"k":{"dataUnitId":20, "partitionIndex":3}, "v":3}, {"k":{"dataUnitId":3, "partitionIndex":5}, "v":5}, {"k":{"dataUnitId":3, "partitionIndex":14}, "v":6}, {"k":{"dataUnitId":20, "partitionIndex":9}, "v":1}, {"k":{"dataUnitId":14, "partitionIndex":5}, "v":5}, {"k":{"dataUnitId":14, "partitionIndex":6}, "v":6}, {"k":{"dataUnitId":1, "partitionIndex":11}, "v":3}, {"k":{"dataUnitId":18, "partitionIndex":6}, "v":6}, {"k":{"dataUnitId":1, "partitionIndex":12}, "v":4}, {"k":{"dataUnitId":18, "partitionIndex":8}, "v":0}, {"k":{"dataUnitId":1, "partitionIndex":2}, "v":2}, {"k":{"dataUnitId":14, "partitionIndex":9}, "v":1}, {"k":{"dataUnitId":1, "partitionIndex":15}, "v":7}, {"k":{"dataUnitId":3, "partitionIndex":12}, "v":4}, {"k":{"dataUnitId":1, "partitionIndex":4}, "v":4}, {"k":{"dataUnitId":1, "partitionIndex":7}, "v":7}, {"k":{"dataUnitId":20, "partitionIndex":12}, "v":4}, {"k":{"dataUnitId":3, "partitionIndex":4}, "v":4}, {"k":{"dataUnitId":3, "partitionIndex":6}, "v":6}, {"k":{"dataUnitId":14, "partitionIndex":1}, "v":1}, {"k":{"dataUnitId":18, "partitionIndex":13}, "v":5}, {"k":{"dataUnitId":1, "partitionIndex":5}, "v":5}, {"k":{"dataUnitId":1, "partitionIndex":10}, "v":2}, {"k":{"dataUnitId":5, "partitionIndex":7}, "v":7}, {"k":{"dataUnitId":1, "partitionIndex":6}, "v":6}, {"k":{"dataUnitId":5, "partitionIndex":5}, "v":5}, {"k":{"dataUnitId":1, "partitionIndex":8}, "v":0}, {"k":{"dataUnitId":1, "partitionIndex":9}, "v":1}, {"k":{"dataUnitId":20, "partitionIndex":8}, "v":0}, {"k":{"dataUnitId":3, "partitionIndex":13}, "v":5}, {"k":{"dataUnitId":14, "partitionIndex":14}, "v":6}, {"k":{"dataUnitId":5, "partitionIndex":6}, "v":6}, {"k":{"dataUnitId":3, "partitionIndex":1}, "v":1}, {"k":{"dataUnitId":5, "partitionIndex":0}, "v":0}, {"k":{"dataUnitId":3, "partitionIndex":15}, "v":7}, {"k":{"dataUnitId":5, "partitionIndex":1}, "v":1}, {"k":{"dataUnitId":18, "partitionIndex":7}, "v":7}, {"k":{"dataUnitId":5, "partitionIndex":4}, "v":4}, {"k":{"dataUnitId":5, "partitionIndex":9}, "v":1}, {"k":{"dataUnitId":5, "partitionIndex":11}, "v":3}, {"k":{"dataUnitId":5, "partitionIndex":8}, "v":0}, {"k":{"dataUnitId":5, "partitionIndex":13}, "v":5}, {"k":{"dataUnitId":5, "partitionIndex":14}, "v":6}, {"k":{"dataUnitId":1, "partitionIndex":3}, "v":3}, {"k":{"dataUnitId":5, "partitionIndex":15}, "v":7}, {"k":{"dataUnitId":14, "partitionIndex":3}, "v":3}, {"k":{"dataUnitId":14, "partitionIndex":4}, "v":4}, {"k":{"dataUnitId":14, "partitionIndex":7}, "v":7}, {"k":{"dataUnitId":14, "partitionIndex":8}, "v":0}, {"k":{"dataUnitId":14, "partitionIndex":13}, "v":5}, {"k":{"dataUnitId":14, "partitionIndex":10}, "v":2}], "cachingNodes":[{"k":{"dataUnitId":20, "partitionIndex":14}, "v":[8]}, {"k":{"dataUnitId":20, "partitionIndex":13}, "v":[8]}, {"k":{"dataUnitId":20, "partitionIndex":11}, "v":[8]}, {"k":{"dataUnitId":20, "partitionIndex":10}, "v":[8]}, {"k":{"dataUnitId":20, "partitionIndex":7}, "v":[8]}, {"k":{"dataUnitId":20, "partitionIndex":15}, "v":[8]}, {"k":{"dataUnitId":20, "partitionIndex":6}, "v":[8]}, {"k":{"dataUnitId":20, "partitionIndex":5}, "v":[8]}, {"k":{"dataUnitId":20, "partitionIndex":4}, "v":[8]}, {"k":{"dataUnitId":20, "partitionIndex":2}, "v":[8]}, {"k":{"dataUnitId":20, "partitionIndex":1}, "v":[8]}, {"k":{"dataUnitId":18, "partitionIndex":15}, "v":[8]}, {"k":{"dataUnitId":18, "partitionIndex":14}, "v":[8]}, {"k":{"dataUnitId":18, "partitionIndex":12}, "v":[8]}, {"k":{"dataUnitId":18, "partitionIndex":11}, "v":[8]}, {"k":{"dataUnitId":18, "partitionIndex":10}, "v":[8]}, {"k":{"dataUnitId":18, "partitionIndex":5}, "v":[8]}, {"k":{"dataUnitId":18, "partitionIndex":9}, "v":[8]}, {"k":{"dataUnitId":18, "partitionIndex":2}, "v":[8]}, {"k":{"dataUnitId":18, "partitionIndex":1}, "v":[8]}, {"k":{"dataUnitId":14, "partitionIndex":15}, "v":[8]}, {"k":{"dataUnitId":18, "partitionIndex":0}, "v":[8]}, {"k":{"dataUnitId":14, "partitionIndex":12}, "v":[8]}, {"k":{"dataUnitId":14, "partitionIndex":11}, "v":[8]}, {"k":{"dataUnitId":18, "partitionIndex":3}, "v":[8]}, {"k":{"dataUnitId":3, "partitionIndex":9}, "v":[8]}, {"k":{"dataUnitId":3, "partitionIndex":8}, "v":[8]}, {"k":{"dataUnitId":5, "partitionIndex":12}, "v":[8]}, {"k":{"dataUnitId":3, "partitionIndex":7}, "v":[8]}, {"k":{"dataUnitId":14, "partitionIndex":0}, "v":[8]}, {"k":{"dataUnitId":14, "partitionIndex":2}, "v":[8]}, {"k":{"dataUnitId":3, "partitionIndex":3}, "v":[8]}, {"k":{"dataUnitId":3, "partitionIndex":2}, "v":[8]}, {"k":{"dataUnitId":5, "partitionIndex":2}, "v":[8]}, {"k":{"dataUnitId":1, "partitionIndex":14}, "v":[8]}, {"k":{"dataUnitId":5, "partitionIndex":10}, "v":[8]}, {"k":{"dataUnitId":20, "partitionIndex":0}, "v":[8]}, {"k":{"dataUnitId":1, "partitionIndex":13}, "v":[8]}, {"k":{"dataUnitId":1, "partitionIndex":0}, "v":[8]}, {"k":{"dataUnitId":3, "partitionIndex":10}, "v":[8]}, {"k":{"dataUnitId":1, "partitionIndex":1}, "v":[8]}, {"k":{"dataUnitId":18, "partitionIndex":4}, "v":[8]}, {"k":{"dataUnitId":3, "partitionIndex":0}, "v":[8]}, {"k":{"dataUnitId":3, "partitionIndex":11}, "v":[8]}, {"k":{"dataUnitId":5, "partitionIndex":3}, "v":[8]}, {"k":{"dataUnitId":20, "partitionIndex":3}, "v":[8]}, {"k":{"dataUnitId":3, "partitionIndex":5}, "v":[8]}, {"k":{"dataUnitId":3, "partitionIndex":14}, "v":[8]}, {"k":{"dataUnitId":20, "partitionIndex":9}, "v":[8]}, {"k":{"dataUnitId":14, "partitionIndex":5}, "v":[8]}, {"k":{"dataUnitId":14, "partitionIndex":6}, "v":[8]}, {"k":{"dataUnitId":1, "partitionIndex":11}, "v":[8]}, {"k":{"dataUnitId":18, "partitionIndex":6}, "v":[8]}, {"k":{"dataUnitId":1, "partitionIndex":12}, "v":[8]}, {"k":{"dataUnitId":18, "partitionIndex":8}, "v":[8]}, {"k":{"dataUnitId":1, "partitionIndex":2}, "v":[8]}, {"k":{"dataUnitId":14, "partitionIndex":9}, "v":[8]}, {"k":{"dataUnitId":1, "partitionIndex":15}, "v":[8]}, {"k":{"dataUnitId":3, "partitionIndex":12}, "v":[8]}, {"k":{"dataUnitId":1, "partitionIndex":4}, "v":[8]}, {"k":{"dataUnitId":1, "partitionIndex":7}, "v":[8]}, {"k":{"dataUnitId":20, "partitionIndex":12}, "v":[8]}, {"k":{"dataUnitId":3, "partitionIndex":4}, "v":[8]}, {"k":{"dataUnitId":3, "partitionIndex":6}, "v":[8]}, {"k":{"dataUnitId":14, "partitionIndex":1}, "v":[8]}, {"k":{"dataUnitId":18, "partitionIndex":13}, "v":[8]}, {"k":{"dataUnitId":1, "partitionIndex":5}, "v":[8]}, {"k":{"dataUnitId":1, "partitionIndex":10}, "v":[8]}, {"k":{"dataUnitId":5, "partitionIndex":7}, "v":[8]}, {"k":{"dataUnitId":1, "partitionIndex":6}, "v":[8]}, {"k":{"dataUnitId":5, "partitionIndex":5}, "v":[8]}, {"k":{"dataUnitId":1, "partitionIndex":8}, "v":[8]}, {"k":{"dataUnitId":1, "partitionIndex":9}, "v":[8]}, {"k":{"dataUnitId":20, "partitionIndex":8}, "v":[8]}, {"k":{"dataUnitId":3, "partitionIndex":13}, "v":[8]}, {"k":{"dataUnitId":14, "partitionIndex":14}, "v":[8]}, {"k":{"dataUnitId":5, "partitionIndex":6}, "v":[8]}, {"k":{"dataUnitId":3, "partitionIndex":1}, "v":[8]}, {"k":{"dataUnitId":5, "partitionIndex":0}, "v":[8]}, {"k":{"dataUnitId":3, "partitionIndex":15}, "v":[8]}, {"k":{"dataUnitId":5, "partitionIndex":1}, "v":[8]}, {"k":{"dataUnitId":18, "partitionIndex":7}, "v":[8]}, {"k":{"dataUnitId":5, "partitionIndex":4}, "v":[8]}, {"k":{"dataUnitId":5, "partitionIndex":9}, "v":[8]}, {"k":{"dataUnitId":5, "partitionIndex":11}, "v":[8]}, {"k":{"dataUnitId":5, "partitionIndex":8}, "v":[8]}, {"k":{"dataUnitId":5, "partitionIndex":13}, "v":[8]}, {"k":{"dataUnitId":5, "partitionIndex":14}, "v":[8]}, {"k":{"dataUnitId":1, "partitionIndex":3}, "v":[8]}, {"k":{"dataUnitId":5, "partitionIndex":15}, "v":[8]}, {"k":{"dataUnitId":14, "partitionIndex":3}, "v":[8]}, {"k":{"dataUnitId":14, "partitionIndex":4}, "v":[8]}, {"k":{"dataUnitId":14, "partitionIndex":7}, "v":[8]}, {"k":{"dataUnitId":14, "partitionIndex":8}, "v":[8]}, {"k":{"dataUnitId":14, "partitionIndex":13}, "v":[8]}, {"k":{"dataUnitId":14, "partitionIndex":10}, "v":[8]}], "nNodes":9}, "name":"c5n18xlargex8_rrall_16_q10043.sql", "resultNode":0, "nParallelTasks":10000}