{"cluster":{"nodes":[{"nCores":72, "memorySize":192, "networkSpeed":100, "networkLatency":0.00025}, {"nCores":72, "memorySize":192, "networkSpeed":100, "networkLatency":0.00025}, {"nCores":72, "memorySize":192, "networkSpeed":100, "networkLatency":0.00025}, {"nCores":72, "memorySize":192, "networkSpeed":100, "networkLatency":0.00025}, {"nCores":72, "memorySize":192, "networkSpeed":100, "networkLatency":0.00025}, {"nCores":72, "memorySize":192, "networkSpeed":100, "networkLatency":0.00025}, {"nCores":72, "memorySize":192, "networkSpeed":100, "networkLatency":0.00025}, {"nCores":72, "memorySize":192, "networkSpeed":100, "networkLatency":0.00025}, {"nCores":0, "memorySize":1e+06, "networkSpeed":1e+06, "networkLatency":0.1}], "storageService":true}, "plan":{"dataUnits":[{"name":"intermediate_0", "id":0, "estimatedCard":62227, "isIntermediate":true, "attributes":[{"name":"userid", "dataUnitId":0, "attributeIndex":0, "size":4}], "partitionLayout":{"type":"hashpartitioned", "nPartitions":16, "attributes":[{"name":"postid", "dataUnitId":1, "attributeIndex":1, "size":4}]}}, {"name":"votes", "id":1, "estimatedCard":12744093, "isIntermediate":false, "attributes":[{"name":"id", "dataUnitId":1, "attributeIndex":0, "size":4}, {"name":"postid", "dataUnitId":1, "attributeIndex":1, "size":4}, {"name":"votetypeid", "dataUnitId":1, "attributeIndex":2, "size":2}, {"name":"userid", "dataUnitId":1, "attributeIndex":3, "size":4}, {"name":"creationdate", "dataUnitId":1, "attributeIndex":4, "size":8}, {"name":"bountyamount", "dataUnitId":1, "attributeIndex":5, "size":4}], "partitionLayout":{"type":"hashpartitioned", "nPartitions":16, "attributes":[{"name":"postid", "dataUnitId":1, "attributeIndex":1, "size":4}]}}, {"name":"intermediate_1", "id":2, "estimatedCard":62227, "isIntermediate":true, "attributes":[{"name":"id", "dataUnitId":2, "attributeIndex":0, "size":4}, {"name":"reputation", "dataUnitId":2, "attributeIndex":1, "size":4}, {"name":"userid", "dataUnitId":2, "attributeIndex":2, "size":4}], "partitionLayout":{"type":"broadcast", "nPartitions":1, "attributes":[]}}, {"name":"intermediate_0_shuffled", "id":3, "estimatedCard":62227, "isIntermediate":true, "attributes":[{"name":"userid", "dataUnitId":0, "attributeIndex":0, "size":4}], "partitionLayout":{"type":"broadcast", "nPartitions":1, "attributes":[]}}, {"name":"intermediate_2", "id":4, "estimatedCard":1311825.02390138153, "isIntermediate":true, "attributes":[{"name":"id", "dataUnitId":4, "attributeIndex":0, "size":4}, {"name":"reputation", "dataUnitId":4, "attributeIndex":1, "size":4}, {"name":"userid", "dataUnitId":4, "attributeIndex":2, "size":4}], "partitionLayout":{"type":"hashpartitioned", "nPartitions":16, "attributes":[{"name":"id", "dataUnitId":4, "attributeIndex":0, "size":4}]}}, {"name":"users", "id":5, "estimatedCard":1.26071e+06, "isIntermediate":false, "attributes":[{"name":"id", "dataUnitId":5, "attributeIndex":0, "size":4}, {"name":"reputation", "dataUnitId":5, "attributeIndex":1, "size":4}, {"name":"creationdate", "dataUnitId":5, "attributeIndex":2, "size":8}, {"name":"displayname", "dataUnitId":5, "attributeIndex":3, "size":10}, {"name":"lastaccessdate", "dataUnitId":5, "attributeIndex":4, "size":8}, {"name":"websiteurl", "dataUnitId":5, "attributeIndex":5, "size":10}, {"name":"location", "dataUnitId":5, "attributeIndex":6, "size":10}, {"name":"aboutme", "dataUnitId":5, "attributeIndex":7, "size":10}, {"name":"views", "dataUnitId":5, "attributeIndex":8, "size":4}, {"name":"upvotes", "dataUnitId":5, "attributeIndex":9, "size":4}, {"name":"downvotes", "dataUnitId":5, "attributeIndex":10, "size":4}, {"name":"profileimageurl", "dataUnitId":5, "attributeIndex":11, "size":10}, {"name":"accountid", "dataUnitId":5, "attributeIndex":12, "size":4}], "partitionLayout":{"type":"hashpartitioned", "nPartitions":16, "attributes":[{"name":"id", "dataUnitId":5, "attributeIndex":0, "size":4}]}}, {"name":"intermediate_3", "id":6, "estimatedCard":1311825.02390138153, "isIntermediate":true, "attributes":[{"name":"id", "dataUnitId":6, "attributeIndex":0, "size":4}, {"name":"reputation", "dataUnitId":6, "attributeIndex":1, "size":4}, {"name":"id", "dataUnitId":6, "attributeIndex":2, "size":4}, {"name":"userid", "dataUnitId":6, "attributeIndex":3, "size":4}, {"name":"userid", "dataUnitId":6, "attributeIndex":4, "size":4}], "partitionLayout":{"type":"broadcast", "nPartitions":1, "attributes":[]}}, {"name":"intermediate_2_shuffled", "id":7, "estimatedCard":1311825.02390138153, "isIntermediate":true, "attributes":[{"name":"id", "dataUnitId":4, "attributeIndex":0, "size":4}, {"name":"reputation", "dataUnitId":4, "attributeIndex":1, "size":4}, {"name":"userid", "dataUnitId":4, "attributeIndex":2, "size":4}], "partitionLayout":{"type":"broadcast", "nPartitions":1, "attributes":[]}}, {"name":"intermediate_4", "id":8, "estimatedCard":1.26071e+06, "isIntermediate":true, "attributes":[{"name":"id", "dataUnitId":8, "attributeIndex":0, "size":4}, {"name":"reputation", "dataUnitId":8, "attributeIndex":1, "size":4}, {"name":"count(id)", "dataUnitId":8, "attributeIndex":2, "size":8}], "partitionLayout":{"type":"hashpartitioned", "nPartitions":16, "attributes":[{"name":"userid", "dataUnitId":9, "attributeIndex":1, "size":4}]}}, {"name":"badges", "id":9, "estimatedCard":2321724, "isIntermediate":false, "attributes":[{"name":"id", "dataUnitId":9, "attributeIndex":0, "size":4}, {"name":"userid", "dataUnitId":9, "attributeIndex":1, "size":4}, {"name":"name", "dataUnitId":9, "attributeIndex":2, "size":10}, {"name":"date", "dataUnitId":9, "attributeIndex":3, "size":8}, {"name":"class", "dataUnitId":9, "attributeIndex":4, "size":2}, {"name":"tagbased", "dataUnitId":9, "attributeIndex":5, "size":1}], "partitionLayout":{"type":"hashpartitioned", "nPartitions":16, "attributes":[{"name":"userid", "dataUnitId":9, "attributeIndex":1, "size":4}]}}, {"name":"intermediate_5", "id":10, "estimatedCard":3850129, "isIntermediate":true, "attributes":[{"name":"id", "dataUnitId":10, "attributeIndex":0, "size":4}, {"name":"posttypeid", "dataUnitId":10, "attributeIndex":1, "size":2}, {"name":"creationdate", "dataUnitId":10, "attributeIndex":2, "size":8}, {"name":"score", "dataUnitId":10, "attributeIndex":3, "size":4}, {"name":"viewcount", "dataUnitId":10, "attributeIndex":4, "size":4}, {"name":"id", "dataUnitId":10, "attributeIndex":5, "size":4}, {"name":"postid", "dataUnitId":10, "attributeIndex":6, "size":4}], "partitionLayout":{"type":"hashpartitioned", "nPartitions":16, "attributes":[{"name":"id", "dataUnitId":10, "attributeIndex":0, "size":4}]}}, {"name":"posts", "id":11, "estimatedCard":3850129, "isIntermediate":false, "attributes":[{"name":"id", "dataUnitId":11, "attributeIndex":0, "size":4}, {"name":"posttypeid", "dataUnitId":11, "attributeIndex":1, "size":2}, {"name":"acceptedanswerid", "dataUnitId":11, "attributeIndex":2, "size":4}, {"name":"parentid", "dataUnitId":11, "attributeIndex":3, "size":4}, {"name":"creationdate", "dataUnitId":11, "attributeIndex":4, "size":8}, {"name":"score", "dataUnitId":11, "attributeIndex":5, "size":4}, {"name":"viewcount", "dataUnitId":11, "attributeIndex":6, "size":4}, {"name":"body", "dataUnitId":11, "attributeIndex":7, "size":10}, {"name":"owneruserid", "dataUnitId":11, "attributeIndex":8, "size":4}, {"name":"ownerdisplayname", "dataUnitId":11, "attributeIndex":9, "size":10}, {"name":"lasteditoruserid", "dataUnitId":11, "attributeIndex":10, "size":4}, {"name":"lasteditordisplayname", "dataUnitId":11, "attributeIndex":11, "size":10}, {"name":"lasteditdate", "dataUnitId":11, "attributeIndex":12, "size":8}, {"name":"lastactivitydate", "dataUnitId":11, "attributeIndex":13, "size":8}, {"name":"title", "dataUnitId":11, "attributeIndex":14, "size":10}, {"name":"tags", "dataUnitId":11, "attributeIndex":15, "size":10}, {"name":"answercount", "dataUnitId":11, "attributeIndex":16, "size":4}, {"name":"commentcount", "dataUnitId":11, "attributeIndex":17, "size":4}, {"name":"favoritecount", "dataUnitId":11, "attributeIndex":18, "size":4}, {"name":"closeddate", "dataUnitId":11, "attributeIndex":19, "size":8}, {"name":"communityowneddate", "dataUnitId":11, "attributeIndex":20, "size":8}, {"name":"contentlicense", "dataUnitId":11, "attributeIndex":21, "size":10}], "partitionLayout":{"type":"hashpartitioned", "nPartitions":16, "attributes":[{"name":"id", "dataUnitId":11, "attributeIndex":0, "size":4}]}}, {"name":"intermediate_6", "id":12, "estimatedCard":7241857, "isIntermediate":true, "attributes":[{"name":"id", "dataUnitId":12, "attributeIndex":0, "size":4}, {"name":"posttypeid", "dataUnitId":12, "attributeIndex":1, "size":2}, {"name":"creationdate", "dataUnitId":12, "attributeIndex":2, "size":8}, {"name":"score", "dataUnitId":12, "attributeIndex":3, "size":4}, {"name":"viewcount", "dataUnitId":12, "attributeIndex":4, "size":4}, {"name":"id", "dataUnitId":12, "attributeIndex":5, "size":4}, {"name":"postid", "dataUnitId":12, "attributeIndex":6, "size":4}, {"name":"id", "dataUnitId":12, "attributeIndex":7, "size":4}, {"name":"postid", "dataUnitId":12, "attributeIndex":8, "size":4}], "partitionLayout":{"type":"hashpartitioned", "nPartitions":16, "attributes":[{"name":"postid", "dataUnitId":12, "attributeIndex":6, "size":4}]}}, {"name":"comments", "id":13, "estimatedCard":7241857, "isIntermediate":false, "attributes":[{"name":"id", "dataUnitId":13, "attributeIndex":0, "size":4}, {"name":"postid", "dataUnitId":13, "attributeIndex":1, "size":4}, {"name":"score", "dataUnitId":13, "attributeIndex":2, "size":4}, {"name":"text", "dataUnitId":13, "attributeIndex":3, "size":10}, {"name":"creationdate", "dataUnitId":13, "attributeIndex":4, "size":8}, {"name":"userdisplayname", "dataUnitId":13, "attributeIndex":5, "size":10}, {"name":"userid", "dataUnitId":13, "attributeIndex":6, "size":4}, {"name":"contentlicense", "dataUnitId":13, "attributeIndex":7, "size":10}], "partitionLayout":{"type":"hashpartitioned", "nPartitions":16, "attributes":[{"name":"postid", "dataUnitId":13, "attributeIndex":1, "size":4}]}}, {"name":"intermediate_7", "id":14, "estimatedCard":3850129, "isIntermediate":true, "attributes":[{"name":"id", "dataUnitId":14, "attributeIndex":0, "size":4}, {"name":"posttypeid", "dataUnitId":14, "attributeIndex":1, "size":2}, {"name":"creationdate", "dataUnitId":14, "attributeIndex":2, "size":8}, {"name":"score", "dataUnitId":14, "attributeIndex":3, "size":4}, {"name":"viewcount", "dataUnitId":14, "attributeIndex":4, "size":4}, {"name":"count(id)", "dataUnitId":14, "attributeIndex":5, "size":8}, {"name":"count(id)", "dataUnitId":14, "attributeIndex":6, "size":8}], "partitionLayout":{"type":"hashpartitioned", "nPartitions":16, "attributes":[{"name":"postid", "dataUnitId":12, "attributeIndex":6, "size":4}]}}, {"name":"votes", "id":15, "estimatedCard":12744093, "isIntermediate":false, "attributes":[{"name":"id", "dataUnitId":15, "attributeIndex":0, "size":4}, {"name":"postid", "dataUnitId":15, "attributeIndex":1, "size":4}, {"name":"votetypeid", "dataUnitId":15, "attributeIndex":2, "size":2}, {"name":"userid", "dataUnitId":15, "attributeIndex":3, "size":4}, {"name":"creationdate", "dataUnitId":15, "attributeIndex":4, "size":8}, {"name":"bountyamount", "dataUnitId":15, "attributeIndex":5, "size":4}], "partitionLayout":{"type":"hashpartitioned", "nPartitions":16, "attributes":[{"name":"postid", "dataUnitId":15, "attributeIndex":1, "size":4}]}}, {"name":"intermediate_8", "id":16, "estimatedCard":1.26071e+06, "isIntermediate":true, "attributes":[{"name":"id", "dataUnitId":16, "attributeIndex":0, "size":4}], "partitionLayout":{"type":"hashpartitioned", "nPartitions":16, "attributes":[{"name":"id", "dataUnitId":16, "attributeIndex":0, "size":4}]}}, {"name":"users", "id":17, "estimatedCard":1.26071e+06, "isIntermediate":false, "attributes":[{"name":"id", "dataUnitId":17, "attributeIndex":0, "size":4}, {"name":"reputation", "dataUnitId":17, "attributeIndex":1, "size":4}, {"name":"creationdate", "dataUnitId":17, "attributeIndex":2, "size":8}, {"name":"displayname", "dataUnitId":17, "attributeIndex":3, "size":10}, {"name":"lastaccessdate", "dataUnitId":17, "attributeIndex":4, "size":8}, {"name":"websiteurl", "dataUnitId":17, "attributeIndex":5, "size":10}, {"name":"location", "dataUnitId":17, "attributeIndex":6, "size":10}, {"name":"aboutme", "dataUnitId":17, "attributeIndex":7, "size":10}, {"name":"views", "dataUnitId":17, "attributeIndex":8, "size":4}, {"name":"upvotes", "dataUnitId":17, "attributeIndex":9, "size":4}, {"name":"downvotes", "dataUnitId":17, "attributeIndex":10, "size":4}, {"name":"profileimageurl", "dataUnitId":17, "attributeIndex":11, "size":10}, {"name":"accountid", "dataUnitId":17, "attributeIndex":12, "size":4}], "partitionLayout":{"type":"hashpartitioned", "nPartitions":16, "attributes":[{"name":"id", "dataUnitId":17, "attributeIndex":0, "size":4}]}}, {"name":"intermediate_9", "id":18, "estimatedCard":1.26071e+06, "isIntermediate":true, "attributes":[{"name":"id", "dataUnitId":18, "attributeIndex":0, "size":4}, {"name":"posttypeid", "dataUnitId":18, "attributeIndex":1, "size":2}, {"name":"creationdate", "dataUnitId":18, "attributeIndex":2, "size":8}, {"name":"score", "dataUnitId":18, "attributeIndex":3, "size":4}, {"name":"viewcount", "dataUnitId":18, "attributeIndex":4, "size":4}, {"name":"count(id)", "dataUnitId":18, "attributeIndex":5, "size":8}, {"name":"count(id)", "dataUnitId":18, "attributeIndex":6, "size":8}, {"name":"id", "dataUnitId":18, "attributeIndex":7, "size":4}], "partitionLayout":{"type":"broadcast", "nPartitions":1, "attributes":[]}}, {"name":"intermediate_8_shuffled", "id":19, "estimatedCard":1.26071e+06, "isIntermediate":true, "attributes":[{"name":"id", "dataUnitId":16, "attributeIndex":0, "size":4}], "partitionLayout":{"type":"broadcast", "nPartitions":1, "attributes":[]}}, {"name":"intermediate_10", "id":20, "estimatedCard":1.26071e+06, "isIntermediate":true, "attributes":[{"name":"id", "dataUnitId":20, "attributeIndex":0, "size":4}, {"name":"reputation", "dataUnitId":20, "attributeIndex":1, "size":4}, {"name":"count(id)", "dataUnitId":20, "attributeIndex":2, "size":8}], "partitionLayout":{"type":"hashpartitioned", "nPartitions":16, "attributes":[{"name":"id", "dataUnitId":6, "attributeIndex":0, "size":4}]}}, {"name":"intermediate_4_shuffled", "id":21, "estimatedCard":1.26071e+06, "isIntermediate":true, "attributes":[{"name":"id", "dataUnitId":8, "attributeIndex":0, "size":4}, {"name":"reputation", "dataUnitId":8, "attributeIndex":1, "size":4}, {"name":"count(id)", "dataUnitId":8, "attributeIndex":2, "size":8}], "partitionLayout":{"type":"hashpartitioned", "nPartitions":16, "attributes":[{"name":"id", "dataUnitId":6, "attributeIndex":0, "size":4}]}}, {"name":"intermediate_11", "id":22, "estimatedCard":1.26071e+06, "isIntermediate":true, "attributes":[{"name":"id", "dataUnitId":22, "attributeIndex":0, "size":4}, {"name":"posttypeid", "dataUnitId":22, "attributeIndex":1, "size":2}, {"name":"creationdate", "dataUnitId":22, "attributeIndex":2, "size":8}, {"name":"score", "dataUnitId":22, "attributeIndex":3, "size":4}, {"name":"viewcount", "dataUnitId":22, "attributeIndex":4, "size":4}, {"name":"count(id)", "dataUnitId":22, "attributeIndex":5, "size":8}, {"name":"count(id)", "dataUnitId":22, "attributeIndex":6, "size":8}, {"name":"id", "dataUnitId":22, "attributeIndex":7, "size":4}, {"name":"reputation", "dataUnitId":22, "attributeIndex":8, "size":4}, {"name":"count(id)", "dataUnitId":22, "attributeIndex":9, "size":8}, {"name":"id", "dataUnitId":22, "attributeIndex":10, "size":4}], "partitionLayout":{"type":"broadcast", "nPartitions":1, "attributes":[]}}, {"name":"intermediate_10_shuffled", "id":23, "estimatedCard":1.26071e+06, "isIntermediate":true, "attributes":[{"name":"id", "dataUnitId":20, "attributeIndex":0, "size":4}, {"name":"reputation", "dataUnitId":20, "attributeIndex":1, "size":4}, {"name":"count(id)", "dataUnitId":20, "attributeIndex":2, "size":8}], "partitionLayout":{"type":"broadcast", "nPartitions":1, "attributes":[]}}, {"name":"intermediate_12", "id":24, "estimatedCard":7039157.64358958323, "isIntermediate":true, "attributes":[{"name":"id", "dataUnitId":24, "attributeIndex":0, "size":4}, {"name":"posttypeid", "dataUnitId":24, "attributeIndex":1, "size":2}, {"name":"creationdate", "dataUnitId":24, "attributeIndex":2, "size":8}, {"name":"score", "dataUnitId":24, "attributeIndex":3, "size":4}, {"name":"viewcount", "dataUnitId":24, "attributeIndex":4, "size":4}, {"name":"count(id)", "dataUnitId":24, "attributeIndex":5, "size":8}, {"name":"count(id)", "dataUnitId":24, "attributeIndex":6, "size":8}, {"name":"id", "dataUnitId":24, "attributeIndex":7, "size":4}, {"name":"reputation", "dataUnitId":24, "attributeIndex":8, "size":4}, {"name":"count(id)", "dataUnitId":24, "attributeIndex":9, "size":8}, {"name":"id", "dataUnitId":24, "attributeIndex":10, "size":4}], "partitionLayout":{"type":"hashpartitioned", "nPartitions":16, "attributes":[{"name":"id", "dataUnitId":12, "attributeIndex":0, "size":4}]}}, {"name":"intermediate_7_shuffled", "id":25, "estimatedCard":3850129, "isIntermediate":true, "attributes":[{"name":"id", "dataUnitId":14, "attributeIndex":0, "size":4}, {"name":"posttypeid", "dataUnitId":14, "attributeIndex":1, "size":2}, {"name":"creationdate", "dataUnitId":14, "attributeIndex":2, "size":8}, {"name":"score", "dataUnitId":14, "attributeIndex":3, "size":4}, {"name":"viewcount", "dataUnitId":14, "attributeIndex":4, "size":4}, {"name":"count(id)", "dataUnitId":14, "attributeIndex":5, "size":8}, {"name":"count(id)", "dataUnitId":14, "attributeIndex":6, "size":8}], "partitionLayout":{"type":"hashpartitioned", "nPartitions":16, "attributes":[{"name":"id", "dataUnitId":12, "attributeIndex":0, "size":4}]}}, {"name":"intermediate_13", "id":26, "estimatedCard":7039157.64358958323, "isIntermediate":true, "attributes":[{"name":"id", "dataUnitId":26, "attributeIndex":0, "size":4}, {"name":"posttypeid", "dataUnitId":26, "attributeIndex":1, "size":2}, {"name":"creationdate", "dataUnitId":26, "attributeIndex":2, "size":8}, {"name":"score", "dataUnitId":26, "attributeIndex":3, "size":4}, {"name":"viewcount", "dataUnitId":26, "attributeIndex":4, "size":4}, {"name":"count(id)", "dataUnitId":26, "attributeIndex":5, "size":8}, {"name":"count(id)", "dataUnitId":26, "attributeIndex":6, "size":8}, {"name":"id", "dataUnitId":26, "attributeIndex":7, "size":4}, {"name":"reputation", "dataUnitId":26, "attributeIndex":8, "size":4}, {"name":"count(id)", "dataUnitId":26, "attributeIndex":9, "size":8}, {"name":"id", "dataUnitId":26, "attributeIndex":10, "size":4}], "partitionLayout":{"type":"hashpartitioned", "nPartitions":16, "attributes":[{"name":"id", "dataUnitId":12, "attributeIndex":0, "size":4}]}}, {"name":"intermediate_13_shuffled", "id":27, "estimatedCard":7039157.64358958323, "isIntermediate":true, "attributes":[{"name":"id", "dataUnitId":26, "attributeIndex":0, "size":4}, {"name":"posttypeid", "dataUnitId":26, "attributeIndex":1, "size":2}, {"name":"creationdate", "dataUnitId":26, "attributeIndex":2, "size":8}, {"name":"score", "dataUnitId":26, "attributeIndex":3, "size":4}, {"name":"viewcount", "dataUnitId":26, "attributeIndex":4, "size":4}, {"name":"count(id)", "dataUnitId":26, "attributeIndex":5, "size":8}, {"name":"count(id)", "dataUnitId":26, "attributeIndex":6, "size":8}, {"name":"id", "dataUnitId":26, "attributeIndex":7, "size":4}, {"name":"reputation", "dataUnitId":26, "attributeIndex":8, "size":4}, {"name":"count(id)", "dataUnitId":26, "attributeIndex":9, "size":8}, {"name":"id", "dataUnitId":26, "attributeIndex":10, "size":4}], "partitionLayout":{"type":"singlenode", "nPartitions":1, "attributes":[]}}], "pipelines":[{"id":0, "scan":1, "output":0, "estimatedLoad":8.84335337294487086e-11, "requiredData":[]}, {"id":1, "scan":3, "output":2, "estimatedLoad":7.6127809032922348e-09, "requiredData":[]}, {"id":2, "scan":5, "output":4, "estimatedLoad":8.24495141525798703e-10, "requiredData":[2]}, {"id":3, "scan":7, "output":6, "estimatedLoad":8.91313539364719362e-09, "requiredData":[]}, {"id":4, "scan":9, "output":8, "estimatedLoad":2.23246298503831153e-08, "requiredData":[6]}, {"id":5, "scan":11, "output":10, "estimatedLoad":7.2533619834739373e-09, "requiredData":[]}, {"id":6, "scan":13, "output":12, "estimatedLoad":7.27129860025625257e-09, "requiredData":[]}, {"id":7, "scan":15, "output":14, "estimatedLoad":3.18755669905867753e-08, "requiredData":[10, 12]}, {"id":8, "scan":17, "output":16, "estimatedLoad":1.11301293191803018e-10, "requiredData":[]}, {"id":9, "scan":19, "output":18, "estimatedLoad":1.13215945922199331e-08, "requiredData":[]}, {"id":10, "scan":21, "output":20, "estimatedLoad":1.35262904979933716e-06, "requiredData":[]}, {"id":11, "scan":23, "output":22, "estimatedLoad":1.30994833137403738e-08, "requiredData":[]}, {"id":12, "scan":25, "output":24, "estimatedLoad":5.96051584966025799e-08, "requiredData":[18, 22]}, {"id":13, "scan":24, "output":26, "estimatedLoad":3.00919987466182209e-06, "requiredData":[]}], "shuffleStages":[{"from":14, "to":25}, {"from":20, "to":23}, {"from":8, "to":21}, {"from":16, "to":19}, {"from":4, "to":7}, {"from":26, "to":27}, {"from":0, "to":3}], "dependencyOrder":[0, 1, 2, 3, 4, 5, 6, 7, 8, 9, 10, 11, 12, 13]}, "tasks":[{"k":12, "v":[{"pipelineId":12, "scannedPartition":{"dataUnitId":25, "partitionIndex":0}, "requiredPartitions":[{"dataUnitId":18, "partitionIndex":0}, {"dataUnitId":22, "partitionIndex":0}], "outputPartition":{"dataUnitId":24, "partitionIndex":0}, "broadcast":false}, {"pipelineId":12, "scannedPartition":{"dataUnitId":25, "partitionIndex":1}, "requiredPartitions":[{"dataUnitId":18, "partitionIndex":0}, {"dataUnitId":22, "partitionIndex":0}], "outputPartition":{"dataUnitId":24, "partitionIndex":1}, "broadcast":false}, {"pipelineId":12, "scannedPartition":{"dataUnitId":25, "partitionIndex":2}, "requiredPartitions":[{"dataUnitId":18, "partitionIndex":0}, {"dataUnitId":22, "partitionIndex":0}], "outputPartition":{"dataUnitId":24, "partitionIndex":2}, "broadcast":false}, {"pipelineId":12, "scannedPartition":{"dataUnitId":25, "partitionIndex":3}, "requiredPartitions":[{"dataUnitId":18, "partitionIndex":0}, {"dataUnitId":22, "partitionIndex":0}], "outputPartition":{"dataUnitId":24, "partitionIndex":3}, "broadcast":false}, {"pipelineId":12, "scannedPartition":{"dataUnitId":25, "partitionIndex":4}, "requiredPartitions":[{"dataUnitId":18, "partitionIndex":0}, {"dataUnitId":22, "partitionIndex":0}], "outputPartition":{"dataUnitId":24, "partitionIndex":4}, "broadcast":false}, {"pipelineId":12, "scannedPartition":{"dataUnitId":25, "partitionIndex":5}, "requiredPartitions":[{"dataUnitId":18, "partitionIndex":0}, {"dataUnitId":22, "partitionIndex":0}], "outputPartition":{"dataUnitId":24, "partitionIndex":5}, "broadcast":false}, {"pipelineId":12, "scannedPartition":{"dataUnitId":25, "partitionIndex":6}, "requiredPartitions":[{"dataUnitId":18, "partitionIndex":0}, {"dataUnitId":22, "partitionIndex":0}], "outputPartition":{"dataUnitId":24, "partitionIndex":6}, "broadcast":false}, {"pipelineId":12, "scannedPartition":{"dataUnitId":25, "partitionIndex":7}, "requiredPartitions":[{"dataUnitId":18, "partitionIndex":0}, {"dataUnitId":22, "partitionIndex":0}], "outputPartition":{"dataUnitId":24, "partitionIndex":7}, "broadcast":false}, {"pipelineId":12, "scannedPartition":{"dataUnitId":25, "partitionIndex":8}, "requiredPartitions":[{"dataUnitId":18, "partitionIndex":0}, {"dataUnitId":22, "partitionIndex":0}], "outputPartition":{"dataUnitId":24, "partitionIndex":8}, "broadcast":false}, {"pipelineId":12, "scannedPartition":{"dataUnitId":25, "partitionIndex":9}, "requiredPartitions":[{"dataUnitId":18, "partitionIndex":0}, {"dataUnitId":22, "partitionIndex":0}], "outputPartition":{"dataUnitId":24, "partitionIndex":9}, "broadcast":false}, {"pipelineId":12, "scannedPartition":{"dataUnitId":25, "partitionIndex":10}, "requiredPartitions":[{"dataUnitId":18, "partitionIndex":0}, {"dataUnitId":22, "partitionIndex":0}], "outputPartition":{"dataUnitId":24, "partitionIndex":10}, "broadcast":false}, {"pipelineId":12, "scannedPartition":{"dataUnitId":25, "partitionIndex":11}, "requiredPartitions":[{"dataUnitId":18, "partitionIndex":0}, {"dataUnitId":22, "partitionIndex":0}], "outputPartition":{"dataUnitId":24, "partitionIndex":11}, "broadcast":false}, {"pipelineId":12, "scannedPartition":{"dataUnitId":25, "partitionIndex":12}, "requiredPartitions":[{"dataUnitId":18, "partitionIndex":0}, {"dataUnitId":22, "partitionIndex":0}], "outputPartition":{"dataUnitId":24, "partitionIndex":12}, "broadcast":false}, {"pipelineId":12, "scannedPartition":{"dataUnitId":25, "partitionIndex":13}, "requiredPartitions":[{"dataUnitId":18, "partitionIndex":0}, {"dataUnitId":22, "partitionIndex":0}], "outputPartition":{"dataUnitId":24, "partitionIndex":13}, "broadcast":false}, {"pipelineId":12, "scannedPartition":{"dataUnitId":25, "partitionIndex":14}, "requiredPartitions":[{"dataUnitId":18, "partitionIndex":0}, {"dataUnitId":22, "partitionIndex":0}], "outputPartition":{"dataUnitId":24, "partitionIndex":14}, "broadcast":false}, {"pipelineId":12, "scannedPartition":{"dataUnitId":25, "partitionIndex":15}, "requiredPartitions":[{"dataUnitId":18, "partitionIndex":0}, {"dataUnitId":22, "partitionIndex":0}], "outputPartition":{"dataUnitId":24, "partitionIndex":15}, "broadcast":false}]}, {"k":10, "v":[{"pipelineId":10, "scannedPartition":{"dataUnitId":21, "partitionIndex":0}, "requiredPartitions":[], "outputPartition":{"dataUnitId":20, "partitionIndex":0}, "broadcast":false}, {"pipelineId":10, "scannedPartition":{"dataUnitId":21, "partitionIndex":1}, "requiredPartitions":[], "outputPartition":{"dataUnitId":20, "partitionIndex":1}, "broadcast":false}, {"pipelineId":10, "scannedPartition":{"dataUnitId":21, "partitionIndex":2}, "requiredPartitions":[], "outputPartition":{"dataUnitId":20, "partitionIndex":2}, "broadcast":false}, {"pipelineId":10, "scannedPartition":{"dataUnitId":21, "partitionIndex":3}, "requiredPartitions":[], "outputPartition":{"dataUnitId":20, "partitionIndex":3}, "broadcast":false}, {"pipelineId":10, "scannedPartition":{"dataUnitId":21, "partitionIndex":4}, "requiredPartitions":[], "outputPartition":{"dataUnitId":20, "partitionIndex":4}, "broadcast":false}, {"pipelineId":10, "scannedPartition":{"dataUnitId":21, "partitionIndex":5}, "requiredPartitions":[], "outputPartition":{"dataUnitId":20, "partitionIndex":5}, "broadcast":false}, {"pipelineId":10, "scannedPartition":{"dataUnitId":21, "partitionIndex":6}, "requiredPartitions":[], "outputPartition":{"dataUnitId":20, "partitionIndex":6}, "broadcast":false}, {"pipelineId":10, "scannedPartition":{"dataUnitId":21, "partitionIndex":7}, "requiredPartitions":[], "outputPartition":{"dataUnitId":20, "partitionIndex":7}, "broadcast":false}, {"pipelineId":10, "scannedPartition":{"dataUnitId":21, "partitionIndex":8}, "requiredPartitions":[], "outputPartition":{"dataUnitId":20, "partitionIndex":8}, "broadcast":false}, {"pipelineId":10, "scannedPartition":{"dataUnitId":21, "partitionIndex":9}, "requiredPartitions":[], "outputPartition":{"dataUnitId":20, "partitionIndex":9}, "broadcast":false}, {"pipelineId":10, "scannedPartition":{"dataUnitId":21, "partitionIndex":10}, "requiredPartitions":[], "outputPartition":{"dataUnitId":20, "partitionIndex":10}, "broadcast":false}, {"pipelineId":10, "scannedPartition":{"dataUnitId":21, "partitionIndex":11}, "requiredPartitions":[], "outputPartition":{"dataUnitId":20, "partitionIndex":11}, "broadcast":false}, {"pipelineId":10, "scannedPartition":{"dataUnitId":21, "partitionIndex":12}, "requiredPartitions":[], "outputPartition":{"dataUnitId":20, "partitionIndex":12}, "broadcast":false}, {"pipelineId":10, "scannedPartition":{"dataUnitId":21, "partitionIndex":13}, "requiredPartitions":[], "outputPartition":{"dataUnitId":20, "partitionIndex":13}, "broadcast":false}, {"pipelineId":10, "scannedPartition":{"dataUnitId":21, "partitionIndex":14}, "requiredPartitions":[], "outputPartition":{"dataUnitId":20, "partitionIndex":14}, "broadcast":false}, {"pipelineId":10, "scannedPartition":{"dataUnitId":21, "partitionIndex":15}, "requiredPartitions":[], "outputPartition":{"dataUnitId":20, "partitionIndex":15}, "broadcast":false}]}, {"k":8, "v":[{"pipelineId":8, "scannedPartition":{"dataUnitId":17, "partitionIndex":0}, "requiredPartitions":[], "outputPartition":{"dataUnitId":16, "partitionIndex":0}, "broadcast":false}, {"pipelineId":8, "scannedPartition":{"dataUnitId":17, "partitionIndex":1}, "requiredPartitions":[], "outputPartition":{"dataUnitId":16, "partitionIndex":1}, "broadcast":false}, {"pipelineId":8, "scannedPartition":{"dataUnitId":17, "partitionIndex":2}, "requiredPartitions":[], "outputPartition":{"dataUnitId":16, "partitionIndex":2}, "broadcast":false}, {"pipelineId":8, "scannedPartition":{"dataUnitId":17, "partitionIndex":3}, "requiredPartitions":[], "outputPartition":{"dataUnitId":16, "partitionIndex":3}, "broadcast":false}, {"pipelineId":8, "scannedPartition":{"dataUnitId":17, "partitionIndex":4}, "requiredPartitions":[], "outputPartition":{"dataUnitId":16, "partitionIndex":4}, "broadcast":false}, {"pipelineId":8, "scannedPartition":{"dataUnitId":17, "partitionIndex":5}, "requiredPartitions":[], "outputPartition":{"dataUnitId":16, "partitionIndex":5}, "broadcast":false}, {"pipelineId":8, "scannedPartition":{"dataUnitId":17, "partitionIndex":6}, "requiredPartitions":[], "outputPartition":{"dataUnitId":16, "partitionIndex":6}, "broadcast":false}, {"pipelineId":8, "scannedPartition":{"dataUnitId":17, "partitionIndex":7}, "requiredPartitions":[], "outputPartition":{"dataUnitId":16, "partitionIndex":7}, "broadcast":false}, {"pipelineId":8, "scannedPartition":{"dataUnitId":17, "partitionIndex":8}, "requiredPartitions":[], "outputPartition":{"dataUnitId":16, "partitionIndex":8}, "broadcast":false}, {"pipelineId":8, "scannedPartition":{"dataUnitId":17, "partitionIndex":9}, "requiredPartitions":[], "outputPartition":{"dataUnitId":16, "partitionIndex":9}, "broadcast":false}, {"pipelineId":8, "scannedPartition":{"dataUnitId":17, "partitionIndex":10}, "requiredPartitions":[], "outputPartition":{"dataUnitId":16, "partitionIndex":10}, "broadcast":false}, {"pipelineId":8, "scannedPartition":{"dataUnitId":17, "partitionIndex":11}, "requiredPartitions":[], "outputPartition":{"dataUnitId":16, "partitionIndex":11}, "broadcast":false}, {"pipelineId":8, "scannedPartition":{"dataUnitId":17, "partitionIndex":12}, "requiredPartitions":[], "outputPartition":{"dataUnitId":16, "partitionIndex":12}, "broadcast":false}, {"pipelineId":8, "scannedPartition":{"dataUnitId":17, "partitionIndex":13}, "requiredPartitions":[], "outputPartition":{"dataUnitId":16, "partitionIndex":13}, "broadcast":false}, {"pipelineId":8, "scannedPartition":{"dataUnitId":17, "partitionIndex":14}, "requiredPartitions":[], "outputPartition":{"dataUnitId":16, "partitionIndex":14}, "broadcast":false}, {"pipelineId":8, "scannedPartition":{"dataUnitId":17, "partitionIndex":15}, "requiredPartitions":[], "outputPartition":{"dataUnitId":16, "partitionIndex":15}, "broadcast":false}]}, {"k":7, "v":[{"pipelineId":7, "scannedPartition":{"dataUnitId":15, "partitionIndex":0}, "requiredPartitions":[{"dataUnitId":10, "partitionIndex":0}, {"dataUnitId":12, "partitionIndex":0}], "outputPartition":{"dataUnitId":14, "partitionIndex":0}, "broadcast":false}, {"pipelineId":7, "scannedPartition":{"dataUnitId":15, "partitionIndex":1}, "requiredPartitions":[{"dataUnitId":10, "partitionIndex":1}, {"dataUnitId":12, "partitionIndex":1}], "outputPartition":{"dataUnitId":14, "partitionIndex":1}, "broadcast":false}, {"pipelineId":7, "scannedPartition":{"dataUnitId":15, "partitionIndex":2}, "requiredPartitions":[{"dataUnitId":10, "partitionIndex":2}, {"dataUnitId":12, "partitionIndex":2}], "outputPartition":{"dataUnitId":14, "partitionIndex":2}, "broadcast":false}, {"pipelineId":7, "scannedPartition":{"dataUnitId":15, "partitionIndex":3}, "requiredPartitions":[{"dataUnitId":10, "partitionIndex":3}, {"dataUnitId":12, "partitionIndex":3}], "outputPartition":{"dataUnitId":14, "partitionIndex":3}, "broadcast":false}, {"pipelineId":7, "scannedPartition":{"dataUnitId":15, "partitionIndex":4}, "requiredPartitions":[{"dataUnitId":10, "partitionIndex":4}, {"dataUnitId":12, "partitionIndex":4}], "outputPartition":{"dataUnitId":14, "partitionIndex":4}, "broadcast":false}, {"pipelineId":7, "scannedPartition":{"dataUnitId":15, "partitionIndex":5}, "requiredPartitions":[{"dataUnitId":10, "partitionIndex":5}, {"dataUnitId":12, "partitionIndex":5}], "outputPartition":{"dataUnitId":14, "partitionIndex":5}, "broadcast":false}, {"pipelineId":7, "scannedPartition":{"dataUnitId":15, "partitionIndex":6}, "requiredPartitions":[{"dataUnitId":10, "partitionIndex":6}, {"dataUnitId":12, "partitionIndex":6}], "outputPartition":{"dataUnitId":14, "partitionIndex":6}, "broadcast":false}, {"pipelineId":7, "scannedPartition":{"dataUnitId":15, "partitionIndex":7}, "requiredPartitions":[{"dataUnitId":10, "partitionIndex":7}, {"dataUnitId":12, "partitionIndex":7}], "outputPartition":{"dataUnitId":14, "partitionIndex":7}, "broadcast":false}, {"pipelineId":7, "scannedPartition":{"dataUnitId":15, "partitionIndex":8}, "requiredPartitions":[{"dataUnitId":10, "partitionIndex":8}, {"dataUnitId":12, "partitionIndex":8}], "outputPartition":{"dataUnitId":14, "partitionIndex":8}, "broadcast":false}, {"pipelineId":7, "scannedPartition":{"dataUnitId":15, "partitionIndex":9}, "requiredPartitions":[{"dataUnitId":10, "partitionIndex":9}, {"dataUnitId":12, "partitionIndex":9}], "outputPartition":{"dataUnitId":14, "partitionIndex":9}, "broadcast":false}, {"pipelineId":7, "scannedPartition":{"dataUnitId":15, "partitionIndex":10}, "requiredPartitions":[{"dataUnitId":10, "partitionIndex":10}, {"dataUnitId":12, "partitionIndex":10}], "outputPartition":{"dataUnitId":14, "partitionIndex":10}, "broadcast":false}, {"pipelineId":7, "scannedPartition":{"dataUnitId":15, "partitionIndex":11}, "requiredPartitions":[{"dataUnitId":10, "partitionIndex":11}, {"dataUnitId":12, "partitionIndex":11}], "outputPartition":{"dataUnitId":14, "partitionIndex":11}, "broadcast":false}, {"pipelineId":7, "scannedPartition":{"dataUnitId":15, "partitionIndex":12}, "requiredPartitions":[{"dataUnitId":10, "partitionIndex":12}, {"dataUnitId":12, "partitionIndex":12}], "outputPartition":{"dataUnitId":14, "partitionIndex":12}, "broadcast":false}, {"pipelineId":7, "scannedPartition":{"dataUnitId":15, "partitionIndex":13}, "requiredPartitions":[{"dataUnitId":10, "partitionIndex":13}, {"dataUnitId":12, "partitionIndex":13}], "outputPartition":{"dataUnitId":14, "partitionIndex":13}, "broadcast":false}, {"pipelineId":7, "scannedPartition":{"dataUnitId":15, "partitionIndex":14}, "requiredPartitions":[{"dataUnitId":10, "partitionIndex":14}, {"dataUnitId":12, "partitionIndex":14}], "outputPartition":{"dataUnitId":14, "partitionIndex":14}, "broadcast":false}, {"pipelineId":7, "scannedPartition":{"dataUnitId":15, "partitionIndex":15}, "requiredPartitions":[{"dataUnitId":10, "partitionIndex":15}, {"dataUnitId":12, "partitionIndex":15}], "outputPartition":{"dataUnitId":14, "partitionIndex":15}, "broadcast":false}]}, {"k":6, "v":[{"pipelineId":6, "scannedPartition":{"dataUnitId":13, "partitionIndex":0}, "requiredPartitions":[], "outputPartition":{"dataUnitId":12, "partitionIndex":0}, "broadcast":false}, {"pipelineId":6, "scannedPartition":{"dataUnitId":13, "partitionIndex":1}, "requiredPartitions":[], "outputPartition":{"dataUnitId":12, "partitionIndex":1}, "broadcast":false}, {"pipelineId":6, "scannedPartition":{"dataUnitId":13, "partitionIndex":2}, "requiredPartitions":[], "outputPartition":{"dataUnitId":12, "partitionIndex":2}, "broadcast":false}, {"pipelineId":6, "scannedPartition":{"dataUnitId":13, "partitionIndex":3}, "requiredPartitions":[], "outputPartition":{"dataUnitId":12, "partitionIndex":3}, "broadcast":false}, {"pipelineId":6, "scannedPartition":{"dataUnitId":13, "partitionIndex":4}, "requiredPartitions":[], "outputPartition":{"dataUnitId":12, "partitionIndex":4}, "broadcast":false}, {"pipelineId":6, "scannedPartition":{"dataUnitId":13, "partitionIndex":5}, "requiredPartitions":[], "outputPartition":{"dataUnitId":12, "partitionIndex":5}, "broadcast":false}, {"pipelineId":6, "scannedPartition":{"dataUnitId":13, "partitionIndex":6}, "requiredPartitions":[], "outputPartition":{"dataUnitId":12, "partitionIndex":6}, "broadcast":false}, {"pipelineId":6, "scannedPartition":{"dataUnitId":13, "partitionIndex":7}, "requiredPartitions":[], "outputPartition":{"dataUnitId":12, "partitionIndex":7}, "broadcast":false}, {"pipelineId":6, "scannedPartition":{"dataUnitId":13, "partitionIndex":8}, "requiredPartitions":[], "outputPartition":{"dataUnitId":12, "partitionIndex":8}, "broadcast":false}, {"pipelineId":6, "scannedPartition":{"dataUnitId":13, "partitionIndex":9}, "requiredPartitions":[], "outputPartition":{"dataUnitId":12, "partitionIndex":9}, "broadcast":false}, {"pipelineId":6, "scannedPartition":{"dataUnitId":13, "partitionIndex":10}, "requiredPartitions":[], "outputPartition":{"dataUnitId":12, "partitionIndex":10}, "broadcast":false}, {"pipelineId":6, "scannedPartition":{"dataUnitId":13, "partitionIndex":11}, "requiredPartitions":[], "outputPartition":{"dataUnitId":12, "partitionIndex":11}, "broadcast":false}, {"pipelineId":6, "scannedPartition":{"dataUnitId":13, "partitionIndex":12}, "requiredPartitions":[], "outputPartition":{"dataUnitId":12, "partitionIndex":12}, "broadcast":false}, {"pipelineId":6, "scannedPartition":{"dataUnitId":13, "partitionIndex":13}, "requiredPartitions":[], "outputPartition":{"dataUnitId":12, "partitionIndex":13}, "broadcast":false}, {"pipelineId":6, "scannedPartition":{"dataUnitId":13, "partitionIndex":14}, "requiredPartitions":[], "outputPartition":{"dataUnitId":12, "partitionIndex":14}, "broadcast":false}, {"pipelineId":6, "scannedPartition":{"dataUnitId":13, "partitionIndex":15}, "requiredPartitions":[], "outputPartition":{"dataUnitId":12, "partitionIndex":15}, "broadcast":false}]}, {"k":5, "v":[{"pipelineId":5, "scannedPartition":{"dataUnitId":11, "partitionIndex":0}, "requiredPartitions":[], "outputPartition":{"dataUnitId":10, "partitionIndex":0}, "broadcast":false}, {"pipelineId":5, "scannedPartition":{"dataUnitId":11, "partitionIndex":1}, "requiredPartitions":[], "outputPartition":{"dataUnitId":10, "partitionIndex":1}, "broadcast":false}, {"pipelineId":5, "scannedPartition":{"dataUnitId":11, "partitionIndex":2}, "requiredPartitions":[], "outputPartition":{"dataUnitId":10, "partitionIndex":2}, "broadcast":false}, {"pipelineId":5, "scannedPartition":{"dataUnitId":11, "partitionIndex":3}, "requiredPartitions":[], "outputPartition":{"dataUnitId":10, "partitionIndex":3}, "broadcast":false}, {"pipelineId":5, "scannedPartition":{"dataUnitId":11, "partitionIndex":4}, "requiredPartitions":[], "outputPartition":{"dataUnitId":10, "partitionIndex":4}, "broadcast":false}, {"pipelineId":5, "scannedPartition":{"dataUnitId":11, "partitionIndex":5}, "requiredPartitions":[], "outputPartition":{"dataUnitId":10, "partitionIndex":5}, "broadcast":false}, {"pipelineId":5, "scannedPartition":{"dataUnitId":11, "partitionIndex":6}, "requiredPartitions":[], "outputPartition":{"dataUnitId":10, "partitionIndex":6}, "broadcast":false}, {"pipelineId":5, "scannedPartition":{"dataUnitId":11, "partitionIndex":7}, "requiredPartitions":[], "outputPartition":{"dataUnitId":10, "partitionIndex":7}, "broadcast":false}, {"pipelineId":5, "scannedPartition":{"dataUnitId":11, "partitionIndex":8}, "requiredPartitions":[], "outputPartition":{"dataUnitId":10, "partitionIndex":8}, "broadcast":false}, {"pipelineId":5, "scannedPartition":{"dataUnitId":11, "partitionIndex":9}, "requiredPartitions":[], "outputPartition":{"dataUnitId":10, "partitionIndex":9}, "broadcast":false}, {"pipelineId":5, "scannedPartition":{"dataUnitId":11, "partitionIndex":10}, "requiredPartitions":[], "outputPartition":{"dataUnitId":10, "partitionIndex":10}, "broadcast":false}, {"pipelineId":5, "scannedPartition":{"dataUnitId":11, "partitionIndex":11}, "requiredPartitions":[], "outputPartition":{"dataUnitId":10, "partitionIndex":11}, "broadcast":false}, {"pipelineId":5, "scannedPartition":{"dataUnitId":11, "partitionIndex":12}, "requiredPartitions":[], "outputPartition":{"dataUnitId":10, "partitionIndex":12}, "broadcast":false}, {"pipelineId":5, "scannedPartition":{"dataUnitId":11, "partitionIndex":13}, "requiredPartitions":[], "outputPartition":{"dataUnitId":10, "partitionIndex":13}, "broadcast":false}, {"pipelineId":5, "scannedPartition":{"dataUnitId":11, "partitionIndex":14}, "requiredPartitions":[], "outputPartition":{"dataUnitId":10, "partitionIndex":14}, "broadcast":false}, {"pipelineId":5, "scannedPartition":{"dataUnitId":11, "partitionIndex":15}, "requiredPartitions":[], "outputPartition":{"dataUnitId":10, "partitionIndex":15}, "broadcast":false}]}, {"k":4, "v":[{"pipelineId":4, "scannedPartition":{"dataUnitId":9, "partitionIndex":0}, "requiredPartitions":[{"dataUnitId":6, "partitionIndex":0}], "outputPartition":{"dataUnitId":8, "partitionIndex":0}, "broadcast":false}, {"pipelineId":4, "scannedPartition":{"dataUnitId":9, "partitionIndex":1}, "requiredPartitions":[{"dataUnitId":6, "partitionIndex":0}], "outputPartition":{"dataUnitId":8, "partitionIndex":1}, "broadcast":false}, {"pipelineId":4, "scannedPartition":{"dataUnitId":9, "partitionIndex":2}, "requiredPartitions":[{"dataUnitId":6, "partitionIndex":0}], "outputPartition":{"dataUnitId":8, "partitionIndex":2}, "broadcast":false}, {"pipelineId":4, "scannedPartition":{"dataUnitId":9, "partitionIndex":3}, "requiredPartitions":[{"dataUnitId":6, "partitionIndex":0}], "outputPartition":{"dataUnitId":8, "partitionIndex":3}, "broadcast":false}, {"pipelineId":4, "scannedPartition":{"dataUnitId":9, "partitionIndex":4}, "requiredPartitions":[{"dataUnitId":6, "partitionIndex":0}], "outputPartition":{"dataUnitId":8, "partitionIndex":4}, "broadcast":false}, {"pipelineId":4, "scannedPartition":{"dataUnitId":9, "partitionIndex":5}, "requiredPartitions":[{"dataUnitId":6, "partitionIndex":0}], "outputPartition":{"dataUnitId":8, "partitionIndex":5}, "broadcast":false}, {"pipelineId":4, "scannedPartition":{"dataUnitId":9, "partitionIndex":6}, "requiredPartitions":[{"dataUnitId":6, "partitionIndex":0}], "outputPartition":{"dataUnitId":8, "partitionIndex":6}, "broadcast":false}, {"pipelineId":4, "scannedPartition":{"dataUnitId":9, "partitionIndex":7}, "requiredPartitions":[{"dataUnitId":6, "partitionIndex":0}], "outputPartition":{"dataUnitId":8, "partitionIndex":7}, "broadcast":false}, {"pipelineId":4, "scannedPartition":{"dataUnitId":9, "partitionIndex":8}, "requiredPartitions":[{"dataUnitId":6, "partitionIndex":0}], "outputPartition":{"dataUnitId":8, "partitionIndex":8}, "broadcast":false}, {"pipelineId":4, "scannedPartition":{"dataUnitId":9, "partitionIndex":9}, "requiredPartitions":[{"dataUnitId":6, "partitionIndex":0}], "outputPartition":{"dataUnitId":8, "partitionIndex":9}, "broadcast":false}, {"pipelineId":4, "scannedPartition":{"dataUnitId":9, "partitionIndex":10}, "requiredPartitions":[{"dataUnitId":6, "partitionIndex":0}], "outputPartition":{"dataUnitId":8, "partitionIndex":10}, "broadcast":false}, {"pipelineId":4, "scannedPartition":{"dataUnitId":9, "partitionIndex":11}, "requiredPartitions":[{"dataUnitId":6, "partitionIndex":0}], "outputPartition":{"dataUnitId":8, "partitionIndex":11}, "broadcast":false}, {"pipelineId":4, "scannedPartition":{"dataUnitId":9, "partitionIndex":12}, "requiredPartitions":[{"dataUnitId":6, "partitionIndex":0}], "outputPartition":{"dataUnitId":8, "partitionIndex":12}, "broadcast":false}, {"pipelineId":4, "scannedPartition":{"dataUnitId":9, "partitionIndex":13}, "requiredPartitions":[{"dataUnitId":6, "partitionIndex":0}], "outputPartition":{"dataUnitId":8, "partitionIndex":13}, "broadcast":false}, {"pipelineId":4, "scannedPartition":{"dataUnitId":9, "partitionIndex":14}, "requiredPartitions":[{"dataUnitId":6, "partitionIndex":0}], "outputPartition":{"dataUnitId":8, "partitionIndex":14}, "broadcast":false}, {"pipelineId":4, "scannedPartition":{"dataUnitId":9, "partitionIndex":15}, "requiredPartitions":[{"dataUnitId":6, "partitionIndex":0}], "outputPartition":{"dataUnitId":8, "partitionIndex":15}, "broadcast":false}]}, {"k":2, "v":[{"pipelineId":2, "scannedPartition":{"dataUnitId":5, "partitionIndex":0}, "requiredPartitions":[{"dataUnitId":2, "partitionIndex":0}], "outputPartition":{"dataUnitId":4, "partitionIndex":0}, "broadcast":false}, {"pipelineId":2, "scannedPartition":{"dataUnitId":5, "partitionIndex":1}, "requiredPartitions":[{"dataUnitId":2, "partitionIndex":0}], "outputPartition":{"dataUnitId":4, "partitionIndex":1}, "broadcast":false}, {"pipelineId":2, "scannedPartition":{"dataUnitId":5, "partitionIndex":2}, "requiredPartitions":[{"dataUnitId":2, "partitionIndex":0}], "outputPartition":{"dataUnitId":4, "partitionIndex":2}, "broadcast":false}, {"pipelineId":2, "scannedPartition":{"dataUnitId":5, "partitionIndex":3}, "requiredPartitions":[{"dataUnitId":2, "partitionIndex":0}], "outputPartition":{"dataUnitId":4, "partitionIndex":3}, "broadcast":false}, {"pipelineId":2, "scannedPartition":{"dataUnitId":5, "partitionIndex":4}, "requiredPartitions":[{"dataUnitId":2, "partitionIndex":0}], "outputPartition":{"dataUnitId":4, "partitionIndex":4}, "broadcast":false}, {"pipelineId":2, "scannedPartition":{"dataUnitId":5, "partitionIndex":5}, "requiredPartitions":[{"dataUnitId":2, "partitionIndex":0}], "outputPartition":{"dataUnitId":4, "partitionIndex":5}, "broadcast":false}, {"pipelineId":2, "scannedPartition":{"dataUnitId":5, "partitionIndex":6}, "requiredPartitions":[{"dataUnitId":2, "partitionIndex":0}], "outputPartition":{"dataUnitId":4, "partitionIndex":6}, "broadcast":false}, {"pipelineId":2, "scannedPartition":{"dataUnitId":5, "partitionIndex":7}, "requiredPartitions":[{"dataUnitId":2, "partitionIndex":0}], "outputPartition":{"dataUnitId":4, "partitionIndex":7}, "broadcast":false}, {"pipelineId":2, "scannedPartition":{"dataUnitId":5, "partitionIndex":8}, "requiredPartitions":[{"dataUnitId":2, "partitionIndex":0}], "outputPartition":{"dataUnitId":4, "partitionIndex":8}, "broadcast":false}, {"pipelineId":2, "scannedPartition":{"dataUnitId":5, "partitionIndex":9}, "requiredPartitions":[{"dataUnitId":2, "partitionIndex":0}], "outputPartition":{"dataUnitId":4, "partitionIndex":9}, "broadcast":false}, {"pipelineId":2, "scannedPartition":{"dataUnitId":5, "partitionIndex":10}, "requiredPartitions":[{"dataUnitId":2, "partitionIndex":0}], "outputPartition":{"dataUnitId":4, "partitionIndex":10}, "broadcast":false}, {"pipelineId":2, "scannedPartition":{"dataUnitId":5, "partitionIndex":11}, "requiredPartitions":[{"dataUnitId":2, "partitionIndex":0}], "outputPartition":{"dataUnitId":4, "partitionIndex":11}, "broadcast":false}, {"pipelineId":2, "scannedPartition":{"dataUnitId":5, "partitionIndex":12}, "requiredPartitions":[{"dataUnitId":2, "partitionIndex":0}], "outputPartition":{"dataUnitId":4, "partitionIndex":12}, "broadcast":false}, {"pipelineId":2, "scannedPartition":{"dataUnitId":5, "partitionIndex":13}, "requiredPartitions":[{"dataUnitId":2, "partitionIndex":0}], "outputPartition":{"dataUnitId":4, "partitionIndex":13}, "broadcast":false}, {"pipelineId":2, "scannedPartition":{"dataUnitId":5, "partitionIndex":14}, "requiredPartitions":[{"dataUnitId":2, "partitionIndex":0}], "outputPartition":{"dataUnitId":4, "partitionIndex":14}, "broadcast":false}, {"pipelineId":2, "scannedPartition":{"dataUnitId":5, "partitionIndex":15}, "requiredPartitions":[{"dataUnitId":2, "partitionIndex":0}], "outputPartition":{"dataUnitId":4, "partitionIndex":15}, "broadcast":false}]}, {"k":13, "v":[{"pipelineId":13, "scannedPartition":{"dataUnitId":24, "partitionIndex":0}, "requiredPartitions":[], "outputPartition":{"dataUnitId":26, "partitionIndex":0}, "broadcast":false}, {"pipelineId":13, "scannedPartition":{"dataUnitId":24, "partitionIndex":1}, "requiredPartitions":[], "outputPartition":{"dataUnitId":26, "partitionIndex":1}, "broadcast":false}, {"pipelineId":13, "scannedPartition":{"dataUnitId":24, "partitionIndex":2}, "requiredPartitions":[], "outputPartition":{"dataUnitId":26, "partitionIndex":2}, "broadcast":false}, {"pipelineId":13, "scannedPartition":{"dataUnitId":24, "partitionIndex":3}, "requiredPartitions":[], "outputPartition":{"dataUnitId":26, "partitionIndex":3}, "broadcast":false}, {"pipelineId":13, "scannedPartition":{"dataUnitId":24, "partitionIndex":4}, "requiredPartitions":[], "outputPartition":{"dataUnitId":26, "partitionIndex":4}, "broadcast":false}, {"pipelineId":13, "scannedPartition":{"dataUnitId":24, "partitionIndex":5}, "requiredPartitions":[], "outputPartition":{"dataUnitId":26, "partitionIndex":5}, "broadcast":false}, {"pipelineId":13, "scannedPartition":{"dataUnitId":24, "partitionIndex":6}, "requiredPartitions":[], "outputPartition":{"dataUnitId":26, "partitionIndex":6}, "broadcast":false}, {"pipelineId":13, "scannedPartition":{"dataUnitId":24, "partitionIndex":7}, "requiredPartitions":[], "outputPartition":{"dataUnitId":26, "partitionIndex":7}, "broadcast":false}, {"pipelineId":13, "scannedPartition":{"dataUnitId":24, "partitionIndex":8}, "requiredPartitions":[], "outputPartition":{"dataUnitId":26, "partitionIndex":8}, "broadcast":false}, {"pipelineId":13, "scannedPartition":{"dataUnitId":24, "partitionIndex":9}, "requiredPartitions":[], "outputPartition":{"dataUnitId":26, "partitionIndex":9}, "broadcast":false}, {"pipelineId":13, "scannedPartition":{"dataUnitId":24, "partitionIndex":10}, "requiredPartitions":[], "outputPartition":{"dataUnitId":26, "partitionIndex":10}, "broadcast":false}, {"pipelineId":13, "scannedPartition":{"dataUnitId":24, "partitionIndex":11}, "requiredPartitions":[], "outputPartition":{"dataUnitId":26, "partitionIndex":11}, "broadcast":false}, {"pipelineId":13, "scannedPartition":{"dataUnitId":24, "partitionIndex":12}, "requiredPartitions":[], "outputPartition":{"dataUnitId":26, "partitionIndex":12}, "broadcast":false}, {"pipelineId":13, "scannedPartition":{"dataUnitId":24, "partitionIndex":13}, "requiredPartitions":[], "outputPartition":{"dataUnitId":26, "partitionIndex":13}, "broadcast":false}, {"pipelineId":13, "scannedPartition":{"dataUnitId":24, "partitionIndex":14}, "requiredPartitions":[], "outputPartition":{"dataUnitId":26, "partitionIndex":14}, "broadcast":false}, {"pipelineId":13, "scannedPartition":{"dataUnitId":24, "partitionIndex":15}, "requiredPartitions":[], "outputPartition":{"dataUnitId":26, "partitionIndex":15}, "broadcast":false}]}, {"k":0, "v":[{"pipelineId":0, "scannedPartition":{"dataUnitId":1, "partitionIndex":0}, "requiredPartitions":[], "outputPartition":{"dataUnitId":0, "partitionIndex":0}, "broadcast":false}, {"pipelineId":0, "scannedPartition":{"dataUnitId":1, "partitionIndex":1}, "requiredPartitions":[], "outputPartition":{"dataUnitId":0, "partitionIndex":1}, "broadcast":false}, {"pipelineId":0, "scannedPartition":{"dataUnitId":1, "partitionIndex":2}, "requiredPartitions":[], "outputPartition":{"dataUnitId":0, "partitionIndex":2}, "broadcast":false}, {"pipelineId":0, "scannedPartition":{"dataUnitId":1, "partitionIndex":3}, "requiredPartitions":[], "outputPartition":{"dataUnitId":0, "partitionIndex":3}, "broadcast":false}, {"pipelineId":0, "scannedPartition":{"dataUnitId":1, "partitionIndex":4}, "requiredPartitions":[], "outputPartition":{"dataUnitId":0, "partitionIndex":4}, "broadcast":false}, {"pipelineId":0, "scannedPartition":{"dataUnitId":1, "partitionIndex":5}, "requiredPartitions":[], "outputPartition":{"dataUnitId":0, "partitionIndex":5}, "broadcast":false}, {"pipelineId":0, "scannedPartition":{"dataUnitId":1, "partitionIndex":6}, "requiredPartitions":[], "outputPartition":{"dataUnitId":0, "partitionIndex":6}, "broadcast":false}, {"pipelineId":0, "scannedPartition":{"dataUnitId":1, "partitionIndex":7}, "requiredPartitions":[], "outputPartition":{"dataUnitId":0, "partitionIndex":7}, "broadcast":false}, {"pipelineId":0, "scannedPartition":{"dataUnitId":1, "partitionIndex":8}, "requiredPartitions":[], "outputPartition":{"dataUnitId":0, "partitionIndex":8}, "broadcast":false}, {"pipelineId":0, "scannedPartition":{"dataUnitId":1, "partitionIndex":9}, "requiredPartitions":[], "outputPartition":{"dataUnitId":0, "partitionIndex":9}, "broadcast":false}, {"pipelineId":0, "scannedPartition":{"dataUnitId":1, "partitionIndex":10}, "requiredPartitions":[], "outputPartition":{"dataUnitId":0, "partitionIndex":10}, "broadcast":false}, {"pipelineId":0, "scannedPartition":{"dataUnitId":1, "partitionIndex":11}, "requiredPartitions":[], "outputPartition":{"dataUnitId":0, "partitionIndex":11}, "broadcast":false}, {"pipelineId":0, "scannedPartition":{"dataUnitId":1, "partitionIndex":12}, "requiredPartitions":[], "outputPartition":{"dataUnitId":0, "partitionIndex":12}, "broadcast":false}, {"pipelineId":0, "scannedPartition":{"dataUnitId":1, "partitionIndex":13}, "requiredPartitions":[], "outputPartition":{"dataUnitId":0, "partitionIndex":13}, "broadcast":false}, {"pipelineId":0, "scannedPartition":{"dataUnitId":1, "partitionIndex":14}, "requiredPartitions":[], "outputPartition":{"dataUnitId":0, "partitionIndex":14}, "broadcast":false}, {"pipelineId":0, "scannedPartition":{"dataUnitId":1, "partitionIndex":15}, "requiredPartitions":[], "outputPartition":{"dataUnitId":0, "partitionIndex":15}, "broadcast":false}]}], "broadcastTasks":[{"k":11, "v":{"pipelineId":11, "scannedPartition":{"dataUnitId":23, "partitionIndex":0}, "requiredPartitions":[], "outputPartition":{"dataUnitId":22, "partitionIndex":0}, "broadcast":true}}, {"k":9, "v":{"pipelineId":9, "scannedPartition":{"dataUnitId":19, "partitionIndex":0}, "requiredPartitions":[], "outputPartition":{"dataUnitId":18, "partitionIndex":0}, "broadcast":true}}, {"k":3, "v":{"pipelineId":3, "scannedPartition":{"dataUnitId":7, "partitionIndex":0}, "requiredPartitions":[], "outputPartition":{"dataUnitId":6, "partitionIndex":0}, "broadcast":true}}, {"k":1, "v":{"pipelineId":1, "scannedPartition":{"dataUnitId":3, "partitionIndex":0}, "requiredPartitions":[], "outputPartition":{"dataUnitId":2, "partitionIndex":0}, "broadcast":true}}], "initialPartitioning":{"owningNode":[{"k":{"dataUnitId":17, "partitionIndex":15}, "v":7}, {"k":{"dataUnitId":17, "partitionIndex":8}, "v":0}, {"k":{"dataUnitId":17, "partitionIndex":6}, "v":6}, {"k":{"dataUnitId":17, "partitionIndex":5}, "v":5}, {"k":{"dataUnitId":17, "partitionIndex":14}, "v":6}, {"k":{"dataUnitId":17, "partitionIndex":2}, "v":2}, {"k":{"dataUnitId":17, "partitionIndex":1}, "v":1}, {"k":{"dataUnitId":17, "partitionIndex":0}, "v":0}, {"k":{"dataUnitId":15, "partitionIndex":14}, "v":6}, {"k":{"dataUnitId":15, "partitionIndex":13}, "v":5}, {"k":{"dataUnitId":15, "partitionIndex":12}, "v":4}, {"k":{"dataUnitId":15, "partitionIndex":11}, "v":3}, {"k":{"dataUnitId":17, "partitionIndex":9}, "v":1}, {"k":{"dataUnitId":17, "partitionIndex":7}, "v":7}, {"k":{"dataUnitId":15, "partitionIndex":10}, "v":2}, {"k":{"dataUnitId":15, "partitionIndex":9}, "v":1}, {"k":{"dataUnitId":15, "partitionIndex":4}, "v":4}, {"k":{"dataUnitId":15, "partitionIndex":0}, "v":0}, {"k":{"dataUnitId":13, "partitionIndex":15}, "v":7}, {"k":{"dataUnitId":15, "partitionIndex":1}, "v":1}, {"k":{"dataUnitId":13, "partitionIndex":14}, "v":6}, {"k":{"dataUnitId":13, "partitionIndex":12}, "v":4}, {"k":{"dataUnitId":13, "partitionIndex":11}, "v":3}, {"k":{"dataUnitId":17, "partitionIndex":4}, "v":4}, {"k":{"dataUnitId":13, "partitionIndex":10}, "v":2}, {"k":{"dataUnitId":13, "partitionIndex":8}, "v":0}, {"k":{"dataUnitId":13, "partitionIndex":6}, "v":6}, {"k":{"dataUnitId":13, "partitionIndex":5}, "v":5}, {"k":{"dataUnitId":13, "partitionIndex":4}, "v":4}, {"k":{"dataUnitId":13, "partitionIndex":3}, "v":3}, {"k":{"dataUnitId":13, "partitionIndex":2}, "v":2}, {"k":{"dataUnitId":13, "partitionIndex":0}, "v":0}, {"k":{"dataUnitId":11, "partitionIndex":12}, "v":4}, {"k":{"dataUnitId":11, "partitionIndex":11}, "v":3}, {"k":{"dataUnitId":5, "partitionIndex":7}, "v":7}, {"k":{"dataUnitId":1, "partitionIndex":10}, "v":2}, {"k":{"dataUnitId":5, "partitionIndex":6}, "v":6}, {"k":{"dataUnitId":5, "partitionIndex":3}, "v":3}, {"k":{"dataUnitId":15, "partitionIndex":15}, "v":7}, {"k":{"dataUnitId":5, "partitionIndex":10}, "v":2}, {"k":{"dataUnitId":9, "partitionIndex":2}, "v":2}, {"k":{"dataUnitId":9, "partitionIndex":13}, "v":5}, {"k":{"dataUnitId":5, "partitionIndex":5}, "v":5}, {"k":{"dataUnitId":1, "partitionIndex":6}, "v":6}, {"k":{"dataUnitId":5, "partitionIndex":1}, "v":1}, {"k":{"dataUnitId":1, "partitionIndex":0}, "v":0}, {"k":{"dataUnitId":13, "partitionIndex":1}, "v":1}, {"k":{"dataUnitId":9, "partitionIndex":6}, "v":6}, {"k":{"dataUnitId":15, "partitionIndex":6}, "v":6}, {"k":{"dataUnitId":5, "partitionIndex":11}, "v":3}, {"k":{"dataUnitId":11, "partitionIndex":2}, "v":2}, {"k":{"dataUnitId":1, "partitionIndex":13}, "v":5}, {"k":{"dataUnitId":1, "partitionIndex":1}, "v":1}, {"k":{"dataUnitId":1, "partitionIndex":11}, "v":3}, {"k":{"dataUnitId":1, "partitionIndex":12}, "v":4}, {"k":{"dataUnitId":17, "partitionIndex":11}, "v":3}, {"k":{"dataUnitId":1, "partitionIndex":2}, "v":2}, {"k":{"dataUnitId":9, "partitionIndex":15}, "v":7}, {"k":{"dataUnitId":1, "partitionIndex":15}, "v":7}, {"k":{"dataUnitId":1, "partitionIndex":4}, "v":4}, {"k":{"dataUnitId":13, "partitionIndex":9}, "v":1}, {"k":{"dataUnitId":1, "partitionIndex":7}, "v":7}, {"k":{"dataUnitId":1, "partitionIndex":5}, "v":5}, {"k":{"dataUnitId":13, "partitionIndex":7}, "v":7}, {"k":{"dataUnitId":1, "partitionIndex":8}, "v":0}, {"k":{"dataUnitId":11, "partitionIndex":13}, "v":5}, {"k":{"dataUnitId":5, "partitionIndex":9}, "v":1}, {"k":{"dataUnitId":11, "partitionIndex":3}, "v":3}, {"k":{"dataUnitId":9, "partitionIndex":0}, "v":0}, {"k":{"dataUnitId":17, "partitionIndex":3}, "v":3}, {"k":{"dataUnitId":5, "partitionIndex":12}, "v":4}, {"k":{"dataUnitId":11, "partitionIndex":4}, "v":4}, {"k":{"dataUnitId":15, "partitionIndex":8}, "v":0}, {"k":{"dataUnitId":1, "partitionIndex":9}, "v":1}, {"k":{"dataUnitId":5, "partitionIndex":8}, "v":0}, {"k":{"dataUnitId":5, "partitionIndex":13}, "v":5}, {"k":{"dataUnitId":9, "partitionIndex":5}, "v":5}, {"k":{"dataUnitId":11, "partitionIndex":10}, "v":2}, {"k":{"dataUnitId":11, "partitionIndex":14}, "v":6}, {"k":{"dataUnitId":5, "partitionIndex":14}, "v":6}, {"k":{"dataUnitId":1, "partitionIndex":3}, "v":3}, {"k":{"dataUnitId":5, "partitionIndex":15}, "v":7}, {"k":{"dataUnitId":17, "partitionIndex":12}, "v":4}, {"k":{"dataUnitId":9, "partitionIndex":1}, "v":1}, {"k":{"dataUnitId":9, "partitionIndex":3}, "v":3}, {"k":{"dataUnitId":11, "partitionIndex":15}, "v":7}, {"k":{"dataUnitId":11, "partitionIndex":6}, "v":6}, {"k":{"dataUnitId":5, "partitionIndex":4}, "v":4}, {"k":{"dataUnitId":9, "partitionIndex":4}, "v":4}, {"k":{"dataUnitId":9, "partitionIndex":14}, "v":6}, {"k":{"dataUnitId":9, "partitionIndex":7}, "v":7}, {"k":{"dataUnitId":17, "partitionIndex":13}, "v":5}, {"k":{"dataUnitId":9, "partitionIndex":11}, "v":3}, {"k":{"dataUnitId":17, "partitionIndex":10}, "v":2}, {"k":{"dataUnitId":11, "partitionIndex":7}, "v":7}, {"k":{"dataUnitId":15, "partitionIndex":5}, "v":5}, {"k":{"dataUnitId":9, "partitionIndex":8}, "v":0}, {"k":{"dataUnitId":9, "partitionIndex":9}, "v":1}, {"k":{"dataUnitId":5, "partitionIndex":0}, "v":0}, {"k":{"dataUnitId":9, "partitionIndex":10}, "v":2}, {"k":{"dataUnitId":13, "partitionIndex":13}, "v":5}, {"k":{"dataUnitId":1, "partitionIndex":14}, "v":6}, {"k":{"dataUnitId":5, "partitionIndex":2}, "v":2}, {"k":{"dataUnitId":9, "partitionIndex":12}, "v":4}, {"k":{"dataUnitId":11, "partitionIndex":0}, "v":0}, {"k":{"dataUnitId":15, "partitionIndex":7}, "v":7}, {"k":{"dataUnitId":15, "partitionIndex":2}, "v":2}, {"k":{"dataUnitId":11, "partitionIndex":1}, "v":1}, {"k":{"dataUnitId":11, "partitionIndex":5}, "v":5}, {"k":{"dataUnitId":15, "partitionIndex":3}, "v":3}, {"k":{"dataUnitId":11, "partitionIndex":8}, "v":0}, {"k":{"dataUnitId":11, "partitionIndex":9}, "v":1}], "cachingNodes":[{"k":{"dataUnitId":17, "partitionIndex":15}, "v":[8]}, {"k":{"dataUnitId":17, "partitionIndex":8}, "v":[8]}, {"k":{"dataUnitId":17, "partitionIndex":6}, "v":[8]}, {"k":{"dataUnitId":17, "partitionIndex":5}, "v":[8]}, {"k":{"dataUnitId":17, "partitionIndex":14}, "v":[8]}, {"k":{"dataUnitId":17, "partitionIndex":2}, "v":[8]}, {"k":{"dataUnitId":17, "partitionIndex":1}, "v":[8]}, {"k":{"dataUnitId":17, "partitionIndex":0}, "v":[8]}, {"k":{"dataUnitId":15, "partitionIndex":14}, "v":[8]}, {"k":{"dataUnitId":15, "partitionIndex":13}, "v":[8]}, {"k":{"dataUnitId":15, "partitionIndex":12}, "v":[8]}, {"k":{"dataUnitId":15, "partitionIndex":11}, "v":[8]}, {"k":{"dataUnitId":17, "partitionIndex":9}, "v":[8]}, {"k":{"dataUnitId":17, "partitionIndex":7}, "v":[8]}, {"k":{"dataUnitId":15, "partitionIndex":10}, "v":[8]}, {"k":{"dataUnitId":15, "partitionIndex":9}, "v":[8]}, {"k":{"dataUnitId":15, "partitionIndex":4}, "v":[8]}, {"k":{"dataUnitId":15, "partitionIndex":0}, "v":[8]}, {"k":{"dataUnitId":13, "partitionIndex":15}, "v":[8]}, {"k":{"dataUnitId":15, "partitionIndex":1}, "v":[8]}, {"k":{"dataUnitId":13, "partitionIndex":14}, "v":[8]}, {"k":{"dataUnitId":13, "partitionIndex":12}, "v":[8]}, {"k":{"dataUnitId":13, "partitionIndex":11}, "v":[8]}, {"k":{"dataUnitId":17, "partitionIndex":4}, "v":[8]}, {"k":{"dataUnitId":13, "partitionIndex":10}, "v":[8]}, {"k":{"dataUnitId":13, "partitionIndex":8}, "v":[8]}, {"k":{"dataUnitId":13, "partitionIndex":6}, "v":[8]}, {"k":{"dataUnitId":13, "partitionIndex":5}, "v":[8]}, {"k":{"dataUnitId":13, "partitionIndex":4}, "v":[8]}, {"k":{"dataUnitId":13, "partitionIndex":3}, "v":[8]}, {"k":{"dataUnitId":13, "partitionIndex":2}, "v":[8]}, {"k":{"dataUnitId":13, "partitionIndex":0}, "v":[8]}, {"k":{"dataUnitId":11, "partitionIndex":12}, "v":[8]}, {"k":{"dataUnitId":11, "partitionIndex":11}, "v":[8]}, {"k":{"dataUnitId":5, "partitionIndex":7}, "v":[8]}, {"k":{"dataUnitId":1, "partitionIndex":10}, "v":[8]}, {"k":{"dataUnitId":5, "partitionIndex":6}, "v":[8]}, {"k":{"dataUnitId":5, "partitionIndex":3}, "v":[8]}, {"k":{"dataUnitId":15, "partitionIndex":15}, "v":[8]}, {"k":{"dataUnitId":5, "partitionIndex":10}, "v":[8]}, {"k":{"dataUnitId":9, "partitionIndex":2}, "v":[8]}, {"k":{"dataUnitId":9, "partitionIndex":13}, "v":[8]}, {"k":{"dataUnitId":5, "partitionIndex":5}, "v":[8]}, {"k":{"dataUnitId":1, "partitionIndex":6}, "v":[8]}, {"k":{"dataUnitId":5, "partitionIndex":1}, "v":[8]}, {"k":{"dataUnitId":1, "partitionIndex":0}, "v":[8]}, {"k":{"dataUnitId":13, "partitionIndex":1}, "v":[8]}, {"k":{"dataUnitId":9, "partitionIndex":6}, "v":[8]}, {"k":{"dataUnitId":15, "partitionIndex":6}, "v":[8]}, {"k":{"dataUnitId":5, "partitionIndex":11}, "v":[8]}, {"k":{"dataUnitId":11, "partitionIndex":2}, "v":[8]}, {"k":{"dataUnitId":1, "partitionIndex":13}, "v":[8]}, {"k":{"dataUnitId":1, "partitionIndex":1}, "v":[8]}, {"k":{"dataUnitId":1, "partitionIndex":11}, "v":[8]}, {"k":{"dataUnitId":1, "partitionIndex":12}, "v":[8]}, {"k":{"dataUnitId":17, "partitionIndex":11}, "v":[8]}, {"k":{"dataUnitId":1, "partitionIndex":2}, "v":[8]}, {"k":{"dataUnitId":9, "partitionIndex":15}, "v":[8]}, {"k":{"dataUnitId":1, "partitionIndex":15}, "v":[8]}, {"k":{"dataUnitId":1, "partitionIndex":4}, "v":[8]}, {"k":{"dataUnitId":13, "partitionIndex":9}, "v":[8]}, {"k":{"dataUnitId":1, "partitionIndex":7}, "v":[8]}, {"k":{"dataUnitId":1, "partitionIndex":5}, "v":[8]}, {"k":{"dataUnitId":13, "partitionIndex":7}, "v":[8]}, {"k":{"dataUnitId":1, "partitionIndex":8}, "v":[8]}, {"k":{"dataUnitId":11, "partitionIndex":13}, "v":[8]}, {"k":{"dataUnitId":5, "partitionIndex":9}, "v":[8]}, {"k":{"dataUnitId":11, "partitionIndex":3}, "v":[8]}, {"k":{"dataUnitId":9, "partitionIndex":0}, "v":[8]}, {"k":{"dataUnitId":17, "partitionIndex":3}, "v":[8]}, {"k":{"dataUnitId":5, "partitionIndex":12}, "v":[8]}, {"k":{"dataUnitId":11, "partitionIndex":4}, "v":[8]}, {"k":{"dataUnitId":15, "partitionIndex":8}, "v":[8]}, {"k":{"dataUnitId":1, "partitionIndex":9}, "v":[8]}, {"k":{"dataUnitId":5, "partitionIndex":8}, "v":[8]}, {"k":{"dataUnitId":5, "partitionIndex":13}, "v":[8]}, {"k":{"dataUnitId":9, "partitionIndex":5}, "v":[8]}, {"k":{"dataUnitId":11, "partitionIndex":10}, "v":[8]}, {"k":{"dataUnitId":11, "partitionIndex":14}, "v":[8]}, {"k":{"dataUnitId":5, "partitionIndex":14}, "v":[8]}, {"k":{"dataUnitId":1, "partitionIndex":3}, "v":[8]}, {"k":{"dataUnitId":5, "partitionIndex":15}, "v":[8]}, {"k":{"dataUnitId":17, "partitionIndex":12}, "v":[8]}, {"k":{"dataUnitId":9, "partitionIndex":1}, "v":[8]}, {"k":{"dataUnitId":9, "partitionIndex":3}, "v":[8]}, {"k":{"dataUnitId":11, "partitionIndex":15}, "v":[8]}, {"k":{"dataUnitId":11, "partitionIndex":6}, "v":[8]}, {"k":{"dataUnitId":5, "partitionIndex":4}, "v":[8]}, {"k":{"dataUnitId":9, "partitionIndex":4}, "v":[8]}, {"k":{"dataUnitId":9, "partitionIndex":14}, "v":[8]}, {"k":{"dataUnitId":9, "partitionIndex":7}, "v":[8]}, {"k":{"dataUnitId":17, "partitionIndex":13}, "v":[8]}, {"k":{"dataUnitId":9, "partitionIndex":11}, "v":[8]}, {"k":{"dataUnitId":17, "partitionIndex":10}, "v":[8]}, {"k":{"dataUnitId":11, "partitionIndex":7}, "v":[8]}, {"k":{"dataUnitId":15, "partitionIndex":5}, "v":[8]}, {"k":{"dataUnitId":9, "partitionIndex":8}, "v":[8]}, {"k":{"dataUnitId":9, "partitionIndex":9}, "v":[8]}, {"k":{"dataUnitId":5, "partitionIndex":0}, "v":[8]}, {"k":{"dataUnitId":9, "partitionIndex":10}, "v":[8]}, {"k":{"dataUnitId":13, "partitionIndex":13}, "v":[8]}, {"k":{"dataUnitId":1, "partitionIndex":14}, "v":[8]}, {"k":{"dataUnitId":5, "partitionIndex":2}, "v":[8]}, {"k":{"dataUnitId":9, "partitionIndex":12}, "v":[8]}, {"k":{"dataUnitId":11, "partitionIndex":0}, "v":[8]}, {"k":{"dataUnitId":15, "partitionIndex":7}, "v":[8]}, {"k":{"dataUnitId":15, "partitionIndex":2}, "v":[8]}, {"k":{"dataUnitId":11, "partitionIndex":1}, "v":[8]}, {"k":{"dataUnitId":11, "partitionIndex":5}, "v":[8]}, {"k":{"dataUnitId":15, "partitionIndex":3}, "v":[8]}, {"k":{"dataUnitId":11, "partitionIndex":8}, "v":[8]}, {"k":{"dataUnitId":11, "partitionIndex":9}, "v":[8]}], "nNodes":9}, "name":"c5n18xlargex8_rrall_16_q10191.sql", "resultNode":0, "nParallelTasks":10000}