{"cluster":{"nodes":[{"nCores":72, "memorySize":192, "networkSpeed":100, "networkLatency":0.00025}, {"nCores":72, "memorySize":192, "networkSpeed":100, "networkLatency":0.00025}, {"nCores":72, "memorySize":192, "networkSpeed":100, "networkLatency":0.00025}, {"nCores":72, "memorySize":192, "networkSpeed":100, "networkLatency":0.00025}, {"nCores":72, "memorySize":192, "networkSpeed":100, "networkLatency":0.00025}, {"nCores":72, "memorySize":192, "networkSpeed":100, "networkLatency":0.00025}, {"nCores":72, "memorySize":192, "networkSpeed":100, "networkLatency":0.00025}, {"nCores":72, "memorySize":192, "networkSpeed":100, "networkLatency":0.00025}, {"nCores":0, "memorySize":1e+06, "networkSpeed":1e+06, "networkLatency":0.1}], "storageService":true}, "plan":{"dataUnits":[{"name":"intermediate_0", "id":0, "estimatedCard":1.26071e+06, "isIntermediate":true, "attributes":[{"name":"id", "dataUnitId":0, "attributeIndex":0, "size":4}, {"name":"displayname", "dataUnitId":0, "attributeIndex":1, "size":10}], "partitionLayout":{"type":"hashpartitioned", "nPartitions":16, "attributes":[{"name":"id", "dataUnitId":0, "attributeIndex":0, "size":4}]}}, {"name":"users", "id":1, "estimatedCard":1.26071e+06, "isIntermediate":false, "attributes":[{"name":"id", "dataUnitId":1, "attributeIndex":0, "size":4}, {"name":"reputation", "dataUnitId":1, "attributeIndex":1, "size":4}, {"name":"creationdate", "dataUnitId":1, "attributeIndex":2, "size":8}, {"name":"displayname", "dataUnitId":1, "attributeIndex":3, "size":10}, {"name":"lastaccessdate", "dataUnitId":1, "attributeIndex":4, "size":8}, {"name":"websiteurl", "dataUnitId":1, "attributeIndex":5, "size":10}, {"name":"location", "dataUnitId":1, "attributeIndex":6, "size":10}, {"name":"aboutme", "dataUnitId":1, "attributeIndex":7, "size":10}, {"name":"views", "dataUnitId":1, "attributeIndex":8, "size":4}, {"name":"upvotes", "dataUnitId":1, "attributeIndex":9, "size":4}, {"name":"downvotes", "dataUnitId":1, "attributeIndex":10, "size":4}, {"name":"profileimageurl", "dataUnitId":1, "attributeIndex":11, "size":10}, {"name":"accountid", "dataUnitId":1, "attributeIndex":12, "size":4}], "partitionLayout":{"type":"hashpartitioned", "nPartitions":16, "attributes":[{"name":"id", "dataUnitId":1, "attributeIndex":0, "size":4}]}}, {"name":"intermediate_1", "id":2, "estimatedCard":1.26071e+06, "isIntermediate":true, "attributes":[{"name":"id", "dataUnitId":2, "attributeIndex":0, "size":4}, {"name":"displayname", "dataUnitId":2, "attributeIndex":1, "size":10}, {"name":"id", "dataUnitId":2, "attributeIndex":2, "size":4}, {"name":"posttypeid", "dataUnitId":2, "attributeIndex":3, "size":2}, {"name":"score", "dataUnitId":2, "attributeIndex":4, "size":4}, {"name":"viewcount", "dataUnitId":2, "attributeIndex":5, "size":4}, {"name":"owneruserid", "dataUnitId":2, "attributeIndex":6, "size":4}], "partitionLayout":{"type":"broadcast", "nPartitions":1, "attributes":[]}}, {"name":"intermediate_0_shuffled", "id":3, "estimatedCard":1.26071e+06, "isIntermediate":true, "attributes":[{"name":"id", "dataUnitId":0, "attributeIndex":0, "size":4}, {"name":"displayname", "dataUnitId":0, "attributeIndex":1, "size":10}], "partitionLayout":{"type":"broadcast", "nPartitions":1, "attributes":[]}}, {"name":"intermediate_2", "id":4, "estimatedCard":1.26071e+06, "isIntermediate":true, "attributes":[{"name":"id", "dataUnitId":4, "attributeIndex":0, "size":4}, {"name":"displayname", "dataUnitId":4, "attributeIndex":1, "size":10}, {"name":"count(id)", "dataUnitId":4, "attributeIndex":2, "size":8}, {"name":"count()", "dataUnitId":4, "attributeIndex":3, "size":8}, {"name":"count()", "dataUnitId":4, "attributeIndex":4, "size":8}, {"name":"sum()", "dataUnitId":4, "attributeIndex":5, "size":8}, {"name":"sum()", "dataUnitId":4, "attributeIndex":6, "size":8}, {"name":"avg()", "dataUnitId":4, "attributeIndex":7, "size":16}, {"name":"avg()", "dataUnitId":4, "attributeIndex":8, "size":16}], "partitionLayout":{"type":"hashpartitioned", "nPartitions":16, "attributes":[{"name":"id", "dataUnitId":5, "attributeIndex":0, "size":4}]}}, {"name":"posts", "id":5, "estimatedCard":3850129, "isIntermediate":false, "attributes":[{"name":"id", "dataUnitId":5, "attributeIndex":0, "size":4}, {"name":"posttypeid", "dataUnitId":5, "attributeIndex":1, "size":2}, {"name":"acceptedanswerid", "dataUnitId":5, "attributeIndex":2, "size":4}, {"name":"parentid", "dataUnitId":5, "attributeIndex":3, "size":4}, {"name":"creationdate", "dataUnitId":5, "attributeIndex":4, "size":8}, {"name":"score", "dataUnitId":5, "attributeIndex":5, "size":4}, {"name":"viewcount", "dataUnitId":5, "attributeIndex":6, "size":4}, {"name":"body", "dataUnitId":5, "attributeIndex":7, "size":10}, {"name":"owneruserid", "dataUnitId":5, "attributeIndex":8, "size":4}, {"name":"ownerdisplayname", "dataUnitId":5, "attributeIndex":9, "size":10}, {"name":"lasteditoruserid", "dataUnitId":5, "attributeIndex":10, "size":4}, {"name":"lasteditordisplayname", "dataUnitId":5, "attributeIndex":11, "size":10}, {"name":"lasteditdate", "dataUnitId":5, "attributeIndex":12, "size":8}, {"name":"lastactivitydate", "dataUnitId":5, "attributeIndex":13, "size":8}, {"name":"title", "dataUnitId":5, "attributeIndex":14, "size":10}, {"name":"tags", "dataUnitId":5, "attributeIndex":15, "size":10}, {"name":"answercount", "dataUnitId":5, "attributeIndex":16, "size":4}, {"name":"commentcount", "dataUnitId":5, "attributeIndex":17, "size":4}, {"name":"favoritecount", "dataUnitId":5, "attributeIndex":18, "size":4}, {"name":"closeddate", "dataUnitId":5, "attributeIndex":19, "size":8}, {"name":"communityowneddate", "dataUnitId":5, "attributeIndex":20, "size":8}, {"name":"contentlicense", "dataUnitId":5, "attributeIndex":21, "size":10}], "partitionLayout":{"type":"hashpartitioned", "nPartitions":16, "attributes":[{"name":"id", "dataUnitId":5, "attributeIndex":0, "size":4}]}}, {"name":"intermediate_3", "id":6, "estimatedCard":1.26071e+06, "isIntermediate":true, "attributes":[{"name":"id", "dataUnitId":6, "attributeIndex":0, "size":4}, {"name":"displayname", "dataUnitId":6, "attributeIndex":1, "size":10}, {"name":"count(id)", "dataUnitId":6, "attributeIndex":2, "size":8}, {"name":"count()", "dataUnitId":6, "attributeIndex":3, "size":8}, {"name":"count()", "dataUnitId":6, "attributeIndex":4, "size":8}, {"name":"sum()", "dataUnitId":6, "attributeIndex":5, "size":8}, {"name":"sum()", "dataUnitId":6, "attributeIndex":6, "size":8}, {"name":"avg()", "dataUnitId":6, "attributeIndex":7, "size":16}, {"name":"avg()", "dataUnitId":6, "attributeIndex":8, "size":16}], "partitionLayout":{"type":"hashpartitioned", "nPartitions":16, "attributes":[{"name":"id", "dataUnitId":2, "attributeIndex":0, "size":4}]}}, {"name":"intermediate_2_shuffled", "id":7, "estimatedCard":1.26071e+06, "isIntermediate":true, "attributes":[{"name":"id", "dataUnitId":4, "attributeIndex":0, "size":4}, {"name":"displayname", "dataUnitId":4, "attributeIndex":1, "size":10}, {"name":"count(id)", "dataUnitId":4, "attributeIndex":2, "size":8}, {"name":"count()", "dataUnitId":4, "attributeIndex":3, "size":8}, {"name":"count()", "dataUnitId":4, "attributeIndex":4, "size":8}, {"name":"sum()", "dataUnitId":4, "attributeIndex":5, "size":8}, {"name":"sum()", "dataUnitId":4, "attributeIndex":6, "size":8}, {"name":"avg()", "dataUnitId":4, "attributeIndex":7, "size":16}, {"name":"avg()", "dataUnitId":4, "attributeIndex":8, "size":16}], "partitionLayout":{"type":"hashpartitioned", "nPartitions":16, "attributes":[{"name":"id", "dataUnitId":2, "attributeIndex":0, "size":4}]}}, {"name":"intermediate_4", "id":8, "estimatedCard":1.26071e+06, "isIntermediate":true, "attributes":[{"name":"id", "dataUnitId":8, "attributeIndex":0, "size":4}, {"name":"displayname", "dataUnitId":8, "attributeIndex":1, "size":10}, {"name":"count(id)", "dataUnitId":8, "attributeIndex":2, "size":8}, {"name":"count()", "dataUnitId":8, "attributeIndex":3, "size":8}, {"name":"count()", "dataUnitId":8, "attributeIndex":4, "size":8}, {"name":"sum()", "dataUnitId":8, "attributeIndex":5, "size":8}, {"name":"sum()", "dataUnitId":8, "attributeIndex":6, "size":8}, {"name":"avg()", "dataUnitId":8, "attributeIndex":7, "size":16}, {"name":"avg()", "dataUnitId":8, "attributeIndex":8, "size":16}], "partitionLayout":{"type":"hashpartitioned", "nPartitions":16, "attributes":[{"name":"id", "dataUnitId":2, "attributeIndex":0, "size":4}]}}, {"name":"intermediate_4_shuffled", "id":9, "estimatedCard":1.26071e+06, "isIntermediate":true, "attributes":[{"name":"id", "dataUnitId":8, "attributeIndex":0, "size":4}, {"name":"displayname", "dataUnitId":8, "attributeIndex":1, "size":10}, {"name":"count(id)", "dataUnitId":8, "attributeIndex":2, "size":8}, {"name":"count()", "dataUnitId":8, "attributeIndex":3, "size":8}, {"name":"count()", "dataUnitId":8, "attributeIndex":4, "size":8}, {"name":"sum()", "dataUnitId":8, "attributeIndex":5, "size":8}, {"name":"sum()", "dataUnitId":8, "attributeIndex":6, "size":8}, {"name":"avg()", "dataUnitId":8, "attributeIndex":7, "size":16}, {"name":"avg()", "dataUnitId":8, "attributeIndex":8, "size":16}], "partitionLayout":{"type":"singlenode", "nPartitions":1, "attributes":[]}}], "pipelines":[{"id":0, "scan":1, "output":0, "estimatedLoad":1.11301293191803018e-10, "requiredData":[]}, {"id":1, "scan":3, "output":2, "estimatedLoad":1.03813885828635311e-08, "requiredData":[]}, {"id":2, "scan":5, "output":4, "estimatedLoad":1.53084031683341596e-08, "requiredData":[2]}, {"id":3, "scan":7, "output":6, "estimatedLoad":3.2925172229480357e-08, "requiredData":[]}, {"id":4, "scan":6, "output":8, "estimatedLoad":3.29522915889991863e-06, "requiredData":[]}], "shuffleStages":[{"from":8, "to":9}, {"from":4, "to":7}, {"from":0, "to":3}], "dependencyOrder":[0, 1, 2, 3, 4]}, "tasks":[{"k":4, "v":[{"pipelineId":4, "scannedPartition":{"dataUnitId":6, "partitionIndex":0}, "requiredPartitions":[], "outputPartition":{"dataUnitId":8, "partitionIndex":0}, "broadcast":false}, {"pipelineId":4, "scannedPartition":{"dataUnitId":6, "partitionIndex":1}, "requiredPartitions":[], "outputPartition":{"dataUnitId":8, "partitionIndex":1}, "broadcast":false}, {"pipelineId":4, "scannedPartition":{"dataUnitId":6, "partitionIndex":2}, "requiredPartitions":[], "outputPartition":{"dataUnitId":8, "partitionIndex":2}, "broadcast":false}, {"pipelineId":4, "scannedPartition":{"dataUnitId":6, "partitionIndex":3}, "requiredPartitions":[], "outputPartition":{"dataUnitId":8, "partitionIndex":3}, "broadcast":false}, {"pipelineId":4, "scannedPartition":{"dataUnitId":6, "partitionIndex":4}, "requiredPartitions":[], "outputPartition":{"dataUnitId":8, "partitionIndex":4}, "broadcast":false}, {"pipelineId":4, "scannedPartition":{"dataUnitId":6, "partitionIndex":5}, "requiredPartitions":[], "outputPartition":{"dataUnitId":8, "partitionIndex":5}, "broadcast":false}, {"pipelineId":4, "scannedPartition":{"dataUnitId":6, "partitionIndex":6}, "requiredPartitions":[], "outputPartition":{"dataUnitId":8, "partitionIndex":6}, "broadcast":false}, {"pipelineId":4, "scannedPartition":{"dataUnitId":6, "partitionIndex":7}, "requiredPartitions":[], "outputPartition":{"dataUnitId":8, "partitionIndex":7}, "broadcast":false}, {"pipelineId":4, "scannedPartition":{"dataUnitId":6, "partitionIndex":8}, "requiredPartitions":[], "outputPartition":{"dataUnitId":8, "partitionIndex":8}, "broadcast":false}, {"pipelineId":4, "scannedPartition":{"dataUnitId":6, "partitionIndex":9}, "requiredPartitions":[], "outputPartition":{"dataUnitId":8, "partitionIndex":9}, "broadcast":false}, {"pipelineId":4, "scannedPartition":{"dataUnitId":6, "partitionIndex":10}, "requiredPartitions":[], "outputPartition":{"dataUnitId":8, "partitionIndex":10}, "broadcast":false}, {"pipelineId":4, "scannedPartition":{"dataUnitId":6, "partitionIndex":11}, "requiredPartitions":[], "outputPartition":{"dataUnitId":8, "partitionIndex":11}, "broadcast":false}, {"pipelineId":4, "scannedPartition":{"dataUnitId":6, "partitionIndex":12}, "requiredPartitions":[], "outputPartition":{"dataUnitId":8, "partitionIndex":12}, "broadcast":false}, {"pipelineId":4, "scannedPartition":{"dataUnitId":6, "partitionIndex":13}, "requiredPartitions":[], "outputPartition":{"dataUnitId":8, "partitionIndex":13}, "broadcast":false}, {"pipelineId":4, "scannedPartition":{"dataUnitId":6, "partitionIndex":14}, "requiredPartitions":[], "outputPartition":{"dataUnitId":8, "partitionIndex":14}, "broadcast":false}, {"pipelineId":4, "scannedPartition":{"dataUnitId":6, "partitionIndex":15}, "requiredPartitions":[], "outputPartition":{"dataUnitId":8, "partitionIndex":15}, "broadcast":false}]}, {"k":3, "v":[{"pipelineId":3, "scannedPartition":{"dataUnitId":7, "partitionIndex":0}, "requiredPartitions":[], "outputPartition":{"dataUnitId":6, "partitionIndex":0}, "broadcast":false}, {"pipelineId":3, "scannedPartition":{"dataUnitId":7, "partitionIndex":1}, "requiredPartitions":[], "outputPartition":{"dataUnitId":6, "partitionIndex":1}, "broadcast":false}, {"pipelineId":3, "scannedPartition":{"dataUnitId":7, "partitionIndex":2}, "requiredPartitions":[], "outputPartition":{"dataUnitId":6, "partitionIndex":2}, "broadcast":false}, {"pipelineId":3, "scannedPartition":{"dataUnitId":7, "partitionIndex":3}, "requiredPartitions":[], "outputPartition":{"dataUnitId":6, "partitionIndex":3}, "broadcast":false}, {"pipelineId":3, "scannedPartition":{"dataUnitId":7, "partitionIndex":4}, "requiredPartitions":[], "outputPartition":{"dataUnitId":6, "partitionIndex":4}, "broadcast":false}, {"pipelineId":3, "scannedPartition":{"dataUnitId":7, "partitionIndex":5}, "requiredPartitions":[], "outputPartition":{"dataUnitId":6, "partitionIndex":5}, "broadcast":false}, {"pipelineId":3, "scannedPartition":{"dataUnitId":7, "partitionIndex":6}, "requiredPartitions":[], "outputPartition":{"dataUnitId":6, "partitionIndex":6}, "broadcast":false}, {"pipelineId":3, "scannedPartition":{"dataUnitId":7, "partitionIndex":7}, "requiredPartitions":[], "outputPartition":{"dataUnitId":6, "partitionIndex":7}, "broadcast":false}, {"pipelineId":3, "scannedPartition":{"dataUnitId":7, "partitionIndex":8}, "requiredPartitions":[], "outputPartition":{"dataUnitId":6, "partitionIndex":8}, "broadcast":false}, {"pipelineId":3, "scannedPartition":{"dataUnitId":7, "partitionIndex":9}, "requiredPartitions":[], "outputPartition":{"dataUnitId":6, "partitionIndex":9}, "broadcast":false}, {"pipelineId":3, "scannedPartition":{"dataUnitId":7, "partitionIndex":10}, "requiredPartitions":[], "outputPartition":{"dataUnitId":6, "partitionIndex":10}, "broadcast":false}, {"pipelineId":3, "scannedPartition":{"dataUnitId":7, "partitionIndex":11}, "requiredPartitions":[], "outputPartition":{"dataUnitId":6, "partitionIndex":11}, "broadcast":false}, {"pipelineId":3, "scannedPartition":{"dataUnitId":7, "partitionIndex":12}, "requiredPartitions":[], "outputPartition":{"dataUnitId":6, "partitionIndex":12}, "broadcast":false}, {"pipelineId":3, "scannedPartition":{"dataUnitId":7, "partitionIndex":13}, "requiredPartitions":[], "outputPartition":{"dataUnitId":6, "partitionIndex":13}, "broadcast":false}, {"pipelineId":3, "scannedPartition":{"dataUnitId":7, "partitionIndex":14}, "requiredPartitions":[], "outputPartition":{"dataUnitId":6, "partitionIndex":14}, "broadcast":false}, {"pipelineId":3, "scannedPartition":{"dataUnitId":7, "partitionIndex":15}, "requiredPartitions":[], "outputPartition":{"dataUnitId":6, "partitionIndex":15}, "broadcast":false}]}, {"k":2, "v":[{"pipelineId":2, "scannedPartition":{"dataUnitId":5, "partitionIndex":0}, "requiredPartitions":[{"dataUnitId":2, "partitionIndex":0}], "outputPartition":{"dataUnitId":4, "partitionIndex":0}, "broadcast":false}, {"pipelineId":2, "scannedPartition":{"dataUnitId":5, "partitionIndex":1}, "requiredPartitions":[{"dataUnitId":2, "partitionIndex":0}], "outputPartition":{"dataUnitId":4, "partitionIndex":1}, "broadcast":false}, {"pipelineId":2, "scannedPartition":{"dataUnitId":5, "partitionIndex":2}, "requiredPartitions":[{"dataUnitId":2, "partitionIndex":0}], "outputPartition":{"dataUnitId":4, "partitionIndex":2}, "broadcast":false}, {"pipelineId":2, "scannedPartition":{"dataUnitId":5, "partitionIndex":3}, "requiredPartitions":[{"dataUnitId":2, "partitionIndex":0}], "outputPartition":{"dataUnitId":4, "partitionIndex":3}, "broadcast":false}, {"pipelineId":2, "scannedPartition":{"dataUnitId":5, "partitionIndex":4}, "requiredPartitions":[{"dataUnitId":2, "partitionIndex":0}], "outputPartition":{"dataUnitId":4, "partitionIndex":4}, "broadcast":false}, {"pipelineId":2, "scannedPartition":{"dataUnitId":5, "partitionIndex":5}, "requiredPartitions":[{"dataUnitId":2, "partitionIndex":0}], "outputPartition":{"dataUnitId":4, "partitionIndex":5}, "broadcast":false}, {"pipelineId":2, "scannedPartition":{"dataUnitId":5, "partitionIndex":6}, "requiredPartitions":[{"dataUnitId":2, "partitionIndex":0}], "outputPartition":{"dataUnitId":4, "partitionIndex":6}, "broadcast":false}, {"pipelineId":2, "scannedPartition":{"dataUnitId":5, "partitionIndex":7}, "requiredPartitions":[{"dataUnitId":2, "partitionIndex":0}], "outputPartition":{"dataUnitId":4, "partitionIndex":7}, "broadcast":false}, {"pipelineId":2, "scannedPartition":{"dataUnitId":5, "partitionIndex":8}, "requiredPartitions":[{"dataUnitId":2, "partitionIndex":0}], "outputPartition":{"dataUnitId":4, "partitionIndex":8}, "broadcast":false}, {"pipelineId":2, "scannedPartition":{"dataUnitId":5, "partitionIndex":9}, "requiredPartitions":[{"dataUnitId":2, "partitionIndex":0}], "outputPartition":{"dataUnitId":4, "partitionIndex":9}, "broadcast":false}, {"pipelineId":2, "scannedPartition":{"dataUnitId":5, "partitionIndex":10}, "requiredPartitions":[{"dataUnitId":2, "partitionIndex":0}], "outputPartition":{"dataUnitId":4, "partitionIndex":10}, "broadcast":false}, {"pipelineId":2, "scannedPartition":{"dataUnitId":5, "partitionIndex":11}, "requiredPartitions":[{"dataUnitId":2, "partitionIndex":0}], "outputPartition":{"dataUnitId":4, "partitionIndex":11}, "broadcast":false}, {"pipelineId":2, "scannedPartition":{"dataUnitId":5, "partitionIndex":12}, "requiredPartitions":[{"dataUnitId":2, "partitionIndex":0}], "outputPartition":{"dataUnitId":4, "partitionIndex":12}, "broadcast":false}, {"pipelineId":2, "scannedPartition":{"dataUnitId":5, "partitionIndex":13}, "requiredPartitions":[{"dataUnitId":2, "partitionIndex":0}], "outputPartition":{"dataUnitId":4, "partitionIndex":13}, "broadcast":false}, {"pipelineId":2, "scannedPartition":{"dataUnitId":5, "partitionIndex":14}, "requiredPartitions":[{"dataUnitId":2, "partitionIndex":0}], "outputPartition":{"dataUnitId":4, "partitionIndex":14}, "broadcast":false}, {"pipelineId":2, "scannedPartition":{"dataUnitId":5, "partitionIndex":15}, "requiredPartitions":[{"dataUnitId":2, "partitionIndex":0}], "outputPartition":{"dataUnitId":4, "partitionIndex":15}, "broadcast":false}]}, {"k":0, "v":[{"pipelineId":0, "scannedPartition":{"dataUnitId":1, "partitionIndex":0}, "requiredPartitions":[], "outputPartition":{"dataUnitId":0, "partitionIndex":0}, "broadcast":false}, {"pipelineId":0, "scannedPartition":{"dataUnitId":1, "partitionIndex":1}, "requiredPartitions":[], "outputPartition":{"dataUnitId":0, "partitionIndex":1}, "broadcast":false}, {"pipelineId":0, "scannedPartition":{"dataUnitId":1, "partitionIndex":2}, "requiredPartitions":[], "outputPartition":{"dataUnitId":0, "partitionIndex":2}, "broadcast":false}, {"pipelineId":0, "scannedPartition":{"dataUnitId":1, "partitionIndex":3}, "requiredPartitions":[], "outputPartition":{"dataUnitId":0, "partitionIndex":3}, "broadcast":false}, {"pipelineId":0, "scannedPartition":{"dataUnitId":1, "partitionIndex":4}, "requiredPartitions":[], "outputPartition":{"dataUnitId":0, "partitionIndex":4}, "broadcast":false}, {"pipelineId":0, "scannedPartition":{"dataUnitId":1, "partitionIndex":5}, "requiredPartitions":[], "outputPartition":{"dataUnitId":0, "partitionIndex":5}, "broadcast":false}, {"pipelineId":0, "scannedPartition":{"dataUnitId":1, "partitionIndex":6}, "requiredPartitions":[], "outputPartition":{"dataUnitId":0, "partitionIndex":6}, "broadcast":false}, {"pipelineId":0, "scannedPartition":{"dataUnitId":1, "partitionIndex":7}, "requiredPartitions":[], "outputPartition":{"dataUnitId":0, "partitionIndex":7}, "broadcast":false}, {"pipelineId":0, "scannedPartition":{"dataUnitId":1, "partitionIndex":8}, "requiredPartitions":[], "outputPartition":{"dataUnitId":0, "partitionIndex":8}, "broadcast":false}, {"pipelineId":0, "scannedPartition":{"dataUnitId":1, "partitionIndex":9}, "requiredPartitions":[], "outputPartition":{"dataUnitId":0, "partitionIndex":9}, "broadcast":false}, {"pipelineId":0, "scannedPartition":{"dataUnitId":1, "partitionIndex":10}, "requiredPartitions":[], "outputPartition":{"dataUnitId":0, "partitionIndex":10}, "broadcast":false}, {"pipelineId":0, "scannedPartition":{"dataUnitId":1, "partitionIndex":11}, "requiredPartitions":[], "outputPartition":{"dataUnitId":0, "partitionIndex":11}, "broadcast":false}, {"pipelineId":0, "scannedPartition":{"dataUnitId":1, "partitionIndex":12}, "requiredPartitions":[], "outputPartition":{"dataUnitId":0, "partitionIndex":12}, "broadcast":false}, {"pipelineId":0, "scannedPartition":{"dataUnitId":1, "partitionIndex":13}, "requiredPartitions":[], "outputPartition":{"dataUnitId":0, "partitionIndex":13}, "broadcast":false}, {"pipelineId":0, "scannedPartition":{"dataUnitId":1, "partitionIndex":14}, "requiredPartitions":[], "outputPartition":{"dataUnitId":0, "partitionIndex":14}, "broadcast":false}, {"pipelineId":0, "scannedPartition":{"dataUnitId":1, "partitionIndex":15}, "requiredPartitions":[], "outputPartition":{"dataUnitId":0, "partitionIndex":15}, "broadcast":false}]}], "broadcastTasks":[{"k":1, "v":{"pipelineId":1, "scannedPartition":{"dataUnitId":3, "partitionIndex":0}, "requiredPartitions":[], "outputPartition":{"dataUnitId":2, "partitionIndex":0}, "broadcast":true}}], "initialPartitioning":{"owningNode":[{"k":{"dataUnitId":5, "partitionIndex":15}, "v":7}, {"k":{"dataUnitId":5, "partitionIndex":14}, "v":6}, {"k":{"dataUnitId":5, "partitionIndex":13}, "v":5}, {"k":{"dataUnitId":1, "partitionIndex":9}, "v":1}, {"k":{"dataUnitId":5, "partitionIndex":4}, "v":4}, {"k":{"dataUnitId":1, "partitionIndex":3}, "v":3}, {"k":{"dataUnitId":5, "partitionIndex":2}, "v":2}, {"k":{"dataUnitId":5, "partitionIndex":9}, "v":1}, {"k":{"dataUnitId":1, "partitionIndex":8}, "v":0}, {"k":{"dataUnitId":1, "partitionIndex":5}, "v":5}, {"k":{"dataUnitId":1, "partitionIndex":7}, "v":7}, {"k":{"dataUnitId":1, "partitionIndex":4}, "v":4}, {"k":{"dataUnitId":1, "partitionIndex":15}, "v":7}, {"k":{"dataUnitId":1, "partitionIndex":2}, "v":2}, {"k":{"dataUnitId":1, "partitionIndex":12}, "v":4}, {"k":{"dataUnitId":1, "partitionIndex":11}, "v":3}, {"k":{"dataUnitId":1, "partitionIndex":1}, "v":1}, {"k":{"dataUnitId":1, "partitionIndex":13}, "v":5}, {"k":{"dataUnitId":5, "partitionIndex":11}, "v":3}, {"k":{"dataUnitId":1, "partitionIndex":0}, "v":0}, {"k":{"dataUnitId":1, "partitionIndex":14}, "v":6}, {"k":{"dataUnitId":5, "partitionIndex":1}, "v":1}, {"k":{"dataUnitId":1, "partitionIndex":6}, "v":6}, {"k":{"dataUnitId":5, "partitionIndex":5}, "v":5}, {"k":{"dataUnitId":5, "partitionIndex":0}, "v":0}, {"k":{"dataUnitId":5, "partitionIndex":10}, "v":2}, {"k":{"dataUnitId":5, "partitionIndex":8}, "v":0}, {"k":{"dataUnitId":5, "partitionIndex":3}, "v":3}, {"k":{"dataUnitId":5, "partitionIndex":6}, "v":6}, {"k":{"dataUnitId":1, "partitionIndex":10}, "v":2}, {"k":{"dataUnitId":5, "partitionIndex":7}, "v":7}, {"k":{"dataUnitId":5, "partitionIndex":12}, "v":4}], "cachingNodes":[{"k":{"dataUnitId":5, "partitionIndex":15}, "v":[8]}, {"k":{"dataUnitId":5, "partitionIndex":14}, "v":[8]}, {"k":{"dataUnitId":5, "partitionIndex":13}, "v":[8]}, {"k":{"dataUnitId":1, "partitionIndex":9}, "v":[8]}, {"k":{"dataUnitId":5, "partitionIndex":4}, "v":[8]}, {"k":{"dataUnitId":1, "partitionIndex":3}, "v":[8]}, {"k":{"dataUnitId":5, "partitionIndex":2}, "v":[8]}, {"k":{"dataUnitId":5, "partitionIndex":9}, "v":[8]}, {"k":{"dataUnitId":1, "partitionIndex":8}, "v":[8]}, {"k":{"dataUnitId":1, "partitionIndex":5}, "v":[8]}, {"k":{"dataUnitId":1, "partitionIndex":7}, "v":[8]}, {"k":{"dataUnitId":1, "partitionIndex":4}, "v":[8]}, {"k":{"dataUnitId":1, "partitionIndex":15}, "v":[8]}, {"k":{"dataUnitId":1, "partitionIndex":2}, "v":[8]}, {"k":{"dataUnitId":1, "partitionIndex":12}, "v":[8]}, {"k":{"dataUnitId":1, "partitionIndex":11}, "v":[8]}, {"k":{"dataUnitId":1, "partitionIndex":1}, "v":[8]}, {"k":{"dataUnitId":1, "partitionIndex":13}, "v":[8]}, {"k":{"dataUnitId":5, "partitionIndex":11}, "v":[8]}, {"k":{"dataUnitId":1, "partitionIndex":0}, "v":[8]}, {"k":{"dataUnitId":1, "partitionIndex":14}, "v":[8]}, {"k":{"dataUnitId":5, "partitionIndex":1}, "v":[8]}, {"k":{"dataUnitId":1, "partitionIndex":6}, "v":[8]}, {"k":{"dataUnitId":5, "partitionIndex":5}, "v":[8]}, {"k":{"dataUnitId":5, "partitionIndex":0}, "v":[8]}, {"k":{"dataUnitId":5, "partitionIndex":10}, "v":[8]}, {"k":{"dataUnitId":5, "partitionIndex":8}, "v":[8]}, {"k":{"dataUnitId":5, "partitionIndex":3}, "v":[8]}, {"k":{"dataUnitId":5, "partitionIndex":6}, "v":[8]}, {"k":{"dataUnitId":1, "partitionIndex":10}, "v":[8]}, {"k":{"dataUnitId":5, "partitionIndex":7}, "v":[8]}, {"k":{"dataUnitId":5, "partitionIndex":12}, "v":[8]}], "nNodes":9}, "name":"c5n18xlargex8_rrall_16_q10415.sql", "resultNode":0, "nParallelTasks":10000}