{"cluster":{"nodes":[{"nCores":72, "memorySize":192, "networkSpeed":100, "networkLatency":0.00025}, {"nCores":72, "memorySize":192, "networkSpeed":100, "networkLatency":0.00025}, {"nCores":72, "memorySize":192, "networkSpeed":100, "networkLatency":0.00025}, {"nCores":72, "memorySize":192, "networkSpeed":100, "networkLatency":0.00025}, {"nCores":72, "memorySize":192, "networkSpeed":100, "networkLatency":0.00025}, {"nCores":72, "memorySize":192, "networkSpeed":100, "networkLatency":0.00025}, {"nCores":72, "memorySize":192, "networkSpeed":100, "networkLatency":0.00025}, {"nCores":72, "memorySize":192, "networkSpeed":100, "networkLatency":0.00025}, {"nCores":0, "memorySize":1e+06, "networkSpeed":1e+06, "networkLatency":0.1}], "storageService":true}, "plan":{"dataUnits":[{"name":"intermediate_0", "id":0, "estimatedCard":15, "isIntermediate":true, "attributes":[{"name":"votetypeid", "dataUnitId":0, "attributeIndex":0, "size":2}, {"name":"userid", "dataUnitId":0, "attributeIndex":1, "size":4}, {"name":"id", "dataUnitId":0, "attributeIndex":2, "size":2}, {"name":"name", "dataUnitId":0, "attributeIndex":3, "size":10}], "partitionLayout":{"type":"broadcast", "nPartitions":1, "attributes":[]}}, {"name":"votetypes", "id":1, "estimatedCard":15, "isIntermediate":false, "attributes":[{"name":"id", "dataUnitId":1, "attributeIndex":0, "size":2}, {"name":"name", "dataUnitId":1, "attributeIndex":1, "size":10}], "partitionLayout":{"type":"broadcast", "nPartitions":1, "attributes":[]}}, {"name":"intermediate_1", "id":2, "estimatedCard":11154.1042963700329, "isIntermediate":true, "attributes":[{"name":"userid", "dataUnitId":2, "attributeIndex":0, "size":4}, {"name":"countstar(*)", "dataUnitId":2, "attributeIndex":1, "size":8}, {"name":"sum()", "dataUnitId":2, "attributeIndex":2, "size":8}, {"name":"sum()", "dataUnitId":2, "attributeIndex":3, "size":8}], "partitionLayout":{"type":"hashpartitioned", "nPartitions":16, "attributes":[{"name":"postid", "dataUnitId":3, "attributeIndex":1, "size":4}]}}, {"name":"votes", "id":3, "estimatedCard":12744093, "isIntermediate":false, "attributes":[{"name":"id", "dataUnitId":3, "attributeIndex":0, "size":4}, {"name":"postid", "dataUnitId":3, "attributeIndex":1, "size":4}, {"name":"votetypeid", "dataUnitId":3, "attributeIndex":2, "size":2}, {"name":"userid", "dataUnitId":3, "attributeIndex":3, "size":4}, {"name":"creationdate", "dataUnitId":3, "attributeIndex":4, "size":8}, {"name":"bountyamount", "dataUnitId":3, "attributeIndex":5, "size":4}], "partitionLayout":{"type":"hashpartitioned", "nPartitions":16, "attributes":[{"name":"postid", "dataUnitId":3, "attributeIndex":1, "size":4}]}}, {"name":"intermediate_2", "id":4, "estimatedCard":1.26071e+06, "isIntermediate":true, "attributes":[{"name":"id", "dataUnitId":4, "attributeIndex":0, "size":4}, {"name":"displayname", "dataUnitId":4, "attributeIndex":1, "size":10}], "partitionLayout":{"type":"hashpartitioned", "nPartitions":16, "attributes":[{"name":"id", "dataUnitId":4, "attributeIndex":0, "size":4}]}}, {"name":"users", "id":5, "estimatedCard":1.26071e+06, "isIntermediate":false, "attributes":[{"name":"id", "dataUnitId":5, "attributeIndex":0, "size":4}, {"name":"reputation", "dataUnitId":5, "attributeIndex":1, "size":4}, {"name":"creationdate", "dataUnitId":5, "attributeIndex":2, "size":8}, {"name":"displayname", "dataUnitId":5, "attributeIndex":3, "size":10}, {"name":"lastaccessdate", "dataUnitId":5, "attributeIndex":4, "size":8}, {"name":"websiteurl", "dataUnitId":5, "attributeIndex":5, "size":10}, {"name":"location", "dataUnitId":5, "attributeIndex":6, "size":10}, {"name":"aboutme", "dataUnitId":5, "attributeIndex":7, "size":10}, {"name":"views", "dataUnitId":5, "attributeIndex":8, "size":4}, {"name":"upvotes", "dataUnitId":5, "attributeIndex":9, "size":4}, {"name":"downvotes", "dataUnitId":5, "attributeIndex":10, "size":4}, {"name":"profileimageurl", "dataUnitId":5, "attributeIndex":11, "size":10}, {"name":"accountid", "dataUnitId":5, "attributeIndex":12, "size":4}], "partitionLayout":{"type":"hashpartitioned", "nPartitions":16, "attributes":[{"name":"id", "dataUnitId":5, "attributeIndex":0, "size":4}]}}, {"name":"intermediate_3", "id":6, "estimatedCard":1.26071e+06, "isIntermediate":true, "attributes":[{"name":"id", "dataUnitId":6, "attributeIndex":0, "size":4}, {"name":"displayname", "dataUnitId":6, "attributeIndex":1, "size":10}, {"name":"id", "dataUnitId":6, "attributeIndex":2, "size":4}, {"name":"posttypeid", "dataUnitId":6, "attributeIndex":3, "size":2}, {"name":"owneruserid", "dataUnitId":6, "attributeIndex":4, "size":4}], "partitionLayout":{"type":"broadcast", "nPartitions":1, "attributes":[]}}, {"name":"intermediate_2_shuffled", "id":7, "estimatedCard":1.26071e+06, "isIntermediate":true, "attributes":[{"name":"id", "dataUnitId":4, "attributeIndex":0, "size":4}, {"name":"displayname", "dataUnitId":4, "attributeIndex":1, "size":10}], "partitionLayout":{"type":"broadcast", "nPartitions":1, "attributes":[]}}, {"name":"intermediate_4", "id":8, "estimatedCard":8, "isIntermediate":true, "attributes":[{"name":"id", "dataUnitId":8, "attributeIndex":0, "size":4}, {"name":"displayname", "dataUnitId":8, "attributeIndex":1, "size":10}, {"name":"id", "dataUnitId":8, "attributeIndex":2, "size":4}, {"name":"posttypeid", "dataUnitId":8, "attributeIndex":3, "size":2}, {"name":"owneruserid", "dataUnitId":8, "attributeIndex":4, "size":4}, {"name":"id", "dataUnitId":8, "attributeIndex":5, "size":2}, {"name":"name", "dataUnitId":8, "attributeIndex":6, "size":10}], "partitionLayout":{"type":"broadcast", "nPartitions":1, "attributes":[]}}, {"name":"posttypes", "id":9, "estimatedCard":8, "isIntermediate":false, "attributes":[{"name":"id", "dataUnitId":9, "attributeIndex":0, "size":2}, {"name":"name", "dataUnitId":9, "attributeIndex":1, "size":10}], "partitionLayout":{"type":"broadcast", "nPartitions":1, "attributes":[]}}, {"name":"intermediate_5", "id":10, "estimatedCard":1.26071e+06, "isIntermediate":true, "attributes":[{"name":"id", "dataUnitId":10, "attributeIndex":0, "size":4}, {"name":"displayname", "dataUnitId":10, "attributeIndex":1, "size":10}, {"name":"count(id)", "dataUnitId":10, "attributeIndex":2, "size":8}, {"name":"sum()", "dataUnitId":10, "attributeIndex":3, "size":8}, {"name":"sum()", "dataUnitId":10, "attributeIndex":4, "size":8}, {"name":"sum()", "dataUnitId":10, "attributeIndex":5, "size":8}, {"name":"sum()", "dataUnitId":10, "attributeIndex":6, "size":8}], "partitionLayout":{"type":"hashpartitioned", "nPartitions":16, "attributes":[{"name":"id", "dataUnitId":11, "attributeIndex":0, "size":4}]}}, {"name":"posts", "id":11, "estimatedCard":3850129, "isIntermediate":false, "attributes":[{"name":"id", "dataUnitId":11, "attributeIndex":0, "size":4}, {"name":"posttypeid", "dataUnitId":11, "attributeIndex":1, "size":2}, {"name":"acceptedanswerid", "dataUnitId":11, "attributeIndex":2, "size":4}, {"name":"parentid", "dataUnitId":11, "attributeIndex":3, "size":4}, {"name":"creationdate", "dataUnitId":11, "attributeIndex":4, "size":8}, {"name":"score", "dataUnitId":11, "attributeIndex":5, "size":4}, {"name":"viewcount", "dataUnitId":11, "attributeIndex":6, "size":4}, {"name":"body", "dataUnitId":11, "attributeIndex":7, "size":10}, {"name":"owneruserid", "dataUnitId":11, "attributeIndex":8, "size":4}, {"name":"ownerdisplayname", "dataUnitId":11, "attributeIndex":9, "size":10}, {"name":"lasteditoruserid", "dataUnitId":11, "attributeIndex":10, "size":4}, {"name":"lasteditordisplayname", "dataUnitId":11, "attributeIndex":11, "size":10}, {"name":"lasteditdate", "dataUnitId":11, "attributeIndex":12, "size":8}, {"name":"lastactivitydate", "dataUnitId":11, "attributeIndex":13, "size":8}, {"name":"title", "dataUnitId":11, "attributeIndex":14, "size":10}, {"name":"tags", "dataUnitId":11, "attributeIndex":15, "size":10}, {"name":"answercount", "dataUnitId":11, "attributeIndex":16, "size":4}, {"name":"commentcount", "dataUnitId":11, "attributeIndex":17, "size":4}, {"name":"favoritecount", "dataUnitId":11, "attributeIndex":18, "size":4}, {"name":"closeddate", "dataUnitId":11, "attributeIndex":19, "size":8}, {"name":"communityowneddate", "dataUnitId":11, "attributeIndex":20, "size":8}, {"name":"contentlicense", "dataUnitId":11, "attributeIndex":21, "size":10}], "partitionLayout":{"type":"hashpartitioned", "nPartitions":16, "attributes":[{"name":"id", "dataUnitId":11, "attributeIndex":0, "size":4}]}}, {"name":"intermediate_6", "id":12, "estimatedCard":11154.1042963700329, "isIntermediate":true, "attributes":[{"name":"id", "dataUnitId":12, "attributeIndex":0, "size":4}, {"name":"displayname", "dataUnitId":12, "attributeIndex":1, "size":10}, {"name":"count(id)", "dataUnitId":12, "attributeIndex":2, "size":8}, {"name":"sum()", "dataUnitId":12, "attributeIndex":3, "size":8}, {"name":"sum()", "dataUnitId":12, "attributeIndex":4, "size":8}, {"name":"sum()", "dataUnitId":12, "attributeIndex":5, "size":8}, {"name":"sum()", "dataUnitId":12, "attributeIndex":6, "size":8}, {"name":"userid", "dataUnitId":12, "attributeIndex":7, "size":4}, {"name":"countstar(*)", "dataUnitId":12, "attributeIndex":8, "size":8}, {"name":"sum()", "dataUnitId":12, "attributeIndex":9, "size":8}, {"name":"sum()", "dataUnitId":12, "attributeIndex":10, "size":8}], "partitionLayout":{"type":"broadcast", "nPartitions":1, "attributes":[]}}, {"name":"intermediate_1_shuffled", "id":13, "estimatedCard":11154.1042963700329, "isIntermediate":true, "attributes":[{"name":"userid", "dataUnitId":2, "attributeIndex":0, "size":4}, {"name":"countstar(*)", "dataUnitId":2, "attributeIndex":1, "size":8}, {"name":"sum()", "dataUnitId":2, "attributeIndex":2, "size":8}, {"name":"sum()", "dataUnitId":2, "attributeIndex":3, "size":8}], "partitionLayout":{"type":"broadcast", "nPartitions":1, "attributes":[]}}, {"name":"intermediate_7", "id":14, "estimatedCard":1264813.36402791319, "isIntermediate":true, "attributes":[{"name":"id", "dataUnitId":14, "attributeIndex":0, "size":4}, {"name":"displayname", "dataUnitId":14, "attributeIndex":1, "size":10}, {"name":"count(id)", "dataUnitId":14, "attributeIndex":2, "size":8}, {"name":"sum()", "dataUnitId":14, "attributeIndex":3, "size":8}, {"name":"sum()", "dataUnitId":14, "attributeIndex":4, "size":8}, {"name":"sum()", "dataUnitId":14, "attributeIndex":5, "size":8}, {"name":"sum()", "dataUnitId":14, "attributeIndex":6, "size":8}, {"name":"userid", "dataUnitId":14, "attributeIndex":7, "size":4}, {"name":"countstar(*)", "dataUnitId":14, "attributeIndex":8, "size":8}, {"name":"sum()", "dataUnitId":14, "attributeIndex":9, "size":8}, {"name":"sum()", "dataUnitId":14, "attributeIndex":10, "size":8}], "partitionLayout":{"type":"hashpartitioned", "nPartitions":16, "attributes":[{"name":"id", "dataUnitId":8, "attributeIndex":0, "size":4}]}}, {"name":"intermediate_5_shuffled", "id":15, "estimatedCard":1.26071e+06, "isIntermediate":true, "attributes":[{"name":"id", "dataUnitId":10, "attributeIndex":0, "size":4}, {"name":"displayname", "dataUnitId":10, "attributeIndex":1, "size":10}, {"name":"count(id)", "dataUnitId":10, "attributeIndex":2, "size":8}, {"name":"sum()", "dataUnitId":10, "attributeIndex":3, "size":8}, {"name":"sum()", "dataUnitId":10, "attributeIndex":4, "size":8}, {"name":"sum()", "dataUnitId":10, "attributeIndex":5, "size":8}, {"name":"sum()", "dataUnitId":10, "attributeIndex":6, "size":8}], "partitionLayout":{"type":"hashpartitioned", "nPartitions":16, "attributes":[{"name":"id", "dataUnitId":8, "attributeIndex":0, "size":4}]}}, {"name":"intermediate_8", "id":16, "estimatedCard":100, "isIntermediate":true, "attributes":[{"name":"id", "dataUnitId":16, "attributeIndex":0, "size":4}, {"name":"displayname", "dataUnitId":16, "attributeIndex":1, "size":10}, {"name":"count(id)", "dataUnitId":16, "attributeIndex":2, "size":8}, {"name":"sum()", "dataUnitId":16, "attributeIndex":3, "size":8}, {"name":"sum()", "dataUnitId":16, "attributeIndex":4, "size":8}, {"name":"sum()", "dataUnitId":16, "attributeIndex":5, "size":8}, {"name":"sum()", "dataUnitId":16, "attributeIndex":6, "size":8}, {"name":"userid", "dataUnitId":16, "attributeIndex":7, "size":4}, {"name":"countstar(*)", "dataUnitId":16, "attributeIndex":8, "size":8}, {"name":"sum()", "dataUnitId":16, "attributeIndex":9, "size":8}, {"name":"sum()", "dataUnitId":16, "attributeIndex":10, "size":8}], "partitionLayout":{"type":"hashpartitioned", "nPartitions":16, "attributes":[{"name":"id", "dataUnitId":8, "attributeIndex":0, "size":4}]}}, {"name":"intermediate_8_shuffled", "id":17, "estimatedCard":100, "isIntermediate":true, "attributes":[{"name":"id", "dataUnitId":16, "attributeIndex":0, "size":4}, {"name":"displayname", "dataUnitId":16, "attributeIndex":1, "size":10}, {"name":"count(id)", "dataUnitId":16, "attributeIndex":2, "size":8}, {"name":"sum()", "dataUnitId":16, "attributeIndex":3, "size":8}, {"name":"sum()", "dataUnitId":16, "attributeIndex":4, "size":8}, {"name":"sum()", "dataUnitId":16, "attributeIndex":5, "size":8}, {"name":"sum()", "dataUnitId":16, "attributeIndex":6, "size":8}, {"name":"userid", "dataUnitId":16, "attributeIndex":7, "size":4}, {"name":"countstar(*)", "dataUnitId":16, "attributeIndex":8, "size":8}, {"name":"sum()", "dataUnitId":16, "attributeIndex":9, "size":8}, {"name":"sum()", "dataUnitId":16, "attributeIndex":10, "size":8}], "partitionLayout":{"type":"singlenode", "nPartitions":1, "attributes":[]}}], "pipelines":[{"id":0, "scan":1, "output":0, "estimatedLoad":4.12859555020541217e-07, "requiredData":[]}, {"id":1, "scan":3, "output":2, "estimatedLoad":2.61443203548556557e-10, "requiredData":[0]}, {"id":2, "scan":5, "output":4, "estimatedLoad":1.11301293191803018e-10, "requiredData":[]}, {"id":3, "scan":7, "output":6, "estimatedLoad":8.78349076234817541e-09, "requiredData":[]}, {"id":4, "scan":9, "output":8, "estimatedLoad":8.92764786078471361e-07, "requiredData":[]}, {"id":5, "scan":11, "output":10, "estimatedLoad":1.53695145921885418e-08, "requiredData":[6, 8]}, {"id":6, "scan":13, "output":12, "estimatedLoad":4.59662410090916846e-08, "requiredData":[]}, {"id":7, "scan":15, "output":14, "estimatedLoad":6.22473341618145244e-09, "requiredData":[12]}, {"id":8, "scan":14, "output":16, "estimatedLoad":1.94149300691469627e-06, "requiredData":[]}], "shuffleStages":[{"from":16, "to":17}, {"from":10, "to":15}, {"from":2, "to":13}, {"from":4, "to":7}], "dependencyOrder":[0, 1, 2, 3, 4, 5, 6, 7, 8]}, "tasks":[{"k":8, "v":[{"pipelineId":8, "scannedPartition":{"dataUnitId":14, "partitionIndex":0}, "requiredPartitions":[], "outputPartition":{"dataUnitId":16, "partitionIndex":0}, "broadcast":false}, {"pipelineId":8, "scannedPartition":{"dataUnitId":14, "partitionIndex":1}, "requiredPartitions":[], "outputPartition":{"dataUnitId":16, "partitionIndex":1}, "broadcast":false}, {"pipelineId":8, "scannedPartition":{"dataUnitId":14, "partitionIndex":2}, "requiredPartitions":[], "outputPartition":{"dataUnitId":16, "partitionIndex":2}, "broadcast":false}, {"pipelineId":8, "scannedPartition":{"dataUnitId":14, "partitionIndex":3}, "requiredPartitions":[], "outputPartition":{"dataUnitId":16, "partitionIndex":3}, "broadcast":false}, {"pipelineId":8, "scannedPartition":{"dataUnitId":14, "partitionIndex":4}, "requiredPartitions":[], "outputPartition":{"dataUnitId":16, "partitionIndex":4}, "broadcast":false}, {"pipelineId":8, "scannedPartition":{"dataUnitId":14, "partitionIndex":5}, "requiredPartitions":[], "outputPartition":{"dataUnitId":16, "partitionIndex":5}, "broadcast":false}, {"pipelineId":8, "scannedPartition":{"dataUnitId":14, "partitionIndex":6}, "requiredPartitions":[], "outputPartition":{"dataUnitId":16, "partitionIndex":6}, "broadcast":false}, {"pipelineId":8, "scannedPartition":{"dataUnitId":14, "partitionIndex":7}, "requiredPartitions":[], "outputPartition":{"dataUnitId":16, "partitionIndex":7}, "broadcast":false}, {"pipelineId":8, "scannedPartition":{"dataUnitId":14, "partitionIndex":8}, "requiredPartitions":[], "outputPartition":{"dataUnitId":16, "partitionIndex":8}, "broadcast":false}, {"pipelineId":8, "scannedPartition":{"dataUnitId":14, "partitionIndex":9}, "requiredPartitions":[], "outputPartition":{"dataUnitId":16, "partitionIndex":9}, "broadcast":false}, {"pipelineId":8, "scannedPartition":{"dataUnitId":14, "partitionIndex":10}, "requiredPartitions":[], "outputPartition":{"dataUnitId":16, "partitionIndex":10}, "broadcast":false}, {"pipelineId":8, "scannedPartition":{"dataUnitId":14, "partitionIndex":11}, "requiredPartitions":[], "outputPartition":{"dataUnitId":16, "partitionIndex":11}, "broadcast":false}, {"pipelineId":8, "scannedPartition":{"dataUnitId":14, "partitionIndex":12}, "requiredPartitions":[], "outputPartition":{"dataUnitId":16, "partitionIndex":12}, "broadcast":false}, {"pipelineId":8, "scannedPartition":{"dataUnitId":14, "partitionIndex":13}, "requiredPartitions":[], "outputPartition":{"dataUnitId":16, "partitionIndex":13}, "broadcast":false}, {"pipelineId":8, "scannedPartition":{"dataUnitId":14, "partitionIndex":14}, "requiredPartitions":[], "outputPartition":{"dataUnitId":16, "partitionIndex":14}, "broadcast":false}, {"pipelineId":8, "scannedPartition":{"dataUnitId":14, "partitionIndex":15}, "requiredPartitions":[], "outputPartition":{"dataUnitId":16, "partitionIndex":15}, "broadcast":false}]}, {"k":7, "v":[{"pipelineId":7, "scannedPartition":{"dataUnitId":15, "partitionIndex":0}, "requiredPartitions":[{"dataUnitId":12, "partitionIndex":0}], "outputPartition":{"dataUnitId":14, "partitionIndex":0}, "broadcast":false}, {"pipelineId":7, "scannedPartition":{"dataUnitId":15, "partitionIndex":1}, "requiredPartitions":[{"dataUnitId":12, "partitionIndex":0}], "outputPartition":{"dataUnitId":14, "partitionIndex":1}, "broadcast":false}, {"pipelineId":7, "scannedPartition":{"dataUnitId":15, "partitionIndex":2}, "requiredPartitions":[{"dataUnitId":12, "partitionIndex":0}], "outputPartition":{"dataUnitId":14, "partitionIndex":2}, "broadcast":false}, {"pipelineId":7, "scannedPartition":{"dataUnitId":15, "partitionIndex":3}, "requiredPartitions":[{"dataUnitId":12, "partitionIndex":0}], "outputPartition":{"dataUnitId":14, "partitionIndex":3}, "broadcast":false}, {"pipelineId":7, "scannedPartition":{"dataUnitId":15, "partitionIndex":4}, "requiredPartitions":[{"dataUnitId":12, "partitionIndex":0}], "outputPartition":{"dataUnitId":14, "partitionIndex":4}, "broadcast":false}, {"pipelineId":7, "scannedPartition":{"dataUnitId":15, "partitionIndex":5}, "requiredPartitions":[{"dataUnitId":12, "partitionIndex":0}], "outputPartition":{"dataUnitId":14, "partitionIndex":5}, "broadcast":false}, {"pipelineId":7, "scannedPartition":{"dataUnitId":15, "partitionIndex":6}, "requiredPartitions":[{"dataUnitId":12, "partitionIndex":0}], "outputPartition":{"dataUnitId":14, "partitionIndex":6}, "broadcast":false}, {"pipelineId":7, "scannedPartition":{"dataUnitId":15, "partitionIndex":7}, "requiredPartitions":[{"dataUnitId":12, "partitionIndex":0}], "outputPartition":{"dataUnitId":14, "partitionIndex":7}, "broadcast":false}, {"pipelineId":7, "scannedPartition":{"dataUnitId":15, "partitionIndex":8}, "requiredPartitions":[{"dataUnitId":12, "partitionIndex":0}], "outputPartition":{"dataUnitId":14, "partitionIndex":8}, "broadcast":false}, {"pipelineId":7, "scannedPartition":{"dataUnitId":15, "partitionIndex":9}, "requiredPartitions":[{"dataUnitId":12, "partitionIndex":0}], "outputPartition":{"dataUnitId":14, "partitionIndex":9}, "broadcast":false}, {"pipelineId":7, "scannedPartition":{"dataUnitId":15, "partitionIndex":10}, "requiredPartitions":[{"dataUnitId":12, "partitionIndex":0}], "outputPartition":{"dataUnitId":14, "partitionIndex":10}, "broadcast":false}, {"pipelineId":7, "scannedPartition":{"dataUnitId":15, "partitionIndex":11}, "requiredPartitions":[{"dataUnitId":12, "partitionIndex":0}], "outputPartition":{"dataUnitId":14, "partitionIndex":11}, "broadcast":false}, {"pipelineId":7, "scannedPartition":{"dataUnitId":15, "partitionIndex":12}, "requiredPartitions":[{"dataUnitId":12, "partitionIndex":0}], "outputPartition":{"dataUnitId":14, "partitionIndex":12}, "broadcast":false}, {"pipelineId":7, "scannedPartition":{"dataUnitId":15, "partitionIndex":13}, "requiredPartitions":[{"dataUnitId":12, "partitionIndex":0}], "outputPartition":{"dataUnitId":14, "partitionIndex":13}, "broadcast":false}, {"pipelineId":7, "scannedPartition":{"dataUnitId":15, "partitionIndex":14}, "requiredPartitions":[{"dataUnitId":12, "partitionIndex":0}], "outputPartition":{"dataUnitId":14, "partitionIndex":14}, "broadcast":false}, {"pipelineId":7, "scannedPartition":{"dataUnitId":15, "partitionIndex":15}, "requiredPartitions":[{"dataUnitId":12, "partitionIndex":0}], "outputPartition":{"dataUnitId":14, "partitionIndex":15}, "broadcast":false}]}, {"k":5, "v":[{"pipelineId":5, "scannedPartition":{"dataUnitId":11, "partitionIndex":0}, "requiredPartitions":[{"dataUnitId":6, "partitionIndex":0}, {"dataUnitId":8, "partitionIndex":0}], "outputPartition":{"dataUnitId":10, "partitionIndex":0}, "broadcast":false}, {"pipelineId":5, "scannedPartition":{"dataUnitId":11, "partitionIndex":1}, "requiredPartitions":[{"dataUnitId":6, "partitionIndex":0}, {"dataUnitId":8, "partitionIndex":0}], "outputPartition":{"dataUnitId":10, "partitionIndex":1}, "broadcast":false}, {"pipelineId":5, "scannedPartition":{"dataUnitId":11, "partitionIndex":2}, "requiredPartitions":[{"dataUnitId":6, "partitionIndex":0}, {"dataUnitId":8, "partitionIndex":0}], "outputPartition":{"dataUnitId":10, "partitionIndex":2}, "broadcast":false}, {"pipelineId":5, "scannedPartition":{"dataUnitId":11, "partitionIndex":3}, "requiredPartitions":[{"dataUnitId":6, "partitionIndex":0}, {"dataUnitId":8, "partitionIndex":0}], "outputPartition":{"dataUnitId":10, "partitionIndex":3}, "broadcast":false}, {"pipelineId":5, "scannedPartition":{"dataUnitId":11, "partitionIndex":4}, "requiredPartitions":[{"dataUnitId":6, "partitionIndex":0}, {"dataUnitId":8, "partitionIndex":0}], "outputPartition":{"dataUnitId":10, "partitionIndex":4}, "broadcast":false}, {"pipelineId":5, "scannedPartition":{"dataUnitId":11, "partitionIndex":5}, "requiredPartitions":[{"dataUnitId":6, "partitionIndex":0}, {"dataUnitId":8, "partitionIndex":0}], "outputPartition":{"dataUnitId":10, "partitionIndex":5}, "broadcast":false}, {"pipelineId":5, "scannedPartition":{"dataUnitId":11, "partitionIndex":6}, "requiredPartitions":[{"dataUnitId":6, "partitionIndex":0}, {"dataUnitId":8, "partitionIndex":0}], "outputPartition":{"dataUnitId":10, "partitionIndex":6}, "broadcast":false}, {"pipelineId":5, "scannedPartition":{"dataUnitId":11, "partitionIndex":7}, "requiredPartitions":[{"dataUnitId":6, "partitionIndex":0}, {"dataUnitId":8, "partitionIndex":0}], "outputPartition":{"dataUnitId":10, "partitionIndex":7}, "broadcast":false}, {"pipelineId":5, "scannedPartition":{"dataUnitId":11, "partitionIndex":8}, "requiredPartitions":[{"dataUnitId":6, "partitionIndex":0}, {"dataUnitId":8, "partitionIndex":0}], "outputPartition":{"dataUnitId":10, "partitionIndex":8}, "broadcast":false}, {"pipelineId":5, "scannedPartition":{"dataUnitId":11, "partitionIndex":9}, "requiredPartitions":[{"dataUnitId":6, "partitionIndex":0}, {"dataUnitId":8, "partitionIndex":0}], "outputPartition":{"dataUnitId":10, "partitionIndex":9}, "broadcast":false}, {"pipelineId":5, "scannedPartition":{"dataUnitId":11, "partitionIndex":10}, "requiredPartitions":[{"dataUnitId":6, "partitionIndex":0}, {"dataUnitId":8, "partitionIndex":0}], "outputPartition":{"dataUnitId":10, "partitionIndex":10}, "broadcast":false}, {"pipelineId":5, "scannedPartition":{"dataUnitId":11, "partitionIndex":11}, "requiredPartitions":[{"dataUnitId":6, "partitionIndex":0}, {"dataUnitId":8, "partitionIndex":0}], "outputPartition":{"dataUnitId":10, "partitionIndex":11}, "broadcast":false}, {"pipelineId":5, "scannedPartition":{"dataUnitId":11, "partitionIndex":12}, "requiredPartitions":[{"dataUnitId":6, "partitionIndex":0}, {"dataUnitId":8, "partitionIndex":0}], "outputPartition":{"dataUnitId":10, "partitionIndex":12}, "broadcast":false}, {"pipelineId":5, "scannedPartition":{"dataUnitId":11, "partitionIndex":13}, "requiredPartitions":[{"dataUnitId":6, "partitionIndex":0}, {"dataUnitId":8, "partitionIndex":0}], "outputPartition":{"dataUnitId":10, "partitionIndex":13}, "broadcast":false}, {"pipelineId":5, "scannedPartition":{"dataUnitId":11, "partitionIndex":14}, "requiredPartitions":[{"dataUnitId":6, "partitionIndex":0}, {"dataUnitId":8, "partitionIndex":0}], "outputPartition":{"dataUnitId":10, "partitionIndex":14}, "broadcast":false}, {"pipelineId":5, "scannedPartition":{"dataUnitId":11, "partitionIndex":15}, "requiredPartitions":[{"dataUnitId":6, "partitionIndex":0}, {"dataUnitId":8, "partitionIndex":0}], "outputPartition":{"dataUnitId":10, "partitionIndex":15}, "broadcast":false}]}, {"k":2, "v":[{"pipelineId":2, "scannedPartition":{"dataUnitId":5, "partitionIndex":0}, "requiredPartitions":[], "outputPartition":{"dataUnitId":4, "partitionIndex":0}, "broadcast":false}, {"pipelineId":2, "scannedPartition":{"dataUnitId":5, "partitionIndex":1}, "requiredPartitions":[], "outputPartition":{"dataUnitId":4, "partitionIndex":1}, "broadcast":false}, {"pipelineId":2, "scannedPartition":{"dataUnitId":5, "partitionIndex":2}, "requiredPartitions":[], "outputPartition":{"dataUnitId":4, "partitionIndex":2}, "broadcast":false}, {"pipelineId":2, "scannedPartition":{"dataUnitId":5, "partitionIndex":3}, "requiredPartitions":[], "outputPartition":{"dataUnitId":4, "partitionIndex":3}, "broadcast":false}, {"pipelineId":2, "scannedPartition":{"dataUnitId":5, "partitionIndex":4}, "requiredPartitions":[], "outputPartition":{"dataUnitId":4, "partitionIndex":4}, "broadcast":false}, {"pipelineId":2, "scannedPartition":{"dataUnitId":5, "partitionIndex":5}, "requiredPartitions":[], "outputPartition":{"dataUnitId":4, "partitionIndex":5}, "broadcast":false}, {"pipelineId":2, "scannedPartition":{"dataUnitId":5, "partitionIndex":6}, "requiredPartitions":[], "outputPartition":{"dataUnitId":4, "partitionIndex":6}, "broadcast":false}, {"pipelineId":2, "scannedPartition":{"dataUnitId":5, "partitionIndex":7}, "requiredPartitions":[], "outputPartition":{"dataUnitId":4, "partitionIndex":7}, "broadcast":false}, {"pipelineId":2, "scannedPartition":{"dataUnitId":5, "partitionIndex":8}, "requiredPartitions":[], "outputPartition":{"dataUnitId":4, "partitionIndex":8}, "broadcast":false}, {"pipelineId":2, "scannedPartition":{"dataUnitId":5, "partitionIndex":9}, "requiredPartitions":[], "outputPartition":{"dataUnitId":4, "partitionIndex":9}, "broadcast":false}, {"pipelineId":2, "scannedPartition":{"dataUnitId":5, "partitionIndex":10}, "requiredPartitions":[], "outputPartition":{"dataUnitId":4, "partitionIndex":10}, "broadcast":false}, {"pipelineId":2, "scannedPartition":{"dataUnitId":5, "partitionIndex":11}, "requiredPartitions":[], "outputPartition":{"dataUnitId":4, "partitionIndex":11}, "broadcast":false}, {"pipelineId":2, "scannedPartition":{"dataUnitId":5, "partitionIndex":12}, "requiredPartitions":[], "outputPartition":{"dataUnitId":4, "partitionIndex":12}, "broadcast":false}, {"pipelineId":2, "scannedPartition":{"dataUnitId":5, "partitionIndex":13}, "requiredPartitions":[], "outputPartition":{"dataUnitId":4, "partitionIndex":13}, "broadcast":false}, {"pipelineId":2, "scannedPartition":{"dataUnitId":5, "partitionIndex":14}, "requiredPartitions":[], "outputPartition":{"dataUnitId":4, "partitionIndex":14}, "broadcast":false}, {"pipelineId":2, "scannedPartition":{"dataUnitId":5, "partitionIndex":15}, "requiredPartitions":[], "outputPartition":{"dataUnitId":4, "partitionIndex":15}, "broadcast":false}]}, {"k":1, "v":[{"pipelineId":1, "scannedPartition":{"dataUnitId":3, "partitionIndex":0}, "requiredPartitions":[{"dataUnitId":0, "partitionIndex":0}], "outputPartition":{"dataUnitId":2, "partitionIndex":0}, "broadcast":false}, {"pipelineId":1, "scannedPartition":{"dataUnitId":3, "partitionIndex":1}, "requiredPartitions":[{"dataUnitId":0, "partitionIndex":0}], "outputPartition":{"dataUnitId":2, "partitionIndex":1}, "broadcast":false}, {"pipelineId":1, "scannedPartition":{"dataUnitId":3, "partitionIndex":2}, "requiredPartitions":[{"dataUnitId":0, "partitionIndex":0}], "outputPartition":{"dataUnitId":2, "partitionIndex":2}, "broadcast":false}, {"pipelineId":1, "scannedPartition":{"dataUnitId":3, "partitionIndex":3}, "requiredPartitions":[{"dataUnitId":0, "partitionIndex":0}], "outputPartition":{"dataUnitId":2, "partitionIndex":3}, "broadcast":false}, {"pipelineId":1, "scannedPartition":{"dataUnitId":3, "partitionIndex":4}, "requiredPartitions":[{"dataUnitId":0, "partitionIndex":0}], "outputPartition":{"dataUnitId":2, "partitionIndex":4}, "broadcast":false}, {"pipelineId":1, "scannedPartition":{"dataUnitId":3, "partitionIndex":5}, "requiredPartitions":[{"dataUnitId":0, "partitionIndex":0}], "outputPartition":{"dataUnitId":2, "partitionIndex":5}, "broadcast":false}, {"pipelineId":1, "scannedPartition":{"dataUnitId":3, "partitionIndex":6}, "requiredPartitions":[{"dataUnitId":0, "partitionIndex":0}], "outputPartition":{"dataUnitId":2, "partitionIndex":6}, "broadcast":false}, {"pipelineId":1, "scannedPartition":{"dataUnitId":3, "partitionIndex":7}, "requiredPartitions":[{"dataUnitId":0, "partitionIndex":0}], "outputPartition":{"dataUnitId":2, "partitionIndex":7}, "broadcast":false}, {"pipelineId":1, "scannedPartition":{"dataUnitId":3, "partitionIndex":8}, "requiredPartitions":[{"dataUnitId":0, "partitionIndex":0}], "outputPartition":{"dataUnitId":2, "partitionIndex":8}, "broadcast":false}, {"pipelineId":1, "scannedPartition":{"dataUnitId":3, "partitionIndex":9}, "requiredPartitions":[{"dataUnitId":0, "partitionIndex":0}], "outputPartition":{"dataUnitId":2, "partitionIndex":9}, "broadcast":false}, {"pipelineId":1, "scannedPartition":{"dataUnitId":3, "partitionIndex":10}, "requiredPartitions":[{"dataUnitId":0, "partitionIndex":0}], "outputPartition":{"dataUnitId":2, "partitionIndex":10}, "broadcast":false}, {"pipelineId":1, "scannedPartition":{"dataUnitId":3, "partitionIndex":11}, "requiredPartitions":[{"dataUnitId":0, "partitionIndex":0}], "outputPartition":{"dataUnitId":2, "partitionIndex":11}, "broadcast":false}, {"pipelineId":1, "scannedPartition":{"dataUnitId":3, "partitionIndex":12}, "requiredPartitions":[{"dataUnitId":0, "partitionIndex":0}], "outputPartition":{"dataUnitId":2, "partitionIndex":12}, "broadcast":false}, {"pipelineId":1, "scannedPartition":{"dataUnitId":3, "partitionIndex":13}, "requiredPartitions":[{"dataUnitId":0, "partitionIndex":0}], "outputPartition":{"dataUnitId":2, "partitionIndex":13}, "broadcast":false}, {"pipelineId":1, "scannedPartition":{"dataUnitId":3, "partitionIndex":14}, "requiredPartitions":[{"dataUnitId":0, "partitionIndex":0}], "outputPartition":{"dataUnitId":2, "partitionIndex":14}, "broadcast":false}, {"pipelineId":1, "scannedPartition":{"dataUnitId":3, "partitionIndex":15}, "requiredPartitions":[{"dataUnitId":0, "partitionIndex":0}], "outputPartition":{"dataUnitId":2, "partitionIndex":15}, "broadcast":false}]}], "broadcastTasks":[{"k":6, "v":{"pipelineId":6, "scannedPartition":{"dataUnitId":13, "partitionIndex":0}, "requiredPartitions":[], "outputPartition":{"dataUnitId":12, "partitionIndex":0}, "broadcast":true}}, {"k":4, "v":{"pipelineId":4, "scannedPartition":{"dataUnitId":9, "partitionIndex":0}, "requiredPartitions":[], "outputPartition":{"dataUnitId":8, "partitionIndex":0}, "broadcast":true}}, {"k":3, "v":{"pipelineId":3, "scannedPartition":{"dataUnitId":7, "partitionIndex":0}, "requiredPartitions":[], "outputPartition":{"dataUnitId":6, "partitionIndex":0}, "broadcast":true}}, {"k":0, "v":{"pipelineId":0, "scannedPartition":{"dataUnitId":1, "partitionIndex":0}, "requiredPartitions":[], "outputPartition":{"dataUnitId":0, "partitionIndex":0}, "broadcast":true}}], "initialPartitioning":{"owningNode":[{"k":{"dataUnitId":11, "partitionIndex":15}, "v":7}, {"k":{"dataUnitId":11, "partitionIndex":14}, "v":6}, {"k":{"dataUnitId":11, "partitionIndex":9}, "v":1}, {"k":{"dataUnitId":11, "partitionIndex":7}, "v":7}, {"k":{"dataUnitId":11, "partitionIndex":5}, "v":5}, {"k":{"dataUnitId":11, "partitionIndex":1}, "v":1}, {"k":{"dataUnitId":11, "partitionIndex":0}, "v":0}, {"k":{"dataUnitId":5, "partitionIndex":15}, "v":7}, {"k":{"dataUnitId":5, "partitionIndex":14}, "v":6}, {"k":{"dataUnitId":11, "partitionIndex":10}, "v":2}, {"k":{"dataUnitId":5, "partitionIndex":13}, "v":5}, {"k":{"dataUnitId":3, "partitionIndex":9}, "v":1}, {"k":{"dataUnitId":5, "partitionIndex":9}, "v":1}, {"k":{"dataUnitId":3, "partitionIndex":7}, "v":7}, {"k":{"dataUnitId":5, "partitionIndex":7}, "v":7}, {"k":{"dataUnitId":11, "partitionIndex":8}, "v":0}, {"k":{"dataUnitId":3, "partitionIndex":6}, "v":6}, {"k":{"dataUnitId":3, "partitionIndex":4}, "v":4}, {"k":{"dataUnitId":3, "partitionIndex":10}, "v":2}, {"k":{"dataUnitId":1, "partitionIndex":0}, "v":0}, {"k":{"dataUnitId":11, "partitionIndex":11}, "v":3}, {"k":{"dataUnitId":5, "partitionIndex":12}, "v":4}, {"k":{"dataUnitId":3, "partitionIndex":8}, "v":0}, {"k":{"dataUnitId":11, "partitionIndex":3}, "v":3}, {"k":{"dataUnitId":5, "partitionIndex":2}, "v":2}, {"k":{"dataUnitId":3, "partitionIndex":3}, "v":3}, {"k":{"dataUnitId":3, "partitionIndex":2}, "v":2}, {"k":{"dataUnitId":3, "partitionIndex":0}, "v":0}, {"k":{"dataUnitId":3, "partitionIndex":1}, "v":1}, {"k":{"dataUnitId":11, "partitionIndex":2}, "v":2}, {"k":{"dataUnitId":5, "partitionIndex":11}, "v":3}, {"k":{"dataUnitId":3, "partitionIndex":13}, "v":5}, {"k":{"dataUnitId":11, "partitionIndex":12}, "v":4}, {"k":{"dataUnitId":5, "partitionIndex":1}, "v":1}, {"k":{"dataUnitId":5, "partitionIndex":5}, "v":5}, {"k":{"dataUnitId":11, "partitionIndex":6}, "v":6}, {"k":{"dataUnitId":3, "partitionIndex":5}, "v":5}, {"k":{"dataUnitId":3, "partitionIndex":14}, "v":6}, {"k":{"dataUnitId":5, "partitionIndex":0}, "v":0}, {"k":{"dataUnitId":3, "partitionIndex":12}, "v":4}, {"k":{"dataUnitId":5, "partitionIndex":10}, "v":2}, {"k":{"dataUnitId":3, "partitionIndex":11}, "v":3}, {"k":{"dataUnitId":5, "partitionIndex":8}, "v":0}, {"k":{"dataUnitId":5, "partitionIndex":3}, "v":3}, {"k":{"dataUnitId":11, "partitionIndex":13}, "v":5}, {"k":{"dataUnitId":11, "partitionIndex":4}, "v":4}, {"k":{"dataUnitId":9, "partitionIndex":0}, "v":0}, {"k":{"dataUnitId":5, "partitionIndex":4}, "v":4}, {"k":{"dataUnitId":3, "partitionIndex":15}, "v":7}, {"k":{"dataUnitId":5, "partitionIndex":6}, "v":6}], "cachingNodes":[{"k":{"dataUnitId":11, "partitionIndex":15}, "v":[8]}, {"k":{"dataUnitId":11, "partitionIndex":14}, "v":[8]}, {"k":{"dataUnitId":11, "partitionIndex":9}, "v":[8]}, {"k":{"dataUnitId":11, "partitionIndex":7}, "v":[8]}, {"k":{"dataUnitId":11, "partitionIndex":5}, "v":[8]}, {"k":{"dataUnitId":11, "partitionIndex":1}, "v":[8]}, {"k":{"dataUnitId":11, "partitionIndex":0}, "v":[8]}, {"k":{"dataUnitId":5, "partitionIndex":15}, "v":[8]}, {"k":{"dataUnitId":5, "partitionIndex":14}, "v":[8]}, {"k":{"dataUnitId":11, "partitionIndex":10}, "v":[8]}, {"k":{"dataUnitId":5, "partitionIndex":13}, "v":[8]}, {"k":{"dataUnitId":3, "partitionIndex":9}, "v":[8]}, {"k":{"dataUnitId":5, "partitionIndex":9}, "v":[8]}, {"k":{"dataUnitId":3, "partitionIndex":7}, "v":[8]}, {"k":{"dataUnitId":5, "partitionIndex":7}, "v":[8]}, {"k":{"dataUnitId":11, "partitionIndex":8}, "v":[8]}, {"k":{"dataUnitId":3, "partitionIndex":6}, "v":[8]}, {"k":{"dataUnitId":3, "partitionIndex":4}, "v":[8]}, {"k":{"dataUnitId":3, "partitionIndex":10}, "v":[8]}, {"k":{"dataUnitId":1, "partitionIndex":0}, "v":[7, 6, 5, 4, 3, 2, 1]}, {"k":{"dataUnitId":11, "partitionIndex":11}, "v":[8]}, {"k":{"dataUnitId":5, "partitionIndex":12}, "v":[8]}, {"k":{"dataUnitId":3, "partitionIndex":8}, "v":[8]}, {"k":{"dataUnitId":11, "partitionIndex":3}, "v":[8]}, {"k":{"dataUnitId":5, "partitionIndex":2}, "v":[8]}, {"k":{"dataUnitId":3, "partitionIndex":3}, "v":[8]}, {"k":{"dataUnitId":3, "partitionIndex":2}, "v":[8]}, {"k":{"dataUnitId":3, "partitionIndex":0}, "v":[8]}, {"k":{"dataUnitId":3, "partitionIndex":1}, "v":[8]}, {"k":{"dataUnitId":11, "partitionIndex":2}, "v":[8]}, {"k":{"dataUnitId":5, "partitionIndex":11}, "v":[8]}, {"k":{"dataUnitId":3, "partitionIndex":13}, "v":[8]}, {"k":{"dataUnitId":11, "partitionIndex":12}, "v":[8]}, {"k":{"dataUnitId":5, "partitionIndex":1}, "v":[8]}, {"k":{"dataUnitId":5, "partitionIndex":5}, "v":[8]}, {"k":{"dataUnitId":11, "partitionIndex":6}, "v":[8]}, {"k":{"dataUnitId":3, "partitionIndex":5}, "v":[8]}, {"k":{"dataUnitId":3, "partitionIndex":14}, "v":[8]}, {"k":{"dataUnitId":5, "partitionIndex":0}, "v":[8]}, {"k":{"dataUnitId":3, "partitionIndex":12}, "v":[8]}, {"k":{"dataUnitId":5, "partitionIndex":10}, "v":[8]}, {"k":{"dataUnitId":3, "partitionIndex":11}, "v":[8]}, {"k":{"dataUnitId":5, "partitionIndex":8}, "v":[8]}, {"k":{"dataUnitId":5, "partitionIndex":3}, "v":[8]}, {"k":{"dataUnitId":11, "partitionIndex":13}, "v":[8]}, {"k":{"dataUnitId":11, "partitionIndex":4}, "v":[8]}, {"k":{"dataUnitId":9, "partitionIndex":0}, "v":[7, 6, 5, 4, 3, 2, 1]}, {"k":{"dataUnitId":5, "partitionIndex":4}, "v":[8]}, {"k":{"dataUnitId":3, "partitionIndex":15}, "v":[8]}, {"k":{"dataUnitId":5, "partitionIndex":6}, "v":[8]}], "nNodes":9}, "name":"c5n18xlargex8_rrall_16_q10569.sql", "resultNode":0, "nParallelTasks":10000}