{"cluster":{"nodes":[{"nCores":72, "memorySize":192, "networkSpeed":100, "networkLatency":0.00025}, {"nCores":72, "memorySize":192, "networkSpeed":100, "networkLatency":0.00025}, {"nCores":72, "memorySize":192, "networkSpeed":100, "networkLatency":0.00025}, {"nCores":72, "memorySize":192, "networkSpeed":100, "networkLatency":0.00025}, {"nCores":72, "memorySize":192, "networkSpeed":100, "networkLatency":0.00025}, {"nCores":72, "memorySize":192, "networkSpeed":100, "networkLatency":0.00025}, {"nCores":72, "memorySize":192, "networkSpeed":100, "networkLatency":0.00025}, {"nCores":72, "memorySize":192, "networkSpeed":100, "networkLatency":0.00025}, {"nCores":0, "memorySize":1e+06, "networkSpeed":1e+06, "networkLatency":0.1}], "storageService":true}, "plan":{"dataUnits":[{"name":"intermediate_0", "id":0, "estimatedCard":1.26071e+06, "isIntermediate":true, "attributes":[{"name":"id", "dataUnitId":0, "attributeIndex":0, "size":4}, {"name":"displayname", "dataUnitId":0, "attributeIndex":1, "size":10}], "partitionLayout":{"type":"hashpartitioned", "nPartitions":16, "attributes":[{"name":"id", "dataUnitId":0, "attributeIndex":0, "size":4}]}}, {"name":"users", "id":1, "estimatedCard":1.26071e+06, "isIntermediate":false, "attributes":[{"name":"id", "dataUnitId":1, "attributeIndex":0, "size":4}, {"name":"reputation", "dataUnitId":1, "attributeIndex":1, "size":4}, {"name":"creationdate", "dataUnitId":1, "attributeIndex":2, "size":8}, {"name":"displayname", "dataUnitId":1, "attributeIndex":3, "size":10}, {"name":"lastaccessdate", "dataUnitId":1, "attributeIndex":4, "size":8}, {"name":"websiteurl", "dataUnitId":1, "attributeIndex":5, "size":10}, {"name":"location", "dataUnitId":1, "attributeIndex":6, "size":10}, {"name":"aboutme", "dataUnitId":1, "attributeIndex":7, "size":10}, {"name":"views", "dataUnitId":1, "attributeIndex":8, "size":4}, {"name":"upvotes", "dataUnitId":1, "attributeIndex":9, "size":4}, {"name":"downvotes", "dataUnitId":1, "attributeIndex":10, "size":4}, {"name":"profileimageurl", "dataUnitId":1, "attributeIndex":11, "size":10}, {"name":"accountid", "dataUnitId":1, "attributeIndex":12, "size":4}], "partitionLayout":{"type":"hashpartitioned", "nPartitions":16, "attributes":[{"name":"id", "dataUnitId":1, "attributeIndex":0, "size":4}]}}, {"name":"intermediate_1", "id":2, "estimatedCard":1.26071e+06, "isIntermediate":true, "attributes":[{"name":"id", "dataUnitId":2, "attributeIndex":0, "size":4}, {"name":"creationdate", "dataUnitId":2, "attributeIndex":1, "size":8}, {"name":"score", "dataUnitId":2, "attributeIndex":2, "size":4}, {"name":"viewcount", "dataUnitId":2, "attributeIndex":3, "size":4}, {"name":"owneruserid", "dataUnitId":2, "attributeIndex":4, "size":4}, {"name":"title", "dataUnitId":2, "attributeIndex":5, "size":10}, {"name":"id", "dataUnitId":2, "attributeIndex":6, "size":4}, {"name":"displayname", "dataUnitId":2, "attributeIndex":7, "size":10}], "partitionLayout":{"type":"broadcast", "nPartitions":1, "attributes":[]}}, {"name":"intermediate_0_shuffled", "id":3, "estimatedCard":1.26071e+06, "isIntermediate":true, "attributes":[{"name":"id", "dataUnitId":0, "attributeIndex":0, "size":4}, {"name":"displayname", "dataUnitId":0, "attributeIndex":1, "size":10}], "partitionLayout":{"type":"broadcast", "nPartitions":1, "attributes":[]}}, {"name":"intermediate_2", "id":4, "estimatedCard":1624273, "isIntermediate":true, "attributes":[{"name":"id", "dataUnitId":4, "attributeIndex":0, "size":4}, {"name":"creationdate", "dataUnitId":4, "attributeIndex":1, "size":8}, {"name":"score", "dataUnitId":4, "attributeIndex":2, "size":4}, {"name":"viewcount", "dataUnitId":4, "attributeIndex":3, "size":4}, {"name":"owneruserid", "dataUnitId":4, "attributeIndex":4, "size":4}, {"name":"title", "dataUnitId":4, "attributeIndex":5, "size":10}, {"name":"id", "dataUnitId":4, "attributeIndex":6, "size":4}, {"name":"displayname", "dataUnitId":4, "attributeIndex":7, "size":10}, {"name":"id", "dataUnitId":4, "attributeIndex":8, "size":4}, {"name":"postid", "dataUnitId":4, "attributeIndex":9, "size":4}], "partitionLayout":{"type":"hashpartitioned", "nPartitions":16, "attributes":[{"name":"id", "dataUnitId":4, "attributeIndex":0, "size":4}]}}, {"name":"posts", "id":5, "estimatedCard":3850129, "isIntermediate":false, "attributes":[{"name":"id", "dataUnitId":5, "attributeIndex":0, "size":4}, {"name":"posttypeid", "dataUnitId":5, "attributeIndex":1, "size":2}, {"name":"acceptedanswerid", "dataUnitId":5, "attributeIndex":2, "size":4}, {"name":"parentid", "dataUnitId":5, "attributeIndex":3, "size":4}, {"name":"creationdate", "dataUnitId":5, "attributeIndex":4, "size":8}, {"name":"score", "dataUnitId":5, "attributeIndex":5, "size":4}, {"name":"viewcount", "dataUnitId":5, "attributeIndex":6, "size":4}, {"name":"body", "dataUnitId":5, "attributeIndex":7, "size":10}, {"name":"owneruserid", "dataUnitId":5, "attributeIndex":8, "size":4}, {"name":"ownerdisplayname", "dataUnitId":5, "attributeIndex":9, "size":10}, {"name":"lasteditoruserid", "dataUnitId":5, "attributeIndex":10, "size":4}, {"name":"lasteditordisplayname", "dataUnitId":5, "attributeIndex":11, "size":10}, {"name":"lasteditdate", "dataUnitId":5, "attributeIndex":12, "size":8}, {"name":"lastactivitydate", "dataUnitId":5, "attributeIndex":13, "size":8}, {"name":"title", "dataUnitId":5, "attributeIndex":14, "size":10}, {"name":"tags", "dataUnitId":5, "attributeIndex":15, "size":10}, {"name":"answercount", "dataUnitId":5, "attributeIndex":16, "size":4}, {"name":"commentcount", "dataUnitId":5, "attributeIndex":17, "size":4}, {"name":"favoritecount", "dataUnitId":5, "attributeIndex":18, "size":4}, {"name":"closeddate", "dataUnitId":5, "attributeIndex":19, "size":8}, {"name":"communityowneddate", "dataUnitId":5, "attributeIndex":20, "size":8}, {"name":"contentlicense", "dataUnitId":5, "attributeIndex":21, "size":10}], "partitionLayout":{"type":"hashpartitioned", "nPartitions":16, "attributes":[{"name":"id", "dataUnitId":5, "attributeIndex":0, "size":4}]}}, {"name":"intermediate_3", "id":6, "estimatedCard":3412379.46052403376, "isIntermediate":true, "attributes":[{"name":"id", "dataUnitId":6, "attributeIndex":0, "size":4}, {"name":"title", "dataUnitId":6, "attributeIndex":1, "size":10}, {"name":"creationdate", "dataUnitId":6, "attributeIndex":2, "size":8}, {"name":"viewcount", "dataUnitId":6, "attributeIndex":3, "size":4}, {"name":"score", "dataUnitId":6, "attributeIndex":4, "size":4}, {"name":"displayname", "dataUnitId":6, "attributeIndex":5, "size":10}, {"name":"count(id)", "dataUnitId":6, "attributeIndex":6, "size":8}], "partitionLayout":{"type":"hashpartitioned", "nPartitions":16, "attributes":[{"name":"id", "dataUnitId":4, "attributeIndex":0, "size":4}]}}, {"name":"comments", "id":7, "estimatedCard":7241857, "isIntermediate":false, "attributes":[{"name":"id", "dataUnitId":7, "attributeIndex":0, "size":4}, {"name":"postid", "dataUnitId":7, "attributeIndex":1, "size":4}, {"name":"score", "dataUnitId":7, "attributeIndex":2, "size":4}, {"name":"text", "dataUnitId":7, "attributeIndex":3, "size":10}, {"name":"creationdate", "dataUnitId":7, "attributeIndex":4, "size":8}, {"name":"userdisplayname", "dataUnitId":7, "attributeIndex":5, "size":10}, {"name":"userid", "dataUnitId":7, "attributeIndex":6, "size":4}, {"name":"contentlicense", "dataUnitId":7, "attributeIndex":7, "size":10}], "partitionLayout":{"type":"hashpartitioned", "nPartitions":16, "attributes":[{"name":"postid", "dataUnitId":7, "attributeIndex":1, "size":4}]}}, {"name":"intermediate_4", "id":8, "estimatedCard":3857035.80374695314, "isIntermediate":true, "attributes":[{"name":"postid", "dataUnitId":8, "attributeIndex":0, "size":4}, {"name":"countstar(*)", "dataUnitId":8, "attributeIndex":1, "size":8}], "partitionLayout":{"type":"hashpartitioned", "nPartitions":16, "attributes":[{"name":"postid", "dataUnitId":9, "attributeIndex":1, "size":4}]}}, {"name":"votes", "id":9, "estimatedCard":12744093, "isIntermediate":false, "attributes":[{"name":"id", "dataUnitId":9, "attributeIndex":0, "size":4}, {"name":"postid", "dataUnitId":9, "attributeIndex":1, "size":4}, {"name":"votetypeid", "dataUnitId":9, "attributeIndex":2, "size":2}, {"name":"userid", "dataUnitId":9, "attributeIndex":3, "size":4}, {"name":"creationdate", "dataUnitId":9, "attributeIndex":4, "size":8}, {"name":"bountyamount", "dataUnitId":9, "attributeIndex":5, "size":4}], "partitionLayout":{"type":"hashpartitioned", "nPartitions":16, "attributes":[{"name":"postid", "dataUnitId":9, "attributeIndex":1, "size":4}]}}, {"name":"intermediate_5", "id":10, "estimatedCard":3412379.46052403376, "isIntermediate":true, "attributes":[{"name":"id", "dataUnitId":10, "attributeIndex":0, "size":4}, {"name":"title", "dataUnitId":10, "attributeIndex":1, "size":10}, {"name":"creationdate", "dataUnitId":10, "attributeIndex":2, "size":8}, {"name":"viewcount", "dataUnitId":10, "attributeIndex":3, "size":4}, {"name":"score", "dataUnitId":10, "attributeIndex":4, "size":4}, {"name":"displayname", "dataUnitId":10, "attributeIndex":5, "size":10}, {"name":"count(id)", "dataUnitId":10, "attributeIndex":6, "size":8}], "partitionLayout":{"type":"hashpartitioned", "nPartitions":16, "attributes":[{"name":"id", "dataUnitId":4, "attributeIndex":0, "size":4}]}}, {"name":"intermediate_6", "id":11, "estimatedCard":3412379.46052403376, "isIntermediate":true, "attributes":[{"name":"id", "dataUnitId":11, "attributeIndex":0, "size":4}, {"name":"title", "dataUnitId":11, "attributeIndex":1, "size":10}, {"name":"creationdate", "dataUnitId":11, "attributeIndex":2, "size":8}, {"name":"viewcount", "dataUnitId":11, "attributeIndex":3, "size":4}, {"name":"score", "dataUnitId":11, "attributeIndex":4, "size":4}, {"name":"displayname", "dataUnitId":11, "attributeIndex":5, "size":10}, {"name":"count(id)", "dataUnitId":11, "attributeIndex":6, "size":8}, {"name":"postid", "dataUnitId":11, "attributeIndex":7, "size":4}, {"name":"id", "dataUnitId":11, "attributeIndex":8, "size":4}, {"name":"countstar(*)", "dataUnitId":11, "attributeIndex":9, "size":8}], "partitionLayout":{"type":"hashpartitioned", "nPartitions":16, "attributes":[{"name":"id", "dataUnitId":11, "attributeIndex":0, "size":4}]}}, {"name":"intermediate_5_shuffled", "id":12, "estimatedCard":3412379.46052403376, "isIntermediate":true, "attributes":[{"name":"id", "dataUnitId":10, "attributeIndex":0, "size":4}, {"name":"title", "dataUnitId":10, "attributeIndex":1, "size":10}, {"name":"creationdate", "dataUnitId":10, "attributeIndex":2, "size":8}, {"name":"viewcount", "dataUnitId":10, "attributeIndex":3, "size":4}, {"name":"score", "dataUnitId":10, "attributeIndex":4, "size":4}, {"name":"displayname", "dataUnitId":10, "attributeIndex":5, "size":10}, {"name":"count(id)", "dataUnitId":10, "attributeIndex":6, "size":8}], "partitionLayout":{"type":"hashpartitioned", "nPartitions":16, "attributes":[{"name":"id", "dataUnitId":10, "attributeIndex":0, "size":4}]}}, {"name":"intermediate_7", "id":13, "estimatedCard":1280233.06171890092, "isIntermediate":true, "attributes":[{"name":"parentid", "dataUnitId":13, "attributeIndex":0, "size":4}, {"name":"countstar(*)", "dataUnitId":13, "attributeIndex":1, "size":8}], "partitionLayout":{"type":"hashpartitioned", "nPartitions":16, "attributes":[{"name":"id", "dataUnitId":14, "attributeIndex":0, "size":4}]}}, {"name":"posts", "id":14, "estimatedCard":3850129, "isIntermediate":false, "attributes":[{"name":"id", "dataUnitId":14, "attributeIndex":0, "size":4}, {"name":"posttypeid", "dataUnitId":14, "attributeIndex":1, "size":2}, {"name":"acceptedanswerid", "dataUnitId":14, "attributeIndex":2, "size":4}, {"name":"parentid", "dataUnitId":14, "attributeIndex":3, "size":4}, {"name":"creationdate", "dataUnitId":14, "attributeIndex":4, "size":8}, {"name":"score", "dataUnitId":14, "attributeIndex":5, "size":4}, {"name":"viewcount", "dataUnitId":14, "attributeIndex":6, "size":4}, {"name":"body", "dataUnitId":14, "attributeIndex":7, "size":10}, {"name":"owneruserid", "dataUnitId":14, "attributeIndex":8, "size":4}, {"name":"ownerdisplayname", "dataUnitId":14, "attributeIndex":9, "size":10}, {"name":"lasteditoruserid", "dataUnitId":14, "attributeIndex":10, "size":4}, {"name":"lasteditordisplayname", "dataUnitId":14, "attributeIndex":11, "size":10}, {"name":"lasteditdate", "dataUnitId":14, "attributeIndex":12, "size":8}, {"name":"lastactivitydate", "dataUnitId":14, "attributeIndex":13, "size":8}, {"name":"title", "dataUnitId":14, "attributeIndex":14, "size":10}, {"name":"tags", "dataUnitId":14, "attributeIndex":15, "size":10}, {"name":"answercount", "dataUnitId":14, "attributeIndex":16, "size":4}, {"name":"commentcount", "dataUnitId":14, "attributeIndex":17, "size":4}, {"name":"favoritecount", "dataUnitId":14, "attributeIndex":18, "size":4}, {"name":"closeddate", "dataUnitId":14, "attributeIndex":19, "size":8}, {"name":"communityowneddate", "dataUnitId":14, "attributeIndex":20, "size":8}, {"name":"contentlicense", "dataUnitId":14, "attributeIndex":21, "size":10}], "partitionLayout":{"type":"hashpartitioned", "nPartitions":16, "attributes":[{"name":"id", "dataUnitId":14, "attributeIndex":0, "size":4}]}}, {"name":"intermediate_8", "id":15, "estimatedCard":1280233.06171890092, "isIntermediate":true, "attributes":[{"name":"parentid", "dataUnitId":15, "attributeIndex":0, "size":4}, {"name":"id", "dataUnitId":15, "attributeIndex":1, "size":4}, {"name":"countstar(*)", "dataUnitId":15, "attributeIndex":2, "size":8}], "partitionLayout":{"type":"broadcast", "nPartitions":1, "attributes":[]}}, {"name":"intermediate_7_shuffled", "id":16, "estimatedCard":1280233.06171890092, "isIntermediate":true, "attributes":[{"name":"parentid", "dataUnitId":13, "attributeIndex":0, "size":4}, {"name":"countstar(*)", "dataUnitId":13, "attributeIndex":1, "size":8}], "partitionLayout":{"type":"broadcast", "nPartitions":1, "attributes":[]}}, {"name":"intermediate_9", "id":17, "estimatedCard":1976, "isIntermediate":true, "attributes":[{"name":"tagname", "dataUnitId":17, "attributeIndex":0, "size":10}, {"name":"id", "dataUnitId":17, "attributeIndex":1, "size":4}, {"name":"tags", "dataUnitId":17, "attributeIndex":2, "size":10}], "partitionLayout":{"type":"broadcast", "nPartitions":1, "attributes":[]}}, {"name":"tags", "id":18, "estimatedCard":1976, "isIntermediate":false, "attributes":[{"name":"id", "dataUnitId":18, "attributeIndex":0, "size":4}, {"name":"tagname", "dataUnitId":18, "attributeIndex":1, "size":10}, {"name":"count", "dataUnitId":18, "attributeIndex":2, "size":4}, {"name":"excerptpostid", "dataUnitId":18, "attributeIndex":3, "size":4}, {"name":"wikipostid", "dataUnitId":18, "attributeIndex":4, "size":4}, {"name":"ismoderatoronly", "dataUnitId":18, "attributeIndex":5, "size":1}, {"name":"isrequired", "dataUnitId":18, "attributeIndex":6, "size":1}], "partitionLayout":{"type":"broadcast", "nPartitions":1, "attributes":[]}}, {"name":"intermediate_10", "id":19, "estimatedCard":1624273, "isIntermediate":true, "attributes":[{"name":"id", "dataUnitId":19, "attributeIndex":0, "size":4}], "partitionLayout":{"type":"hashpartitioned", "nPartitions":16, "attributes":[{"name":"id", "dataUnitId":11, "attributeIndex":0, "size":4}]}}, {"name":"intermediate_11", "id":20, "estimatedCard":1624273, "isIntermediate":true, "attributes":[{"name":"id", "dataUnitId":20, "attributeIndex":0, "size":4}], "partitionLayout":{"type":"broadcast", "nPartitions":1, "attributes":[]}}, {"name":"intermediate_10_shuffled", "id":21, "estimatedCard":1624273, "isIntermediate":true, "attributes":[{"name":"id", "dataUnitId":19, "attributeIndex":0, "size":4}], "partitionLayout":{"type":"broadcast", "nPartitions":1, "attributes":[]}}, {"name":"intermediate_12", "id":22, "estimatedCard":1624273, "isIntermediate":true, "attributes":[{"name":"postid", "dataUnitId":22, "attributeIndex":0, "size":4}, {"name":"id", "dataUnitId":22, "attributeIndex":1, "size":4}, {"name":"countstar(*)", "dataUnitId":22, "attributeIndex":2, "size":8}], "partitionLayout":{"type":"broadcast", "nPartitions":1, "attributes":[]}}, {"name":"intermediate_13", "id":23, "estimatedCard":2432057.13167022914, "isIntermediate":true, "attributes":[{"name":"postid", "dataUnitId":23, "attributeIndex":0, "size":4}, {"name":"id", "dataUnitId":23, "attributeIndex":1, "size":4}, {"name":"countstar(*)", "dataUnitId":23, "attributeIndex":2, "size":8}], "partitionLayout":{"type":"hashpartitioned", "nPartitions":16, "attributes":[{"name":"postid", "dataUnitId":9, "attributeIndex":1, "size":4}]}}, {"name":"intermediate_14", "id":24, "estimatedCard":5109425.44937488064, "isIntermediate":true, "attributes":[{"name":"id", "dataUnitId":24, "attributeIndex":0, "size":4}, {"name":"title", "dataUnitId":24, "attributeIndex":1, "size":10}, {"name":"creationdate", "dataUnitId":24, "attributeIndex":2, "size":8}, {"name":"viewcount", "dataUnitId":24, "attributeIndex":3, "size":4}, {"name":"score", "dataUnitId":24, "attributeIndex":4, "size":4}, {"name":"displayname", "dataUnitId":24, "attributeIndex":5, "size":10}, {"name":"count(id)", "dataUnitId":24, "attributeIndex":6, "size":8}, {"name":"postid", "dataUnitId":24, "attributeIndex":7, "size":4}, {"name":"id", "dataUnitId":24, "attributeIndex":8, "size":4}, {"name":"countstar(*)", "dataUnitId":24, "attributeIndex":9, "size":8}], "partitionLayout":{"type":"hashpartitioned", "nPartitions":16, "attributes":[{"name":"id", "dataUnitId":24, "attributeIndex":0, "size":4}]}}, {"name":"intermediate_13_shuffled", "id":25, "estimatedCard":2432057.13167022914, "isIntermediate":true, "attributes":[{"name":"postid", "dataUnitId":23, "attributeIndex":0, "size":4}, {"name":"id", "dataUnitId":23, "attributeIndex":1, "size":4}, {"name":"countstar(*)", "dataUnitId":23, "attributeIndex":2, "size":8}], "partitionLayout":{"type":"hashpartitioned", "nPartitions":16, "attributes":[{"name":"id", "dataUnitId":20, "attributeIndex":0, "size":4}]}}, {"name":"intermediate_15", "id":26, "estimatedCard":5109425.44937488064, "isIntermediate":true, "attributes":[{"name":"id", "dataUnitId":26, "attributeIndex":0, "size":4}, {"name":"title", "dataUnitId":26, "attributeIndex":1, "size":10}, {"name":"creationdate", "dataUnitId":26, "attributeIndex":2, "size":8}, {"name":"viewcount", "dataUnitId":26, "attributeIndex":3, "size":4}, {"name":"score", "dataUnitId":26, "attributeIndex":4, "size":4}, {"name":"displayname", "dataUnitId":26, "attributeIndex":5, "size":10}, {"name":"count(id)", "dataUnitId":26, "attributeIndex":6, "size":8}, {"name":"parentid", "dataUnitId":26, "attributeIndex":7, "size":4}, {"name":"id", "dataUnitId":26, "attributeIndex":8, "size":4}, {"name":"countstar(*)", "dataUnitId":26, "attributeIndex":9, "size":8}, {"name":"postid", "dataUnitId":26, "attributeIndex":10, "size":4}, {"name":"id", "dataUnitId":26, "attributeIndex":11, "size":4}, {"name":"countstar(*)", "dataUnitId":26, "attributeIndex":12, "size":8}], "partitionLayout":{"type":"hashpartitioned", "nPartitions":16, "attributes":[{"name":"id", "dataUnitId":20, "attributeIndex":0, "size":4}]}}, {"name":"intermediate_14_shuffled", "id":27, "estimatedCard":5109425.44937488064, "isIntermediate":true, "attributes":[{"name":"id", "dataUnitId":24, "attributeIndex":0, "size":4}, {"name":"title", "dataUnitId":24, "attributeIndex":1, "size":10}, {"name":"creationdate", "dataUnitId":24, "attributeIndex":2, "size":8}, {"name":"viewcount", "dataUnitId":24, "attributeIndex":3, "size":4}, {"name":"score", "dataUnitId":24, "attributeIndex":4, "size":4}, {"name":"displayname", "dataUnitId":24, "attributeIndex":5, "size":10}, {"name":"count(id)", "dataUnitId":24, "attributeIndex":6, "size":8}, {"name":"postid", "dataUnitId":24, "attributeIndex":7, "size":4}, {"name":"id", "dataUnitId":24, "attributeIndex":8, "size":4}, {"name":"countstar(*)", "dataUnitId":24, "attributeIndex":9, "size":8}], "partitionLayout":{"type":"hashpartitioned", "nPartitions":16, "attributes":[{"name":"id", "dataUnitId":20, "attributeIndex":0, "size":4}]}}, {"name":"intermediate_16", "id":28, "estimatedCard":1624273, "isIntermediate":true, "attributes":[{"name":"id", "dataUnitId":28, "attributeIndex":0, "size":4}], "partitionLayout":{"type":"hashpartitioned", "nPartitions":16, "attributes":[{"name":"id", "dataUnitId":20, "attributeIndex":0, "size":4}]}}, {"name":"intermediate_17", "id":29, "estimatedCard":1624273, "isIntermediate":true, "attributes":[{"name":"id", "dataUnitId":29, "attributeIndex":0, "size":4}], "partitionLayout":{"type":"broadcast", "nPartitions":1, "attributes":[]}}, {"name":"intermediate_16_shuffled", "id":30, "estimatedCard":1624273, "isIntermediate":true, "attributes":[{"name":"id", "dataUnitId":28, "attributeIndex":0, "size":4}], "partitionLayout":{"type":"broadcast", "nPartitions":1, "attributes":[]}}, {"name":"intermediate_18", "id":31, "estimatedCard":6590945.26497875061, "isIntermediate":true, "attributes":[{"name":"id", "dataUnitId":31, "attributeIndex":0, "size":4}, {"name":"title", "dataUnitId":31, "attributeIndex":1, "size":10}, {"name":"creationdate", "dataUnitId":31, "attributeIndex":2, "size":8}, {"name":"viewcount", "dataUnitId":31, "attributeIndex":3, "size":4}, {"name":"score", "dataUnitId":31, "attributeIndex":4, "size":4}, {"name":"displayname", "dataUnitId":31, "attributeIndex":5, "size":10}, {"name":"count(id)", "dataUnitId":31, "attributeIndex":6, "size":8}, {"name":"tagname", "dataUnitId":31, "attributeIndex":7, "size":10}, {"name":"id", "dataUnitId":31, "attributeIndex":8, "size":4}, {"name":"tags", "dataUnitId":31, "attributeIndex":9, "size":10}, {"name":"parentid", "dataUnitId":31, "attributeIndex":10, "size":4}, {"name":"id", "dataUnitId":31, "attributeIndex":11, "size":4}, {"name":"countstar(*)", "dataUnitId":31, "attributeIndex":12, "size":8}, {"name":"postid", "dataUnitId":31, "attributeIndex":13, "size":4}, {"name":"id", "dataUnitId":31, "attributeIndex":14, "size":4}, {"name":"countstar(*)", "dataUnitId":31, "attributeIndex":15, "size":8}], "partitionLayout":{"type":"hashpartitioned", "nPartitions":16, "attributes":[{"name":"id", "dataUnitId":20, "attributeIndex":0, "size":4}]}}, {"name":"intermediate_19", "id":32, "estimatedCard":1624273, "isIntermediate":true, "attributes":[{"name":"postid", "dataUnitId":32, "attributeIndex":0, "size":4}, {"name":"title", "dataUnitId":32, "attributeIndex":1, "size":10}, {"name":"creationdate", "dataUnitId":32, "attributeIndex":2, "size":8}, {"name":"viewcount", "dataUnitId":32, "attributeIndex":3, "size":4}, {"name":"score", "dataUnitId":32, "attributeIndex":4, "size":4}, {"name":"ownerdisplayname", "dataUnitId":32, "attributeIndex":5, "size":10}, {"name":"commentcount", "dataUnitId":32, "attributeIndex":6, "size":8}, {"name":"votecount", "dataUnitId":32, "attributeIndex":7, "size":8}, {"name":"answercount", "dataUnitId":32, "attributeIndex":8, "size":8}, {"name":"stringagg(tagname, )", "dataUnitId":32, "attributeIndex":9, "size":10}], "partitionLayout":{"type":"hashpartitioned", "nPartitions":16, "attributes":[{"name":"id", "dataUnitId":20, "attributeIndex":0, "size":4}]}}, {"name":"posts", "id":33, "estimatedCard":3850129, "isIntermediate":false, "attributes":[{"name":"id", "dataUnitId":33, "attributeIndex":0, "size":4}, {"name":"posttypeid", "dataUnitId":33, "attributeIndex":1, "size":2}, {"name":"acceptedanswerid", "dataUnitId":33, "attributeIndex":2, "size":4}, {"name":"parentid", "dataUnitId":33, "attributeIndex":3, "size":4}, {"name":"creationdate", "dataUnitId":33, "attributeIndex":4, "size":8}, {"name":"score", "dataUnitId":33, "attributeIndex":5, "size":4}, {"name":"viewcount", "dataUnitId":33, "attributeIndex":6, "size":4}, {"name":"body", "dataUnitId":33, "attributeIndex":7, "size":10}, {"name":"owneruserid", "dataUnitId":33, "attributeIndex":8, "size":4}, {"name":"ownerdisplayname", "dataUnitId":33, "attributeIndex":9, "size":10}, {"name":"lasteditoruserid", "dataUnitId":33, "attributeIndex":10, "size":4}, {"name":"lasteditordisplayname", "dataUnitId":33, "attributeIndex":11, "size":10}, {"name":"lasteditdate", "dataUnitId":33, "attributeIndex":12, "size":8}, {"name":"lastactivitydate", "dataUnitId":33, "attributeIndex":13, "size":8}, {"name":"title", "dataUnitId":33, "attributeIndex":14, "size":10}, {"name":"tags", "dataUnitId":33, "attributeIndex":15, "size":10}, {"name":"answercount", "dataUnitId":33, "attributeIndex":16, "size":4}, {"name":"commentcount", "dataUnitId":33, "attributeIndex":17, "size":4}, {"name":"favoritecount", "dataUnitId":33, "attributeIndex":18, "size":4}, {"name":"closeddate", "dataUnitId":33, "attributeIndex":19, "size":8}, {"name":"communityowneddate", "dataUnitId":33, "attributeIndex":20, "size":8}, {"name":"contentlicense", "dataUnitId":33, "attributeIndex":21, "size":10}], "partitionLayout":{"type":"hashpartitioned", "nPartitions":16, "attributes":[{"name":"id", "dataUnitId":33, "attributeIndex":0, "size":4}]}}, {"name":"intermediate_20", "id":34, "estimatedCard":1624273, "isIntermediate":true, "attributes":[{"name":"postid", "dataUnitId":34, "attributeIndex":0, "size":4}, {"name":"title", "dataUnitId":34, "attributeIndex":1, "size":10}, {"name":"creationdate", "dataUnitId":34, "attributeIndex":2, "size":8}, {"name":"viewcount", "dataUnitId":34, "attributeIndex":3, "size":4}, {"name":"score", "dataUnitId":34, "attributeIndex":4, "size":4}, {"name":"ownerdisplayname", "dataUnitId":34, "attributeIndex":5, "size":10}, {"name":"commentcount", "dataUnitId":34, "attributeIndex":6, "size":8}, {"name":"votecount", "dataUnitId":34, "attributeIndex":7, "size":8}, {"name":"answercount", "dataUnitId":34, "attributeIndex":8, "size":8}, {"name":"stringagg(tagname, )", "dataUnitId":34, "attributeIndex":9, "size":10}], "partitionLayout":{"type":"hashpartitioned", "nPartitions":16, "attributes":[{"name":"id", "dataUnitId":20, "attributeIndex":0, "size":4}]}}, {"name":"intermediate_21", "id":35, "estimatedCard":1624273, "isIntermediate":true, "attributes":[{"name":"postid", "dataUnitId":35, "attributeIndex":0, "size":4}, {"name":"title", "dataUnitId":35, "attributeIndex":1, "size":10}, {"name":"creationdate", "dataUnitId":35, "attributeIndex":2, "size":8}, {"name":"viewcount", "dataUnitId":35, "attributeIndex":3, "size":4}, {"name":"score", "dataUnitId":35, "attributeIndex":4, "size":4}, {"name":"ownerdisplayname", "dataUnitId":35, "attributeIndex":5, "size":10}, {"name":"commentcount", "dataUnitId":35, "attributeIndex":6, "size":8}, {"name":"votecount", "dataUnitId":35, "attributeIndex":7, "size":8}, {"name":"answercount", "dataUnitId":35, "attributeIndex":8, "size":8}, {"name":"stringagg(tagname, )", "dataUnitId":35, "attributeIndex":9, "size":10}], "partitionLayout":{"type":"hashpartitioned", "nPartitions":16, "attributes":[{"name":"id", "dataUnitId":20, "attributeIndex":0, "size":4}]}}, {"name":"intermediate_21_shuffled", "id":36, "estimatedCard":1624273, "isIntermediate":true, "attributes":[{"name":"postid", "dataUnitId":35, "attributeIndex":0, "size":4}, {"name":"title", "dataUnitId":35, "attributeIndex":1, "size":10}, {"name":"creationdate", "dataUnitId":35, "attributeIndex":2, "size":8}, {"name":"viewcount", "dataUnitId":35, "attributeIndex":3, "size":4}, {"name":"score", "dataUnitId":35, "attributeIndex":4, "size":4}, {"name":"ownerdisplayname", "dataUnitId":35, "attributeIndex":5, "size":10}, {"name":"commentcount", "dataUnitId":35, "attributeIndex":6, "size":8}, {"name":"votecount", "dataUnitId":35, "attributeIndex":7, "size":8}, {"name":"answercount", "dataUnitId":35, "attributeIndex":8, "size":8}, {"name":"stringagg(tagname, )", "dataUnitId":35, "attributeIndex":9, "size":10}], "partitionLayout":{"type":"singlenode", "nPartitions":1, "attributes":[]}}], "pipelines":[{"id":0, "scan":1, "output":0, "estimatedLoad":1.11301293191803018e-10, "requiredData":[]}, {"id":1, "scan":3, "output":2, "estimatedLoad":1.19297924944123321e-08, "requiredData":[]}, {"id":2, "scan":5, "output":4, "estimatedLoad":5.05909412937511855e-09, "requiredData":[2]}, {"id":3, "scan":7, "output":6, "estimatedLoad":8.50629977891955667e-09, "requiredData":[4]}, {"id":4, "scan":9, "output":8, "estimatedLoad":1.05637471885054585e-08, "requiredData":[]}, {"id":5, "scan":6, "output":10, "estimatedLoad":1.42187394704658357e-06, "requiredData":[]}, {"id":6, "scan":12, "output":11, "estimatedLoad":1.10933115864466991e-08, "requiredData":[]}, {"id":7, "scan":14, "output":13, "estimatedLoad":4.63852288837081534e-09, "requiredData":[]}, {"id":8, "scan":16, "output":15, "estimatedLoad":1.63253417593280231e-09, "requiredData":[]}, {"id":9, "scan":18, "output":17, "estimatedLoad":4.42962844107892937e-08, "requiredData":[]}, {"id":10, "scan":11, "output":19, "estimatedLoad":2.37338612218586429e-06, "requiredData":[]}, {"id":11, "scan":21, "output":20, "estimatedLoad":1.36158919792182458e-06, "requiredData":[]}, {"id":12, "scan":20, "output":22, "estimatedLoad":1.07595875196445811e-06, "requiredData":[]}, {"id":13, "scan":8, "output":23, "estimatedLoad":1.61572661161110232e-09, "requiredData":[22]}, {"id":14, "scan":25, "output":24, "estimatedLoad":1.70333327349325846e-08, "requiredData":[11]}, {"id":15, "scan":27, "output":26, "estimatedLoad":1.22052526993457715e-08, "requiredData":[]}, {"id":16, "scan":26, "output":28, "estimatedLoad":2.37338612218586429e-06, "requiredData":[]}, {"id":17, "scan":30, "output":29, "estimatedLoad":1.36158919792182458e-06, "requiredData":[]}, {"id":18, "scan":29, "output":31, "estimatedLoad":3.35907877261808357e-06, "requiredData":[15, 26]}, {"id":19, "scan":33, "output":32, "estimatedLoad":5.39457915287731899e-07, "requiredData":[17, 31]}, {"id":20, "scan":32, "output":34, "estimatedLoad":3.05350783630922866e-08, "requiredData":[]}, {"id":21, "scan":34, "output":35, "estimatedLoad":3.29522915889991863e-06, "requiredData":[]}], "shuffleStages":[{"from":35, "to":36}, {"from":28, "to":30}, {"from":24, "to":27}, {"from":19, "to":21}, {"from":23, "to":25}, {"from":10, "to":12}, {"from":13, "to":16}, {"from":0, "to":3}], "dependencyOrder":[0, 1, 2, 3, 4, 5, 6, 7, 8, 9, 10, 11, 12, 13, 14, 15, 16, 17, 18, 19, 20, 21]}, "tasks":[{"k":21, "v":[{"pipelineId":21, "scannedPartition":{"dataUnitId":34, "partitionIndex":0}, "requiredPartitions":[], "outputPartition":{"dataUnitId":35, "partitionIndex":0}, "broadcast":false}, {"pipelineId":21, "scannedPartition":{"dataUnitId":34, "partitionIndex":1}, "requiredPartitions":[], "outputPartition":{"dataUnitId":35, "partitionIndex":1}, "broadcast":false}, {"pipelineId":21, "scannedPartition":{"dataUnitId":34, "partitionIndex":2}, "requiredPartitions":[], "outputPartition":{"dataUnitId":35, "partitionIndex":2}, "broadcast":false}, {"pipelineId":21, "scannedPartition":{"dataUnitId":34, "partitionIndex":3}, "requiredPartitions":[], "outputPartition":{"dataUnitId":35, "partitionIndex":3}, "broadcast":false}, {"pipelineId":21, "scannedPartition":{"dataUnitId":34, "partitionIndex":4}, "requiredPartitions":[], "outputPartition":{"dataUnitId":35, "partitionIndex":4}, "broadcast":false}, {"pipelineId":21, "scannedPartition":{"dataUnitId":34, "partitionIndex":5}, "requiredPartitions":[], "outputPartition":{"dataUnitId":35, "partitionIndex":5}, "broadcast":false}, {"pipelineId":21, "scannedPartition":{"dataUnitId":34, "partitionIndex":6}, "requiredPartitions":[], "outputPartition":{"dataUnitId":35, "partitionIndex":6}, "broadcast":false}, {"pipelineId":21, "scannedPartition":{"dataUnitId":34, "partitionIndex":7}, "requiredPartitions":[], "outputPartition":{"dataUnitId":35, "partitionIndex":7}, "broadcast":false}, {"pipelineId":21, "scannedPartition":{"dataUnitId":34, "partitionIndex":8}, "requiredPartitions":[], "outputPartition":{"dataUnitId":35, "partitionIndex":8}, "broadcast":false}, {"pipelineId":21, "scannedPartition":{"dataUnitId":34, "partitionIndex":9}, "requiredPartitions":[], "outputPartition":{"dataUnitId":35, "partitionIndex":9}, "broadcast":false}, {"pipelineId":21, "scannedPartition":{"dataUnitId":34, "partitionIndex":10}, "requiredPartitions":[], "outputPartition":{"dataUnitId":35, "partitionIndex":10}, "broadcast":false}, {"pipelineId":21, "scannedPartition":{"dataUnitId":34, "partitionIndex":11}, "requiredPartitions":[], "outputPartition":{"dataUnitId":35, "partitionIndex":11}, "broadcast":false}, {"pipelineId":21, "scannedPartition":{"dataUnitId":34, "partitionIndex":12}, "requiredPartitions":[], "outputPartition":{"dataUnitId":35, "partitionIndex":12}, "broadcast":false}, {"pipelineId":21, "scannedPartition":{"dataUnitId":34, "partitionIndex":13}, "requiredPartitions":[], "outputPartition":{"dataUnitId":35, "partitionIndex":13}, "broadcast":false}, {"pipelineId":21, "scannedPartition":{"dataUnitId":34, "partitionIndex":14}, "requiredPartitions":[], "outputPartition":{"dataUnitId":35, "partitionIndex":14}, "broadcast":false}, {"pipelineId":21, "scannedPartition":{"dataUnitId":34, "partitionIndex":15}, "requiredPartitions":[], "outputPartition":{"dataUnitId":35, "partitionIndex":15}, "broadcast":false}]}, {"k":20, "v":[{"pipelineId":20, "scannedPartition":{"dataUnitId":32, "partitionIndex":0}, "requiredPartitions":[], "outputPartition":{"dataUnitId":34, "partitionIndex":0}, "broadcast":false}, {"pipelineId":20, "scannedPartition":{"dataUnitId":32, "partitionIndex":1}, "requiredPartitions":[], "outputPartition":{"dataUnitId":34, "partitionIndex":1}, "broadcast":false}, {"pipelineId":20, "scannedPartition":{"dataUnitId":32, "partitionIndex":2}, "requiredPartitions":[], "outputPartition":{"dataUnitId":34, "partitionIndex":2}, "broadcast":false}, {"pipelineId":20, "scannedPartition":{"dataUnitId":32, "partitionIndex":3}, "requiredPartitions":[], "outputPartition":{"dataUnitId":34, "partitionIndex":3}, "broadcast":false}, {"pipelineId":20, "scannedPartition":{"dataUnitId":32, "partitionIndex":4}, "requiredPartitions":[], "outputPartition":{"dataUnitId":34, "partitionIndex":4}, "broadcast":false}, {"pipelineId":20, "scannedPartition":{"dataUnitId":32, "partitionIndex":5}, "requiredPartitions":[], "outputPartition":{"dataUnitId":34, "partitionIndex":5}, "broadcast":false}, {"pipelineId":20, "scannedPartition":{"dataUnitId":32, "partitionIndex":6}, "requiredPartitions":[], "outputPartition":{"dataUnitId":34, "partitionIndex":6}, "broadcast":false}, {"pipelineId":20, "scannedPartition":{"dataUnitId":32, "partitionIndex":7}, "requiredPartitions":[], "outputPartition":{"dataUnitId":34, "partitionIndex":7}, "broadcast":false}, {"pipelineId":20, "scannedPartition":{"dataUnitId":32, "partitionIndex":8}, "requiredPartitions":[], "outputPartition":{"dataUnitId":34, "partitionIndex":8}, "broadcast":false}, {"pipelineId":20, "scannedPartition":{"dataUnitId":32, "partitionIndex":9}, "requiredPartitions":[], "outputPartition":{"dataUnitId":34, "partitionIndex":9}, "broadcast":false}, {"pipelineId":20, "scannedPartition":{"dataUnitId":32, "partitionIndex":10}, "requiredPartitions":[], "outputPartition":{"dataUnitId":34, "partitionIndex":10}, "broadcast":false}, {"pipelineId":20, "scannedPartition":{"dataUnitId":32, "partitionIndex":11}, "requiredPartitions":[], "outputPartition":{"dataUnitId":34, "partitionIndex":11}, "broadcast":false}, {"pipelineId":20, "scannedPartition":{"dataUnitId":32, "partitionIndex":12}, "requiredPartitions":[], "outputPartition":{"dataUnitId":34, "partitionIndex":12}, "broadcast":false}, {"pipelineId":20, "scannedPartition":{"dataUnitId":32, "partitionIndex":13}, "requiredPartitions":[], "outputPartition":{"dataUnitId":34, "partitionIndex":13}, "broadcast":false}, {"pipelineId":20, "scannedPartition":{"dataUnitId":32, "partitionIndex":14}, "requiredPartitions":[], "outputPartition":{"dataUnitId":34, "partitionIndex":14}, "broadcast":false}, {"pipelineId":20, "scannedPartition":{"dataUnitId":32, "partitionIndex":15}, "requiredPartitions":[], "outputPartition":{"dataUnitId":34, "partitionIndex":15}, "broadcast":false}]}, {"k":19, "v":[{"pipelineId":19, "scannedPartition":{"dataUnitId":33, "partitionIndex":0}, "requiredPartitions":[{"dataUnitId":17, "partitionIndex":0}, {"dataUnitId":31, "partitionIndex":0}], "outputPartition":{"dataUnitId":32, "partitionIndex":0}, "broadcast":false}, {"pipelineId":19, "scannedPartition":{"dataUnitId":33, "partitionIndex":1}, "requiredPartitions":[{"dataUnitId":17, "partitionIndex":0}, {"dataUnitId":31, "partitionIndex":1}], "outputPartition":{"dataUnitId":32, "partitionIndex":1}, "broadcast":false}, {"pipelineId":19, "scannedPartition":{"dataUnitId":33, "partitionIndex":2}, "requiredPartitions":[{"dataUnitId":17, "partitionIndex":0}, {"dataUnitId":31, "partitionIndex":2}], "outputPartition":{"dataUnitId":32, "partitionIndex":2}, "broadcast":false}, {"pipelineId":19, "scannedPartition":{"dataUnitId":33, "partitionIndex":3}, "requiredPartitions":[{"dataUnitId":17, "partitionIndex":0}, {"dataUnitId":31, "partitionIndex":3}], "outputPartition":{"dataUnitId":32, "partitionIndex":3}, "broadcast":false}, {"pipelineId":19, "scannedPartition":{"dataUnitId":33, "partitionIndex":4}, "requiredPartitions":[{"dataUnitId":17, "partitionIndex":0}, {"dataUnitId":31, "partitionIndex":4}], "outputPartition":{"dataUnitId":32, "partitionIndex":4}, "broadcast":false}, {"pipelineId":19, "scannedPartition":{"dataUnitId":33, "partitionIndex":5}, "requiredPartitions":[{"dataUnitId":17, "partitionIndex":0}, {"dataUnitId":31, "partitionIndex":5}], "outputPartition":{"dataUnitId":32, "partitionIndex":5}, "broadcast":false}, {"pipelineId":19, "scannedPartition":{"dataUnitId":33, "partitionIndex":6}, "requiredPartitions":[{"dataUnitId":17, "partitionIndex":0}, {"dataUnitId":31, "partitionIndex":6}], "outputPartition":{"dataUnitId":32, "partitionIndex":6}, "broadcast":false}, {"pipelineId":19, "scannedPartition":{"dataUnitId":33, "partitionIndex":7}, "requiredPartitions":[{"dataUnitId":17, "partitionIndex":0}, {"dataUnitId":31, "partitionIndex":7}], "outputPartition":{"dataUnitId":32, "partitionIndex":7}, "broadcast":false}, {"pipelineId":19, "scannedPartition":{"dataUnitId":33, "partitionIndex":8}, "requiredPartitions":[{"dataUnitId":17, "partitionIndex":0}, {"dataUnitId":31, "partitionIndex":8}], "outputPartition":{"dataUnitId":32, "partitionIndex":8}, "broadcast":false}, {"pipelineId":19, "scannedPartition":{"dataUnitId":33, "partitionIndex":9}, "requiredPartitions":[{"dataUnitId":17, "partitionIndex":0}, {"dataUnitId":31, "partitionIndex":9}], "outputPartition":{"dataUnitId":32, "partitionIndex":9}, "broadcast":false}, {"pipelineId":19, "scannedPartition":{"dataUnitId":33, "partitionIndex":10}, "requiredPartitions":[{"dataUnitId":17, "partitionIndex":0}, {"dataUnitId":31, "partitionIndex":10}], "outputPartition":{"dataUnitId":32, "partitionIndex":10}, "broadcast":false}, {"pipelineId":19, "scannedPartition":{"dataUnitId":33, "partitionIndex":11}, "requiredPartitions":[{"dataUnitId":17, "partitionIndex":0}, {"dataUnitId":31, "partitionIndex":11}], "outputPartition":{"dataUnitId":32, "partitionIndex":11}, "broadcast":false}, {"pipelineId":19, "scannedPartition":{"dataUnitId":33, "partitionIndex":12}, "requiredPartitions":[{"dataUnitId":17, "partitionIndex":0}, {"dataUnitId":31, "partitionIndex":12}], "outputPartition":{"dataUnitId":32, "partitionIndex":12}, "broadcast":false}, {"pipelineId":19, "scannedPartition":{"dataUnitId":33, "partitionIndex":13}, "requiredPartitions":[{"dataUnitId":17, "partitionIndex":0}, {"dataUnitId":31, "partitionIndex":13}], "outputPartition":{"dataUnitId":32, "partitionIndex":13}, "broadcast":false}, {"pipelineId":19, "scannedPartition":{"dataUnitId":33, "partitionIndex":14}, "requiredPartitions":[{"dataUnitId":17, "partitionIndex":0}, {"dataUnitId":31, "partitionIndex":14}], "outputPartition":{"dataUnitId":32, "partitionIndex":14}, "broadcast":false}, {"pipelineId":19, "scannedPartition":{"dataUnitId":33, "partitionIndex":15}, "requiredPartitions":[{"dataUnitId":17, "partitionIndex":0}, {"dataUnitId":31, "partitionIndex":15}], "outputPartition":{"dataUnitId":32, "partitionIndex":15}, "broadcast":false}]}, {"k":0, "v":[{"pipelineId":0, "scannedPartition":{"dataUnitId":1, "partitionIndex":0}, "requiredPartitions":[], "outputPartition":{"dataUnitId":0, "partitionIndex":0}, "broadcast":false}, {"pipelineId":0, "scannedPartition":{"dataUnitId":1, "partitionIndex":1}, "requiredPartitions":[], "outputPartition":{"dataUnitId":0, "partitionIndex":1}, "broadcast":false}, {"pipelineId":0, "scannedPartition":{"dataUnitId":1, "partitionIndex":2}, "requiredPartitions":[], "outputPartition":{"dataUnitId":0, "partitionIndex":2}, "broadcast":false}, {"pipelineId":0, "scannedPartition":{"dataUnitId":1, "partitionIndex":3}, "requiredPartitions":[], "outputPartition":{"dataUnitId":0, "partitionIndex":3}, "broadcast":false}, {"pipelineId":0, "scannedPartition":{"dataUnitId":1, "partitionIndex":4}, "requiredPartitions":[], "outputPartition":{"dataUnitId":0, "partitionIndex":4}, "broadcast":false}, {"pipelineId":0, "scannedPartition":{"dataUnitId":1, "partitionIndex":5}, "requiredPartitions":[], "outputPartition":{"dataUnitId":0, "partitionIndex":5}, "broadcast":false}, {"pipelineId":0, "scannedPartition":{"dataUnitId":1, "partitionIndex":6}, "requiredPartitions":[], "outputPartition":{"dataUnitId":0, "partitionIndex":6}, "broadcast":false}, {"pipelineId":0, "scannedPartition":{"dataUnitId":1, "partitionIndex":7}, "requiredPartitions":[], "outputPartition":{"dataUnitId":0, "partitionIndex":7}, "broadcast":false}, {"pipelineId":0, "scannedPartition":{"dataUnitId":1, "partitionIndex":8}, "requiredPartitions":[], "outputPartition":{"dataUnitId":0, "partitionIndex":8}, "broadcast":false}, {"pipelineId":0, "scannedPartition":{"dataUnitId":1, "partitionIndex":9}, "requiredPartitions":[], "outputPartition":{"dataUnitId":0, "partitionIndex":9}, "broadcast":false}, {"pipelineId":0, "scannedPartition":{"dataUnitId":1, "partitionIndex":10}, "requiredPartitions":[], "outputPartition":{"dataUnitId":0, "partitionIndex":10}, "broadcast":false}, {"pipelineId":0, "scannedPartition":{"dataUnitId":1, "partitionIndex":11}, "requiredPartitions":[], "outputPartition":{"dataUnitId":0, "partitionIndex":11}, "broadcast":false}, {"pipelineId":0, "scannedPartition":{"dataUnitId":1, "partitionIndex":12}, "requiredPartitions":[], "outputPartition":{"dataUnitId":0, "partitionIndex":12}, "broadcast":false}, {"pipelineId":0, "scannedPartition":{"dataUnitId":1, "partitionIndex":13}, "requiredPartitions":[], "outputPartition":{"dataUnitId":0, "partitionIndex":13}, "broadcast":false}, {"pipelineId":0, "scannedPartition":{"dataUnitId":1, "partitionIndex":14}, "requiredPartitions":[], "outputPartition":{"dataUnitId":0, "partitionIndex":14}, "broadcast":false}, {"pipelineId":0, "scannedPartition":{"dataUnitId":1, "partitionIndex":15}, "requiredPartitions":[], "outputPartition":{"dataUnitId":0, "partitionIndex":15}, "broadcast":false}]}, {"k":13, "v":[{"pipelineId":13, "scannedPartition":{"dataUnitId":8, "partitionIndex":0}, "requiredPartitions":[{"dataUnitId":22, "partitionIndex":0}], "outputPartition":{"dataUnitId":23, "partitionIndex":0}, "broadcast":false}, {"pipelineId":13, "scannedPartition":{"dataUnitId":8, "partitionIndex":1}, "requiredPartitions":[{"dataUnitId":22, "partitionIndex":0}], "outputPartition":{"dataUnitId":23, "partitionIndex":1}, "broadcast":false}, {"pipelineId":13, "scannedPartition":{"dataUnitId":8, "partitionIndex":2}, "requiredPartitions":[{"dataUnitId":22, "partitionIndex":0}], "outputPartition":{"dataUnitId":23, "partitionIndex":2}, "broadcast":false}, {"pipelineId":13, "scannedPartition":{"dataUnitId":8, "partitionIndex":3}, "requiredPartitions":[{"dataUnitId":22, "partitionIndex":0}], "outputPartition":{"dataUnitId":23, "partitionIndex":3}, "broadcast":false}, {"pipelineId":13, "scannedPartition":{"dataUnitId":8, "partitionIndex":4}, "requiredPartitions":[{"dataUnitId":22, "partitionIndex":0}], "outputPartition":{"dataUnitId":23, "partitionIndex":4}, "broadcast":false}, {"pipelineId":13, "scannedPartition":{"dataUnitId":8, "partitionIndex":5}, "requiredPartitions":[{"dataUnitId":22, "partitionIndex":0}], "outputPartition":{"dataUnitId":23, "partitionIndex":5}, "broadcast":false}, {"pipelineId":13, "scannedPartition":{"dataUnitId":8, "partitionIndex":6}, "requiredPartitions":[{"dataUnitId":22, "partitionIndex":0}], "outputPartition":{"dataUnitId":23, "partitionIndex":6}, "broadcast":false}, {"pipelineId":13, "scannedPartition":{"dataUnitId":8, "partitionIndex":7}, "requiredPartitions":[{"dataUnitId":22, "partitionIndex":0}], "outputPartition":{"dataUnitId":23, "partitionIndex":7}, "broadcast":false}, {"pipelineId":13, "scannedPartition":{"dataUnitId":8, "partitionIndex":8}, "requiredPartitions":[{"dataUnitId":22, "partitionIndex":0}], "outputPartition":{"dataUnitId":23, "partitionIndex":8}, "broadcast":false}, {"pipelineId":13, "scannedPartition":{"dataUnitId":8, "partitionIndex":9}, "requiredPartitions":[{"dataUnitId":22, "partitionIndex":0}], "outputPartition":{"dataUnitId":23, "partitionIndex":9}, "broadcast":false}, {"pipelineId":13, "scannedPartition":{"dataUnitId":8, "partitionIndex":10}, "requiredPartitions":[{"dataUnitId":22, "partitionIndex":0}], "outputPartition":{"dataUnitId":23, "partitionIndex":10}, "broadcast":false}, {"pipelineId":13, "scannedPartition":{"dataUnitId":8, "partitionIndex":11}, "requiredPartitions":[{"dataUnitId":22, "partitionIndex":0}], "outputPartition":{"dataUnitId":23, "partitionIndex":11}, "broadcast":false}, {"pipelineId":13, "scannedPartition":{"dataUnitId":8, "partitionIndex":12}, "requiredPartitions":[{"dataUnitId":22, "partitionIndex":0}], "outputPartition":{"dataUnitId":23, "partitionIndex":12}, "broadcast":false}, {"pipelineId":13, "scannedPartition":{"dataUnitId":8, "partitionIndex":13}, "requiredPartitions":[{"dataUnitId":22, "partitionIndex":0}], "outputPartition":{"dataUnitId":23, "partitionIndex":13}, "broadcast":false}, {"pipelineId":13, "scannedPartition":{"dataUnitId":8, "partitionIndex":14}, "requiredPartitions":[{"dataUnitId":22, "partitionIndex":0}], "outputPartition":{"dataUnitId":23, "partitionIndex":14}, "broadcast":false}, {"pipelineId":13, "scannedPartition":{"dataUnitId":8, "partitionIndex":15}, "requiredPartitions":[{"dataUnitId":22, "partitionIndex":0}], "outputPartition":{"dataUnitId":23, "partitionIndex":15}, "broadcast":false}]}, {"k":2, "v":[{"pipelineId":2, "scannedPartition":{"dataUnitId":5, "partitionIndex":0}, "requiredPartitions":[{"dataUnitId":2, "partitionIndex":0}], "outputPartition":{"dataUnitId":4, "partitionIndex":0}, "broadcast":false}, {"pipelineId":2, "scannedPartition":{"dataUnitId":5, "partitionIndex":1}, "requiredPartitions":[{"dataUnitId":2, "partitionIndex":0}], "outputPartition":{"dataUnitId":4, "partitionIndex":1}, "broadcast":false}, {"pipelineId":2, "scannedPartition":{"dataUnitId":5, "partitionIndex":2}, "requiredPartitions":[{"dataUnitId":2, "partitionIndex":0}], "outputPartition":{"dataUnitId":4, "partitionIndex":2}, "broadcast":false}, {"pipelineId":2, "scannedPartition":{"dataUnitId":5, "partitionIndex":3}, "requiredPartitions":[{"dataUnitId":2, "partitionIndex":0}], "outputPartition":{"dataUnitId":4, "partitionIndex":3}, "broadcast":false}, {"pipelineId":2, "scannedPartition":{"dataUnitId":5, "partitionIndex":4}, "requiredPartitions":[{"dataUnitId":2, "partitionIndex":0}], "outputPartition":{"dataUnitId":4, "partitionIndex":4}, "broadcast":false}, {"pipelineId":2, "scannedPartition":{"dataUnitId":5, "partitionIndex":5}, "requiredPartitions":[{"dataUnitId":2, "partitionIndex":0}], "outputPartition":{"dataUnitId":4, "partitionIndex":5}, "broadcast":false}, {"pipelineId":2, "scannedPartition":{"dataUnitId":5, "partitionIndex":6}, "requiredPartitions":[{"dataUnitId":2, "partitionIndex":0}], "outputPartition":{"dataUnitId":4, "partitionIndex":6}, "broadcast":false}, {"pipelineId":2, "scannedPartition":{"dataUnitId":5, "partitionIndex":7}, "requiredPartitions":[{"dataUnitId":2, "partitionIndex":0}], "outputPartition":{"dataUnitId":4, "partitionIndex":7}, "broadcast":false}, {"pipelineId":2, "scannedPartition":{"dataUnitId":5, "partitionIndex":8}, "requiredPartitions":[{"dataUnitId":2, "partitionIndex":0}], "outputPartition":{"dataUnitId":4, "partitionIndex":8}, "broadcast":false}, {"pipelineId":2, "scannedPartition":{"dataUnitId":5, "partitionIndex":9}, "requiredPartitions":[{"dataUnitId":2, "partitionIndex":0}], "outputPartition":{"dataUnitId":4, "partitionIndex":9}, "broadcast":false}, {"pipelineId":2, "scannedPartition":{"dataUnitId":5, "partitionIndex":10}, "requiredPartitions":[{"dataUnitId":2, "partitionIndex":0}], "outputPartition":{"dataUnitId":4, "partitionIndex":10}, "broadcast":false}, {"pipelineId":2, "scannedPartition":{"dataUnitId":5, "partitionIndex":11}, "requiredPartitions":[{"dataUnitId":2, "partitionIndex":0}], "outputPartition":{"dataUnitId":4, "partitionIndex":11}, "broadcast":false}, {"pipelineId":2, "scannedPartition":{"dataUnitId":5, "partitionIndex":12}, "requiredPartitions":[{"dataUnitId":2, "partitionIndex":0}], "outputPartition":{"dataUnitId":4, "partitionIndex":12}, "broadcast":false}, {"pipelineId":2, "scannedPartition":{"dataUnitId":5, "partitionIndex":13}, "requiredPartitions":[{"dataUnitId":2, "partitionIndex":0}], "outputPartition":{"dataUnitId":4, "partitionIndex":13}, "broadcast":false}, {"pipelineId":2, "scannedPartition":{"dataUnitId":5, "partitionIndex":14}, "requiredPartitions":[{"dataUnitId":2, "partitionIndex":0}], "outputPartition":{"dataUnitId":4, "partitionIndex":14}, "broadcast":false}, {"pipelineId":2, "scannedPartition":{"dataUnitId":5, "partitionIndex":15}, "requiredPartitions":[{"dataUnitId":2, "partitionIndex":0}], "outputPartition":{"dataUnitId":4, "partitionIndex":15}, "broadcast":false}]}, {"k":15, "v":[{"pipelineId":15, "scannedPartition":{"dataUnitId":27, "partitionIndex":0}, "requiredPartitions":[], "outputPartition":{"dataUnitId":26, "partitionIndex":0}, "broadcast":false}, {"pipelineId":15, "scannedPartition":{"dataUnitId":27, "partitionIndex":1}, "requiredPartitions":[], "outputPartition":{"dataUnitId":26, "partitionIndex":1}, "broadcast":false}, {"pipelineId":15, "scannedPartition":{"dataUnitId":27, "partitionIndex":2}, "requiredPartitions":[], "outputPartition":{"dataUnitId":26, "partitionIndex":2}, "broadcast":false}, {"pipelineId":15, "scannedPartition":{"dataUnitId":27, "partitionIndex":3}, "requiredPartitions":[], "outputPartition":{"dataUnitId":26, "partitionIndex":3}, "broadcast":false}, {"pipelineId":15, "scannedPartition":{"dataUnitId":27, "partitionIndex":4}, "requiredPartitions":[], "outputPartition":{"dataUnitId":26, "partitionIndex":4}, "broadcast":false}, {"pipelineId":15, "scannedPartition":{"dataUnitId":27, "partitionIndex":5}, "requiredPartitions":[], "outputPartition":{"dataUnitId":26, "partitionIndex":5}, "broadcast":false}, {"pipelineId":15, "scannedPartition":{"dataUnitId":27, "partitionIndex":6}, "requiredPartitions":[], "outputPartition":{"dataUnitId":26, "partitionIndex":6}, "broadcast":false}, {"pipelineId":15, "scannedPartition":{"dataUnitId":27, "partitionIndex":7}, "requiredPartitions":[], "outputPartition":{"dataUnitId":26, "partitionIndex":7}, "broadcast":false}, {"pipelineId":15, "scannedPartition":{"dataUnitId":27, "partitionIndex":8}, "requiredPartitions":[], "outputPartition":{"dataUnitId":26, "partitionIndex":8}, "broadcast":false}, {"pipelineId":15, "scannedPartition":{"dataUnitId":27, "partitionIndex":9}, "requiredPartitions":[], "outputPartition":{"dataUnitId":26, "partitionIndex":9}, "broadcast":false}, {"pipelineId":15, "scannedPartition":{"dataUnitId":27, "partitionIndex":10}, "requiredPartitions":[], "outputPartition":{"dataUnitId":26, "partitionIndex":10}, "broadcast":false}, {"pipelineId":15, "scannedPartition":{"dataUnitId":27, "partitionIndex":11}, "requiredPartitions":[], "outputPartition":{"dataUnitId":26, "partitionIndex":11}, "broadcast":false}, {"pipelineId":15, "scannedPartition":{"dataUnitId":27, "partitionIndex":12}, "requiredPartitions":[], "outputPartition":{"dataUnitId":26, "partitionIndex":12}, "broadcast":false}, {"pipelineId":15, "scannedPartition":{"dataUnitId":27, "partitionIndex":13}, "requiredPartitions":[], "outputPartition":{"dataUnitId":26, "partitionIndex":13}, "broadcast":false}, {"pipelineId":15, "scannedPartition":{"dataUnitId":27, "partitionIndex":14}, "requiredPartitions":[], "outputPartition":{"dataUnitId":26, "partitionIndex":14}, "broadcast":false}, {"pipelineId":15, "scannedPartition":{"dataUnitId":27, "partitionIndex":15}, "requiredPartitions":[], "outputPartition":{"dataUnitId":26, "partitionIndex":15}, "broadcast":false}]}, {"k":3, "v":[{"pipelineId":3, "scannedPartition":{"dataUnitId":7, "partitionIndex":0}, "requiredPartitions":[{"dataUnitId":4, "partitionIndex":0}], "outputPartition":{"dataUnitId":6, "partitionIndex":0}, "broadcast":false}, {"pipelineId":3, "scannedPartition":{"dataUnitId":7, "partitionIndex":1}, "requiredPartitions":[{"dataUnitId":4, "partitionIndex":1}], "outputPartition":{"dataUnitId":6, "partitionIndex":1}, "broadcast":false}, {"pipelineId":3, "scannedPartition":{"dataUnitId":7, "partitionIndex":2}, "requiredPartitions":[{"dataUnitId":4, "partitionIndex":2}], "outputPartition":{"dataUnitId":6, "partitionIndex":2}, "broadcast":false}, {"pipelineId":3, "scannedPartition":{"dataUnitId":7, "partitionIndex":3}, "requiredPartitions":[{"dataUnitId":4, "partitionIndex":3}], "outputPartition":{"dataUnitId":6, "partitionIndex":3}, "broadcast":false}, {"pipelineId":3, "scannedPartition":{"dataUnitId":7, "partitionIndex":4}, "requiredPartitions":[{"dataUnitId":4, "partitionIndex":4}], "outputPartition":{"dataUnitId":6, "partitionIndex":4}, "broadcast":false}, {"pipelineId":3, "scannedPartition":{"dataUnitId":7, "partitionIndex":5}, "requiredPartitions":[{"dataUnitId":4, "partitionIndex":5}], "outputPartition":{"dataUnitId":6, "partitionIndex":5}, "broadcast":false}, {"pipelineId":3, "scannedPartition":{"dataUnitId":7, "partitionIndex":6}, "requiredPartitions":[{"dataUnitId":4, "partitionIndex":6}], "outputPartition":{"dataUnitId":6, "partitionIndex":6}, "broadcast":false}, {"pipelineId":3, "scannedPartition":{"dataUnitId":7, "partitionIndex":7}, "requiredPartitions":[{"dataUnitId":4, "partitionIndex":7}], "outputPartition":{"dataUnitId":6, "partitionIndex":7}, "broadcast":false}, {"pipelineId":3, "scannedPartition":{"dataUnitId":7, "partitionIndex":8}, "requiredPartitions":[{"dataUnitId":4, "partitionIndex":8}], "outputPartition":{"dataUnitId":6, "partitionIndex":8}, "broadcast":false}, {"pipelineId":3, "scannedPartition":{"dataUnitId":7, "partitionIndex":9}, "requiredPartitions":[{"dataUnitId":4, "partitionIndex":9}], "outputPartition":{"dataUnitId":6, "partitionIndex":9}, "broadcast":false}, {"pipelineId":3, "scannedPartition":{"dataUnitId":7, "partitionIndex":10}, "requiredPartitions":[{"dataUnitId":4, "partitionIndex":10}], "outputPartition":{"dataUnitId":6, "partitionIndex":10}, "broadcast":false}, {"pipelineId":3, "scannedPartition":{"dataUnitId":7, "partitionIndex":11}, "requiredPartitions":[{"dataUnitId":4, "partitionIndex":11}], "outputPartition":{"dataUnitId":6, "partitionIndex":11}, "broadcast":false}, {"pipelineId":3, "scannedPartition":{"dataUnitId":7, "partitionIndex":12}, "requiredPartitions":[{"dataUnitId":4, "partitionIndex":12}], "outputPartition":{"dataUnitId":6, "partitionIndex":12}, "broadcast":false}, {"pipelineId":3, "scannedPartition":{"dataUnitId":7, "partitionIndex":13}, "requiredPartitions":[{"dataUnitId":4, "partitionIndex":13}], "outputPartition":{"dataUnitId":6, "partitionIndex":13}, "broadcast":false}, {"pipelineId":3, "scannedPartition":{"dataUnitId":7, "partitionIndex":14}, "requiredPartitions":[{"dataUnitId":4, "partitionIndex":14}], "outputPartition":{"dataUnitId":6, "partitionIndex":14}, "broadcast":false}, {"pipelineId":3, "scannedPartition":{"dataUnitId":7, "partitionIndex":15}, "requiredPartitions":[{"dataUnitId":4, "partitionIndex":15}], "outputPartition":{"dataUnitId":6, "partitionIndex":15}, "broadcast":false}]}, {"k":16, "v":[{"pipelineId":16, "scannedPartition":{"dataUnitId":26, "partitionIndex":0}, "requiredPartitions":[], "outputPartition":{"dataUnitId":28, "partitionIndex":0}, "broadcast":false}, {"pipelineId":16, "scannedPartition":{"dataUnitId":26, "partitionIndex":1}, "requiredPartitions":[], "outputPartition":{"dataUnitId":28, "partitionIndex":1}, "broadcast":false}, {"pipelineId":16, "scannedPartition":{"dataUnitId":26, "partitionIndex":2}, "requiredPartitions":[], "outputPartition":{"dataUnitId":28, "partitionIndex":2}, "broadcast":false}, {"pipelineId":16, "scannedPartition":{"dataUnitId":26, "partitionIndex":3}, "requiredPartitions":[], "outputPartition":{"dataUnitId":28, "partitionIndex":3}, "broadcast":false}, {"pipelineId":16, "scannedPartition":{"dataUnitId":26, "partitionIndex":4}, "requiredPartitions":[], "outputPartition":{"dataUnitId":28, "partitionIndex":4}, "broadcast":false}, {"pipelineId":16, "scannedPartition":{"dataUnitId":26, "partitionIndex":5}, "requiredPartitions":[], "outputPartition":{"dataUnitId":28, "partitionIndex":5}, "broadcast":false}, {"pipelineId":16, "scannedPartition":{"dataUnitId":26, "partitionIndex":6}, "requiredPartitions":[], "outputPartition":{"dataUnitId":28, "partitionIndex":6}, "broadcast":false}, {"pipelineId":16, "scannedPartition":{"dataUnitId":26, "partitionIndex":7}, "requiredPartitions":[], "outputPartition":{"dataUnitId":28, "partitionIndex":7}, "broadcast":false}, {"pipelineId":16, "scannedPartition":{"dataUnitId":26, "partitionIndex":8}, "requiredPartitions":[], "outputPartition":{"dataUnitId":28, "partitionIndex":8}, "broadcast":false}, {"pipelineId":16, "scannedPartition":{"dataUnitId":26, "partitionIndex":9}, "requiredPartitions":[], "outputPartition":{"dataUnitId":28, "partitionIndex":9}, "broadcast":false}, {"pipelineId":16, "scannedPartition":{"dataUnitId":26, "partitionIndex":10}, "requiredPartitions":[], "outputPartition":{"dataUnitId":28, "partitionIndex":10}, "broadcast":false}, {"pipelineId":16, "scannedPartition":{"dataUnitId":26, "partitionIndex":11}, "requiredPartitions":[], "outputPartition":{"dataUnitId":28, "partitionIndex":11}, "broadcast":false}, {"pipelineId":16, "scannedPartition":{"dataUnitId":26, "partitionIndex":12}, "requiredPartitions":[], "outputPartition":{"dataUnitId":28, "partitionIndex":12}, "broadcast":false}, {"pipelineId":16, "scannedPartition":{"dataUnitId":26, "partitionIndex":13}, "requiredPartitions":[], "outputPartition":{"dataUnitId":28, "partitionIndex":13}, "broadcast":false}, {"pipelineId":16, "scannedPartition":{"dataUnitId":26, "partitionIndex":14}, "requiredPartitions":[], "outputPartition":{"dataUnitId":28, "partitionIndex":14}, "broadcast":false}, {"pipelineId":16, "scannedPartition":{"dataUnitId":26, "partitionIndex":15}, "requiredPartitions":[], "outputPartition":{"dataUnitId":28, "partitionIndex":15}, "broadcast":false}]}, {"k":4, "v":[{"pipelineId":4, "scannedPartition":{"dataUnitId":9, "partitionIndex":0}, "requiredPartitions":[], "outputPartition":{"dataUnitId":8, "partitionIndex":0}, "broadcast":false}, {"pipelineId":4, "scannedPartition":{"dataUnitId":9, "partitionIndex":1}, "requiredPartitions":[], "outputPartition":{"dataUnitId":8, "partitionIndex":1}, "broadcast":false}, {"pipelineId":4, "scannedPartition":{"dataUnitId":9, "partitionIndex":2}, "requiredPartitions":[], "outputPartition":{"dataUnitId":8, "partitionIndex":2}, "broadcast":false}, {"pipelineId":4, "scannedPartition":{"dataUnitId":9, "partitionIndex":3}, "requiredPartitions":[], "outputPartition":{"dataUnitId":8, "partitionIndex":3}, "broadcast":false}, {"pipelineId":4, "scannedPartition":{"dataUnitId":9, "partitionIndex":4}, "requiredPartitions":[], "outputPartition":{"dataUnitId":8, "partitionIndex":4}, "broadcast":false}, {"pipelineId":4, "scannedPartition":{"dataUnitId":9, "partitionIndex":5}, "requiredPartitions":[], "outputPartition":{"dataUnitId":8, "partitionIndex":5}, "broadcast":false}, {"pipelineId":4, "scannedPartition":{"dataUnitId":9, "partitionIndex":6}, "requiredPartitions":[], "outputPartition":{"dataUnitId":8, "partitionIndex":6}, "broadcast":false}, {"pipelineId":4, "scannedPartition":{"dataUnitId":9, "partitionIndex":7}, "requiredPartitions":[], "outputPartition":{"dataUnitId":8, "partitionIndex":7}, "broadcast":false}, {"pipelineId":4, "scannedPartition":{"dataUnitId":9, "partitionIndex":8}, "requiredPartitions":[], "outputPartition":{"dataUnitId":8, "partitionIndex":8}, "broadcast":false}, {"pipelineId":4, "scannedPartition":{"dataUnitId":9, "partitionIndex":9}, "requiredPartitions":[], "outputPartition":{"dataUnitId":8, "partitionIndex":9}, "broadcast":false}, {"pipelineId":4, "scannedPartition":{"dataUnitId":9, "partitionIndex":10}, "requiredPartitions":[], "outputPartition":{"dataUnitId":8, "partitionIndex":10}, "broadcast":false}, {"pipelineId":4, "scannedPartition":{"dataUnitId":9, "partitionIndex":11}, "requiredPartitions":[], "outputPartition":{"dataUnitId":8, "partitionIndex":11}, "broadcast":false}, {"pipelineId":4, "scannedPartition":{"dataUnitId":9, "partitionIndex":12}, "requiredPartitions":[], "outputPartition":{"dataUnitId":8, "partitionIndex":12}, "broadcast":false}, {"pipelineId":4, "scannedPartition":{"dataUnitId":9, "partitionIndex":13}, "requiredPartitions":[], "outputPartition":{"dataUnitId":8, "partitionIndex":13}, "broadcast":false}, {"pipelineId":4, "scannedPartition":{"dataUnitId":9, "partitionIndex":14}, "requiredPartitions":[], "outputPartition":{"dataUnitId":8, "partitionIndex":14}, "broadcast":false}, {"pipelineId":4, "scannedPartition":{"dataUnitId":9, "partitionIndex":15}, "requiredPartitions":[], "outputPartition":{"dataUnitId":8, "partitionIndex":15}, "broadcast":false}]}, {"k":5, "v":[{"pipelineId":5, "scannedPartition":{"dataUnitId":6, "partitionIndex":0}, "requiredPartitions":[], "outputPartition":{"dataUnitId":10, "partitionIndex":0}, "broadcast":false}, {"pipelineId":5, "scannedPartition":{"dataUnitId":6, "partitionIndex":1}, "requiredPartitions":[], "outputPartition":{"dataUnitId":10, "partitionIndex":1}, "broadcast":false}, {"pipelineId":5, "scannedPartition":{"dataUnitId":6, "partitionIndex":2}, "requiredPartitions":[], "outputPartition":{"dataUnitId":10, "partitionIndex":2}, "broadcast":false}, {"pipelineId":5, "scannedPartition":{"dataUnitId":6, "partitionIndex":3}, "requiredPartitions":[], "outputPartition":{"dataUnitId":10, "partitionIndex":3}, "broadcast":false}, {"pipelineId":5, "scannedPartition":{"dataUnitId":6, "partitionIndex":4}, "requiredPartitions":[], "outputPartition":{"dataUnitId":10, "partitionIndex":4}, "broadcast":false}, {"pipelineId":5, "scannedPartition":{"dataUnitId":6, "partitionIndex":5}, "requiredPartitions":[], "outputPartition":{"dataUnitId":10, "partitionIndex":5}, "broadcast":false}, {"pipelineId":5, "scannedPartition":{"dataUnitId":6, "partitionIndex":6}, "requiredPartitions":[], "outputPartition":{"dataUnitId":10, "partitionIndex":6}, "broadcast":false}, {"pipelineId":5, "scannedPartition":{"dataUnitId":6, "partitionIndex":7}, "requiredPartitions":[], "outputPartition":{"dataUnitId":10, "partitionIndex":7}, "broadcast":false}, {"pipelineId":5, "scannedPartition":{"dataUnitId":6, "partitionIndex":8}, "requiredPartitions":[], "outputPartition":{"dataUnitId":10, "partitionIndex":8}, "broadcast":false}, {"pipelineId":5, "scannedPartition":{"dataUnitId":6, "partitionIndex":9}, "requiredPartitions":[], "outputPartition":{"dataUnitId":10, "partitionIndex":9}, "broadcast":false}, {"pipelineId":5, "scannedPartition":{"dataUnitId":6, "partitionIndex":10}, "requiredPartitions":[], "outputPartition":{"dataUnitId":10, "partitionIndex":10}, "broadcast":false}, {"pipelineId":5, "scannedPartition":{"dataUnitId":6, "partitionIndex":11}, "requiredPartitions":[], "outputPartition":{"dataUnitId":10, "partitionIndex":11}, "broadcast":false}, {"pipelineId":5, "scannedPartition":{"dataUnitId":6, "partitionIndex":12}, "requiredPartitions":[], "outputPartition":{"dataUnitId":10, "partitionIndex":12}, "broadcast":false}, {"pipelineId":5, "scannedPartition":{"dataUnitId":6, "partitionIndex":13}, "requiredPartitions":[], "outputPartition":{"dataUnitId":10, "partitionIndex":13}, "broadcast":false}, {"pipelineId":5, "scannedPartition":{"dataUnitId":6, "partitionIndex":14}, "requiredPartitions":[], "outputPartition":{"dataUnitId":10, "partitionIndex":14}, "broadcast":false}, {"pipelineId":5, "scannedPartition":{"dataUnitId":6, "partitionIndex":15}, "requiredPartitions":[], "outputPartition":{"dataUnitId":10, "partitionIndex":15}, "broadcast":false}]}, {"k":18, "v":[{"pipelineId":18, "scannedPartition":{"dataUnitId":29, "partitionIndex":0}, "requiredPartitions":[{"dataUnitId":15, "partitionIndex":0}, {"dataUnitId":26, "partitionIndex":0}], "outputPartition":{"dataUnitId":31, "partitionIndex":0}, "broadcast":false}, {"pipelineId":18, "scannedPartition":{"dataUnitId":29, "partitionIndex":0}, "requiredPartitions":[{"dataUnitId":15, "partitionIndex":0}, {"dataUnitId":26, "partitionIndex":1}], "outputPartition":{"dataUnitId":31, "partitionIndex":1}, "broadcast":false}, {"pipelineId":18, "scannedPartition":{"dataUnitId":29, "partitionIndex":0}, "requiredPartitions":[{"dataUnitId":15, "partitionIndex":0}, {"dataUnitId":26, "partitionIndex":2}], "outputPartition":{"dataUnitId":31, "partitionIndex":2}, "broadcast":false}, {"pipelineId":18, "scannedPartition":{"dataUnitId":29, "partitionIndex":0}, "requiredPartitions":[{"dataUnitId":15, "partitionIndex":0}, {"dataUnitId":26, "partitionIndex":3}], "outputPartition":{"dataUnitId":31, "partitionIndex":3}, "broadcast":false}, {"pipelineId":18, "scannedPartition":{"dataUnitId":29, "partitionIndex":0}, "requiredPartitions":[{"dataUnitId":15, "partitionIndex":0}, {"dataUnitId":26, "partitionIndex":4}], "outputPartition":{"dataUnitId":31, "partitionIndex":4}, "broadcast":false}, {"pipelineId":18, "scannedPartition":{"dataUnitId":29, "partitionIndex":0}, "requiredPartitions":[{"dataUnitId":15, "partitionIndex":0}, {"dataUnitId":26, "partitionIndex":5}], "outputPartition":{"dataUnitId":31, "partitionIndex":5}, "broadcast":false}, {"pipelineId":18, "scannedPartition":{"dataUnitId":29, "partitionIndex":0}, "requiredPartitions":[{"dataUnitId":15, "partitionIndex":0}, {"dataUnitId":26, "partitionIndex":6}], "outputPartition":{"dataUnitId":31, "partitionIndex":6}, "broadcast":false}, {"pipelineId":18, "scannedPartition":{"dataUnitId":29, "partitionIndex":0}, "requiredPartitions":[{"dataUnitId":15, "partitionIndex":0}, {"dataUnitId":26, "partitionIndex":7}], "outputPartition":{"dataUnitId":31, "partitionIndex":7}, "broadcast":false}, {"pipelineId":18, "scannedPartition":{"dataUnitId":29, "partitionIndex":0}, "requiredPartitions":[{"dataUnitId":15, "partitionIndex":0}, {"dataUnitId":26, "partitionIndex":8}], "outputPartition":{"dataUnitId":31, "partitionIndex":8}, "broadcast":false}, {"pipelineId":18, "scannedPartition":{"dataUnitId":29, "partitionIndex":0}, "requiredPartitions":[{"dataUnitId":15, "partitionIndex":0}, {"dataUnitId":26, "partitionIndex":9}], "outputPartition":{"dataUnitId":31, "partitionIndex":9}, "broadcast":false}, {"pipelineId":18, "scannedPartition":{"dataUnitId":29, "partitionIndex":0}, "requiredPartitions":[{"dataUnitId":15, "partitionIndex":0}, {"dataUnitId":26, "partitionIndex":10}], "outputPartition":{"dataUnitId":31, "partitionIndex":10}, "broadcast":false}, {"pipelineId":18, "scannedPartition":{"dataUnitId":29, "partitionIndex":0}, "requiredPartitions":[{"dataUnitId":15, "partitionIndex":0}, {"dataUnitId":26, "partitionIndex":11}], "outputPartition":{"dataUnitId":31, "partitionIndex":11}, "broadcast":false}, {"pipelineId":18, "scannedPartition":{"dataUnitId":29, "partitionIndex":0}, "requiredPartitions":[{"dataUnitId":15, "partitionIndex":0}, {"dataUnitId":26, "partitionIndex":12}], "outputPartition":{"dataUnitId":31, "partitionIndex":12}, "broadcast":false}, {"pipelineId":18, "scannedPartition":{"dataUnitId":29, "partitionIndex":0}, "requiredPartitions":[{"dataUnitId":15, "partitionIndex":0}, {"dataUnitId":26, "partitionIndex":13}], "outputPartition":{"dataUnitId":31, "partitionIndex":13}, "broadcast":false}, {"pipelineId":18, "scannedPartition":{"dataUnitId":29, "partitionIndex":0}, "requiredPartitions":[{"dataUnitId":15, "partitionIndex":0}, {"dataUnitId":26, "partitionIndex":14}], "outputPartition":{"dataUnitId":31, "partitionIndex":14}, "broadcast":false}, {"pipelineId":18, "scannedPartition":{"dataUnitId":29, "partitionIndex":0}, "requiredPartitions":[{"dataUnitId":15, "partitionIndex":0}, {"dataUnitId":26, "partitionIndex":15}], "outputPartition":{"dataUnitId":31, "partitionIndex":15}, "broadcast":false}]}, {"k":6, "v":[{"pipelineId":6, "scannedPartition":{"dataUnitId":12, "partitionIndex":0}, "requiredPartitions":[], "outputPartition":{"dataUnitId":11, "partitionIndex":0}, "broadcast":false}, {"pipelineId":6, "scannedPartition":{"dataUnitId":12, "partitionIndex":1}, "requiredPartitions":[], "outputPartition":{"dataUnitId":11, "partitionIndex":1}, "broadcast":false}, {"pipelineId":6, "scannedPartition":{"dataUnitId":12, "partitionIndex":2}, "requiredPartitions":[], "outputPartition":{"dataUnitId":11, "partitionIndex":2}, "broadcast":false}, {"pipelineId":6, "scannedPartition":{"dataUnitId":12, "partitionIndex":3}, "requiredPartitions":[], "outputPartition":{"dataUnitId":11, "partitionIndex":3}, "broadcast":false}, {"pipelineId":6, "scannedPartition":{"dataUnitId":12, "partitionIndex":4}, "requiredPartitions":[], "outputPartition":{"dataUnitId":11, "partitionIndex":4}, "broadcast":false}, {"pipelineId":6, "scannedPartition":{"dataUnitId":12, "partitionIndex":5}, "requiredPartitions":[], "outputPartition":{"dataUnitId":11, "partitionIndex":5}, "broadcast":false}, {"pipelineId":6, "scannedPartition":{"dataUnitId":12, "partitionIndex":6}, "requiredPartitions":[], "outputPartition":{"dataUnitId":11, "partitionIndex":6}, "broadcast":false}, {"pipelineId":6, "scannedPartition":{"dataUnitId":12, "partitionIndex":7}, "requiredPartitions":[], "outputPartition":{"dataUnitId":11, "partitionIndex":7}, "broadcast":false}, {"pipelineId":6, "scannedPartition":{"dataUnitId":12, "partitionIndex":8}, "requiredPartitions":[], "outputPartition":{"dataUnitId":11, "partitionIndex":8}, "broadcast":false}, {"pipelineId":6, "scannedPartition":{"dataUnitId":12, "partitionIndex":9}, "requiredPartitions":[], "outputPartition":{"dataUnitId":11, "partitionIndex":9}, "broadcast":false}, {"pipelineId":6, "scannedPartition":{"dataUnitId":12, "partitionIndex":10}, "requiredPartitions":[], "outputPartition":{"dataUnitId":11, "partitionIndex":10}, "broadcast":false}, {"pipelineId":6, "scannedPartition":{"dataUnitId":12, "partitionIndex":11}, "requiredPartitions":[], "outputPartition":{"dataUnitId":11, "partitionIndex":11}, "broadcast":false}, {"pipelineId":6, "scannedPartition":{"dataUnitId":12, "partitionIndex":12}, "requiredPartitions":[], "outputPartition":{"dataUnitId":11, "partitionIndex":12}, "broadcast":false}, {"pipelineId":6, "scannedPartition":{"dataUnitId":12, "partitionIndex":13}, "requiredPartitions":[], "outputPartition":{"dataUnitId":11, "partitionIndex":13}, "broadcast":false}, {"pipelineId":6, "scannedPartition":{"dataUnitId":12, "partitionIndex":14}, "requiredPartitions":[], "outputPartition":{"dataUnitId":11, "partitionIndex":14}, "broadcast":false}, {"pipelineId":6, "scannedPartition":{"dataUnitId":12, "partitionIndex":15}, "requiredPartitions":[], "outputPartition":{"dataUnitId":11, "partitionIndex":15}, "broadcast":false}]}, {"k":7, "v":[{"pipelineId":7, "scannedPartition":{"dataUnitId":14, "partitionIndex":0}, "requiredPartitions":[], "outputPartition":{"dataUnitId":13, "partitionIndex":0}, "broadcast":false}, {"pipelineId":7, "scannedPartition":{"dataUnitId":14, "partitionIndex":1}, "requiredPartitions":[], "outputPartition":{"dataUnitId":13, "partitionIndex":1}, "broadcast":false}, {"pipelineId":7, "scannedPartition":{"dataUnitId":14, "partitionIndex":2}, "requiredPartitions":[], "outputPartition":{"dataUnitId":13, "partitionIndex":2}, "broadcast":false}, {"pipelineId":7, "scannedPartition":{"dataUnitId":14, "partitionIndex":3}, "requiredPartitions":[], "outputPartition":{"dataUnitId":13, "partitionIndex":3}, "broadcast":false}, {"pipelineId":7, "scannedPartition":{"dataUnitId":14, "partitionIndex":4}, "requiredPartitions":[], "outputPartition":{"dataUnitId":13, "partitionIndex":4}, "broadcast":false}, {"pipelineId":7, "scannedPartition":{"dataUnitId":14, "partitionIndex":5}, "requiredPartitions":[], "outputPartition":{"dataUnitId":13, "partitionIndex":5}, "broadcast":false}, {"pipelineId":7, "scannedPartition":{"dataUnitId":14, "partitionIndex":6}, "requiredPartitions":[], "outputPartition":{"dataUnitId":13, "partitionIndex":6}, "broadcast":false}, {"pipelineId":7, "scannedPartition":{"dataUnitId":14, "partitionIndex":7}, "requiredPartitions":[], "outputPartition":{"dataUnitId":13, "partitionIndex":7}, "broadcast":false}, {"pipelineId":7, "scannedPartition":{"dataUnitId":14, "partitionIndex":8}, "requiredPartitions":[], "outputPartition":{"dataUnitId":13, "partitionIndex":8}, "broadcast":false}, {"pipelineId":7, "scannedPartition":{"dataUnitId":14, "partitionIndex":9}, "requiredPartitions":[], "outputPartition":{"dataUnitId":13, "partitionIndex":9}, "broadcast":false}, {"pipelineId":7, "scannedPartition":{"dataUnitId":14, "partitionIndex":10}, "requiredPartitions":[], "outputPartition":{"dataUnitId":13, "partitionIndex":10}, "broadcast":false}, {"pipelineId":7, "scannedPartition":{"dataUnitId":14, "partitionIndex":11}, "requiredPartitions":[], "outputPartition":{"dataUnitId":13, "partitionIndex":11}, "broadcast":false}, {"pipelineId":7, "scannedPartition":{"dataUnitId":14, "partitionIndex":12}, "requiredPartitions":[], "outputPartition":{"dataUnitId":13, "partitionIndex":12}, "broadcast":false}, {"pipelineId":7, "scannedPartition":{"dataUnitId":14, "partitionIndex":13}, "requiredPartitions":[], "outputPartition":{"dataUnitId":13, "partitionIndex":13}, "broadcast":false}, {"pipelineId":7, "scannedPartition":{"dataUnitId":14, "partitionIndex":14}, "requiredPartitions":[], "outputPartition":{"dataUnitId":13, "partitionIndex":14}, "broadcast":false}, {"pipelineId":7, "scannedPartition":{"dataUnitId":14, "partitionIndex":15}, "requiredPartitions":[], "outputPartition":{"dataUnitId":13, "partitionIndex":15}, "broadcast":false}]}, {"k":10, "v":[{"pipelineId":10, "scannedPartition":{"dataUnitId":11, "partitionIndex":0}, "requiredPartitions":[], "outputPartition":{"dataUnitId":19, "partitionIndex":0}, "broadcast":false}, {"pipelineId":10, "scannedPartition":{"dataUnitId":11, "partitionIndex":1}, "requiredPartitions":[], "outputPartition":{"dataUnitId":19, "partitionIndex":1}, "broadcast":false}, {"pipelineId":10, "scannedPartition":{"dataUnitId":11, "partitionIndex":2}, "requiredPartitions":[], "outputPartition":{"dataUnitId":19, "partitionIndex":2}, "broadcast":false}, {"pipelineId":10, "scannedPartition":{"dataUnitId":11, "partitionIndex":3}, "requiredPartitions":[], "outputPartition":{"dataUnitId":19, "partitionIndex":3}, "broadcast":false}, {"pipelineId":10, "scannedPartition":{"dataUnitId":11, "partitionIndex":4}, "requiredPartitions":[], "outputPartition":{"dataUnitId":19, "partitionIndex":4}, "broadcast":false}, {"pipelineId":10, "scannedPartition":{"dataUnitId":11, "partitionIndex":5}, "requiredPartitions":[], "outputPartition":{"dataUnitId":19, "partitionIndex":5}, "broadcast":false}, {"pipelineId":10, "scannedPartition":{"dataUnitId":11, "partitionIndex":6}, "requiredPartitions":[], "outputPartition":{"dataUnitId":19, "partitionIndex":6}, "broadcast":false}, {"pipelineId":10, "scannedPartition":{"dataUnitId":11, "partitionIndex":7}, "requiredPartitions":[], "outputPartition":{"dataUnitId":19, "partitionIndex":7}, "broadcast":false}, {"pipelineId":10, "scannedPartition":{"dataUnitId":11, "partitionIndex":8}, "requiredPartitions":[], "outputPartition":{"dataUnitId":19, "partitionIndex":8}, "broadcast":false}, {"pipelineId":10, "scannedPartition":{"dataUnitId":11, "partitionIndex":9}, "requiredPartitions":[], "outputPartition":{"dataUnitId":19, "partitionIndex":9}, "broadcast":false}, {"pipelineId":10, "scannedPartition":{"dataUnitId":11, "partitionIndex":10}, "requiredPartitions":[], "outputPartition":{"dataUnitId":19, "partitionIndex":10}, "broadcast":false}, {"pipelineId":10, "scannedPartition":{"dataUnitId":11, "partitionIndex":11}, "requiredPartitions":[], "outputPartition":{"dataUnitId":19, "partitionIndex":11}, "broadcast":false}, {"pipelineId":10, "scannedPartition":{"dataUnitId":11, "partitionIndex":12}, "requiredPartitions":[], "outputPartition":{"dataUnitId":19, "partitionIndex":12}, "broadcast":false}, {"pipelineId":10, "scannedPartition":{"dataUnitId":11, "partitionIndex":13}, "requiredPartitions":[], "outputPartition":{"dataUnitId":19, "partitionIndex":13}, "broadcast":false}, {"pipelineId":10, "scannedPartition":{"dataUnitId":11, "partitionIndex":14}, "requiredPartitions":[], "outputPartition":{"dataUnitId":19, "partitionIndex":14}, "broadcast":false}, {"pipelineId":10, "scannedPartition":{"dataUnitId":11, "partitionIndex":15}, "requiredPartitions":[], "outputPartition":{"dataUnitId":19, "partitionIndex":15}, "broadcast":false}]}, {"k":14, "v":[{"pipelineId":14, "scannedPartition":{"dataUnitId":25, "partitionIndex":0}, "requiredPartitions":[{"dataUnitId":11, "partitionIndex":0}], "outputPartition":{"dataUnitId":24, "partitionIndex":0}, "broadcast":false}, {"pipelineId":14, "scannedPartition":{"dataUnitId":25, "partitionIndex":1}, "requiredPartitions":[{"dataUnitId":11, "partitionIndex":1}], "outputPartition":{"dataUnitId":24, "partitionIndex":1}, "broadcast":false}, {"pipelineId":14, "scannedPartition":{"dataUnitId":25, "partitionIndex":2}, "requiredPartitions":[{"dataUnitId":11, "partitionIndex":2}], "outputPartition":{"dataUnitId":24, "partitionIndex":2}, "broadcast":false}, {"pipelineId":14, "scannedPartition":{"dataUnitId":25, "partitionIndex":3}, "requiredPartitions":[{"dataUnitId":11, "partitionIndex":3}], "outputPartition":{"dataUnitId":24, "partitionIndex":3}, "broadcast":false}, {"pipelineId":14, "scannedPartition":{"dataUnitId":25, "partitionIndex":4}, "requiredPartitions":[{"dataUnitId":11, "partitionIndex":4}], "outputPartition":{"dataUnitId":24, "partitionIndex":4}, "broadcast":false}, {"pipelineId":14, "scannedPartition":{"dataUnitId":25, "partitionIndex":5}, "requiredPartitions":[{"dataUnitId":11, "partitionIndex":5}], "outputPartition":{"dataUnitId":24, "partitionIndex":5}, "broadcast":false}, {"pipelineId":14, "scannedPartition":{"dataUnitId":25, "partitionIndex":6}, "requiredPartitions":[{"dataUnitId":11, "partitionIndex":6}], "outputPartition":{"dataUnitId":24, "partitionIndex":6}, "broadcast":false}, {"pipelineId":14, "scannedPartition":{"dataUnitId":25, "partitionIndex":7}, "requiredPartitions":[{"dataUnitId":11, "partitionIndex":7}], "outputPartition":{"dataUnitId":24, "partitionIndex":7}, "broadcast":false}, {"pipelineId":14, "scannedPartition":{"dataUnitId":25, "partitionIndex":8}, "requiredPartitions":[{"dataUnitId":11, "partitionIndex":8}], "outputPartition":{"dataUnitId":24, "partitionIndex":8}, "broadcast":false}, {"pipelineId":14, "scannedPartition":{"dataUnitId":25, "partitionIndex":9}, "requiredPartitions":[{"dataUnitId":11, "partitionIndex":9}], "outputPartition":{"dataUnitId":24, "partitionIndex":9}, "broadcast":false}, {"pipelineId":14, "scannedPartition":{"dataUnitId":25, "partitionIndex":10}, "requiredPartitions":[{"dataUnitId":11, "partitionIndex":10}], "outputPartition":{"dataUnitId":24, "partitionIndex":10}, "broadcast":false}, {"pipelineId":14, "scannedPartition":{"dataUnitId":25, "partitionIndex":11}, "requiredPartitions":[{"dataUnitId":11, "partitionIndex":11}], "outputPartition":{"dataUnitId":24, "partitionIndex":11}, "broadcast":false}, {"pipelineId":14, "scannedPartition":{"dataUnitId":25, "partitionIndex":12}, "requiredPartitions":[{"dataUnitId":11, "partitionIndex":12}], "outputPartition":{"dataUnitId":24, "partitionIndex":12}, "broadcast":false}, {"pipelineId":14, "scannedPartition":{"dataUnitId":25, "partitionIndex":13}, "requiredPartitions":[{"dataUnitId":11, "partitionIndex":13}], "outputPartition":{"dataUnitId":24, "partitionIndex":13}, "broadcast":false}, {"pipelineId":14, "scannedPartition":{"dataUnitId":25, "partitionIndex":14}, "requiredPartitions":[{"dataUnitId":11, "partitionIndex":14}], "outputPartition":{"dataUnitId":24, "partitionIndex":14}, "broadcast":false}, {"pipelineId":14, "scannedPartition":{"dataUnitId":25, "partitionIndex":15}, "requiredPartitions":[{"dataUnitId":11, "partitionIndex":15}], "outputPartition":{"dataUnitId":24, "partitionIndex":15}, "broadcast":false}]}], "broadcastTasks":[{"k":17, "v":{"pipelineId":17, "scannedPartition":{"dataUnitId":30, "partitionIndex":0}, "requiredPartitions":[], "outputPartition":{"dataUnitId":29, "partitionIndex":0}, "broadcast":true}}, {"k":12, "v":{"pipelineId":12, "scannedPartition":{"dataUnitId":20, "partitionIndex":0}, "requiredPartitions":[], "outputPartition":{"dataUnitId":22, "partitionIndex":0}, "broadcast":true}}, {"k":11, "v":{"pipelineId":11, "scannedPartition":{"dataUnitId":21, "partitionIndex":0}, "requiredPartitions":[], "outputPartition":{"dataUnitId":20, "partitionIndex":0}, "broadcast":true}}, {"k":9, "v":{"pipelineId":9, "scannedPartition":{"dataUnitId":18, "partitionIndex":0}, "requiredPartitions":[], "outputPartition":{"dataUnitId":17, "partitionIndex":0}, "broadcast":true}}, {"k":8, "v":{"pipelineId":8, "scannedPartition":{"dataUnitId":16, "partitionIndex":0}, "requiredPartitions":[], "outputPartition":{"dataUnitId":15, "partitionIndex":0}, "broadcast":true}}, {"k":1, "v":{"pipelineId":1, "scannedPartition":{"dataUnitId":3, "partitionIndex":0}, "requiredPartitions":[], "outputPartition":{"dataUnitId":2, "partitionIndex":0}, "broadcast":true}}], "initialPartitioning":{"owningNode":[{"k":{"dataUnitId":33, "partitionIndex":14}, "v":6}, {"k":{"dataUnitId":33, "partitionIndex":13}, "v":5}, {"k":{"dataUnitId":33, "partitionIndex":12}, "v":4}, {"k":{"dataUnitId":33, "partitionIndex":9}, "v":1}, {"k":{"dataUnitId":33, "partitionIndex":7}, "v":7}, {"k":{"dataUnitId":33, "partitionIndex":11}, "v":3}, {"k":{"dataUnitId":33, "partitionIndex":5}, "v":5}, {"k":{"dataUnitId":33, "partitionIndex":4}, "v":4}, {"k":{"dataUnitId":33, "partitionIndex":3}, "v":3}, {"k":{"dataUnitId":33, "partitionIndex":1}, "v":1}, {"k":{"dataUnitId":14, "partitionIndex":15}, "v":7}, {"k":{"dataUnitId":14, "partitionIndex":13}, "v":5}, {"k":{"dataUnitId":14, "partitionIndex":10}, "v":2}, {"k":{"dataUnitId":14, "partitionIndex":9}, "v":1}, {"k":{"dataUnitId":14, "partitionIndex":8}, "v":0}, {"k":{"dataUnitId":33, "partitionIndex":0}, "v":0}, {"k":{"dataUnitId":14, "partitionIndex":7}, "v":7}, {"k":{"dataUnitId":14, "partitionIndex":6}, "v":6}, {"k":{"dataUnitId":14, "partitionIndex":5}, "v":5}, {"k":{"dataUnitId":14, "partitionIndex":4}, "v":4}, {"k":{"dataUnitId":14, "partitionIndex":3}, "v":3}, {"k":{"dataUnitId":14, "partitionIndex":2}, "v":2}, {"k":{"dataUnitId":14, "partitionIndex":1}, "v":1}, {"k":{"dataUnitId":14, "partitionIndex":0}, "v":0}, {"k":{"dataUnitId":33, "partitionIndex":6}, "v":6}, {"k":{"dataUnitId":9, "partitionIndex":15}, "v":7}, {"k":{"dataUnitId":9, "partitionIndex":14}, "v":6}, {"k":{"dataUnitId":9, "partitionIndex":13}, "v":5}, {"k":{"dataUnitId":9, "partitionIndex":11}, "v":3}, {"k":{"dataUnitId":5, "partitionIndex":12}, "v":4}, {"k":{"dataUnitId":5, "partitionIndex":7}, "v":7}, {"k":{"dataUnitId":1, "partitionIndex":10}, "v":2}, {"k":{"dataUnitId":33, "partitionIndex":8}, "v":0}, {"k":{"dataUnitId":14, "partitionIndex":14}, "v":6}, {"k":{"dataUnitId":5, "partitionIndex":6}, "v":6}, {"k":{"dataUnitId":5, "partitionIndex":3}, "v":3}, {"k":{"dataUnitId":7, "partitionIndex":9}, "v":1}, {"k":{"dataUnitId":5, "partitionIndex":10}, "v":2}, {"k":{"dataUnitId":9, "partitionIndex":2}, "v":2}, {"k":{"dataUnitId":7, "partitionIndex":1}, "v":1}, {"k":{"dataUnitId":7, "partitionIndex":15}, "v":7}, {"k":{"dataUnitId":5, "partitionIndex":5}, "v":5}, {"k":{"dataUnitId":5, "partitionIndex":1}, "v":1}, {"k":{"dataUnitId":1, "partitionIndex":0}, "v":0}, {"k":{"dataUnitId":9, "partitionIndex":6}, "v":6}, {"k":{"dataUnitId":5, "partitionIndex":11}, "v":3}, {"k":{"dataUnitId":1, "partitionIndex":13}, "v":5}, {"k":{"dataUnitId":1, "partitionIndex":1}, "v":1}, {"k":{"dataUnitId":1, "partitionIndex":11}, "v":3}, {"k":{"dataUnitId":1, "partitionIndex":12}, "v":4}, {"k":{"dataUnitId":1, "partitionIndex":2}, "v":2}, {"k":{"dataUnitId":1, "partitionIndex":15}, "v":7}, {"k":{"dataUnitId":1, "partitionIndex":4}, "v":4}, {"k":{"dataUnitId":1, "partitionIndex":7}, "v":7}, {"k":{"dataUnitId":1, "partitionIndex":5}, "v":5}, {"k":{"dataUnitId":33, "partitionIndex":10}, "v":2}, {"k":{"dataUnitId":9, "partitionIndex":5}, "v":5}, {"k":{"dataUnitId":1, "partitionIndex":8}, "v":0}, {"k":{"dataUnitId":5, "partitionIndex":9}, "v":1}, {"k":{"dataUnitId":9, "partitionIndex":12}, "v":4}, {"k":{"dataUnitId":1, "partitionIndex":14}, "v":6}, {"k":{"dataUnitId":5, "partitionIndex":2}, "v":2}, {"k":{"dataUnitId":1, "partitionIndex":6}, "v":6}, {"k":{"dataUnitId":7, "partitionIndex":8}, "v":0}, {"k":{"dataUnitId":9, "partitionIndex":0}, "v":0}, {"k":{"dataUnitId":1, "partitionIndex":9}, "v":1}, {"k":{"dataUnitId":5, "partitionIndex":8}, "v":0}, {"k":{"dataUnitId":5, "partitionIndex":13}, "v":5}, {"k":{"dataUnitId":33, "partitionIndex":2}, "v":2}, {"k":{"dataUnitId":7, "partitionIndex":13}, "v":5}, {"k":{"dataUnitId":5, "partitionIndex":14}, "v":6}, {"k":{"dataUnitId":1, "partitionIndex":3}, "v":3}, {"k":{"dataUnitId":5, "partitionIndex":15}, "v":7}, {"k":{"dataUnitId":7, "partitionIndex":0}, "v":0}, {"k":{"dataUnitId":9, "partitionIndex":7}, "v":7}, {"k":{"dataUnitId":7, "partitionIndex":3}, "v":3}, {"k":{"dataUnitId":18, "partitionIndex":0}, "v":0}, {"k":{"dataUnitId":14, "partitionIndex":12}, "v":4}, {"k":{"dataUnitId":7, "partitionIndex":2}, "v":2}, {"k":{"dataUnitId":7, "partitionIndex":4}, "v":4}, {"k":{"dataUnitId":7, "partitionIndex":5}, "v":5}, {"k":{"dataUnitId":7, "partitionIndex":6}, "v":6}, {"k":{"dataUnitId":7, "partitionIndex":11}, "v":3}, {"k":{"dataUnitId":7, "partitionIndex":7}, "v":7}, {"k":{"dataUnitId":7, "partitionIndex":12}, "v":4}, {"k":{"dataUnitId":7, "partitionIndex":14}, "v":6}, {"k":{"dataUnitId":9, "partitionIndex":1}, "v":1}, {"k":{"dataUnitId":7, "partitionIndex":10}, "v":2}, {"k":{"dataUnitId":9, "partitionIndex":3}, "v":3}, {"k":{"dataUnitId":33, "partitionIndex":15}, "v":7}, {"k":{"dataUnitId":5, "partitionIndex":4}, "v":4}, {"k":{"dataUnitId":9, "partitionIndex":4}, "v":4}, {"k":{"dataUnitId":9, "partitionIndex":8}, "v":0}, {"k":{"dataUnitId":14, "partitionIndex":11}, "v":3}, {"k":{"dataUnitId":9, "partitionIndex":9}, "v":1}, {"k":{"dataUnitId":5, "partitionIndex":0}, "v":0}, {"k":{"dataUnitId":9, "partitionIndex":10}, "v":2}], "cachingNodes":[{"k":{"dataUnitId":33, "partitionIndex":14}, "v":[8]}, {"k":{"dataUnitId":33, "partitionIndex":13}, "v":[8]}, {"k":{"dataUnitId":33, "partitionIndex":12}, "v":[8]}, {"k":{"dataUnitId":33, "partitionIndex":9}, "v":[8]}, {"k":{"dataUnitId":33, "partitionIndex":7}, "v":[8]}, {"k":{"dataUnitId":33, "partitionIndex":11}, "v":[8]}, {"k":{"dataUnitId":33, "partitionIndex":5}, "v":[8]}, {"k":{"dataUnitId":33, "partitionIndex":4}, "v":[8]}, {"k":{"dataUnitId":33, "partitionIndex":3}, "v":[8]}, {"k":{"dataUnitId":33, "partitionIndex":1}, "v":[8]}, {"k":{"dataUnitId":14, "partitionIndex":15}, "v":[8]}, {"k":{"dataUnitId":14, "partitionIndex":13}, "v":[8]}, {"k":{"dataUnitId":14, "partitionIndex":10}, "v":[8]}, {"k":{"dataUnitId":14, "partitionIndex":9}, "v":[8]}, {"k":{"dataUnitId":14, "partitionIndex":8}, "v":[8]}, {"k":{"dataUnitId":33, "partitionIndex":0}, "v":[8]}, {"k":{"dataUnitId":14, "partitionIndex":7}, "v":[8]}, {"k":{"dataUnitId":14, "partitionIndex":6}, "v":[8]}, {"k":{"dataUnitId":14, "partitionIndex":5}, "v":[8]}, {"k":{"dataUnitId":14, "partitionIndex":4}, "v":[8]}, {"k":{"dataUnitId":14, "partitionIndex":3}, "v":[8]}, {"k":{"dataUnitId":14, "partitionIndex":2}, "v":[8]}, {"k":{"dataUnitId":14, "partitionIndex":1}, "v":[8]}, {"k":{"dataUnitId":14, "partitionIndex":0}, "v":[8]}, {"k":{"dataUnitId":33, "partitionIndex":6}, "v":[8]}, {"k":{"dataUnitId":9, "partitionIndex":15}, "v":[8]}, {"k":{"dataUnitId":9, "partitionIndex":14}, "v":[8]}, {"k":{"dataUnitId":9, "partitionIndex":13}, "v":[8]}, {"k":{"dataUnitId":9, "partitionIndex":11}, "v":[8]}, {"k":{"dataUnitId":5, "partitionIndex":12}, "v":[8]}, {"k":{"dataUnitId":5, "partitionIndex":7}, "v":[8]}, {"k":{"dataUnitId":1, "partitionIndex":10}, "v":[8]}, {"k":{"dataUnitId":33, "partitionIndex":8}, "v":[8]}, {"k":{"dataUnitId":14, "partitionIndex":14}, "v":[8]}, {"k":{"dataUnitId":5, "partitionIndex":6}, "v":[8]}, {"k":{"dataUnitId":5, "partitionIndex":3}, "v":[8]}, {"k":{"dataUnitId":7, "partitionIndex":9}, "v":[8]}, {"k":{"dataUnitId":5, "partitionIndex":10}, "v":[8]}, {"k":{"dataUnitId":9, "partitionIndex":2}, "v":[8]}, {"k":{"dataUnitId":7, "partitionIndex":1}, "v":[8]}, {"k":{"dataUnitId":7, "partitionIndex":15}, "v":[8]}, {"k":{"dataUnitId":5, "partitionIndex":5}, "v":[8]}, {"k":{"dataUnitId":5, "partitionIndex":1}, "v":[8]}, {"k":{"dataUnitId":1, "partitionIndex":0}, "v":[8]}, {"k":{"dataUnitId":9, "partitionIndex":6}, "v":[8]}, {"k":{"dataUnitId":5, "partitionIndex":11}, "v":[8]}, {"k":{"dataUnitId":1, "partitionIndex":13}, "v":[8]}, {"k":{"dataUnitId":1, "partitionIndex":1}, "v":[8]}, {"k":{"dataUnitId":1, "partitionIndex":11}, "v":[8]}, {"k":{"dataUnitId":1, "partitionIndex":12}, "v":[8]}, {"k":{"dataUnitId":1, "partitionIndex":2}, "v":[8]}, {"k":{"dataUnitId":1, "partitionIndex":15}, "v":[8]}, {"k":{"dataUnitId":1, "partitionIndex":4}, "v":[8]}, {"k":{"dataUnitId":1, "partitionIndex":7}, "v":[8]}, {"k":{"dataUnitId":1, "partitionIndex":5}, "v":[8]}, {"k":{"dataUnitId":33, "partitionIndex":10}, "v":[8]}, {"k":{"dataUnitId":9, "partitionIndex":5}, "v":[8]}, {"k":{"dataUnitId":1, "partitionIndex":8}, "v":[8]}, {"k":{"dataUnitId":5, "partitionIndex":9}, "v":[8]}, {"k":{"dataUnitId":9, "partitionIndex":12}, "v":[8]}, {"k":{"dataUnitId":1, "partitionIndex":14}, "v":[8]}, {"k":{"dataUnitId":5, "partitionIndex":2}, "v":[8]}, {"k":{"dataUnitId":1, "partitionIndex":6}, "v":[8]}, {"k":{"dataUnitId":7, "partitionIndex":8}, "v":[8]}, {"k":{"dataUnitId":9, "partitionIndex":0}, "v":[8]}, {"k":{"dataUnitId":1, "partitionIndex":9}, "v":[8]}, {"k":{"dataUnitId":5, "partitionIndex":8}, "v":[8]}, {"k":{"dataUnitId":5, "partitionIndex":13}, "v":[8]}, {"k":{"dataUnitId":33, "partitionIndex":2}, "v":[8]}, {"k":{"dataUnitId":7, "partitionIndex":13}, "v":[8]}, {"k":{"dataUnitId":5, "partitionIndex":14}, "v":[8]}, {"k":{"dataUnitId":1, "partitionIndex":3}, "v":[8]}, {"k":{"dataUnitId":5, "partitionIndex":15}, "v":[8]}, {"k":{"dataUnitId":7, "partitionIndex":0}, "v":[8]}, {"k":{"dataUnitId":9, "partitionIndex":7}, "v":[8]}, {"k":{"dataUnitId":7, "partitionIndex":3}, "v":[8]}, {"k":{"dataUnitId":18, "partitionIndex":0}, "v":[7, 6, 5, 4, 3, 2, 1]}, {"k":{"dataUnitId":14, "partitionIndex":12}, "v":[8]}, {"k":{"dataUnitId":7, "partitionIndex":2}, "v":[8]}, {"k":{"dataUnitId":7, "partitionIndex":4}, "v":[8]}, {"k":{"dataUnitId":7, "partitionIndex":5}, "v":[8]}, {"k":{"dataUnitId":7, "partitionIndex":6}, "v":[8]}, {"k":{"dataUnitId":7, "partitionIndex":11}, "v":[8]}, {"k":{"dataUnitId":7, "partitionIndex":7}, "v":[8]}, {"k":{"dataUnitId":7, "partitionIndex":12}, "v":[8]}, {"k":{"dataUnitId":7, "partitionIndex":14}, "v":[8]}, {"k":{"dataUnitId":9, "partitionIndex":1}, "v":[8]}, {"k":{"dataUnitId":7, "partitionIndex":10}, "v":[8]}, {"k":{"dataUnitId":9, "partitionIndex":3}, "v":[8]}, {"k":{"dataUnitId":33, "partitionIndex":15}, "v":[8]}, {"k":{"dataUnitId":5, "partitionIndex":4}, "v":[8]}, {"k":{"dataUnitId":9, "partitionIndex":4}, "v":[8]}, {"k":{"dataUnitId":9, "partitionIndex":8}, "v":[8]}, {"k":{"dataUnitId":14, "partitionIndex":11}, "v":[8]}, {"k":{"dataUnitId":9, "partitionIndex":9}, "v":[8]}, {"k":{"dataUnitId":5, "partitionIndex":0}, "v":[8]}, {"k":{"dataUnitId":9, "partitionIndex":10}, "v":[8]}], "nNodes":9}, "name":"c5n18xlargex8_rrall_16_q10012.sql", "resultNode":0, "nParallelTasks":10000}