{"cluster":{"nodes":[{"nCores":72, "memorySize":192, "networkSpeed":100, "networkLatency":0.00025}, {"nCores":72, "memorySize":192, "networkSpeed":100, "networkLatency":0.00025}, {"nCores":72, "memorySize":192, "networkSpeed":100, "networkLatency":0.00025}, {"nCores":72, "memorySize":192, "networkSpeed":100, "networkLatency":0.00025}, {"nCores":72, "memorySize":192, "networkSpeed":100, "networkLatency":0.00025}, {"nCores":72, "memorySize":192, "networkSpeed":100, "networkLatency":0.00025}, {"nCores":72, "memorySize":192, "networkSpeed":100, "networkLatency":0.00025}, {"nCores":72, "memorySize":192, "networkSpeed":100, "networkLatency":0.00025}, {"nCores":0, "memorySize":1e+06, "networkSpeed":1e+06, "networkLatency":0.1}], "storageService":true}, "plan":{"dataUnits":[{"name":"intermediate_0", "id":0, "estimatedCard":139115, "isIntermediate":true, "attributes":[{"name":"id", "dataUnitId":0, "attributeIndex":0, "size":4}, {"name":"posttypeid", "dataUnitId":0, "attributeIndex":1, "size":2}, {"name":"owneruserid", "dataUnitId":0, "attributeIndex":2, "size":4}], "partitionLayout":{"type":"hashpartitioned", "nPartitions":16, "attributes":[{"name":"id", "dataUnitId":0, "attributeIndex":0, "size":4}]}}, {"name":"posts", "id":1, "estimatedCard":3850129, "isIntermediate":false, "attributes":[{"name":"id", "dataUnitId":1, "attributeIndex":0, "size":4}, {"name":"posttypeid", "dataUnitId":1, "attributeIndex":1, "size":2}, {"name":"acceptedanswerid", "dataUnitId":1, "attributeIndex":2, "size":4}, {"name":"parentid", "dataUnitId":1, "attributeIndex":3, "size":4}, {"name":"creationdate", "dataUnitId":1, "attributeIndex":4, "size":8}, {"name":"score", "dataUnitId":1, "attributeIndex":5, "size":4}, {"name":"viewcount", "dataUnitId":1, "attributeIndex":6, "size":4}, {"name":"body", "dataUnitId":1, "attributeIndex":7, "size":10}, {"name":"owneruserid", "dataUnitId":1, "attributeIndex":8, "size":4}, {"name":"ownerdisplayname", "dataUnitId":1, "attributeIndex":9, "size":10}, {"name":"lasteditoruserid", "dataUnitId":1, "attributeIndex":10, "size":4}, {"name":"lasteditordisplayname", "dataUnitId":1, "attributeIndex":11, "size":10}, {"name":"lasteditdate", "dataUnitId":1, "attributeIndex":12, "size":8}, {"name":"lastactivitydate", "dataUnitId":1, "attributeIndex":13, "size":8}, {"name":"title", "dataUnitId":1, "attributeIndex":14, "size":10}, {"name":"tags", "dataUnitId":1, "attributeIndex":15, "size":10}, {"name":"answercount", "dataUnitId":1, "attributeIndex":16, "size":4}, {"name":"commentcount", "dataUnitId":1, "attributeIndex":17, "size":4}, {"name":"favoritecount", "dataUnitId":1, "attributeIndex":18, "size":4}, {"name":"closeddate", "dataUnitId":1, "attributeIndex":19, "size":8}, {"name":"communityowneddate", "dataUnitId":1, "attributeIndex":20, "size":8}, {"name":"contentlicense", "dataUnitId":1, "attributeIndex":21, "size":10}], "partitionLayout":{"type":"hashpartitioned", "nPartitions":16, "attributes":[{"name":"id", "dataUnitId":1, "attributeIndex":0, "size":4}]}}, {"name":"intermediate_1", "id":2, "estimatedCard":139115, "isIntermediate":true, "attributes":[{"name":"id", "dataUnitId":2, "attributeIndex":0, "size":4}, {"name":"posttypeid", "dataUnitId":2, "attributeIndex":1, "size":2}, {"name":"owneruserid", "dataUnitId":2, "attributeIndex":2, "size":4}, {"name":"id", "dataUnitId":2, "attributeIndex":3, "size":4}, {"name":"postid", "dataUnitId":2, "attributeIndex":4, "size":4}], "partitionLayout":{"type":"broadcast", "nPartitions":1, "attributes":[]}}, {"name":"intermediate_0_shuffled", "id":3, "estimatedCard":139115, "isIntermediate":true, "attributes":[{"name":"id", "dataUnitId":0, "attributeIndex":0, "size":4}, {"name":"posttypeid", "dataUnitId":0, "attributeIndex":1, "size":2}, {"name":"owneruserid", "dataUnitId":0, "attributeIndex":2, "size":4}], "partitionLayout":{"type":"broadcast", "nPartitions":1, "attributes":[]}}, {"name":"intermediate_2", "id":4, "estimatedCard":369406.233635704964, "isIntermediate":true, "attributes":[{"name":"id", "dataUnitId":4, "attributeIndex":0, "size":4}, {"name":"posttypeid", "dataUnitId":4, "attributeIndex":1, "size":2}, {"name":"owneruserid", "dataUnitId":4, "attributeIndex":2, "size":4}, {"name":"id", "dataUnitId":4, "attributeIndex":3, "size":4}, {"name":"postid", "dataUnitId":4, "attributeIndex":4, "size":4}], "partitionLayout":{"type":"hashpartitioned", "nPartitions":16, "attributes":[{"name":"postid", "dataUnitId":4, "attributeIndex":4, "size":4}]}}, {"name":"comments", "id":5, "estimatedCard":7241857, "isIntermediate":false, "attributes":[{"name":"id", "dataUnitId":5, "attributeIndex":0, "size":4}, {"name":"postid", "dataUnitId":5, "attributeIndex":1, "size":4}, {"name":"score", "dataUnitId":5, "attributeIndex":2, "size":4}, {"name":"text", "dataUnitId":5, "attributeIndex":3, "size":10}, {"name":"creationdate", "dataUnitId":5, "attributeIndex":4, "size":8}, {"name":"userdisplayname", "dataUnitId":5, "attributeIndex":5, "size":10}, {"name":"userid", "dataUnitId":5, "attributeIndex":6, "size":4}, {"name":"contentlicense", "dataUnitId":5, "attributeIndex":7, "size":10}], "partitionLayout":{"type":"hashpartitioned", "nPartitions":16, "attributes":[{"name":"postid", "dataUnitId":5, "attributeIndex":1, "size":4}]}}, {"name":"intermediate_3", "id":6, "estimatedCard":369406.233635704964, "isIntermediate":true, "attributes":[{"name":"id", "dataUnitId":6, "attributeIndex":0, "size":4}, {"name":"posttypeid", "dataUnitId":6, "attributeIndex":1, "size":2}, {"name":"owneruserid", "dataUnitId":6, "attributeIndex":2, "size":4}, {"name":"id", "dataUnitId":6, "attributeIndex":3, "size":4}, {"name":"postid", "dataUnitId":6, "attributeIndex":4, "size":4}, {"name":"id", "dataUnitId":6, "attributeIndex":5, "size":4}, {"name":"postid", "dataUnitId":6, "attributeIndex":6, "size":4}, {"name":"votetypeid", "dataUnitId":6, "attributeIndex":7, "size":2}], "partitionLayout":{"type":"broadcast", "nPartitions":1, "attributes":[]}}, {"name":"intermediate_2_shuffled", "id":7, "estimatedCard":369406.233635704964, "isIntermediate":true, "attributes":[{"name":"id", "dataUnitId":4, "attributeIndex":0, "size":4}, {"name":"posttypeid", "dataUnitId":4, "attributeIndex":1, "size":2}, {"name":"owneruserid", "dataUnitId":4, "attributeIndex":2, "size":4}, {"name":"id", "dataUnitId":4, "attributeIndex":3, "size":4}, {"name":"postid", "dataUnitId":4, "attributeIndex":4, "size":4}], "partitionLayout":{"type":"broadcast", "nPartitions":1, "attributes":[]}}, {"name":"intermediate_4", "id":8, "estimatedCard":1197237.10730516398, "isIntermediate":true, "attributes":[{"name":"id", "dataUnitId":8, "attributeIndex":0, "size":4}, {"name":"posttypeid", "dataUnitId":8, "attributeIndex":1, "size":2}, {"name":"owneruserid", "dataUnitId":8, "attributeIndex":2, "size":4}, {"name":"id", "dataUnitId":8, "attributeIndex":3, "size":4}, {"name":"postid", "dataUnitId":8, "attributeIndex":4, "size":4}, {"name":"id", "dataUnitId":8, "attributeIndex":5, "size":4}, {"name":"postid", "dataUnitId":8, "attributeIndex":6, "size":4}, {"name":"votetypeid", "dataUnitId":8, "attributeIndex":7, "size":2}, {"name":"id", "dataUnitId":8, "attributeIndex":8, "size":4}, {"name":"userid", "dataUnitId":8, "attributeIndex":9, "size":4}], "partitionLayout":{"type":"hashpartitioned", "nPartitions":16, "attributes":[{"name":"postid", "dataUnitId":8, "attributeIndex":6, "size":4}]}}, {"name":"votes", "id":9, "estimatedCard":12744093, "isIntermediate":false, "attributes":[{"name":"id", "dataUnitId":9, "attributeIndex":0, "size":4}, {"name":"postid", "dataUnitId":9, "attributeIndex":1, "size":4}, {"name":"votetypeid", "dataUnitId":9, "attributeIndex":2, "size":2}, {"name":"userid", "dataUnitId":9, "attributeIndex":3, "size":4}, {"name":"creationdate", "dataUnitId":9, "attributeIndex":4, "size":8}, {"name":"bountyamount", "dataUnitId":9, "attributeIndex":5, "size":4}], "partitionLayout":{"type":"hashpartitioned", "nPartitions":16, "attributes":[{"name":"postid", "dataUnitId":9, "attributeIndex":1, "size":4}]}}, {"name":"intermediate_5", "id":10, "estimatedCard":2321724, "isIntermediate":true, "attributes":[{"name":"id", "dataUnitId":10, "attributeIndex":0, "size":4}, {"name":"userid", "dataUnitId":10, "attributeIndex":1, "size":4}], "partitionLayout":{"type":"hashpartitioned", "nPartitions":16, "attributes":[{"name":"userid", "dataUnitId":10, "attributeIndex":1, "size":4}]}}, {"name":"badges", "id":11, "estimatedCard":2321724, "isIntermediate":false, "attributes":[{"name":"id", "dataUnitId":11, "attributeIndex":0, "size":4}, {"name":"userid", "dataUnitId":11, "attributeIndex":1, "size":4}, {"name":"name", "dataUnitId":11, "attributeIndex":2, "size":10}, {"name":"date", "dataUnitId":11, "attributeIndex":3, "size":8}, {"name":"class", "dataUnitId":11, "attributeIndex":4, "size":2}, {"name":"tagbased", "dataUnitId":11, "attributeIndex":5, "size":1}], "partitionLayout":{"type":"hashpartitioned", "nPartitions":16, "attributes":[{"name":"userid", "dataUnitId":11, "attributeIndex":1, "size":4}]}}, {"name":"intermediate_6", "id":12, "estimatedCard":164446984.179743, "isIntermediate":true, "attributes":[{"name":"id", "dataUnitId":12, "attributeIndex":0, "size":4}, {"name":"id", "dataUnitId":12, "attributeIndex":1, "size":4}, {"name":"count(id)", "dataUnitId":12, "attributeIndex":2, "size":8}, {"name":"count(id)", "dataUnitId":12, "attributeIndex":3, "size":8}, {"name":"sum()", "dataUnitId":12, "attributeIndex":4, "size":8}, {"name":"sum()", "dataUnitId":12, "attributeIndex":5, "size":8}, {"name":"any(posttypeid)", "dataUnitId":12, "attributeIndex":6, "size":2}], "partitionLayout":{"type":"hashpartitioned", "nPartitions":16, "attributes":[{"name":"postid", "dataUnitId":8, "attributeIndex":6, "size":4}]}}, {"name":"intermediate_5_shuffled", "id":13, "estimatedCard":2321724, "isIntermediate":true, "attributes":[{"name":"id", "dataUnitId":10, "attributeIndex":0, "size":4}, {"name":"userid", "dataUnitId":10, "attributeIndex":1, "size":4}], "partitionLayout":{"type":"broadcast", "nPartitions":1, "attributes":[]}}, {"name":"intermediate_7", "id":14, "estimatedCard":139115, "isIntermediate":true, "attributes":[{"name":"posttypeid", "dataUnitId":14, "attributeIndex":0, "size":2}, {"name":"count(id)", "dataUnitId":14, "attributeIndex":1, "size":8}, {"name":"count(id)", "dataUnitId":14, "attributeIndex":2, "size":8}, {"name":"sum()", "dataUnitId":14, "attributeIndex":3, "size":8}, {"name":"sum()", "dataUnitId":14, "attributeIndex":4, "size":8}, {"name":"count(id)", "dataUnitId":14, "attributeIndex":5, "size":8}], "partitionLayout":{"type":"hashpartitioned", "nPartitions":16, "attributes":[{"name":"id", "dataUnitId":8, "attributeIndex":0, "size":4}, {"name":"id", "dataUnitId":10, "attributeIndex":0, "size":4}]}}, {"name":"intermediate_6_shuffled", "id":15, "estimatedCard":164446984.179743, "isIntermediate":true, "attributes":[{"name":"id", "dataUnitId":12, "attributeIndex":0, "size":4}, {"name":"id", "dataUnitId":12, "attributeIndex":1, "size":4}, {"name":"count(id)", "dataUnitId":12, "attributeIndex":2, "size":8}, {"name":"count(id)", "dataUnitId":12, "attributeIndex":3, "size":8}, {"name":"sum()", "dataUnitId":12, "attributeIndex":4, "size":8}, {"name":"sum()", "dataUnitId":12, "attributeIndex":5, "size":8}, {"name":"any(posttypeid)", "dataUnitId":12, "attributeIndex":6, "size":2}], "partitionLayout":{"type":"hashpartitioned", "nPartitions":16, "attributes":[{"name":"id", "dataUnitId":8, "attributeIndex":0, "size":4}, {"name":"id", "dataUnitId":10, "attributeIndex":0, "size":4}]}}, {"name":"intermediate_8", "id":16, "estimatedCard":8, "isIntermediate":true, "attributes":[{"name":"posttypeid", "dataUnitId":16, "attributeIndex":0, "size":2}, {"name":"count(id)", "dataUnitId":16, "attributeIndex":1, "size":8}, {"name":"count(id)", "dataUnitId":16, "attributeIndex":2, "size":8}, {"name":"sum()", "dataUnitId":16, "attributeIndex":3, "size":8}, {"name":"sum()", "dataUnitId":16, "attributeIndex":4, "size":8}, {"name":"count(id)", "dataUnitId":16, "attributeIndex":5, "size":8}, {"name":"id", "dataUnitId":16, "attributeIndex":6, "size":2}, {"name":"name", "dataUnitId":16, "attributeIndex":7, "size":10}], "partitionLayout":{"type":"singlenode", "nPartitions":1, "attributes":[]}}, {"name":"posttypes", "id":17, "estimatedCard":8, "isIntermediate":false, "attributes":[{"name":"id", "dataUnitId":17, "attributeIndex":0, "size":2}, {"name":"name", "dataUnitId":17, "attributeIndex":1, "size":10}], "partitionLayout":{"type":"broadcast", "nPartitions":1, "attributes":[]}}, {"name":"intermediate_9", "id":18, "estimatedCard":6.29809000307525668, "isIntermediate":true, "attributes":[{"name":"avg()", "dataUnitId":18, "attributeIndex":0, "size":16}, {"name":"avg()", "dataUnitId":18, "attributeIndex":1, "size":16}, {"name":"avg()", "dataUnitId":18, "attributeIndex":2, "size":16}, {"name":"avg()", "dataUnitId":18, "attributeIndex":3, "size":16}, {"name":"avg()", "dataUnitId":18, "attributeIndex":4, "size":16}, {"name":"name", "dataUnitId":18, "attributeIndex":5, "size":10}], "partitionLayout":{"type":"singlenode", "nPartitions":1, "attributes":[]}}, {"name":"intermediate_7_shuffled", "id":19, "estimatedCard":139115, "isIntermediate":true, "attributes":[{"name":"posttypeid", "dataUnitId":14, "attributeIndex":0, "size":2}, {"name":"count(id)", "dataUnitId":14, "attributeIndex":1, "size":8}, {"name":"count(id)", "dataUnitId":14, "attributeIndex":2, "size":8}, {"name":"sum()", "dataUnitId":14, "attributeIndex":3, "size":8}, {"name":"sum()", "dataUnitId":14, "attributeIndex":4, "size":8}, {"name":"count(id)", "dataUnitId":14, "attributeIndex":5, "size":8}], "partitionLayout":{"type":"singlenode", "nPartitions":1, "attributes":[]}}, {"name":"intermediate_10", "id":20, "estimatedCard":5.66828100276773128, "isIntermediate":true, "attributes":[{"name":"name", "dataUnitId":20, "attributeIndex":0, "size":10}, {"name":"avg(avgcommentcount)", "dataUnitId":20, "attributeIndex":1, "size":16}, {"name":"avg(avgvotecount)", "dataUnitId":20, "attributeIndex":2, "size":16}, {"name":"avg(avgupvotes)", "dataUnitId":20, "attributeIndex":3, "size":16}, {"name":"avg(avgdownvotes)", "dataUnitId":20, "attributeIndex":4, "size":16}, {"name":"avg(avgbadgecount)", "dataUnitId":20, "attributeIndex":5, "size":16}], "partitionLayout":{"type":"singlenode", "nPartitions":1, "attributes":[]}}, {"name":"intermediate_11", "id":21, "estimatedCard":5.66828100276773128, "isIntermediate":true, "attributes":[{"name":"name", "dataUnitId":21, "attributeIndex":0, "size":10}, {"name":"avg(avgcommentcount)", "dataUnitId":21, "attributeIndex":1, "size":16}, {"name":"avg(avgvotecount)", "dataUnitId":21, "attributeIndex":2, "size":16}, {"name":"avg(avgupvotes)", "dataUnitId":21, "attributeIndex":3, "size":16}, {"name":"avg(avgdownvotes)", "dataUnitId":21, "attributeIndex":4, "size":16}, {"name":"avg(avgbadgecount)", "dataUnitId":21, "attributeIndex":5, "size":16}], "partitionLayout":{"type":"singlenode", "nPartitions":1, "attributes":[]}}, {"name":"intermediate_12", "id":22, "estimatedCard":5.66828100276773128, "isIntermediate":true, "attributes":[{"name":"name", "dataUnitId":22, "attributeIndex":0, "size":10}, {"name":"avg(avgcommentcount)", "dataUnitId":22, "attributeIndex":1, "size":16}, {"name":"avg(avgvotecount)", "dataUnitId":22, "attributeIndex":2, "size":16}, {"name":"avg(avgupvotes)", "dataUnitId":22, "attributeIndex":3, "size":16}, {"name":"avg(avgdownvotes)", "dataUnitId":22, "attributeIndex":4, "size":16}, {"name":"avg(avgbadgecount)", "dataUnitId":22, "attributeIndex":5, "size":16}], "partitionLayout":{"type":"singlenode", "nPartitions":1, "attributes":[]}}], "pipelines":[{"id":0, "scan":1, "output":0, "estimatedLoad":7.80232559052849875e-11, "requiredData":[]}, {"id":1, "scan":3, "output":2, "estimatedLoad":6.28584860996922265e-09, "requiredData":[]}, {"id":2, "scan":5, "output":4, "estimatedLoad":3.41544086559813593e-10, "requiredData":[2]}, {"id":3, "scan":7, "output":6, "estimatedLoad":5.76622372230880832e-09, "requiredData":[]}, {"id":4, "scan":9, "output":8, "estimatedLoad":2.04711799148110183e-09, "requiredData":[6]}, {"id":5, "scan":11, "output":10, "estimatedLoad":1.10262009673087261e-10, "requiredData":[]}, {"id":6, "scan":13, "output":12, "estimatedLoad":8.61452968939872888e-08, "requiredData":[8]}, {"id":7, "scan":15, "output":14, "estimatedLoad":3.09337958747008749e-09, "requiredData":[]}, {"id":8, "scan":17, "output":16, "estimatedLoad":8.01188669138120824e-07, "requiredData":[]}, {"id":9, "scan":19, "output":18, "estimatedLoad":5.69608078722229157e-09, "requiredData":[16]}, {"id":10, "scan":18, "output":20, "estimatedLoad":3.48301855231015457e-06, "requiredData":[]}, {"id":11, "scan":20, "output":21, "estimatedLoad":9.25805520712886692e-06, "requiredData":[]}, {"id":12, "scan":21, "output":22, "estimatedLoad":3.9370185796248955e-06, "requiredData":[]}], "shuffleStages":[{"from":14, "to":19}, {"from":12, "to":15}, {"from":10, "to":13}, {"from":4, "to":7}, {"from":0, "to":3}], "dependencyOrder":[0, 1, 2, 3, 4, 5, 6, 7, 8, 9, 10, 11, 12]}, "tasks":[{"k":12, "v":[{"pipelineId":12, "scannedPartition":{"dataUnitId":21, "partitionIndex":0}, "requiredPartitions":[], "outputPartition":{"dataUnitId":22, "partitionIndex":0}, "broadcast":false}]}, {"k":11, "v":[{"pipelineId":11, "scannedPartition":{"dataUnitId":20, "partitionIndex":0}, "requiredPartitions":[], "outputPartition":{"dataUnitId":21, "partitionIndex":0}, "broadcast":false}]}, {"k":10, "v":[{"pipelineId":10, "scannedPartition":{"dataUnitId":18, "partitionIndex":0}, "requiredPartitions":[], "outputPartition":{"dataUnitId":20, "partitionIndex":0}, "broadcast":false}]}, {"k":9, "v":[{"pipelineId":9, "scannedPartition":{"dataUnitId":19, "partitionIndex":0}, "requiredPartitions":[{"dataUnitId":16, "partitionIndex":0}], "outputPartition":{"dataUnitId":18, "partitionIndex":0}, "broadcast":false}]}, {"k":8, "v":[{"pipelineId":8, "scannedPartition":{"dataUnitId":17, "partitionIndex":0}, "requiredPartitions":[], "outputPartition":{"dataUnitId":16, "partitionIndex":0}, "broadcast":false}]}, {"k":7, "v":[{"pipelineId":7, "scannedPartition":{"dataUnitId":15, "partitionIndex":0}, "requiredPartitions":[], "outputPartition":{"dataUnitId":14, "partitionIndex":0}, "broadcast":false}, {"pipelineId":7, "scannedPartition":{"dataUnitId":15, "partitionIndex":1}, "requiredPartitions":[], "outputPartition":{"dataUnitId":14, "partitionIndex":1}, "broadcast":false}, {"pipelineId":7, "scannedPartition":{"dataUnitId":15, "partitionIndex":2}, "requiredPartitions":[], "outputPartition":{"dataUnitId":14, "partitionIndex":2}, "broadcast":false}, {"pipelineId":7, "scannedPartition":{"dataUnitId":15, "partitionIndex":3}, "requiredPartitions":[], "outputPartition":{"dataUnitId":14, "partitionIndex":3}, "broadcast":false}, {"pipelineId":7, "scannedPartition":{"dataUnitId":15, "partitionIndex":4}, "requiredPartitions":[], "outputPartition":{"dataUnitId":14, "partitionIndex":4}, "broadcast":false}, {"pipelineId":7, "scannedPartition":{"dataUnitId":15, "partitionIndex":5}, "requiredPartitions":[], "outputPartition":{"dataUnitId":14, "partitionIndex":5}, "broadcast":false}, {"pipelineId":7, "scannedPartition":{"dataUnitId":15, "partitionIndex":6}, "requiredPartitions":[], "outputPartition":{"dataUnitId":14, "partitionIndex":6}, "broadcast":false}, {"pipelineId":7, "scannedPartition":{"dataUnitId":15, "partitionIndex":7}, "requiredPartitions":[], "outputPartition":{"dataUnitId":14, "partitionIndex":7}, "broadcast":false}, {"pipelineId":7, "scannedPartition":{"dataUnitId":15, "partitionIndex":8}, "requiredPartitions":[], "outputPartition":{"dataUnitId":14, "partitionIndex":8}, "broadcast":false}, {"pipelineId":7, "scannedPartition":{"dataUnitId":15, "partitionIndex":9}, "requiredPartitions":[], "outputPartition":{"dataUnitId":14, "partitionIndex":9}, "broadcast":false}, {"pipelineId":7, "scannedPartition":{"dataUnitId":15, "partitionIndex":10}, "requiredPartitions":[], "outputPartition":{"dataUnitId":14, "partitionIndex":10}, "broadcast":false}, {"pipelineId":7, "scannedPartition":{"dataUnitId":15, "partitionIndex":11}, "requiredPartitions":[], "outputPartition":{"dataUnitId":14, "partitionIndex":11}, "broadcast":false}, {"pipelineId":7, "scannedPartition":{"dataUnitId":15, "partitionIndex":12}, "requiredPartitions":[], "outputPartition":{"dataUnitId":14, "partitionIndex":12}, "broadcast":false}, {"pipelineId":7, "scannedPartition":{"dataUnitId":15, "partitionIndex":13}, "requiredPartitions":[], "outputPartition":{"dataUnitId":14, "partitionIndex":13}, "broadcast":false}, {"pipelineId":7, "scannedPartition":{"dataUnitId":15, "partitionIndex":14}, "requiredPartitions":[], "outputPartition":{"dataUnitId":14, "partitionIndex":14}, "broadcast":false}, {"pipelineId":7, "scannedPartition":{"dataUnitId":15, "partitionIndex":15}, "requiredPartitions":[], "outputPartition":{"dataUnitId":14, "partitionIndex":15}, "broadcast":false}]}, {"k":6, "v":[{"pipelineId":6, "scannedPartition":{"dataUnitId":13, "partitionIndex":0}, "requiredPartitions":[{"dataUnitId":8, "partitionIndex":0}], "outputPartition":{"dataUnitId":12, "partitionIndex":0}, "broadcast":false}, {"pipelineId":6, "scannedPartition":{"dataUnitId":13, "partitionIndex":0}, "requiredPartitions":[{"dataUnitId":8, "partitionIndex":1}], "outputPartition":{"dataUnitId":12, "partitionIndex":1}, "broadcast":false}, {"pipelineId":6, "scannedPartition":{"dataUnitId":13, "partitionIndex":0}, "requiredPartitions":[{"dataUnitId":8, "partitionIndex":2}], "outputPartition":{"dataUnitId":12, "partitionIndex":2}, "broadcast":false}, {"pipelineId":6, "scannedPartition":{"dataUnitId":13, "partitionIndex":0}, "requiredPartitions":[{"dataUnitId":8, "partitionIndex":3}], "outputPartition":{"dataUnitId":12, "partitionIndex":3}, "broadcast":false}, {"pipelineId":6, "scannedPartition":{"dataUnitId":13, "partitionIndex":0}, "requiredPartitions":[{"dataUnitId":8, "partitionIndex":4}], "outputPartition":{"dataUnitId":12, "partitionIndex":4}, "broadcast":false}, {"pipelineId":6, "scannedPartition":{"dataUnitId":13, "partitionIndex":0}, "requiredPartitions":[{"dataUnitId":8, "partitionIndex":5}], "outputPartition":{"dataUnitId":12, "partitionIndex":5}, "broadcast":false}, {"pipelineId":6, "scannedPartition":{"dataUnitId":13, "partitionIndex":0}, "requiredPartitions":[{"dataUnitId":8, "partitionIndex":6}], "outputPartition":{"dataUnitId":12, "partitionIndex":6}, "broadcast":false}, {"pipelineId":6, "scannedPartition":{"dataUnitId":13, "partitionIndex":0}, "requiredPartitions":[{"dataUnitId":8, "partitionIndex":7}], "outputPartition":{"dataUnitId":12, "partitionIndex":7}, "broadcast":false}, {"pipelineId":6, "scannedPartition":{"dataUnitId":13, "partitionIndex":0}, "requiredPartitions":[{"dataUnitId":8, "partitionIndex":8}], "outputPartition":{"dataUnitId":12, "partitionIndex":8}, "broadcast":false}, {"pipelineId":6, "scannedPartition":{"dataUnitId":13, "partitionIndex":0}, "requiredPartitions":[{"dataUnitId":8, "partitionIndex":9}], "outputPartition":{"dataUnitId":12, "partitionIndex":9}, "broadcast":false}, {"pipelineId":6, "scannedPartition":{"dataUnitId":13, "partitionIndex":0}, "requiredPartitions":[{"dataUnitId":8, "partitionIndex":10}], "outputPartition":{"dataUnitId":12, "partitionIndex":10}, "broadcast":false}, {"pipelineId":6, "scannedPartition":{"dataUnitId":13, "partitionIndex":0}, "requiredPartitions":[{"dataUnitId":8, "partitionIndex":11}], "outputPartition":{"dataUnitId":12, "partitionIndex":11}, "broadcast":false}, {"pipelineId":6, "scannedPartition":{"dataUnitId":13, "partitionIndex":0}, "requiredPartitions":[{"dataUnitId":8, "partitionIndex":12}], "outputPartition":{"dataUnitId":12, "partitionIndex":12}, "broadcast":false}, {"pipelineId":6, "scannedPartition":{"dataUnitId":13, "partitionIndex":0}, "requiredPartitions":[{"dataUnitId":8, "partitionIndex":13}], "outputPartition":{"dataUnitId":12, "partitionIndex":13}, "broadcast":false}, {"pipelineId":6, "scannedPartition":{"dataUnitId":13, "partitionIndex":0}, "requiredPartitions":[{"dataUnitId":8, "partitionIndex":14}], "outputPartition":{"dataUnitId":12, "partitionIndex":14}, "broadcast":false}, {"pipelineId":6, "scannedPartition":{"dataUnitId":13, "partitionIndex":0}, "requiredPartitions":[{"dataUnitId":8, "partitionIndex":15}], "outputPartition":{"dataUnitId":12, "partitionIndex":15}, "broadcast":false}]}, {"k":5, "v":[{"pipelineId":5, "scannedPartition":{"dataUnitId":11, "partitionIndex":0}, "requiredPartitions":[], "outputPartition":{"dataUnitId":10, "partitionIndex":0}, "broadcast":false}, {"pipelineId":5, "scannedPartition":{"dataUnitId":11, "partitionIndex":1}, "requiredPartitions":[], "outputPartition":{"dataUnitId":10, "partitionIndex":1}, "broadcast":false}, {"pipelineId":5, "scannedPartition":{"dataUnitId":11, "partitionIndex":2}, "requiredPartitions":[], "outputPartition":{"dataUnitId":10, "partitionIndex":2}, "broadcast":false}, {"pipelineId":5, "scannedPartition":{"dataUnitId":11, "partitionIndex":3}, "requiredPartitions":[], "outputPartition":{"dataUnitId":10, "partitionIndex":3}, "broadcast":false}, {"pipelineId":5, "scannedPartition":{"dataUnitId":11, "partitionIndex":4}, "requiredPartitions":[], "outputPartition":{"dataUnitId":10, "partitionIndex":4}, "broadcast":false}, {"pipelineId":5, "scannedPartition":{"dataUnitId":11, "partitionIndex":5}, "requiredPartitions":[], "outputPartition":{"dataUnitId":10, "partitionIndex":5}, "broadcast":false}, {"pipelineId":5, "scannedPartition":{"dataUnitId":11, "partitionIndex":6}, "requiredPartitions":[], "outputPartition":{"dataUnitId":10, "partitionIndex":6}, "broadcast":false}, {"pipelineId":5, "scannedPartition":{"dataUnitId":11, "partitionIndex":7}, "requiredPartitions":[], "outputPartition":{"dataUnitId":10, "partitionIndex":7}, "broadcast":false}, {"pipelineId":5, "scannedPartition":{"dataUnitId":11, "partitionIndex":8}, "requiredPartitions":[], "outputPartition":{"dataUnitId":10, "partitionIndex":8}, "broadcast":false}, {"pipelineId":5, "scannedPartition":{"dataUnitId":11, "partitionIndex":9}, "requiredPartitions":[], "outputPartition":{"dataUnitId":10, "partitionIndex":9}, "broadcast":false}, {"pipelineId":5, "scannedPartition":{"dataUnitId":11, "partitionIndex":10}, "requiredPartitions":[], "outputPartition":{"dataUnitId":10, "partitionIndex":10}, "broadcast":false}, {"pipelineId":5, "scannedPartition":{"dataUnitId":11, "partitionIndex":11}, "requiredPartitions":[], "outputPartition":{"dataUnitId":10, "partitionIndex":11}, "broadcast":false}, {"pipelineId":5, "scannedPartition":{"dataUnitId":11, "partitionIndex":12}, "requiredPartitions":[], "outputPartition":{"dataUnitId":10, "partitionIndex":12}, "broadcast":false}, {"pipelineId":5, "scannedPartition":{"dataUnitId":11, "partitionIndex":13}, "requiredPartitions":[], "outputPartition":{"dataUnitId":10, "partitionIndex":13}, "broadcast":false}, {"pipelineId":5, "scannedPartition":{"dataUnitId":11, "partitionIndex":14}, "requiredPartitions":[], "outputPartition":{"dataUnitId":10, "partitionIndex":14}, "broadcast":false}, {"pipelineId":5, "scannedPartition":{"dataUnitId":11, "partitionIndex":15}, "requiredPartitions":[], "outputPartition":{"dataUnitId":10, "partitionIndex":15}, "broadcast":false}]}, {"k":4, "v":[{"pipelineId":4, "scannedPartition":{"dataUnitId":9, "partitionIndex":0}, "requiredPartitions":[{"dataUnitId":6, "partitionIndex":0}], "outputPartition":{"dataUnitId":8, "partitionIndex":0}, "broadcast":false}, {"pipelineId":4, "scannedPartition":{"dataUnitId":9, "partitionIndex":1}, "requiredPartitions":[{"dataUnitId":6, "partitionIndex":0}], "outputPartition":{"dataUnitId":8, "partitionIndex":1}, "broadcast":false}, {"pipelineId":4, "scannedPartition":{"dataUnitId":9, "partitionIndex":2}, "requiredPartitions":[{"dataUnitId":6, "partitionIndex":0}], "outputPartition":{"dataUnitId":8, "partitionIndex":2}, "broadcast":false}, {"pipelineId":4, "scannedPartition":{"dataUnitId":9, "partitionIndex":3}, "requiredPartitions":[{"dataUnitId":6, "partitionIndex":0}], "outputPartition":{"dataUnitId":8, "partitionIndex":3}, "broadcast":false}, {"pipelineId":4, "scannedPartition":{"dataUnitId":9, "partitionIndex":4}, "requiredPartitions":[{"dataUnitId":6, "partitionIndex":0}], "outputPartition":{"dataUnitId":8, "partitionIndex":4}, "broadcast":false}, {"pipelineId":4, "scannedPartition":{"dataUnitId":9, "partitionIndex":5}, "requiredPartitions":[{"dataUnitId":6, "partitionIndex":0}], "outputPartition":{"dataUnitId":8, "partitionIndex":5}, "broadcast":false}, {"pipelineId":4, "scannedPartition":{"dataUnitId":9, "partitionIndex":6}, "requiredPartitions":[{"dataUnitId":6, "partitionIndex":0}], "outputPartition":{"dataUnitId":8, "partitionIndex":6}, "broadcast":false}, {"pipelineId":4, "scannedPartition":{"dataUnitId":9, "partitionIndex":7}, "requiredPartitions":[{"dataUnitId":6, "partitionIndex":0}], "outputPartition":{"dataUnitId":8, "partitionIndex":7}, "broadcast":false}, {"pipelineId":4, "scannedPartition":{"dataUnitId":9, "partitionIndex":8}, "requiredPartitions":[{"dataUnitId":6, "partitionIndex":0}], "outputPartition":{"dataUnitId":8, "partitionIndex":8}, "broadcast":false}, {"pipelineId":4, "scannedPartition":{"dataUnitId":9, "partitionIndex":9}, "requiredPartitions":[{"dataUnitId":6, "partitionIndex":0}], "outputPartition":{"dataUnitId":8, "partitionIndex":9}, "broadcast":false}, {"pipelineId":4, "scannedPartition":{"dataUnitId":9, "partitionIndex":10}, "requiredPartitions":[{"dataUnitId":6, "partitionIndex":0}], "outputPartition":{"dataUnitId":8, "partitionIndex":10}, "broadcast":false}, {"pipelineId":4, "scannedPartition":{"dataUnitId":9, "partitionIndex":11}, "requiredPartitions":[{"dataUnitId":6, "partitionIndex":0}], "outputPartition":{"dataUnitId":8, "partitionIndex":11}, "broadcast":false}, {"pipelineId":4, "scannedPartition":{"dataUnitId":9, "partitionIndex":12}, "requiredPartitions":[{"dataUnitId":6, "partitionIndex":0}], "outputPartition":{"dataUnitId":8, "partitionIndex":12}, "broadcast":false}, {"pipelineId":4, "scannedPartition":{"dataUnitId":9, "partitionIndex":13}, "requiredPartitions":[{"dataUnitId":6, "partitionIndex":0}], "outputPartition":{"dataUnitId":8, "partitionIndex":13}, "broadcast":false}, {"pipelineId":4, "scannedPartition":{"dataUnitId":9, "partitionIndex":14}, "requiredPartitions":[{"dataUnitId":6, "partitionIndex":0}], "outputPartition":{"dataUnitId":8, "partitionIndex":14}, "broadcast":false}, {"pipelineId":4, "scannedPartition":{"dataUnitId":9, "partitionIndex":15}, "requiredPartitions":[{"dataUnitId":6, "partitionIndex":0}], "outputPartition":{"dataUnitId":8, "partitionIndex":15}, "broadcast":false}]}, {"k":2, "v":[{"pipelineId":2, "scannedPartition":{"dataUnitId":5, "partitionIndex":0}, "requiredPartitions":[{"dataUnitId":2, "partitionIndex":0}], "outputPartition":{"dataUnitId":4, "partitionIndex":0}, "broadcast":false}, {"pipelineId":2, "scannedPartition":{"dataUnitId":5, "partitionIndex":1}, "requiredPartitions":[{"dataUnitId":2, "partitionIndex":0}], "outputPartition":{"dataUnitId":4, "partitionIndex":1}, "broadcast":false}, {"pipelineId":2, "scannedPartition":{"dataUnitId":5, "partitionIndex":2}, "requiredPartitions":[{"dataUnitId":2, "partitionIndex":0}], "outputPartition":{"dataUnitId":4, "partitionIndex":2}, "broadcast":false}, {"pipelineId":2, "scannedPartition":{"dataUnitId":5, "partitionIndex":3}, "requiredPartitions":[{"dataUnitId":2, "partitionIndex":0}], "outputPartition":{"dataUnitId":4, "partitionIndex":3}, "broadcast":false}, {"pipelineId":2, "scannedPartition":{"dataUnitId":5, "partitionIndex":4}, "requiredPartitions":[{"dataUnitId":2, "partitionIndex":0}], "outputPartition":{"dataUnitId":4, "partitionIndex":4}, "broadcast":false}, {"pipelineId":2, "scannedPartition":{"dataUnitId":5, "partitionIndex":5}, "requiredPartitions":[{"dataUnitId":2, "partitionIndex":0}], "outputPartition":{"dataUnitId":4, "partitionIndex":5}, "broadcast":false}, {"pipelineId":2, "scannedPartition":{"dataUnitId":5, "partitionIndex":6}, "requiredPartitions":[{"dataUnitId":2, "partitionIndex":0}], "outputPartition":{"dataUnitId":4, "partitionIndex":6}, "broadcast":false}, {"pipelineId":2, "scannedPartition":{"dataUnitId":5, "partitionIndex":7}, "requiredPartitions":[{"dataUnitId":2, "partitionIndex":0}], "outputPartition":{"dataUnitId":4, "partitionIndex":7}, "broadcast":false}, {"pipelineId":2, "scannedPartition":{"dataUnitId":5, "partitionIndex":8}, "requiredPartitions":[{"dataUnitId":2, "partitionIndex":0}], "outputPartition":{"dataUnitId":4, "partitionIndex":8}, "broadcast":false}, {"pipelineId":2, "scannedPartition":{"dataUnitId":5, "partitionIndex":9}, "requiredPartitions":[{"dataUnitId":2, "partitionIndex":0}], "outputPartition":{"dataUnitId":4, "partitionIndex":9}, "broadcast":false}, {"pipelineId":2, "scannedPartition":{"dataUnitId":5, "partitionIndex":10}, "requiredPartitions":[{"dataUnitId":2, "partitionIndex":0}], "outputPartition":{"dataUnitId":4, "partitionIndex":10}, "broadcast":false}, {"pipelineId":2, "scannedPartition":{"dataUnitId":5, "partitionIndex":11}, "requiredPartitions":[{"dataUnitId":2, "partitionIndex":0}], "outputPartition":{"dataUnitId":4, "partitionIndex":11}, "broadcast":false}, {"pipelineId":2, "scannedPartition":{"dataUnitId":5, "partitionIndex":12}, "requiredPartitions":[{"dataUnitId":2, "partitionIndex":0}], "outputPartition":{"dataUnitId":4, "partitionIndex":12}, "broadcast":false}, {"pipelineId":2, "scannedPartition":{"dataUnitId":5, "partitionIndex":13}, "requiredPartitions":[{"dataUnitId":2, "partitionIndex":0}], "outputPartition":{"dataUnitId":4, "partitionIndex":13}, "broadcast":false}, {"pipelineId":2, "scannedPartition":{"dataUnitId":5, "partitionIndex":14}, "requiredPartitions":[{"dataUnitId":2, "partitionIndex":0}], "outputPartition":{"dataUnitId":4, "partitionIndex":14}, "broadcast":false}, {"pipelineId":2, "scannedPartition":{"dataUnitId":5, "partitionIndex":15}, "requiredPartitions":[{"dataUnitId":2, "partitionIndex":0}], "outputPartition":{"dataUnitId":4, "partitionIndex":15}, "broadcast":false}]}, {"k":0, "v":[{"pipelineId":0, "scannedPartition":{"dataUnitId":1, "partitionIndex":0}, "requiredPartitions":[], "outputPartition":{"dataUnitId":0, "partitionIndex":0}, "broadcast":false}, {"pipelineId":0, "scannedPartition":{"dataUnitId":1, "partitionIndex":1}, "requiredPartitions":[], "outputPartition":{"dataUnitId":0, "partitionIndex":1}, "broadcast":false}, {"pipelineId":0, "scannedPartition":{"dataUnitId":1, "partitionIndex":2}, "requiredPartitions":[], "outputPartition":{"dataUnitId":0, "partitionIndex":2}, "broadcast":false}, {"pipelineId":0, "scannedPartition":{"dataUnitId":1, "partitionIndex":3}, "requiredPartitions":[], "outputPartition":{"dataUnitId":0, "partitionIndex":3}, "broadcast":false}, {"pipelineId":0, "scannedPartition":{"dataUnitId":1, "partitionIndex":4}, "requiredPartitions":[], "outputPartition":{"dataUnitId":0, "partitionIndex":4}, "broadcast":false}, {"pipelineId":0, "scannedPartition":{"dataUnitId":1, "partitionIndex":5}, "requiredPartitions":[], "outputPartition":{"dataUnitId":0, "partitionIndex":5}, "broadcast":false}, {"pipelineId":0, "scannedPartition":{"dataUnitId":1, "partitionIndex":6}, "requiredPartitions":[], "outputPartition":{"dataUnitId":0, "partitionIndex":6}, "broadcast":false}, {"pipelineId":0, "scannedPartition":{"dataUnitId":1, "partitionIndex":7}, "requiredPartitions":[], "outputPartition":{"dataUnitId":0, "partitionIndex":7}, "broadcast":false}, {"pipelineId":0, "scannedPartition":{"dataUnitId":1, "partitionIndex":8}, "requiredPartitions":[], "outputPartition":{"dataUnitId":0, "partitionIndex":8}, "broadcast":false}, {"pipelineId":0, "scannedPartition":{"dataUnitId":1, "partitionIndex":9}, "requiredPartitions":[], "outputPartition":{"dataUnitId":0, "partitionIndex":9}, "broadcast":false}, {"pipelineId":0, "scannedPartition":{"dataUnitId":1, "partitionIndex":10}, "requiredPartitions":[], "outputPartition":{"dataUnitId":0, "partitionIndex":10}, "broadcast":false}, {"pipelineId":0, "scannedPartition":{"dataUnitId":1, "partitionIndex":11}, "requiredPartitions":[], "outputPartition":{"dataUnitId":0, "partitionIndex":11}, "broadcast":false}, {"pipelineId":0, "scannedPartition":{"dataUnitId":1, "partitionIndex":12}, "requiredPartitions":[], "outputPartition":{"dataUnitId":0, "partitionIndex":12}, "broadcast":false}, {"pipelineId":0, "scannedPartition":{"dataUnitId":1, "partitionIndex":13}, "requiredPartitions":[], "outputPartition":{"dataUnitId":0, "partitionIndex":13}, "broadcast":false}, {"pipelineId":0, "scannedPartition":{"dataUnitId":1, "partitionIndex":14}, "requiredPartitions":[], "outputPartition":{"dataUnitId":0, "partitionIndex":14}, "broadcast":false}, {"pipelineId":0, "scannedPartition":{"dataUnitId":1, "partitionIndex":15}, "requiredPartitions":[], "outputPartition":{"dataUnitId":0, "partitionIndex":15}, "broadcast":false}]}], "broadcastTasks":[{"k":3, "v":{"pipelineId":3, "scannedPartition":{"dataUnitId":7, "partitionIndex":0}, "requiredPartitions":[], "outputPartition":{"dataUnitId":6, "partitionIndex":0}, "broadcast":true}}, {"k":1, "v":{"pipelineId":1, "scannedPartition":{"dataUnitId":3, "partitionIndex":0}, "requiredPartitions":[], "outputPartition":{"dataUnitId":2, "partitionIndex":0}, "broadcast":true}}], "initialPartitioning":{"owningNode":[{"k":{"dataUnitId":17, "partitionIndex":0}, "v":0}, {"k":{"dataUnitId":11, "partitionIndex":12}, "v":4}, {"k":{"dataUnitId":11, "partitionIndex":11}, "v":3}, {"k":{"dataUnitId":5, "partitionIndex":7}, "v":7}, {"k":{"dataUnitId":1, "partitionIndex":10}, "v":2}, {"k":{"dataUnitId":5, "partitionIndex":6}, "v":6}, {"k":{"dataUnitId":5, "partitionIndex":3}, "v":3}, {"k":{"dataUnitId":5, "partitionIndex":10}, "v":2}, {"k":{"dataUnitId":9, "partitionIndex":2}, "v":2}, {"k":{"dataUnitId":9, "partitionIndex":13}, "v":5}, {"k":{"dataUnitId":5, "partitionIndex":5}, "v":5}, {"k":{"dataUnitId":1, "partitionIndex":6}, "v":6}, {"k":{"dataUnitId":5, "partitionIndex":1}, "v":1}, {"k":{"dataUnitId":1, "partitionIndex":0}, "v":0}, {"k":{"dataUnitId":9, "partitionIndex":6}, "v":6}, {"k":{"dataUnitId":5, "partitionIndex":11}, "v":3}, {"k":{"dataUnitId":11, "partitionIndex":2}, "v":2}, {"k":{"dataUnitId":1, "partitionIndex":13}, "v":5}, {"k":{"dataUnitId":1, "partitionIndex":1}, "v":1}, {"k":{"dataUnitId":1, "partitionIndex":11}, "v":3}, {"k":{"dataUnitId":1, "partitionIndex":12}, "v":4}, {"k":{"dataUnitId":1, "partitionIndex":2}, "v":2}, {"k":{"dataUnitId":9, "partitionIndex":15}, "v":7}, {"k":{"dataUnitId":1, "partitionIndex":15}, "v":7}, {"k":{"dataUnitId":1, "partitionIndex":4}, "v":4}, {"k":{"dataUnitId":1, "partitionIndex":7}, "v":7}, {"k":{"dataUnitId":1, "partitionIndex":5}, "v":5}, {"k":{"dataUnitId":1, "partitionIndex":8}, "v":0}, {"k":{"dataUnitId":11, "partitionIndex":13}, "v":5}, {"k":{"dataUnitId":5, "partitionIndex":9}, "v":1}, {"k":{"dataUnitId":11, "partitionIndex":3}, "v":3}, {"k":{"dataUnitId":9, "partitionIndex":0}, "v":0}, {"k":{"dataUnitId":5, "partitionIndex":12}, "v":4}, {"k":{"dataUnitId":11, "partitionIndex":4}, "v":4}, {"k":{"dataUnitId":1, "partitionIndex":9}, "v":1}, {"k":{"dataUnitId":5, "partitionIndex":8}, "v":0}, {"k":{"dataUnitId":5, "partitionIndex":13}, "v":5}, {"k":{"dataUnitId":9, "partitionIndex":5}, "v":5}, {"k":{"dataUnitId":11, "partitionIndex":10}, "v":2}, {"k":{"dataUnitId":11, "partitionIndex":14}, "v":6}, {"k":{"dataUnitId":5, "partitionIndex":14}, "v":6}, {"k":{"dataUnitId":1, "partitionIndex":3}, "v":3}, {"k":{"dataUnitId":5, "partitionIndex":15}, "v":7}, {"k":{"dataUnitId":9, "partitionIndex":1}, "v":1}, {"k":{"dataUnitId":9, "partitionIndex":3}, "v":3}, {"k":{"dataUnitId":11, "partitionIndex":15}, "v":7}, {"k":{"dataUnitId":11, "partitionIndex":6}, "v":6}, {"k":{"dataUnitId":5, "partitionIndex":4}, "v":4}, {"k":{"dataUnitId":9, "partitionIndex":4}, "v":4}, {"k":{"dataUnitId":9, "partitionIndex":14}, "v":6}, {"k":{"dataUnitId":9, "partitionIndex":7}, "v":7}, {"k":{"dataUnitId":9, "partitionIndex":11}, "v":3}, {"k":{"dataUnitId":11, "partitionIndex":7}, "v":7}, {"k":{"dataUnitId":9, "partitionIndex":8}, "v":0}, {"k":{"dataUnitId":9, "partitionIndex":9}, "v":1}, {"k":{"dataUnitId":5, "partitionIndex":0}, "v":0}, {"k":{"dataUnitId":9, "partitionIndex":10}, "v":2}, {"k":{"dataUnitId":1, "partitionIndex":14}, "v":6}, {"k":{"dataUnitId":5, "partitionIndex":2}, "v":2}, {"k":{"dataUnitId":9, "partitionIndex":12}, "v":4}, {"k":{"dataUnitId":11, "partitionIndex":0}, "v":0}, {"k":{"dataUnitId":11, "partitionIndex":1}, "v":1}, {"k":{"dataUnitId":11, "partitionIndex":5}, "v":5}, {"k":{"dataUnitId":11, "partitionIndex":8}, "v":0}, {"k":{"dataUnitId":11, "partitionIndex":9}, "v":1}], "cachingNodes":[{"k":{"dataUnitId":17, "partitionIndex":0}, "v":[7, 6, 5, 4, 3, 2, 1]}, {"k":{"dataUnitId":11, "partitionIndex":12}, "v":[8]}, {"k":{"dataUnitId":11, "partitionIndex":11}, "v":[8]}, {"k":{"dataUnitId":5, "partitionIndex":7}, "v":[8]}, {"k":{"dataUnitId":1, "partitionIndex":10}, "v":[8]}, {"k":{"dataUnitId":5, "partitionIndex":6}, "v":[8]}, {"k":{"dataUnitId":5, "partitionIndex":3}, "v":[8]}, {"k":{"dataUnitId":5, "partitionIndex":10}, "v":[8]}, {"k":{"dataUnitId":9, "partitionIndex":2}, "v":[8]}, {"k":{"dataUnitId":9, "partitionIndex":13}, "v":[8]}, {"k":{"dataUnitId":5, "partitionIndex":5}, "v":[8]}, {"k":{"dataUnitId":1, "partitionIndex":6}, "v":[8]}, {"k":{"dataUnitId":5, "partitionIndex":1}, "v":[8]}, {"k":{"dataUnitId":1, "partitionIndex":0}, "v":[8]}, {"k":{"dataUnitId":9, "partitionIndex":6}, "v":[8]}, {"k":{"dataUnitId":5, "partitionIndex":11}, "v":[8]}, {"k":{"dataUnitId":11, "partitionIndex":2}, "v":[8]}, {"k":{"dataUnitId":1, "partitionIndex":13}, "v":[8]}, {"k":{"dataUnitId":1, "partitionIndex":1}, "v":[8]}, {"k":{"dataUnitId":1, "partitionIndex":11}, "v":[8]}, {"k":{"dataUnitId":1, "partitionIndex":12}, "v":[8]}, {"k":{"dataUnitId":1, "partitionIndex":2}, "v":[8]}, {"k":{"dataUnitId":9, "partitionIndex":15}, "v":[8]}, {"k":{"dataUnitId":1, "partitionIndex":15}, "v":[8]}, {"k":{"dataUnitId":1, "partitionIndex":4}, "v":[8]}, {"k":{"dataUnitId":1, "partitionIndex":7}, "v":[8]}, {"k":{"dataUnitId":1, "partitionIndex":5}, "v":[8]}, {"k":{"dataUnitId":1, "partitionIndex":8}, "v":[8]}, {"k":{"dataUnitId":11, "partitionIndex":13}, "v":[8]}, {"k":{"dataUnitId":5, "partitionIndex":9}, "v":[8]}, {"k":{"dataUnitId":11, "partitionIndex":3}, "v":[8]}, {"k":{"dataUnitId":9, "partitionIndex":0}, "v":[8]}, {"k":{"dataUnitId":5, "partitionIndex":12}, "v":[8]}, {"k":{"dataUnitId":11, "partitionIndex":4}, "v":[8]}, {"k":{"dataUnitId":1, "partitionIndex":9}, "v":[8]}, {"k":{"dataUnitId":5, "partitionIndex":8}, "v":[8]}, {"k":{"dataUnitId":5, "partitionIndex":13}, "v":[8]}, {"k":{"dataUnitId":9, "partitionIndex":5}, "v":[8]}, {"k":{"dataUnitId":11, "partitionIndex":10}, "v":[8]}, {"k":{"dataUnitId":11, "partitionIndex":14}, "v":[8]}, {"k":{"dataUnitId":5, "partitionIndex":14}, "v":[8]}, {"k":{"dataUnitId":1, "partitionIndex":3}, "v":[8]}, {"k":{"dataUnitId":5, "partitionIndex":15}, "v":[8]}, {"k":{"dataUnitId":9, "partitionIndex":1}, "v":[8]}, {"k":{"dataUnitId":9, "partitionIndex":3}, "v":[8]}, {"k":{"dataUnitId":11, "partitionIndex":15}, "v":[8]}, {"k":{"dataUnitId":11, "partitionIndex":6}, "v":[8]}, {"k":{"dataUnitId":5, "partitionIndex":4}, "v":[8]}, {"k":{"dataUnitId":9, "partitionIndex":4}, "v":[8]}, {"k":{"dataUnitId":9, "partitionIndex":14}, "v":[8]}, {"k":{"dataUnitId":9, "partitionIndex":7}, "v":[8]}, {"k":{"dataUnitId":9, "partitionIndex":11}, "v":[8]}, {"k":{"dataUnitId":11, "partitionIndex":7}, "v":[8]}, {"k":{"dataUnitId":9, "partitionIndex":8}, "v":[8]}, {"k":{"dataUnitId":9, "partitionIndex":9}, "v":[8]}, {"k":{"dataUnitId":5, "partitionIndex":0}, "v":[8]}, {"k":{"dataUnitId":9, "partitionIndex":10}, "v":[8]}, {"k":{"dataUnitId":1, "partitionIndex":14}, "v":[8]}, {"k":{"dataUnitId":5, "partitionIndex":2}, "v":[8]}, {"k":{"dataUnitId":9, "partitionIndex":12}, "v":[8]}, {"k":{"dataUnitId":11, "partitionIndex":0}, "v":[8]}, {"k":{"dataUnitId":11, "partitionIndex":1}, "v":[8]}, {"k":{"dataUnitId":11, "partitionIndex":5}, "v":[8]}, {"k":{"dataUnitId":11, "partitionIndex":8}, "v":[8]}, {"k":{"dataUnitId":11, "partitionIndex":9}, "v":[8]}], "nNodes":9}, "name":"c5n18xlargex8_rrall_16_q10285.sql", "resultNode":0, "nParallelTasks":10000}