[{"totalTime":2392,"stagePlan":{"stages":[{"id":10,"isQueryResult":false,"tasks":[{"id":13,"duration":212,"executor":2},{"id":45,"duration":214,"executor":2},{"id":56,"duration":129,"executor":0},{"id":59,"duration":169,"executor":2},{"id":55,"duration":233,"executor":1},{"id":6,"duration":136,"executor":0},{"id":42,"duration":134,"executor":0},{"id":0,"duration":175,"executor":0},{"id":8,"duration":213,"executor":1},{"id":33,"duration":169,"executor":2},{"id":12,"duration":217,"executor":2},{"id":46,"duration":203,"executor":2},{"id":36,"duration":188,"executor":1},{"id":37,"duration":187,"executor":2},{"id":20,"duration":134,"executor":0},{"id":16,"duration":201,"executor":1},{"id":22,"duration":219,"executor":1},{"id":47,"duration":226,"executor":1},{"id":54,"duration":133,"executor":0},{"id":5,"duration":331,"executor":2},{"id":29,"duration":132,"executor":0},{"id":24,"duration":138,"executor":0},{"id":2,"duration":324,"executor":2},{"id":23,"duration":214,"executor":1},{"id":17,"duration":199,"executor":1},{"id":32,"duration":168,"executor":2},{"id":15,"duration":136,"executor":0},{"id":39,"duration":187,"executor":2},{"id":44,"duration":212,"executor":1},{"id":41,"duration":135,"executor":0},{"id":58,"duration":177,"executor":2},{"id":52,"duration":163,"executor":2},{"id":28,"duration":138,"executor":0},{"id":50,"duration":239,"executor":1},{"id":7,"duration":137,"executor":0},{"id":11,"duration":132,"executor":0},{"id":43,"duration":136,"executor":0},{"id":3,"duration":176,"executor":0},{"id":48,"duration":133,"executor":0},{"id":34,"duration":133,"executor":0},{"id":10,"duration":130,"executor":0},{"id":57,"duration":127,"executor":0},{"id":53,"duration":136,"executor":0},{"id":9,"duration":202,"executor":1},{"id":38,"duration":202,"executor":1},{"id":27,"duration":175,"executor":2},{"id":30,"duration":192,"executor":1},{"id":51,"duration":165,"executor":2},{"id":1,"duration":276,"executor":1},{"id":40,"duration":134,"executor":0},{"id":26,"duration":177,"executor":2},{"id":31,"duration":178,"executor":1},{"id":21,"duration":134,"executor":0},{"id":35,"duration":134,"executor":0},{"id":4,"duration":286,"executor":1},{"id":25,"duration":135,"executor":0},{"id":18,"duration":215,"executor":2},{"id":49,"duration":131,"executor":0},{"id":14,"duration":138,"executor":0},{"id":19,"duration":206,"executor":2}],"rdds":[26,27,28,29],"parents":[],"accIds":[453,472,473,474,475,476,477,479,480,482,483,484,485,486,490,491,492,493,494,495,499,518,519,520,521,522]},{"id":11,"isQueryResult":false,"tasks":[{"id":42,"duration":52,"executor":0},{"id":20,"duration":7,"executor":0},{"id":17,"duration":8,"executor":0},{"id":23,"duration":41,"executor":1},{"id":24,"duration":7,"executor":0},{"id":28,"duration":7,"executor":0},{"id":27,"duration":23,"executor":0},{"id":56,"duration":8,"executor":2},{"id":59,"duration":15,"executor":1},{"id":6,"duration":9,"executor":0},{"id":33,"duration":10,"executor":2},{"id":1,"duration":22,"executor":1},{"id":26,"duration":6,"executor":0},{"id":35,"duration":8,"executor":0},{"id":50,"duration":15,"executor":1},{"id":29,"duration":6,"executor":0},{"id":3,"duration":10,"executor":1},{"id":48,"duration":11,"executor":2},{"id":58,"duration":15,"executor":1},{"id":16,"duration":9,"executor":1},{"id":21,"duration":8,"executor":0},{"id":9,"duration":9,"executor":2},{"id":2,"duration":9,"executor":0},{"id":36,"duration":12,"executor":2},{"id":34,"duration":8,"executor":0},{"id":30,"duration":7,"executor":0},{"id":45,"duration":29,"executor":1},{"id":44,"duration":49,"executor":2},{"id":11,"duration":10,"executor":1},{"id":37,"duration":9,"executor":0},{"id":5,"duration":8,"executor":0},{"id":15,"duration":8,"executor":0},{"id":14,"duration":40,"executor":2},{"id":38,"duration":9,"executor":0},{"id":40,"duration":15,"executor":1},{"id":43,"duration":52,"executor":0},{"id":55,"duration":26,"executor":2},{"id":18,"duration":8,"executor":1},{"id":46,"duration":47,"executor":2},{"id":12,"duration":8,"executor":0},{"id":41,"duration":56,"executor":1},{"id":7,"duration":9,"executor":2},{"id":49,"duration":11,"executor":2},{"id":0,"duration":16,"executor":0},{"id":25,"duration":7,"executor":0},{"id":39,"duration":11,"executor":2},{"id":10,"duration":8,"executor":0},{"id":13,"duration":9,"executor":2},{"id":47,"duration":57,"executor":1},{"id":32,"duration":6,"executor":0},{"id":8,"duration":11,"executor":1},{"id":54,"duration":8,"executor":0},{"id":52,"duration":8,"executor":0},{"id":57,"duration":11,"executor":2},{"id":51,"duration":9,"executor":0},{"id":53,"duration":9,"executor":0},{"id":19,"duration":42,"executor":2},{"id":22,"duration":41,"executor":1},{"id":31,"duration":6,"executor":0},{"id":4,"duration":29,"executor":2}],"rdds":[30,31,32,33,34],"parents":[10],"accIds":[446,447,448,450,451,455,456,457,459,460,461,470,525,526,527,528,529,534,536,537,538,539,540,541,542,543,544,545,546,547,548,549,550,551,552]},{"id":13,"isQueryResult":false,"tasks":[{"id":52,"duration":61,"executor":0},{"id":17,"duration":8,"executor":0},{"id":48,"duration":9,"executor":0},{"id":47,"duration":10,"executor":0},{"id":23,"duration":65,"executor":1},{"id":53,"duration":54,"executor":1},{"id":10,"duration":7,"executor":0},{"id":2,"duration":38,"executor":0},{"id":30,"duration":11,"executor":0},{"id":5,"duration":10,"executor":0},{"id":59,"duration":46,"executor":2},{"id":33,"duration":10,"executor":2},{"id":31,"duration":9,"executor":0},{"id":35,"duration":15,"executor":1},{"id":11,"duration":7,"executor":0},{"id":16,"duration":10,"executor":0},{"id":34,"duration":16,"executor":1},{"id":3,"duration":36,"executor":2},{"id":57,"duration":9,"executor":2},{"id":25,"duration":12,"executor":2},{"id":50,"duration":10,"executor":2},{"id":26,"duration":12,"executor":2},{"id":6,"duration":8,"executor":0},{"id":51,"duration":63,"executor":0},{"id":49,"duration":10,"executor":2},{"id":13,"duration":7,"executor":0},{"id":56,"duration":45,"executor":2},{"id":8,"duration":8,"executor":0},{"id":37,"duration":9,"executor":0},{"id":1,"duration":44,"executor":0},{"id":20,"duration":57,"executor":2},{"id":55,"duration":84,"executor":1},{"id":24,"duration":55,"executor":0},{"id":58,"duration":43,"executor":1},{"id":29,"duration":9,"executor":0},{"id":21,"duration":56,"executor":0},{"id":46,"duration":10,"executor":2},{"id":12,"duration":8,"executor":0},{"id":7,"duration":39,"executor":1},{"id":54,"duration":11,"executor":1},{"id":36,"duration":9,"executor":0},{"id":4,"duration":57,"executor":1},{"id":27,"duration":78,"executor":2},{"id":14,"duration":11,"executor":2},{"id":41,"duration":8,"executor":0},{"id":40,"duration":9,"executor":0},{"id":0,"duration":45,"executor":2},{"id":38,"duration":11,"executor":2},{"id":19,"duration":57,"executor":2},{"id":45,"duration":51,"executor":0},{"id":15,"duration":11,"executor":2},{"id":32,"duration":11,"executor":2},{"id":18,"duration":62,"executor":1},{"id":43,"duration":17,"executor":1},{"id":22,"duration":54,"executor":0},{"id":44,"duration":11,"executor":2},{"id":42,"duration":17,"executor":1},{"id":28,"duration":14,"executor":1},{"id":9,"duration":8,"executor":0},{"id":39,"duration":12,"executor":2}],"rdds":[30,31,35],"parents":[12],"accIds":[424,443,444,445,446,447,448,450,451,455,456,457,459,460,461,470,560,561,562,563,564,569,571,572,573,574,575,576,577,578,579,580,581,582,583,584,585,586,587,588,589,590]},{"id":14,"isQueryResult":true,"tasks":[{"id":1,"duration":15,"executor":2},{"id":2,"duration":14,"executor":0},{"id":0,"duration":17,"executor":1},{"id":3,"duration":16,"executor":1}],"rdds":[36,37,38],"parents":[13],"accIds":[420,421,422,423,427,430,431,432,595,596,597,598,599,604,606,607,608,609,610,611,612,613,614,615,616,617,618,619,620,621,622]}]},"sqlPlan":{ "nodeName":"WholeStageCodegen (3)", "description":"WholeStageCodegen (3)", "metadata":{}, "metrics":[{"metricName":"duration","value":4,"accId":420}], "children":[{ "nodeName":"Sort", "description":"Sort [l_returnflag#17 ASC NULLS FIRST, l_linestatus#18 ASC NULLS FIRST], true, 0", "metadata":{}, "metrics":[{"metricName":"sort time","value":0,"accId":421},{"metricName":"peak memory","value":268697536,"accId":422},{"metricName":"spill size","value":0,"accId":423}], "children":[{ "nodeName":"InputAdapter", "description":"InputAdapter", "metadata":{}, "metrics":[], "children":[{ "nodeName":"Exchange", "description":"Exchange rangepartitioning(l_returnflag#17 ASC NULLS FIRST, l_linestatus#18 ASC NULLS FIRST, 60), ENSURE_REQUIREMENTS, [plan_id=170]", "metadata":{}, "metrics":[{"metricName":"shuffle records written","value":4,"accId":444},{"metricName":"local merged chunks fetched","value":0,"accId":438},{"metricName":"shuffle write time","value":1870551,"accId":445},{"metricName":"remote merged bytes read","value":0,"accId":439},{"metricName":"local merged blocks fetched","value":0,"accId":436},{"metricName":"corrupt merged block chunks","value":0,"accId":433},{"metricName":"remote merged reqs duration","value":0,"accId":442},{"metricName":"remote merged blocks fetched","value":0,"accId":435},{"metricName":"records read","value":4,"accId":432},{"metricName":"local bytes read","value":844,"accId":430},{"metricName":"fetch wait time","value":0,"accId":431},{"metricName":"remote bytes read","value":0,"accId":428},{"metricName":"merged fetch fallback count","value":0,"accId":434},{"metricName":"local blocks read","value":4,"accId":427},{"metricName":"remote merged chunks fetched","value":0,"accId":437},{"metricName":"remote blocks read","value":0,"accId":426},{"metricName":"data size","value":864,"accId":424},{"metricName":"local merged bytes read","value":0,"accId":440},{"metricName":"number of partitions","value":4,"accId":425},{"metricName":"remote reqs duration","value":0,"accId":441},{"metricName":"remote bytes read to disk","value":0,"accId":429},{"metricName":"shuffle bytes written","value":844,"accId":443}], "children":[{ "nodeName":"WholeStageCodegen (2)", "description":"WholeStageCodegen (2)", "metadata":{}, "metrics":[{"metricName":"duration","value":592,"accId":446}], "children":[{ "nodeName":"HashAggregate", "description":"HashAggregate(keys=[l_returnflag#17, l_linestatus#18], functions=[sum(l_quantity#13), sum(l_extendedprice#14), sum((l_extendedprice#14 * (1 - l_discount#15))), sum(((l_extendedprice#14 * (1 - l_discount#15)) * (1 + l_tax#16))), avg(l_quantity#13), avg(l_extendedprice#14), avg(l_discount#15), count(1)])", "metadata":{}, "metrics":[{"metricName":"spill size","value":0,"accId":449},{"metricName":"time in aggregation build","value":149,"accId":450},{"metricName":"peak memory","value":568328064,"accId":448},{"metricName":"number of output rows","value":8,"accId":447},{"metricName":"number of sort fallback tasks","value":0,"accId":452},{"metricName":"avg hash probes per key","value":80,"accId":451}], "children":[{ "nodeName":"InputAdapter", "description":"InputAdapter", "metadata":{}, "metrics":[], "children":[{ "nodeName":"Exchange", "description":"Exchange hashpartitioning(l_returnflag#17, l_linestatus#18, 60), ENSURE_REQUIREMENTS, [plan_id=166]", "metadata":{}, "metrics":[{"metricName":"shuffle records written","value":240,"accId":473},{"metricName":"local merged chunks fetched","value":0,"accId":467},{"metricName":"shuffle write time","value":114414911,"accId":474},{"metricName":"remote merged bytes read","value":0,"accId":468},{"metricName":"local merged blocks fetched","value":0,"accId":465},{"metricName":"corrupt merged block chunks","value":0,"accId":462},{"metricName":"remote merged reqs duration","value":0,"accId":471},{"metricName":"remote merged blocks fetched","value":0,"accId":464},{"metricName":"records read","value":480,"accId":461},{"metricName":"local bytes read","value":32285,"accId":459},{"metricName":"fetch wait time","value":73,"accId":460},{"metricName":"remote bytes read","value":68537,"accId":457},{"metricName":"merged fetch fallback count","value":0,"accId":463},{"metricName":"local blocks read","value":154,"accId":456},{"metricName":"remote merged chunks fetched","value":0,"accId":466},{"metricName":"remote blocks read","value":326,"accId":455},{"metricName":"data size","value":65280,"accId":453},{"metricName":"local merged bytes read","value":0,"accId":469},{"metricName":"number of partitions","value":60,"accId":454},{"metricName":"remote reqs duration","value":278,"accId":470},{"metricName":"remote bytes read to disk","value":0,"accId":458},{"metricName":"shuffle bytes written","value":50411,"accId":472}], "children":[{ "nodeName":"WholeStageCodegen (1)", "description":"WholeStageCodegen (1)", "metadata":{}, "metrics":[{"metricName":"duration","value":10068,"accId":475}], "children":[{ "nodeName":"HashAggregate", "description":"HashAggregate(keys=[l_returnflag#17, l_linestatus#18], functions=[partial_sum(l_quantity#13), partial_sum(l_extendedprice#14), partial_sum((l_extendedprice#14 * (1 - l_discount#15))), partial_sum(((l_extendedprice#14 * (1 - l_discount#15)) * (1 + l_tax#16))), partial_avg(l_quantity#13), partial_avg(l_extendedprice#14), partial_avg(l_discount#15), partial_count(1)])", "metadata":{}, "metrics":[{"metricName":"spill size","value":0,"accId":478},{"metricName":"time in aggregation build","value":9725,"accId":479},{"metricName":"peak memory","value":4042259520,"accId":477},{"metricName":"number of output rows","value":240,"accId":476},{"metricName":"number of sort fallback tasks","value":0,"accId":481},{"metricName":"avg hash probes per key","value":600,"accId":480}], "children":[{ "nodeName":"Project", "description":"Project [l_quantity#13, l_extendedprice#14, l_discount#15, l_tax#16, l_returnflag#17, l_linestatus#18]", "metadata":{}, "metrics":[], "children":[{ "nodeName":"Filter", "description":"Filter (isnotnull(l_shipdate#19) AND (l_shipdate#19 <= 1998-09-02))", "metadata":{}, "metrics":[{"metricName":"number of output rows","value":5916591,"accId":482}], "children":[{ "nodeName":"ColumnarToRow", "description":"ColumnarToRow", "metadata":{}, "metrics":[{"metricName":"number of output rows","value":6001215,"accId":483},{"metricName":"number of input batches","value":1500,"accId":484}], "children":[{ "nodeName":"InputAdapter", "description":"InputAdapter", "metadata":{}, "metrics":[], "children":[{ "nodeName":"Scan parquet spark_catalog.tpch.lineitem", "description":"FileScan parquet spark_catalog.tpch.lineitem[l_quantity#13,l_extendedprice#14,l_discount#15,l_tax#16,l_returnflag#17,l_linestatus#18,l_shipdate#19] Batched: true, Bucketed: false (bucket column(s) not read), DataFilters: [isnotnull(l_shipdate#19), (l_shipdate#19 <= 1998-09-02)], Format: Parquet, Location: InMemoryFileIndex(1 paths)[file:/data/spark-warehouse/tpch.db/lineitem], PartitionFilters: [], PushedFilters: [IsNotNull(l_shipdate), LessThanOrEqual(l_shipdate,1998-09-02)], ReadSchema: struct<l_quantity:decimal(15,2),l_extendedprice:decimal(15,2),l_discount:decimal(15,2),l_tax:deci...", "metadata":{"Location":"InMemoryFileIndex(1 paths)[file:/data/spark-warehouse/tpch.db/lineitem]","ReadSchema":"struct<l_quantity:decimal(15,2),l_extendedprice:decimal(15,2),l_discount:decimal(15,2),l_tax:decimal(15,2),l_returnflag:string,l_linestatus:string,l_shipdate:date>","Format":"Parquet","Batched":"true","PartitionFilters":"[]","PushedFilters":"[IsNotNull(l_shipdate), LessThanOrEqual(l_shipdate,1998-09-02)]","DataFilters":"[isnotnull(l_shipdate#19), (l_shipdate#19 <= 1998-09-02)]","Bucketed":"false (bucket column(s) not read)"}, "metrics":[{"metricName":"number of files read","value":60,"accId":487},{"metricName":"scan time","value":550,"accId":486},{"metricName":"metadata time","value":0,"accId":488},{"metricName":"size of files read","value":365478469,"accId":489},{"metricName":"number of output rows","value":6001215,"accId":485}], "children":[] }] }] }] }] }] }] }] }] }] }] }] }] }] }] }},{"totalTime":2300,"stagePlan":{"stages":[{"id":15,"isQueryResult":false,"tasks":[{"id":15,"duration":187,"executor":2},{"id":49,"duration":166,"executor":2},{"id":34,"duration":179,"executor":2},{"id":30,"duration":221,"executor":1},{"id":37,"duration":134,"executor":0},{"id":19,"duration":132,"executor":0},{"id":52,"duration":172,"executor":1},{"id":42,"duration":182,"executor":2},{"id":7,"duration":135,"executor":0},{"id":38,"duration":203,"executor":1},{"id":51,"duration":135,"executor":0},{"id":29,"duration":182,"executor":2},{"id":58,"duration":254,"executor":1},{"id":1,"duration":183,"executor":2},{"id":36,"duration":134,"executor":0},{"id":46,"duration":130,"executor":0},{"id":28,"duration":185,"executor":2},{"id":43,"duration":181,"executor":2},{"id":45,"duration":210,"executor":1},{"id":14,"duration":180,"executor":1},{"id":47,"duration":130,"executor":0},{"id":13,"duration":132,"executor":0},{"id":10,"duration":171,"executor":1},{"id":33,"duration":135,"executor":0},{"id":23,"duration":191,"executor":1},{"id":11,"duration":175,"executor":1},{"id":21,"duration":134,"executor":0},{"id":8,"duration":211,"executor":2},{"id":18,"duration":135,"executor":0},{"id":44,"duration":211,"executor":1},{"id":16,"duration":181,"executor":2},{"id":17,"duration":174,"executor":1},{"id":48,"duration":161,"executor":2},{"id":40,"duration":131,"executor":0},{"id":0,"duration":166,"executor":0},{"id":55,"duration":197,"executor":2},{"id":31,"duration":214,"executor":1},{"id":56,"duration":129,"executor":0},{"id":9,"duration":204,"executor":2},{"id":25,"duration":175,"executor":2},{"id":41,"duration":131,"executor":0},{"id":3,"duration":167,"executor":0},{"id":4,"duration":183,"executor":2},{"id":22,"duration":132,"executor":0},{"id":27,"duration":135,"executor":0},{"id":6,"duration":137,"executor":0},{"id":20,"duration":195,"executor":1},{"id":2,"duration":223,"executor":1},{"id":12,"duration":131,"executor":0},{"id":39,"duration":201,"executor":1},{"id":53,"duration":168,"executor":1},{"id":32,"duration":135,"executor":0},{"id":59,"duration":244,"executor":1},{"id":35,"duration":178,"executor":2},{"id":57,"duration":128,"executor":0},{"id":5,"duration":214,"executor":1},{"id":26,"duration":135,"executor":0},{"id":54,"duration":213,"executor":2},{"id":24,"duration":173,"executor":2},{"id":50,"duration":135,"executor":0}],"rdds":[39,40,41,42],"parents":[],"accIds":[663,682,683,684,685,686,687,689,690,692,693,694,695,696,700,701,702,703,704,705,709,728,729,730,731,732]},{"id":16,"isQueryResult":false,"tasks":[{"id":38,"duration":11,"executor":0},{"id":15,"duration":7,"executor":0},{"id":4,"duration":25,"executor":2},{"id":3,"duration":20,"executor":1},{"id":54,"duration":9,"executor":0},{"id":1,"duration":17,"executor":1},{"id":28,"duration":7,"executor":1},{"id":42,"duration":24,"executor":2},{"id":34,"duration":9,"executor":2},{"id":25,"duration":8,"executor":0},{"id":46,"duration":7,"executor":0},{"id":43,"duration":32,"executor":1},{"id":27,"duration":24,"executor":0},{"id":41,"duration":31,"executor":1},{"id":40,"duration":23,"executor":2},{"id":35,"duration":9,"executor":2},{"id":26,"duration":44,"executor":0},{"id":14,"duration":9,"executor":1},{"id":51,"duration":6,"executor":0},{"id":9,"duration":8,"executor":0},{"id":0,"duration":15,"executor":0},{"id":21,"duration":8,"executor":1},{"id":20,"duration":7,"executor":0},{"id":5,"duration":10,"executor":0},{"id":48,"duration":7,"executor":0},{"id":30,"duration":37,"executor":2},{"id":7,"duration":7,"executor":0},{"id":13,"duration":8,"executor":1},{"id":29,"duration":38,"executor":1},{"id":10,"duration":7,"executor":2},{"id":45,"duration":34,"executor":1},{"id":52,"duration":9,"executor":2},{"id":57,"duration":10,"executor":1},{"id":23,"duration":9,"executor":2},{"id":50,"duration":7,"executor":0},{"id":2,"duration":10,"executor":0},{"id":32,"duration":40,"executor":0},{"id":19,"duration":8,"executor":0},{"id":22,"duration":8,"executor":1},{"id":8,"duration":7,"executor":2},{"id":16,"duration":11,"executor":2},{"id":49,"duration":6,"executor":0},{"id":47,"duration":7,"executor":0},{"id":17,"duration":10,"executor":2},{"id":36,"duration":8,"executor":1},{"id":58,"duration":8,"executor":2},{"id":24,"duration":9,"executor":2},{"id":33,"duration":34,"executor":1},{"id":18,"duration":8,"executor":1},{"id":11,"duration":8,"executor":2},{"id":39,"duration":7,"executor":0},{"id":55,"duration":27,"executor":2},{"id":31,"duration":36,"executor":2},{"id":12,"duration":10,"executor":0},{"id":37,"duration":9,"executor":1},{"id":6,"duration":7,"executor":2},{"id":44,"duration":10,"executor":0},{"id":56,"duration":7,"executor":0},{"id":59,"duration":8,"executor":1},{"id":53,"duration":8,"executor":2}],"rdds":[43,44,45,46,47],"parents":[15],"accIds":[656,657,658,660,661,665,666,667,669,670,671,680,735,736,737,738,739,744,746,747,748,749,750,751,752,753,754,755,756,757,758,759,760,761,762]},{"id":18,"isQueryResult":false,"tasks":[{"id":38,"duration":23,"executor":1},{"id":31,"duration":10,"executor":2},{"id":52,"duration":9,"executor":2},{"id":42,"duration":8,"executor":0},{"id":29,"duration":10,"executor":2},{"id":21,"duration":10,"executor":0},{"id":44,"duration":10,"executor":2},{"id":40,"duration":8,"executor":0},{"id":39,"duration":24,"executor":1},{"id":10,"duration":11,"executor":0},{"id":45,"duration":26,"executor":0},{"id":46,"duration":8,"executor":2},{"id":25,"duration":10,"executor":2},{"id":36,"duration":17,"executor":2},{"id":3,"duration":12,"executor":2},{"id":11,"duration":12,"executor":0},{"id":33,"duration":11,"executor":1},{"id":28,"duration":10,"executor":0},{"id":9,"duration":10,"executor":2},{"id":2,"duration":12,"executor":0},{"id":37,"duration":19,"executor":2},{"id":57,"duration":12,"executor":2},{"id":26,"duration":9,"executor":0},{"id":48,"duration":9,"executor":0},{"id":15,"duration":54,"executor":1},{"id":47,"duration":10,"executor":0},{"id":8,"duration":16,"executor":1},{"id":5,"duration":11,"executor":0},{"id":4,"duration":29,"executor":1},{"id":55,"duration":37,"executor":1},{"id":19,"duration":48,"executor":2},{"id":54,"duration":8,"executor":0},{"id":14,"duration":11,"executor":2},{"id":49,"duration":12,"executor":1},{"id":56,"duration":13,"executor":2},{"id":22,"duration":12,"executor":1},{"id":23,"duration":11,"executor":1},{"id":59,"duration":11,"executor":1},{"id":18,"duration":53,"executor":0},{"id":12,"duration":11,"executor":1},{"id":17,"duration":52,"executor":1},{"id":1,"duration":16,"executor":0},{"id":20,"duration":47,"executor":2},{"id":51,"duration":10,"executor":2},{"id":30,"duration":8,"executor":0},{"id":43,"duration":8,"executor":0},{"id":13,"duration":10,"executor":2},{"id":34,"duration":9,"executor":0},{"id":7,"duration":15,"executor":2},{"id":53,"duration":10,"executor":0},{"id":41,"duration":7,"executor":0},{"id":16,"duration":52,"executor":0},{"id":6,"duration":8,"executor":0},{"id":35,"duration":8,"executor":0},{"id":27,"duration":28,"executor":2},{"id":32,"duration":11,"executor":1},{"id":0,"duration":21,"executor":2},{"id":50,"duration":12,"executor":1},{"id":58,"duration":11,"executor":1},{"id":24,"duration":11,"executor":2}],"rdds":[43,44,48],"parents":[17],"accIds":[634,653,654,655,656,657,658,660,661,665,666,667,669,670,671,680,770,771,772,773,774,775,779,781,782,783,784,785,786,787,788,789,790,791,792,793,794,795,796,797,798,799,800]},{"id":19,"isQueryResult":true,"tasks":[{"id":3,"duration":16,"executor":1},{"id":1,"duration":14,"executor":2},{"id":2,"duration":12,"executor":0},{"id":0,"duration":16,"executor":1}],"rdds":[49,50,51],"parents":[18],"accIds":[630,631,632,633,637,640,641,642,805,806,807,808,809,814,816,817,818,819,820,821,822,823,824,825,826,827,828,829,830,831,832]}]},"sqlPlan":{ "nodeName":"WholeStageCodegen (3)", "description":"WholeStageCodegen (3)", "metadata":{}, "metrics":[{"metricName":"duration","value":4,"accId":630}], "children":[{ "nodeName":"Sort", "description":"Sort [l_returnflag#17 ASC NULLS FIRST, l_linestatus#18 ASC NULLS FIRST], true, 0", "metadata":{}, "metrics":[{"metricName":"sort time","value":0,"accId":631},{"metricName":"peak memory","value":268697536,"accId":632},{"metricName":"spill size","value":0,"accId":633}], "children":[{ "nodeName":"InputAdapter", "description":"InputAdapter", "metadata":{}, "metrics":[], "children":[{ "nodeName":"Exchange", "description":"Exchange rangepartitioning(l_returnflag#17 ASC NULLS FIRST, l_linestatus#18 ASC NULLS FIRST, 60), ENSURE_REQUIREMENTS, [plan_id=233]", "metadata":{}, "metrics":[{"metricName":"shuffle records written","value":4,"accId":654},{"metricName":"local merged chunks fetched","value":0,"accId":648},{"metricName":"shuffle write time","value":2156771,"accId":655},{"metricName":"remote merged bytes read","value":0,"accId":649},{"metricName":"local merged blocks fetched","value":0,"accId":646},{"metricName":"corrupt merged block chunks","value":0,"accId":643},{"metricName":"remote merged reqs duration","value":0,"accId":652},{"metricName":"remote merged blocks fetched","value":0,"accId":645},{"metricName":"records read","value":4,"accId":642},{"metricName":"local bytes read","value":844,"accId":640},{"metricName":"fetch wait time","value":0,"accId":641},{"metricName":"remote bytes read","value":0,"accId":638},{"metricName":"merged fetch fallback count","value":0,"accId":644},{"metricName":"local blocks read","value":4,"accId":637},{"metricName":"remote merged chunks fetched","value":0,"accId":647},{"metricName":"remote blocks read","value":0,"accId":636},{"metricName":"data size","value":864,"accId":634},{"metricName":"local merged bytes read","value":0,"accId":650},{"metricName":"number of partitions","value":4,"accId":635},{"metricName":"remote reqs duration","value":0,"accId":651},{"metricName":"remote bytes read to disk","value":0,"accId":639},{"metricName":"shuffle bytes written","value":844,"accId":653}], "children":[{ "nodeName":"WholeStageCodegen (2)", "description":"WholeStageCodegen (2)", "metadata":{}, "metrics":[{"metricName":"duration","value":466,"accId":656}], "children":[{ "nodeName":"HashAggregate", "description":"HashAggregate(keys=[l_returnflag#17, l_linestatus#18], functions=[sum(l_quantity#13), sum(l_extendedprice#14), sum((l_extendedprice#14 * (1 - l_discount#15))), sum(((l_extendedprice#14 * (1 - l_discount#15)) * (1 + l_tax#16))), avg(l_quantity#13), avg(l_extendedprice#14), avg(l_discount#15), count(1)])", "metadata":{}, "metrics":[{"metricName":"spill size","value":0,"accId":659},{"metricName":"time in aggregation build","value":56,"accId":660},{"metricName":"peak memory","value":568328064,"accId":658},{"metricName":"number of output rows","value":8,"accId":657},{"metricName":"number of sort fallback tasks","value":0,"accId":662},{"metricName":"avg hash probes per key","value":80,"accId":661}], "children":[{ "nodeName":"InputAdapter", "description":"InputAdapter", "metadata":{}, "metrics":[], "children":[{ "nodeName":"Exchange", "description":"Exchange hashpartitioning(l_returnflag#17, l_linestatus#18, 60), ENSURE_REQUIREMENTS, [plan_id=229]", "metadata":{}, "metrics":[{"metricName":"shuffle records written","value":240,"accId":683},{"metricName":"local merged chunks fetched","value":0,"accId":677},{"metricName":"shuffle write time","value":109919269,"accId":684},{"metricName":"remote merged bytes read","value":0,"accId":678},{"metricName":"local merged blocks fetched","value":0,"accId":675},{"metricName":"corrupt merged block chunks","value":0,"accId":672},{"metricName":"remote merged reqs duration","value":0,"accId":681},{"metricName":"remote merged blocks fetched","value":0,"accId":674},{"metricName":"records read","value":480,"accId":671},{"metricName":"local bytes read","value":32755,"accId":669},{"metricName":"fetch wait time","value":11,"accId":670},{"metricName":"remote bytes read","value":68067,"accId":667},{"metricName":"merged fetch fallback count","value":0,"accId":673},{"metricName":"local blocks read","value":156,"accId":666},{"metricName":"remote merged chunks fetched","value":0,"accId":676},{"metricName":"remote blocks read","value":324,"accId":665},{"metricName":"data size","value":65280,"accId":663},{"metricName":"local merged bytes read","value":0,"accId":679},{"metricName":"number of partitions","value":60,"accId":664},{"metricName":"remote reqs duration","value":156,"accId":680},{"metricName":"remote bytes read to disk","value":0,"accId":668},{"metricName":"shuffle bytes written","value":50411,"accId":682}], "children":[{ "nodeName":"WholeStageCodegen (1)", "description":"WholeStageCodegen (1)", "metadata":{}, "metrics":[{"metricName":"duration","value":9696,"accId":685}], "children":[{ "nodeName":"HashAggregate", "description":"HashAggregate(keys=[l_returnflag#17, l_linestatus#18], functions=[partial_sum(l_quantity#13), partial_sum(l_extendedprice#14), partial_sum((l_extendedprice#14 * (1 - l_discount#15))), partial_sum(((l_extendedprice#14 * (1 - l_discount#15)) * (1 + l_tax#16))), partial_avg(l_quantity#13), partial_avg(l_extendedprice#14), partial_avg(l_discount#15), partial_count(1)])", "metadata":{}, "metrics":[{"metricName":"spill size","value":0,"accId":688},{"metricName":"time in aggregation build","value":9420,"accId":689},{"metricName":"peak memory","value":4042259520,"accId":687},{"metricName":"number of output rows","value":240,"accId":686},{"metricName":"number of sort fallback tasks","value":0,"accId":691},{"metricName":"avg hash probes per key","value":600,"accId":690}], "children":[{ "nodeName":"Project", "description":"Project [l_quantity#13, l_extendedprice#14, l_discount#15, l_tax#16, l_returnflag#17, l_linestatus#18]", "metadata":{}, "metrics":[], "children":[{ "nodeName":"Filter", "description":"Filter (isnotnull(l_shipdate#19) AND (l_shipdate#19 <= 1998-09-02))", "metadata":{}, "metrics":[{"metricName":"number of output rows","value":5916591,"accId":692}], "children":[{ "nodeName":"ColumnarToRow", "description":"ColumnarToRow", "metadata":{}, "metrics":[{"metricName":"number of output rows","value":6001215,"accId":693},{"metricName":"number of input batches","value":1500,"accId":694}], "children":[{ "nodeName":"InputAdapter", "description":"InputAdapter", "metadata":{}, "metrics":[], "children":[{ "nodeName":"Scan parquet spark_catalog.tpch.lineitem", "description":"FileScan parquet spark_catalog.tpch.lineitem[l_quantity#13,l_extendedprice#14,l_discount#15,l_tax#16,l_returnflag#17,l_linestatus#18,l_shipdate#19] Batched: true, Bucketed: false (bucket column(s) not read), DataFilters: [isnotnull(l_shipdate#19), (l_shipdate#19 <= 1998-09-02)], Format: Parquet, Location: InMemoryFileIndex(1 paths)[file:/data/spark-warehouse/tpch.db/lineitem], PartitionFilters: [], PushedFilters: [IsNotNull(l_shipdate), LessThanOrEqual(l_shipdate,1998-09-02)], ReadSchema: struct<l_quantity:decimal(15,2),l_extendedprice:decimal(15,2),l_discount:decimal(15,2),l_tax:deci...", "metadata":{"Location":"InMemoryFileIndex(1 paths)[file:/data/spark-warehouse/tpch.db/lineitem]","ReadSchema":"struct<l_quantity:decimal(15,2),l_extendedprice:decimal(15,2),l_discount:decimal(15,2),l_tax:decimal(15,2),l_returnflag:string,l_linestatus:string,l_shipdate:date>","Format":"Parquet","Batched":"true","PartitionFilters":"[]","PushedFilters":"[IsNotNull(l_shipdate), LessThanOrEqual(l_shipdate,1998-09-02)]","DataFilters":"[isnotnull(l_shipdate#19), (l_shipdate#19 <= 1998-09-02)]","Bucketed":"false (bucket column(s) not read)"}, "metrics":[{"metricName":"number of files read","value":60,"accId":697},{"metricName":"scan time","value":497,"accId":696},{"metricName":"metadata time","value":0,"accId":698},{"metricName":"size of files read","value":365478469,"accId":699},{"metricName":"number of output rows","value":6001215,"accId":695}], "children":[] }] }] }] }] }] }] }] }] }] }] }] }] }] }] }},{"totalTime":2251,"stagePlan":{"stages":[{"id":20,"isQueryResult":false,"tasks":[{"id":16,"duration":241,"executor":1},{"id":39,"duration":208,"executor":1},{"id":42,"duration":128,"executor":0},{"id":4,"duration":160,"executor":0},{"id":14,"duration":208,"executor":2},{"id":54,"duration":212,"executor":1},{"id":34,"duration":134,"executor":0},{"id":7,"duration":160,"executor":0},{"id":28,"duration":176,"executor":2},{"id":49,"duration":171,"executor":2},{"id":13,"duration":160,"executor":0},{"id":24,"duration":302,"executor":1},{"id":31,"duration":135,"executor":0},{"id":52,"duration":137,"executor":0},{"id":23,"duration":127,"executor":0},{"id":29,"duration":185,"executor":2},{"id":48,"duration":134,"executor":0},{"id":3,"duration":198,"executor":2},{"id":25,"duration":131,"executor":0},{"id":21,"duration":221,"executor":2},{"id":18,"duration":259,"executor":1},{"id":41,"duration":191,"executor":2},{"id":22,"duration":210,"executor":2},{"id":5,"duration":187,"executor":1},{"id":44,"duration":130,"executor":0},{"id":30,"duration":133,"executor":0},{"id":35,"duration":161,"executor":2},{"id":57,"duration":218,"executor":1},{"id":58,"duration":128,"executor":0},{"id":59,"duration":122,"executor":0},{"id":32,"duration":184,"executor":1},{"id":40,"duration":244,"executor":2},{"id":11,"duration":264,"executor":1},{"id":55,"duration":129,"executor":0},{"id":9,"duration":167,"executor":2},{"id":0,"duration":198,"executor":2},{"id":37,"duration":132,"executor":0},{"id":20,"duration":133,"executor":0},{"id":45,"duration":129,"executor":0},{"id":12,"duration":140,"executor":0},{"id":46,"duration":194,"executor":1},{"id":50,"duration":226,"executor":1},{"id":53,"duration":202,"executor":2},{"id":51,"duration":134,"executor":0},{"id":2,"duration":217,"executor":1},{"id":38,"duration":135,"executor":0},{"id":43,"duration":189,"executor":1},{"id":15,"duration":206,"executor":2},{"id":8,"duration":206,"executor":1},{"id":10,"duration":163,"executor":2},{"id":33,"duration":165,"executor":2},{"id":36,"duration":193,"executor":1},{"id":56,"duration":178,"executor":2},{"id":1,"duration":163,"executor":0},{"id":27,"duration":124,"executor":0},{"id":19,"duration":135,"executor":0},{"id":47,"duration":188,"executor":2},{"id":17,"duration":128,"executor":0},{"id":6,"duration":135,"executor":0},{"id":26,"duration":263,"executor":1}],"rdds":[52,53,54,55],"parents":[],"accIds":[873,892,893,894,895,896,897,899,900,902,903,904,905,906,910,911,912,913,914,915,916,919,938,939,940,941,942]},{"id":21,"isQueryResult":false,"tasks":[{"id":26,"duration":13,"executor":2},{"id":28,"duration":11,"executor":0},{"id":9,"duration":7,"executor":0},{"id":13,"duration":11,"executor":0},{"id":35,"duration":11,"executor":0},{"id":37,"duration":9,"executor":2},{"id":17,"duration":7,"executor":1},{"id":46,"duration":23,"executor":2},{"id":33,"duration":6,"executor":1},{"id":57,"duration":27,"executor":1},{"id":40,"duration":8,"executor":0},{"id":54,"duration":6,"executor":0},{"id":38,"duration":6,"executor":1},{"id":10,"duration":11,"executor":2},{"id":18,"duration":8,"executor":0},{"id":20,"duration":11,"executor":0},{"id":2,"duration":8,"executor":0},{"id":29,"duration":6,"executor":1},{"id":7,"duration":16,"executor":1},{"id":53,"duration":7,"executor":0},{"id":32,"duration":7,"executor":1},{"id":16,"duration":10,"executor":2},{"id":22,"duration":7,"executor":1},{"id":50,"duration":33,"executor":2},{"id":36,"duration":12,"executor":2},{"id":14,"duration":7,"executor":0},{"id":45,"duration":29,"executor":2},{"id":42,"duration":29,"executor":1},{"id":3,"duration":13,"executor":2},{"id":51,"duration":9,"executor":1},{"id":5,"duration":7,"executor":0},{"id":15,"duration":7,"executor":1},{"id":31,"duration":8,"executor":2},{"id":39,"duration":7,"executor":1},{"id":11,"duration":11,"executor":1},{"id":1,"duration":19,"executor":2},{"id":34,"duration":8,"executor":0},{"id":25,"duration":7,"executor":1},{"id":56,"duration":28,"executor":1},{"id":6,"duration":11,"executor":0},{"id":41,"duration":30,"executor":1},{"id":8,"duration":7,"executor":1},{"id":55,"duration":25,"executor":1},{"id":12,"duration":11,"executor":2},{"id":0,"duration":15,"executor":0},{"id":49,"duration":32,"executor":2},{"id":44,"duration":28,"executor":0},{"id":19,"duration":11,"executor":2},{"id":23,"duration":9,"executor":2},{"id":58,"duration":7,"executor":0},{"id":47,"duration":30,"executor":0},{"id":4,"duration":24,"executor":1},{"id":30,"duration":7,"executor":0},{"id":43,"duration":25,"executor":2},{"id":24,"duration":6,"executor":0},{"id":48,"duration":17,"executor":2},{"id":52,"duration":8,"executor":1},{"id":59,"duration":5,"executor":0},{"id":27,"duration":22,"executor":0},{"id":21,"duration":7,"executor":1}],"rdds":[56,57,58,59,60],"parents":[20],"accIds":[866,867,868,870,871,875,876,877,879,880,881,890,945,946,947,948,949,950,954,956,957,958,959,960,961,962,963,964,965,966,967,968,969,970,971,972]},{"id":23,"isQueryResult":false,"tasks":[{"id":58,"duration":8,"executor":1},{"id":47,"duration":8,"executor":2},{"id":15,"duration":9,"executor":1},{"id":42,"duration":8,"executor":1},{"id":2,"duration":9,"executor":1},{"id":53,"duration":9,"executor":2},{"id":0,"duration":16,"executor":1},{"id":13,"duration":12,"executor":2},{"id":8,"duration":8,"executor":1},{"id":18,"duration":8,"executor":0},{"id":45,"duration":26,"executor":2},{"id":9,"duration":12,"executor":2},{"id":31,"duration":6,"executor":0},{"id":17,"duration":8,"executor":0},{"id":35,"duration":9,"executor":1},{"id":44,"duration":7,"executor":0},{"id":5,"duration":9,"executor":0},{"id":55,"duration":20,"executor":0},{"id":21,"duration":28,"executor":1},{"id":26,"duration":7,"executor":0},{"id":14,"duration":10,"executor":2},{"id":22,"duration":28,"executor":1},{"id":33,"duration":7,"executor":0},{"id":38,"duration":8,"executor":0},{"id":6,"duration":10,"executor":1},{"id":59,"duration":7,"executor":2},{"id":48,"duration":8,"executor":1},{"id":36,"duration":9,"executor":1},{"id":57,"duration":7,"executor":0},{"id":27,"duration":24,"executor":1},{"id":39,"duration":7,"executor":0},{"id":50,"duration":8,"executor":0},{"id":29,"duration":6,"executor":0},{"id":41,"duration":11,"executor":1},{"id":3,"duration":19,"executor":2},{"id":30,"duration":6,"executor":0},{"id":28,"duration":6,"executor":0},{"id":40,"duration":8,"executor":2},{"id":10,"duration":14,"executor":0},{"id":7,"duration":17,"executor":0},{"id":1,"duration":19,"executor":2},{"id":54,"duration":9,"executor":1},{"id":51,"duration":7,"executor":0},{"id":49,"duration":10,"executor":1},{"id":12,"duration":8,"executor":1},{"id":23,"duration":27,"executor":2},{"id":19,"duration":30,"executor":2},{"id":43,"duration":11,"executor":2},{"id":4,"duration":25,"executor":0},{"id":37,"duration":10,"executor":2},{"id":20,"duration":8,"executor":0},{"id":52,"duration":8,"executor":2},{"id":56,"duration":7,"executor":0},{"id":25,"duration":7,"executor":0},{"id":32,"duration":8,"executor":0},{"id":34,"duration":8,"executor":2},{"id":11,"duration":9,"executor":1},{"id":46,"duration":8,"executor":0},{"id":16,"duration":8,"executor":1},{"id":24,"duration":8,"executor":0}],"rdds":[56,57,61],"parents":[22],"accIds":[844,863,864,865,866,867,868,870,871,875,876,877,879,880,881,890,980,981,982,983,984,989,991,992,993,994,995,996,997,998,999,1000,1001,1002,1003,1004,1005,1006,1007,1008,1009,1010]},{"id":24,"isQueryResult":true,"tasks":[{"id":0,"duration":12,"executor":0},{"id":2,"duration":37,"executor":2},{"id":3,"duration":11,"executor":0},{"id":1,"duration":12,"executor":1}],"rdds":[62,63,64],"parents":[23],"accIds":[840,841,842,843,847,850,851,852,1015,1016,1017,1018,1019,1024,1026,1027,1028,1029,1030,1031,1032,1033,1034,1035,1036,1037,1038,1039,1040,1041,1042]}]},"sqlPlan":{ "nodeName":"WholeStageCodegen (3)", "description":"WholeStageCodegen (3)", "metadata":{}, "metrics":[{"metricName":"duration","value":4,"accId":840}], "children":[{ "nodeName":"Sort", "description":"Sort [l_returnflag#17 ASC NULLS FIRST, l_linestatus#18 ASC NULLS FIRST], true, 0", "metadata":{}, "metrics":[{"metricName":"sort time","value":0,"accId":841},{"metricName":"peak memory","value":268697536,"accId":842},{"metricName":"spill size","value":0,"accId":843}], "children":[{ "nodeName":"InputAdapter", "description":"InputAdapter", "metadata":{}, "metrics":[], "children":[{ "nodeName":"Exchange", "description":"Exchange rangepartitioning(l_returnflag#17 ASC NULLS FIRST, l_linestatus#18 ASC NULLS FIRST, 60), ENSURE_REQUIREMENTS, [plan_id=296]", "metadata":{}, "metrics":[{"metricName":"shuffle records written","value":4,"accId":864},{"metricName":"local merged chunks fetched","value":0,"accId":858},{"metricName":"shuffle write time","value":1711831,"accId":865},{"metricName":"remote merged bytes read","value":0,"accId":859},{"metricName":"local merged blocks fetched","value":0,"accId":856},{"metricName":"corrupt merged block chunks","value":0,"accId":853},{"metricName":"remote merged reqs duration","value":0,"accId":862},{"metricName":"remote merged blocks fetched","value":0,"accId":855},{"metricName":"records read","value":4,"accId":852},{"metricName":"local bytes read","value":844,"accId":850},{"metricName":"fetch wait time","value":0,"accId":851},{"metricName":"remote bytes read","value":0,"accId":848},{"metricName":"merged fetch fallback count","value":0,"accId":854},{"metricName":"local blocks read","value":4,"accId":847},{"metricName":"remote merged chunks fetched","value":0,"accId":857},{"metricName":"remote blocks read","value":0,"accId":846},{"metricName":"data size","value":864,"accId":844},{"metricName":"local merged bytes read","value":0,"accId":860},{"metricName":"number of partitions","value":4,"accId":845},{"metricName":"remote reqs duration","value":0,"accId":861},{"metricName":"remote bytes read to disk","value":0,"accId":849},{"metricName":"shuffle bytes written","value":844,"accId":863}], "children":[{ "nodeName":"WholeStageCodegen (2)", "description":"WholeStageCodegen (2)", "metadata":{}, "metrics":[{"metricName":"duration","value":365,"accId":866}], "children":[{ "nodeName":"HashAggregate", "description":"HashAggregate(keys=[l_returnflag#17, l_linestatus#18], functions=[sum(l_quantity#13), sum(l_extendedprice#14), sum((l_extendedprice#14 * (1 - l_discount#15))), sum(((l_extendedprice#14 * (1 - l_discount#15)) * (1 + l_tax#16))), avg(l_quantity#13), avg(l_extendedprice#14), avg(l_discount#15), count(1)])", "metadata":{}, "metrics":[{"metricName":"spill size","value":0,"accId":869},{"metricName":"time in aggregation build","value":37,"accId":870},{"metricName":"peak memory","value":568328064,"accId":868},{"metricName":"number of output rows","value":8,"accId":867},{"metricName":"number of sort fallback tasks","value":0,"accId":872},{"metricName":"avg hash probes per key","value":80,"accId":871}], "children":[{ "nodeName":"InputAdapter", "description":"InputAdapter", "metadata":{}, "metrics":[], "children":[{ "nodeName":"Exchange", "description":"Exchange hashpartitioning(l_returnflag#17, l_linestatus#18, 60), ENSURE_REQUIREMENTS, [plan_id=292]", "metadata":{}, "metrics":[{"metricName":"shuffle records written","value":240,"accId":893},{"metricName":"local merged chunks fetched","value":0,"accId":887},{"metricName":"shuffle write time","value":146623243,"accId":894},{"metricName":"remote merged bytes read","value":0,"accId":888},{"metricName":"local merged blocks fetched","value":0,"accId":885},{"metricName":"corrupt merged block chunks","value":0,"accId":882},{"metricName":"remote merged reqs duration","value":0,"accId":891},{"metricName":"remote merged blocks fetched","value":0,"accId":884},{"metricName":"records read","value":480,"accId":881},{"metricName":"local bytes read","value":33986,"accId":879},{"metricName":"fetch wait time","value":1,"accId":880},{"metricName":"remote bytes read","value":66836,"accId":877},{"metricName":"merged fetch fallback count","value":0,"accId":883},{"metricName":"local blocks read","value":162,"accId":876},{"metricName":"remote merged chunks fetched","value":0,"accId":886},{"metricName":"remote blocks read","value":318,"accId":875},{"metricName":"data size","value":65280,"accId":873},{"metricName":"local merged bytes read","value":0,"accId":889},{"metricName":"number of partitions","value":60,"accId":874},{"metricName":"remote reqs duration","value":109,"accId":890},{"metricName":"remote bytes read to disk","value":0,"accId":878},{"metricName":"shuffle bytes written","value":50411,"accId":892}], "children":[{ "nodeName":"WholeStageCodegen (1)", "description":"WholeStageCodegen (1)", "metadata":{}, "metrics":[{"metricName":"duration","value":9918,"accId":895}], "children":[{ "nodeName":"HashAggregate", "description":"HashAggregate(keys=[l_returnflag#17, l_linestatus#18], functions=[partial_sum(l_quantity#13), partial_sum(l_extendedprice#14), partial_sum((l_extendedprice#14 * (1 - l_discount#15))), partial_sum(((l_extendedprice#14 * (1 - l_discount#15)) * (1 + l_tax#16))), partial_avg(l_quantity#13), partial_avg(l_extendedprice#14), partial_avg(l_discount#15), partial_count(1)])", "metadata":{}, "metrics":[{"metricName":"spill size","value":0,"accId":898},{"metricName":"time in aggregation build","value":9647,"accId":899},{"metricName":"peak memory","value":4042259520,"accId":897},{"metricName":"number of output rows","value":240,"accId":896},{"metricName":"number of sort fallback tasks","value":0,"accId":901},{"metricName":"avg hash probes per key","value":600,"accId":900}], "children":[{ "nodeName":"Project", "description":"Project [l_quantity#13, l_extendedprice#14, l_discount#15, l_tax#16, l_returnflag#17, l_linestatus#18]", "metadata":{}, "metrics":[], "children":[{ "nodeName":"Filter", "description":"Filter (isnotnull(l_shipdate#19) AND (l_shipdate#19 <= 1998-09-02))", "metadata":{}, "metrics":[{"metricName":"number of output rows","value":5916591,"accId":902}], "children":[{ "nodeName":"ColumnarToRow", "description":"ColumnarToRow", "metadata":{}, "metrics":[{"metricName":"number of output rows","value":6001215,"accId":903},{"metricName":"number of input batches","value":1500,"accId":904}], "children":[{ "nodeName":"InputAdapter", "description":"InputAdapter", "metadata":{}, "metrics":[], "children":[{ "nodeName":"Scan parquet spark_catalog.tpch.lineitem", "description":"FileScan parquet spark_catalog.tpch.lineitem[l_quantity#13,l_extendedprice#14,l_discount#15,l_tax#16,l_returnflag#17,l_linestatus#18,l_shipdate#19] Batched: true, Bucketed: false (bucket column(s) not read), DataFilters: [isnotnull(l_shipdate#19), (l_shipdate#19 <= 1998-09-02)], Format: Parquet, Location: InMemoryFileIndex(1 paths)[file:/data/spark-warehouse/tpch.db/lineitem], PartitionFilters: [], PushedFilters: [IsNotNull(l_shipdate), LessThanOrEqual(l_shipdate,1998-09-02)], ReadSchema: struct<l_quantity:decimal(15,2),l_extendedprice:decimal(15,2),l_discount:decimal(15,2),l_tax:deci...", "metadata":{"Location":"InMemoryFileIndex(1 paths)[file:/data/spark-warehouse/tpch.db/lineitem]","ReadSchema":"struct<l_quantity:decimal(15,2),l_extendedprice:decimal(15,2),l_discount:decimal(15,2),l_tax:decimal(15,2),l_returnflag:string,l_linestatus:string,l_shipdate:date>","Format":"Parquet","Batched":"true","PartitionFilters":"[]","PushedFilters":"[IsNotNull(l_shipdate), LessThanOrEqual(l_shipdate,1998-09-02)]","DataFilters":"[isnotnull(l_shipdate#19), (l_shipdate#19 <= 1998-09-02)]","Bucketed":"false (bucket column(s) not read)"}, "metrics":[{"metricName":"number of files read","value":60,"accId":907},{"metricName":"scan time","value":383,"accId":906},{"metricName":"metadata time","value":0,"accId":908},{"metricName":"size of files read","value":365478469,"accId":909},{"metricName":"number of output rows","value":6001215,"accId":905}], "children":[] }] }] }] }] }] }] }] }] }] }] }] }] }] }] }}]