[{"totalTime":1235,"stagePlan":{"stages":[{"id":248,"isQueryResult":false,"tasks":[{"id":0,"duration":21,"executor":2}],"rdds":[1017,1019,1022,1023],"parents":[],"accIds":[13304,13305,13306,13307,13308,13309,13313,13314,13315,13316,13317,13318,13319,13344,13345]},{"id":249,"isQueryResult":false,"tasks":[{"id":1,"duration":19,"executor":2},{"id":34,"duration":4,"executor":0},{"id":48,"duration":5,"executor":0},{"id":57,"duration":5,"executor":1},{"id":16,"duration":6,"executor":2},{"id":32,"duration":5,"executor":1},{"id":42,"duration":4,"executor":0},{"id":4,"duration":12,"executor":0},{"id":47,"duration":6,"executor":0},{"id":27,"duration":5,"executor":1},{"id":14,"duration":10,"executor":2},{"id":23,"duration":6,"executor":2},{"id":49,"duration":6,"executor":2},{"id":36,"duration":6,"executor":1},{"id":51,"duration":7,"executor":1},{"id":50,"duration":5,"executor":2},{"id":0,"duration":14,"executor":1},{"id":20,"duration":5,"executor":0},{"id":53,"duration":11,"executor":0},{"id":56,"duration":6,"executor":2},{"id":35,"duration":4,"executor":0},{"id":24,"duration":5,"executor":0},{"id":11,"duration":12,"executor":1},{"id":21,"duration":5,"executor":1},{"id":58,"duration":5,"executor":1},{"id":38,"duration":5,"executor":2},{"id":8,"duration":4,"executor":1},{"id":31,"duration":5,"executor":2},{"id":2,"duration":12,"executor":0},{"id":5,"duration":6,"executor":0},{"id":26,"duration":5,"executor":1},{"id":52,"duration":5,"executor":1},{"id":12,"duration":11,"executor":1},{"id":33,"duration":4,"executor":1},{"id":30,"duration":6,"executor":2},{"id":9,"duration":4,"executor":0},{"id":59,"duration":6,"executor":2},{"id":55,"duration":6,"executor":2},{"id":7,"duration":4,"executor":1},{"id":6,"duration":4,"executor":0},{"id":13,"duration":10,"executor":0},{"id":46,"duration":6,"executor":1},{"id":17,"duration":6,"executor":0},{"id":44,"duration":6,"executor":1},{"id":25,"duration":4,"executor":0},{"id":41,"duration":5,"executor":0},{"id":19,"duration":5,"executor":2},{"id":29,"duration":5,"executor":0},{"id":45,"duration":5,"executor":2},{"id":18,"duration":6,"executor":1},{"id":54,"duration":10,"executor":0},{"id":40,"duration":4,"executor":0},{"id":22,"duration":6,"executor":2},{"id":43,"duration":5,"executor":2},{"id":28,"duration":4,"executor":0},{"id":10,"duration":13,"executor":0},{"id":15,"duration":11,"executor":2},{"id":39,"duration":5,"executor":1},{"id":3,"duration":14,"executor":1},{"id":37,"duration":6,"executor":2}],"rdds":[1018,1020,1021,1024],"parents":[],"accIds":[13238,13239,13240,13241,13242,13243,13348,13349,13350,13351,13352,13353,13354,13379,13380]},{"id":250,"isQueryResult":false,"tasks":[{"id":22,"duration":64,"executor":0},{"id":40,"duration":63,"executor":0},{"id":24,"duration":76,"executor":1},{"id":18,"duration":82,"executor":1},{"id":39,"duration":98,"executor":1},{"id":55,"duration":68,"executor":1},{"id":48,"duration":75,"executor":1},{"id":54,"duration":66,"executor":1},{"id":21,"duration":65,"executor":0},{"id":34,"duration":96,"executor":2},{"id":50,"duration":80,"executor":1},{"id":19,"duration":92,"executor":2},{"id":1,"duration":152,"executor":0},{"id":28,"duration":119,"executor":2},{"id":43,"duration":103,"executor":2},{"id":13,"duration":92,"executor":2},{"id":35,"duration":98,"executor":2},{"id":2,"duration":164,"executor":1},{"id":23,"duration":76,"executor":2},{"id":41,"duration":64,"executor":0},{"id":52,"duration":64,"executor":0},{"id":36,"duration":95,"executor":1},{"id":44,"duration":63,"executor":1},{"id":3,"duration":197,"executor":2},{"id":7,"duration":75,"executor":0},{"id":42,"duration":82,"executor":2},{"id":17,"duration":61,"executor":0},{"id":49,"duration":96,"executor":2},{"id":8,"duration":69,"executor":0},{"id":20,"duration":73,"executor":1},{"id":14,"duration":89,"executor":1},{"id":59,"duration":63,"executor":1},{"id":15,"duration":76,"executor":2},{"id":37,"duration":63,"executor":0},{"id":47,"duration":63,"executor":0},{"id":4,"duration":151,"executor":0},{"id":31,"duration":81,"executor":0},{"id":38,"duration":62,"executor":0},{"id":51,"duration":110,"executor":2},{"id":58,"duration":98,"executor":2},{"id":32,"duration":81,"executor":0},{"id":9,"duration":134,"executor":1},{"id":53,"duration":63,"executor":0},{"id":25,"duration":94,"executor":1},{"id":16,"duration":63,"executor":0},{"id":45,"duration":63,"executor":1},{"id":6,"duration":89,"executor":1},{"id":10,"duration":84,"executor":2},{"id":11,"duration":63,"executor":0},{"id":29,"duration":108,"executor":2},{"id":26,"duration":64,"executor":0},{"id":57,"duration":63,"executor":0},{"id":0,"duration":234,"executor":2},{"id":33,"duration":67,"executor":1},{"id":30,"duration":93,"executor":1},{"id":27,"duration":64,"executor":0},{"id":5,"duration":150,"executor":1},{"id":56,"duration":64,"executor":0},{"id":46,"duration":64,"executor":0},{"id":12,"duration":61,"executor":0}],"rdds":[1025,1026,1027,1028,1029,1030,1031,1032,1033,1034,1035,1036,1037,1038,1039,1040,1041,1042,1043],"parents":[],"accIds":[13199,13218,13219,13220,13221,13222,13223,13225,13228,13229,13230,13231,13232,13247,13248,13249,13250,13251,13252,13253,13254,13255,13256,13257,13258,13259,13260,13264,13265,13266,13267,13268,13269,13270,13271,13275,13276,13277,13278,13279,13280,13281,13282,13283,13287,13288,13289,13290,13291,13292,13293,13294,13295,13383,13384,13385,13386,13387,13388,13392,13411,13412,13413,13414,13415]},{"id":251,"isQueryResult":true,"tasks":[{"id":23,"duration":8,"executor":1},{"id":31,"duration":8,"executor":1},{"id":26,"duration":10,"executor":1},{"id":22,"duration":12,"executor":0},{"id":15,"duration":9,"executor":1},{"id":56,"duration":8,"executor":2},{"id":18,"duration":6,"executor":0},{"id":37,"duration":9,"executor":2},{"id":2,"duration":11,"executor":1},{"id":51,"duration":7,"executor":0},{"id":35,"duration":36,"executor":0},{"id":47,"duration":8,"executor":0},{"id":29,"duration":6,"executor":0},{"id":40,"duration":10,"executor":1},{"id":13,"duration":6,"executor":0},{"id":9,"duration":9,"executor":1},{"id":46,"duration":10,"executor":1},{"id":57,"duration":27,"executor":2},{"id":41,"duration":9,"executor":0},{"id":33,"duration":32,"executor":1},{"id":1,"duration":13,"executor":2},{"id":4,"duration":14,"executor":2},{"id":42,"duration":8,"executor":0},{"id":34,"duration":36,"executor":0},{"id":8,"duration":5,"executor":0},{"id":30,"duration":35,"executor":2},{"id":39,"duration":11,"executor":2},{"id":10,"duration":8,"executor":2},{"id":16,"duration":5,"executor":0},{"id":27,"duration":8,"executor":1},{"id":58,"duration":29,"executor":0},{"id":0,"duration":11,"executor":0},{"id":38,"duration":8,"executor":1},{"id":55,"duration":9,"executor":1},{"id":7,"duration":7,"executor":1},{"id":43,"duration":8,"executor":1},{"id":48,"duration":8,"executor":0},{"id":5,"duration":12,"executor":1},{"id":6,"duration":5,"executor":0},{"id":25,"duration":11,"executor":2},{"id":20,"duration":12,"executor":1},{"id":59,"duration":28,"executor":0},{"id":53,"duration":7,"executor":2},{"id":28,"duration":8,"executor":0},{"id":14,"duration":7,"executor":1},{"id":50,"duration":8,"executor":2},{"id":24,"duration":15,"executor":2},{"id":36,"duration":27,"executor":1},{"id":54,"duration":6,"executor":0},{"id":52,"duration":10,"executor":1},{"id":45,"duration":10,"executor":2},{"id":17,"duration":8,"executor":2},{"id":49,"duration":8,"executor":1},{"id":12,"duration":5,"executor":0},{"id":11,"duration":9,"executor":2},{"id":44,"duration":8,"executor":2},{"id":32,"duration":34,"executor":2},{"id":3,"duration":11,"executor":0},{"id":21,"duration":14,"executor":0},{"id":19,"duration":12,"executor":2}],"rdds":[1044,1045,1046,1047],"parents":[250],"accIds":[13192,13193,13194,13196,13197,13201,13202,13203,13205,13206,13207,13216,13418,13419,13420,13421,13422,13423,13424,13427,13429,13430,13431,13432,13433,13434,13435,13436,13437,13438,13439,13440,13441,13442,13443,13444,13445]}]},"sqlPlan":{ "nodeName":"TakeOrderedAndProject", "description":"TakeOrderedAndProject(limit=100, orderBy=[numwait#1986L DESC NULLS LAST,s_name#918 ASC NULLS FIRST], output=[s_name#918,numwait#1986L])", "metadata":{}, "metrics":[{"metricName":"shuffle records written","value":0,"accId":13190},{"metricName":"local merged chunks fetched","value":0,"accId":13184},{"metricName":"shuffle write time","value":0,"accId":13191},{"metricName":"remote merged bytes read","value":0,"accId":13185},{"metricName":"local merged blocks fetched","value":0,"accId":13182},{"metricName":"corrupt merged block chunks","value":0,"accId":13179},{"metricName":"remote merged reqs duration","value":0,"accId":13188},{"metricName":"remote merged blocks fetched","value":0,"accId":13181},{"metricName":"records read","value":0,"accId":13178},{"metricName":"local bytes read","value":0,"accId":13176},{"metricName":"fetch wait time","value":0,"accId":13177},{"metricName":"remote bytes read","value":0,"accId":13174},{"metricName":"merged fetch fallback count","value":0,"accId":13180},{"metricName":"local blocks read","value":0,"accId":13173},{"metricName":"remote merged chunks fetched","value":0,"accId":13183},{"metricName":"remote blocks read","value":0,"accId":13172},{"metricName":"local merged bytes read","value":0,"accId":13186},{"metricName":"remote reqs duration","value":0,"accId":13187},{"metricName":"remote bytes read to disk","value":0,"accId":13175},{"metricName":"shuffle bytes written","value":0,"accId":13189}], "children":[{ "nodeName":"WholeStageCodegen (10)", "description":"WholeStageCodegen (10)", "metadata":{}, "metrics":[{"metricName":"duration","value":674,"accId":13192}], "children":[{ "nodeName":"HashAggregate", "description":"HashAggregate(keys=[s_name#918], functions=[count(1)])", "metadata":{}, "metrics":[{"metricName":"spill size","value":0,"accId":13195},{"metricName":"time in aggregation build","value":296,"accId":13196},{"metricName":"peak memory","value":3975150672,"accId":13194},{"metricName":"number of output rows","value":411,"accId":13193},{"metricName":"number of sort fallback tasks","value":0,"accId":13198},{"metricName":"avg hash probes per key","value":590,"accId":13197}], "children":[{ "nodeName":"InputAdapter", "description":"InputAdapter", "metadata":{}, "metrics":[], "children":[{ "nodeName":"Exchange", "description":"Exchange hashpartitioning(s_name#918, 60), ENSURE_REQUIREMENTS, [plan_id=8879]", "metadata":{}, "metrics":[{"metricName":"shuffle records written","value":3816,"accId":13219},{"metricName":"local merged chunks fetched","value":0,"accId":13213},{"metricName":"shuffle write time","value":318610090,"accId":13220},{"metricName":"remote merged bytes read","value":0,"accId":13214},{"metricName":"local merged blocks fetched","value":0,"accId":13211},{"metricName":"corrupt merged block chunks","value":0,"accId":13208},{"metricName":"remote merged reqs duration","value":0,"accId":13217},{"metricName":"remote merged blocks fetched","value":0,"accId":13210},{"metricName":"records read","value":3816,"accId":13207},{"metricName":"local bytes read","value":73486,"accId":13205},{"metricName":"fetch wait time","value":197,"accId":13206},{"metricName":"remote bytes read","value":141441,"accId":13203},{"metricName":"merged fetch fallback count","value":0,"accId":13209},{"metricName":"local blocks read","value":780,"accId":13202},{"metricName":"remote merged chunks fetched","value":0,"accId":13212},{"metricName":"remote blocks read","value":1504,"accId":13201},{"metricName":"data size","value":183168,"accId":13199},{"metricName":"local merged bytes read","value":0,"accId":13215},{"metricName":"number of partitions","value":60,"accId":13200},{"metricName":"remote reqs duration","value":461,"accId":13216},{"metricName":"remote bytes read to disk","value":0,"accId":13204},{"metricName":"shuffle bytes written","value":214927,"accId":13218}], "children":[{ "nodeName":"WholeStageCodegen (9)", "description":"WholeStageCodegen (9)", "metadata":{}, "metrics":[{"metricName":"duration","value":4491,"accId":13221}], "children":[{ "nodeName":"HashAggregate", "description":"HashAggregate(keys=[s_name#918], functions=[partial_count(1)])", "metadata":{}, "metrics":[{"metricName":"spill size","value":0,"accId":13224},{"metricName":"time in aggregation build","value":4243,"accId":13225},{"metricName":"peak memory","value":15728640,"accId":13223},{"metricName":"number of output rows","value":3816,"accId":13222},{"metricName":"number of sort fallback tasks","value":0,"accId":13227},{"metricName":"avg hash probes per key","value":0,"accId":13226}], "children":[{ "nodeName":"Project", "description":"Project [s_name#918]", "metadata":{}, "metrics":[], "children":[{ "nodeName":"BroadcastHashJoin", "description":"BroadcastHashJoin [s_nationkey#920L], [n_nationkey#580L], Inner, BuildRight, false", "metadata":{}, "metrics":[{"metricName":"number of output rows","value":4141,"accId":13228}], "children":[{ "nodeName":"Project", "description":"Project [s_name#918, s_nationkey#920L]", "metadata":{}, "metrics":[], "children":[{ "nodeName":"SortMergeJoin", "description":"SortMergeJoin [l_orderkey#9L], [o_orderkey#571L], Inner", "metadata":{}, "metrics":[{"metricName":"number of output rows","value":98833,"accId":13229},{"metricName":"spill size","value":0,"accId":13230}], "children":[{ "nodeName":"InputAdapter", "description":"InputAdapter", "metadata":{}, "metrics":[], "children":[{ "nodeName":"WholeStageCodegen (6)", "description":"WholeStageCodegen (6)", "metadata":{}, "metrics":[{"metricName":"duration","value":3749,"accId":13231}], "children":[{ "nodeName":"Project", "description":"Project [s_name#918, s_nationkey#920L, l_orderkey#9L]", "metadata":{}, "metrics":[], "children":[{ "nodeName":"BroadcastHashJoin", "description":"BroadcastHashJoin [s_suppkey#917L], [l_suppkey#11L], Inner, BuildLeft, false", "metadata":{}, "metrics":[{"metricName":"number of output rows","value":202092,"accId":13232}], "children":[{ "nodeName":"InputAdapter", "description":"InputAdapter", "metadata":{}, "metrics":[], "children":[{ "nodeName":"BroadcastExchange", "description":"BroadcastExchange HashedRelationBroadcastMode(List(input[0, bigint, false]),false), [plan_id=8830]", "metadata":{}, "metrics":[{"metricName":"time to broadcast","value":1,"accId":13237},{"metricName":"time to build","value":3,"accId":13236},{"metricName":"time to collect","value":89,"accId":13235},{"metricName":"number of output rows","value":10000,"accId":13234},{"metricName":"data size","value":1128576,"accId":13233}], "children":[{ "nodeName":"WholeStageCodegen (1)", "description":"WholeStageCodegen (1)", "metadata":{}, "metrics":[{"metricName":"duration","value":128,"accId":13238}], "children":[{ "nodeName":"Filter", "description":"Filter (isnotnull(s_suppkey#917L) AND isnotnull(s_nationkey#920L))", "metadata":{}, "metrics":[{"metricName":"number of output rows","value":10000,"accId":13239}], "children":[{ "nodeName":"ColumnarToRow", "description":"ColumnarToRow", "metadata":{}, "metrics":[{"metricName":"number of output rows","value":10000,"accId":13240},{"metricName":"number of input batches","value":60,"accId":13241}], "children":[{ "nodeName":"InputAdapter", "description":"InputAdapter", "metadata":{}, "metrics":[], "children":[{ "nodeName":"Scan parquet spark_catalog.tpch.supplier", "description":"FileScan parquet spark_catalog.tpch.supplier[s_suppkey#917L,s_name#918,s_nationkey#920L] Batched: true, Bucketed: true, DataFilters: [isnotnull(s_suppkey#917L), isnotnull(s_nationkey#920L)], Format: Parquet, Location: InMemoryFileIndex(1 paths)[file:/data/spark-warehouse/tpch.db/supplier], PartitionFilters: [], PushedFilters: [IsNotNull(s_suppkey), IsNotNull(s_nationkey)], ReadSchema: struct<s_suppkey:bigint,s_name:string,s_nationkey:bigint>, SelectedBucketsCount: 60 out of 60", "metadata":{"Location":"InMemoryFileIndex(1 paths)[file:/data/spark-warehouse/tpch.db/supplier]","ReadSchema":"struct<s_suppkey:bigint,s_name:string,s_nationkey:bigint>","Format":"Parquet","SelectedBucketsCount":"60 out of 60","Batched":"true","PartitionFilters":"[]","PushedFilters":"[IsNotNull(s_suppkey), IsNotNull(s_nationkey)]","DataFilters":"[isnotnull(s_suppkey#917L), isnotnull(s_nationkey#920L)]","Bucketed":"true"}, "metrics":[{"metricName":"number of files read","value":60,"accId":13244},{"metricName":"scan time","value":122,"accId":13243},{"metricName":"metadata time","value":0,"accId":13245},{"metricName":"size of files read","value":1689031,"accId":13246},{"metricName":"number of output rows","value":10000,"accId":13242}], "children":[] }] }] }] }] }] }] },{ "nodeName":"SortMergeJoin", "description":"SortMergeJoin [l_orderkey#9L], [l_orderkey#2006L], LeftAnti, NOT (l_suppkey#2008L = l_suppkey#11L)", "metadata":{}, "metrics":[{"metricName":"number of output rows","value":202092,"accId":13247},{"metricName":"spill size","value":0,"accId":13248}], "children":[{ "nodeName":"InputAdapter", "description":"InputAdapter", "metadata":{}, "metrics":[], "children":[{ "nodeName":"WholeStageCodegen (4)", "description":"WholeStageCodegen (4)", "metadata":{}, "metrics":[{"metricName":"duration","value":3761,"accId":13249}], "children":[{ "nodeName":"SortMergeJoin", "description":"SortMergeJoin [l_orderkey#9L], [l_orderkey#1990L], LeftSemi, NOT (l_suppkey#1992L = l_suppkey#11L)", "metadata":{}, "metrics":[{"metricName":"number of output rows","value":3657699,"accId":13250},{"metricName":"spill size","value":0,"accId":13251}], "children":[{ "nodeName":"InputAdapter", "description":"InputAdapter", "metadata":{}, "metrics":[], "children":[{ "nodeName":"WholeStageCodegen (2)", "description":"WholeStageCodegen (2)", "metadata":{}, "metrics":[{"metricName":"duration","value":3801,"accId":13252}], "children":[{ "nodeName":"Sort", "description":"Sort [l_orderkey#9L ASC NULLS FIRST], false, 0", "metadata":{}, "metrics":[{"metricName":"sort time","value":61,"accId":13253},{"metricName":"peak memory","value":4152360000,"accId":13254},{"metricName":"spill size","value":0,"accId":13255}], "children":[{ "nodeName":"Project", "description":"Project [l_orderkey#9L, l_suppkey#11L]", "metadata":{}, "metrics":[], "children":[{ "nodeName":"Filter", "description":"Filter ((((isnotnull(l_receiptdate#21) AND isnotnull(l_commitdate#20)) AND (l_receiptdate#21 > l_commitdate#20)) AND isnotnull(l_suppkey#11L)) AND isnotnull(l_orderkey#9L))", "metadata":{}, "metrics":[{"metricName":"number of output rows","value":3793296,"accId":13256}], "children":[{ "nodeName":"ColumnarToRow", "description":"ColumnarToRow", "metadata":{}, "metrics":[{"metricName":"number of output rows","value":6001215,"accId":13257},{"metricName":"number of input batches","value":1500,"accId":13258}], "children":[{ "nodeName":"InputAdapter", "description":"InputAdapter", "metadata":{}, "metrics":[], "children":[{ "nodeName":"Scan parquet spark_catalog.tpch.lineitem", "description":"FileScan parquet spark_catalog.tpch.lineitem[l_orderkey#9L,l_suppkey#11L,l_commitdate#20,l_receiptdate#21] Batched: true, Bucketed: true, DataFilters: [isnotnull(l_receiptdate#21), isnotnull(l_commitdate#20), (l_receiptdate#21 > l_commitdate#20), i..., Format: Parquet, Location: InMemoryFileIndex(1 paths)[file:/data/spark-warehouse/tpch.db/lineitem], PartitionFilters: [], PushedFilters: [IsNotNull(l_receiptdate), IsNotNull(l_commitdate), IsNotNull(l_suppkey), IsNotNull(l_orderkey)], ReadSchema: struct<l_orderkey:bigint,l_suppkey:bigint,l_commitdate:date,l_receiptdate:date>, SelectedBucketsCount: 60 out of 60", "metadata":{"Location":"InMemoryFileIndex(1 paths)[file:/data/spark-warehouse/tpch.db/lineitem]","ReadSchema":"struct<l_orderkey:bigint,l_suppkey:bigint,l_commitdate:date,l_receiptdate:date>","Format":"Parquet","SelectedBucketsCount":"60 out of 60","Batched":"true","PartitionFilters":"[]","PushedFilters":"[IsNotNull(l_receiptdate), IsNotNull(l_commitdate), IsNotNull(l_suppkey), IsNotNull(l_orderkey)]","DataFilters":"[isnotnull(l_receiptdate#21), isnotnull(l_commitdate#20), (l_receiptdate#21 > l_commitdate#20), isnotnull(l_suppkey#11L), isnotnull(l_orderkey#9L)]","Bucketed":"true"}, "metrics":[{"metricName":"number of files read","value":60,"accId":13261},{"metricName":"scan time","value":201,"accId":13260},{"metricName":"metadata time","value":0,"accId":13262},{"metricName":"size of files read","value":365478469,"accId":13263},{"metricName":"number of output rows","value":6001215,"accId":13259}], "children":[] }] }] }] }] }] }] }] },{ "nodeName":"InputAdapter", "description":"InputAdapter", "metadata":{}, "metrics":[], "children":[{ "nodeName":"WholeStageCodegen (3)", "description":"WholeStageCodegen (3)", "metadata":{}, "metrics":[{"metricName":"duration","value":4186,"accId":13264}], "children":[{ "nodeName":"Sort", "description":"Sort [l_orderkey#1990L ASC NULLS FIRST], false, 0", "metadata":{}, "metrics":[{"metricName":"sort time","value":120,"accId":13265},{"metricName":"peak memory","value":4278189120,"accId":13266},{"metricName":"spill size","value":0,"accId":13267}], "children":[{ "nodeName":"ColumnarToRow", "description":"ColumnarToRow", "metadata":{}, "metrics":[{"metricName":"number of output rows","value":6001215,"accId":13268},{"metricName":"number of input batches","value":1500,"accId":13269}], "children":[{ "nodeName":"InputAdapter", "description":"InputAdapter", "metadata":{}, "metrics":[], "children":[{ "nodeName":"Scan parquet spark_catalog.tpch.lineitem", "description":"FileScan parquet spark_catalog.tpch.lineitem[l_orderkey#1990L,l_suppkey#1992L] Batched: true, Bucketed: true, DataFilters: [], Format: Parquet, Location: InMemoryFileIndex(1 paths)[file:/data/spark-warehouse/tpch.db/lineitem], PartitionFilters: [], PushedFilters: [], ReadSchema: struct<l_orderkey:bigint,l_suppkey:bigint>, SelectedBucketsCount: 60 out of 60", "metadata":{"Location":"InMemoryFileIndex(1 paths)[file:/data/spark-warehouse/tpch.db/lineitem]","ReadSchema":"struct<l_orderkey:bigint,l_suppkey:bigint>","Format":"Parquet","SelectedBucketsCount":"60 out of 60","Batched":"true","PartitionFilters":"[]","PushedFilters":"[]","DataFilters":"[]","Bucketed":"true"}, "metrics":[{"metricName":"number of files read","value":60,"accId":13272},{"metricName":"scan time","value":247,"accId":13271},{"metricName":"metadata time","value":0,"accId":13273},{"metricName":"size of files read","value":365478469,"accId":13274},{"metricName":"number of output rows","value":6001215,"accId":13270}], "children":[] }] }] }] }] }] }] }] }] },{ "nodeName":"InputAdapter", "description":"InputAdapter", "metadata":{}, "metrics":[], "children":[{ "nodeName":"WholeStageCodegen (5)", "description":"WholeStageCodegen (5)", "metadata":{}, "metrics":[{"metricName":"duration","value":3760,"accId":13275}], "children":[{ "nodeName":"Sort", "description":"Sort [l_orderkey#2006L ASC NULLS FIRST], false, 0", "metadata":{}, "metrics":[{"metricName":"sort time","value":63,"accId":13276},{"metricName":"peak memory","value":4152360000,"accId":13277},{"metricName":"spill size","value":0,"accId":13278}], "children":[{ "nodeName":"Project", "description":"Project [l_orderkey#2006L, l_suppkey#2008L]", "metadata":{}, "metrics":[], "children":[{ "nodeName":"Filter", "description":"Filter ((isnotnull(l_receiptdate#2018) AND isnotnull(l_commitdate#2017)) AND (l_receiptdate#2018 > l_commitdate#2017))", "metadata":{}, "metrics":[{"metricName":"number of output rows","value":3793296,"accId":13279}], "children":[{ "nodeName":"ColumnarToRow", "description":"ColumnarToRow", "metadata":{}, "metrics":[{"metricName":"number of output rows","value":6001215,"accId":13280},{"metricName":"number of input batches","value":1500,"accId":13281}], "children":[{ "nodeName":"InputAdapter", "description":"InputAdapter", "metadata":{}, "metrics":[], "children":[{ "nodeName":"Scan parquet spark_catalog.tpch.lineitem", "description":"FileScan parquet spark_catalog.tpch.lineitem[l_orderkey#2006L,l_suppkey#2008L,l_commitdate#2017,l_receiptdate#2018] Batched: true, Bucketed: true, DataFilters: [isnotnull(l_receiptdate#2018), isnotnull(l_commitdate#2017), (l_receiptdate#2018 > l_commitdate#..., Format: Parquet, Location: InMemoryFileIndex(1 paths)[file:/data/spark-warehouse/tpch.db/lineitem], PartitionFilters: [], PushedFilters: [IsNotNull(l_receiptdate), IsNotNull(l_commitdate)], ReadSchema: struct<l_orderkey:bigint,l_suppkey:bigint,l_commitdate:date,l_receiptdate:date>, SelectedBucketsCount: 60 out of 60", "metadata":{"Location":"InMemoryFileIndex(1 paths)[file:/data/spark-warehouse/tpch.db/lineitem]","ReadSchema":"struct<l_orderkey:bigint,l_suppkey:bigint,l_commitdate:date,l_receiptdate:date>","Format":"Parquet","SelectedBucketsCount":"60 out of 60","Batched":"true","PartitionFilters":"[]","PushedFilters":"[IsNotNull(l_receiptdate), IsNotNull(l_commitdate)]","DataFilters":"[isnotnull(l_receiptdate#2018), isnotnull(l_commitdate#2017), (l_receiptdate#2018 > l_commitdate#2017)]","Bucketed":"true"}, "metrics":[{"metricName":"number of files read","value":60,"accId":13284},{"metricName":"scan time","value":227,"accId":13283},{"metricName":"metadata time","value":0,"accId":13285},{"metricName":"size of files read","value":365478469,"accId":13286},{"metricName":"number of output rows","value":6001215,"accId":13282}], "children":[] }] }] }] }] }] }] }] }] }] }] }] }] },{ "nodeName":"InputAdapter", "description":"InputAdapter", "metadata":{}, "metrics":[], "children":[{ "nodeName":"WholeStageCodegen (7)", "description":"WholeStageCodegen (7)", "metadata":{}, "metrics":[{"metricName":"duration","value":1464,"accId":13287}], "children":[{ "nodeName":"Sort", "description":"Sort [o_orderkey#571L ASC NULLS FIRST], false, 0", "metadata":{}, "metrics":[{"metricName":"sort time","value":0,"accId":13288},{"metricName":"peak memory","value":4057988160,"accId":13289},{"metricName":"spill size","value":0,"accId":13290}], "children":[{ "nodeName":"Project", "description":"Project [o_orderkey#571L]", "metadata":{}, "metrics":[], "children":[{ "nodeName":"Filter", "description":"Filter ((isnotnull(o_orderstatus#573) AND (o_orderstatus#573 = F)) AND isnotnull(o_orderkey#571L))", "metadata":{}, "metrics":[{"metricName":"number of output rows","value":729413,"accId":13291}], "children":[{ "nodeName":"ColumnarToRow", "description":"ColumnarToRow", "metadata":{}, "metrics":[{"metricName":"number of output rows","value":1500000,"accId":13292},{"metricName":"number of input batches","value":420,"accId":13293}], "children":[{ "nodeName":"InputAdapter", "description":"InputAdapter", "metadata":{}, "metrics":[], "children":[{ "nodeName":"Scan parquet spark_catalog.tpch.orders", "description":"FileScan parquet spark_catalog.tpch.orders[o_orderkey#571L,o_orderstatus#573] Batched: true, Bucketed: true, DataFilters: [isnotnull(o_orderstatus#573), (o_orderstatus#573 = F), isnotnull(o_orderkey#571L)], Format: Parquet, Location: InMemoryFileIndex(1 paths)[file:/data/spark-warehouse/tpch.db/orders], PartitionFilters: [], PushedFilters: [IsNotNull(o_orderstatus), EqualTo(o_orderstatus,F), IsNotNull(o_orderkey)], ReadSchema: struct<o_orderkey:bigint,o_orderstatus:string>, SelectedBucketsCount: 60 out of 60", "metadata":{"Location":"InMemoryFileIndex(1 paths)[file:/data/spark-warehouse/tpch.db/orders]","ReadSchema":"struct<o_orderkey:bigint,o_orderstatus:string>","Format":"Parquet","SelectedBucketsCount":"60 out of 60","Batched":"true","PartitionFilters":"[]","PushedFilters":"[IsNotNull(o_orderstatus), EqualTo(o_orderstatus,F), IsNotNull(o_orderkey)]","DataFilters":"[isnotnull(o_orderstatus#573), (o_orderstatus#573 = F), isnotnull(o_orderkey#571L)]","Bucketed":"true"}, "metrics":[{"metricName":"number of files read","value":60,"accId":13296},{"metricName":"scan time","value":119,"accId":13295},{"metricName":"metadata time","value":0,"accId":13297},{"metricName":"size of files read","value":121789992,"accId":13298},{"metricName":"number of output rows","value":1500000,"accId":13294}], "children":[] }] }] }] }] }] }] }] }] }] },{ "nodeName":"InputAdapter", "description":"InputAdapter", "metadata":{}, "metrics":[], "children":[{ "nodeName":"BroadcastExchange", "description":"BroadcastExchange HashedRelationBroadcastMode(List(input[0, bigint, true]),false), [plan_id=8873]", "metadata":{}, "metrics":[{"metricName":"time to broadcast","value":0,"accId":13303},{"metricName":"time to build","value":8,"accId":13302},{"metricName":"time to collect","value":38,"accId":13301},{"metricName":"number of output rows","value":1,"accId":13300},{"metricName":"data size","value":1048584,"accId":13299}], "children":[{ "nodeName":"WholeStageCodegen (8)", "description":"WholeStageCodegen (8)", "metadata":{}, "metrics":[{"metricName":"duration","value":9,"accId":13304}], "children":[{ "nodeName":"Project", "description":"Project [n_nationkey#580L]", "metadata":{}, "metrics":[], "children":[{ "nodeName":"Filter", "description":"Filter ((isnotnull(n_name#581) AND (n_name#581 = SAUDI ARABIA)) AND isnotnull(n_nationkey#580L))", "metadata":{}, "metrics":[{"metricName":"number of output rows","value":1,"accId":13305}], "children":[{ "nodeName":"ColumnarToRow", "description":"ColumnarToRow", "metadata":{}, "metrics":[{"metricName":"number of output rows","value":25,"accId":13306},{"metricName":"number of input batches","value":1,"accId":13307}], "children":[{ "nodeName":"InputAdapter", "description":"InputAdapter", "metadata":{}, "metrics":[], "children":[{ "nodeName":"Scan parquet spark_catalog.tpch.nation", "description":"FileScan parquet spark_catalog.tpch.nation[n_nationkey#580L,n_name#581] Batched: true, DataFilters: [isnotnull(n_name#581), (n_name#581 = SAUDI ARABIA), isnotnull(n_nationkey#580L)], Format: Parquet, Location: InMemoryFileIndex(1 paths)[file:/data/spark-warehouse/tpch.db/nation], PartitionFilters: [], PushedFilters: [IsNotNull(n_name), EqualTo(n_name,SAUDI ARABIA), IsNotNull(n_nationkey)], ReadSchema: struct<n_nationkey:bigint,n_name:string>", "metadata":{"Location":"InMemoryFileIndex(1 paths)[file:/data/spark-warehouse/tpch.db/nation]","ReadSchema":"struct<n_nationkey:bigint,n_name:string>","Format":"Parquet","Batched":"true","PartitionFilters":"[]","PushedFilters":"[IsNotNull(n_name), EqualTo(n_name,SAUDI ARABIA), IsNotNull(n_nationkey)]","DataFilters":"[isnotnull(n_name#581), (n_name#581 = SAUDI ARABIA), isnotnull(n_nationkey#580L)]"}, "metrics":[{"metricName":"number of files read","value":1,"accId":13310},{"metricName":"scan time","value":9,"accId":13309},{"metricName":"metadata time","value":0,"accId":13311},{"metricName":"size of files read","value":4008,"accId":13312},{"metricName":"number of output rows","value":25,"accId":13308}], "children":[] }] }] }] }] }] }] }] }] }] }] }] }] }] }] }] }] }},{"totalTime":1161,"stagePlan":{"stages":[{"id":252,"isQueryResult":false,"tasks":[{"id":12,"duration":5,"executor":0},{"id":44,"duration":4,"executor":0},{"id":52,"duration":3,"executor":2},{"id":21,"duration":4,"executor":0},{"id":29,"duration":5,"executor":2},{"id":43,"duration":4,"executor":2},{"id":39,"duration":4,"executor":0},{"id":2,"duration":13,"executor":2},{"id":54,"duration":4,"executor":1},{"id":32,"duration":4,"executor":0},{"id":10,"duration":4,"executor":1},{"id":53,"duration":3,"executor":1},{"id":42,"duration":3,"executor":2},{"id":40,"duration":4,"executor":1},{"id":34,"duration":5,"executor":1},{"id":19,"duration":5,"executor":2},{"id":49,"duration":4,"executor":2},{"id":56,"duration":4,"executor":2},{"id":4,"duration":11,"executor":0},{"id":59,"duration":4,"executor":1},{"id":14,"duration":4,"executor":1},{"id":33,"duration":3,"executor":2},{"id":51,"duration":3,"executor":0},{"id":11,"duration":4,"executor":0},{"id":28,"duration":4,"executor":1},{"id":46,"duration":4,"executor":1},{"id":36,"duration":4,"executor":2},{"id":18,"duration":3,"executor":2},{"id":27,"duration":4,"executor":2},{"id":31,"duration":4,"executor":0},{"id":5,"duration":18,"executor":2},{"id":8,"duration":8,"executor":2},{"id":15,"duration":4,"executor":0},{"id":57,"duration":7,"executor":0},{"id":17,"duration":4,"executor":0},{"id":38,"duration":4,"executor":0},{"id":24,"duration":3,"executor":2},{"id":30,"duration":5,"executor":1},{"id":50,"duration":4,"executor":0},{"id":23,"duration":5,"executor":1},{"id":20,"duration":4,"executor":1},{"id":1,"duration":11,"executor":0},{"id":48,"duration":3,"executor":1},{"id":25,"duration":3,"executor":0},{"id":7,"duration":4,"executor":0},{"id":13,"duration":5,"executor":2},{"id":9,"duration":5,"executor":1},{"id":58,"duration":8,"executor":0},{"id":16,"duration":4,"executor":1},{"id":22,"duration":4,"executor":0},{"id":41,"duration":5,"executor":1},{"id":37,"duration":3,"executor":2},{"id":3,"duration":14,"executor":1},{"id":55,"duration":3,"executor":2},{"id":6,"duration":4,"executor":0},{"id":35,"duration":5,"executor":1},{"id":0,"duration":15,"executor":1},{"id":26,"duration":3,"executor":0},{"id":47,"duration":3,"executor":2},{"id":45,"duration":3,"executor":0}],"rdds":[1048,1049,1051,1052],"parents":[],"accIds":[13519,13520,13521,13522,13523,13524,13594,13595,13596,13597,13598,13599,13600,13625,13626]},{"id":253,"isQueryResult":false,"tasks":[{"id":0,"duration":12,"executor":1}],"rdds":[1050,1053,1054,1055],"parents":[],"accIds":[13585,13586,13587,13588,13589,13590,13629,13630,13631,13632,13633,13660,13661]},{"id":254,"isQueryResult":false,"tasks":[{"id":9,"duration":65,"executor":0},{"id":50,"duration":64,"executor":1},{"id":22,"duration":65,"executor":0},{"id":19,"duration":68,"executor":1},{"id":11,"duration":126,"executor":2},{"id":40,"duration":64,"executor":0},{"id":39,"duration":85,"executor":1},{"id":57,"duration":71,"executor":1},{"id":29,"duration":90,"executor":2},{"id":10,"duration":90,"executor":2},{"id":37,"duration":113,"executor":2},{"id":17,"duration":72,"executor":0},{"id":55,"duration":62,"executor":0},{"id":43,"duration":125,"executor":2},{"id":6,"duration":71,"executor":0},{"id":1,"duration":131,"executor":1},{"id":27,"duration":65,"executor":0},{"id":26,"duration":101,"executor":2},{"id":53,"duration":140,"executor":2},{"id":28,"duration":73,"executor":1},{"id":42,"duration":128,"executor":2},{"id":20,"duration":69,"executor":1},{"id":23,"duration":66,"executor":1},{"id":35,"duration":63,"executor":1},{"id":16,"duration":148,"executor":2},{"id":30,"duration":69,"executor":1},{"id":36,"duration":107,"executor":2},{"id":2,"duration":136,"executor":0},{"id":54,"duration":64,"executor":0},{"id":59,"duration":62,"executor":0},{"id":47,"duration":67,"executor":1},{"id":34,"duration":66,"executor":1},{"id":45,"duration":62,"executor":0},{"id":44,"duration":62,"executor":0},{"id":18,"duration":66,"executor":0},{"id":32,"duration":86,"executor":0},{"id":14,"duration":65,"executor":1},{"id":7,"duration":71,"executor":1},{"id":33,"duration":83,"executor":0},{"id":46,"duration":69,"executor":1},{"id":31,"duration":63,"executor":0},{"id":13,"duration":64,"executor":0},{"id":25,"duration":70,"executor":1},{"id":5,"duration":127,"executor":0},{"id":49,"duration":62,"executor":0},{"id":52,"duration":142,"executor":2},{"id":24,"duration":72,"executor":0},{"id":8,"duration":72,"executor":1},{"id":3,"duration":152,"executor":2},{"id":4,"duration":132,"executor":1},{"id":38,"duration":79,"executor":1},{"id":15,"duration":64,"executor":1},{"id":12,"duration":66,"executor":0},{"id":56,"duration":70,"executor":1},{"id":21,"duration":122,"executor":2},{"id":58,"duration":61,"executor":0},{"id":51,"duration":62,"executor":1},{"id":48,"duration":64,"executor":0},{"id":41,"duration":62,"executor":0},{"id":0,"duration":154,"executor":2}],"rdds":[1056,1057,1058,1059,1060,1061,1062,1063,1064,1065,1066,1067,1068,1069,1070,1071,1072,1073,1074],"parents":[],"accIds":[13480,13499,13500,13501,13502,13503,13504,13506,13509,13510,13511,13512,13513,13528,13529,13530,13531,13532,13533,13534,13535,13536,13537,13538,13539,13540,13541,13545,13546,13547,13548,13549,13550,13551,13552,13556,13557,13558,13559,13560,13561,13562,13563,13564,13568,13569,13570,13571,13572,13573,13574,13575,13576,13664,13665,13666,13667,13668,13669,13673,13692,13693,13694,13695,13696]},{"id":255,"isQueryResult":true,"tasks":[{"id":34,"duration":35,"executor":2},{"id":58,"duration":8,"executor":1},{"id":30,"duration":11,"executor":0},{"id":35,"duration":6,"executor":0},{"id":33,"duration":8,"executor":1},{"id":20,"duration":7,"executor":1},{"id":8,"duration":6,"executor":1},{"id":37,"duration":34,"executor":1},{"id":45,"duration":10,"executor":2},{"id":11,"duration":7,"executor":1},{"id":42,"duration":27,"executor":0},{"id":2,"duration":10,"executor":0},{"id":36,"duration":35,"executor":2},{"id":52,"duration":6,"executor":0},{"id":48,"duration":8,"executor":1},{"id":25,"duration":10,"executor":0},{"id":54,"duration":9,"executor":2},{"id":44,"duration":8,"executor":1},{"id":46,"duration":7,"executor":0},{"id":49,"duration":7,"executor":0},{"id":12,"duration":6,"executor":0},{"id":50,"duration":8,"executor":1},{"id":4,"duration":11,"executor":1},{"id":28,"duration":15,"executor":2},{"id":6,"duration":7,"executor":0},{"id":7,"duration":7,"executor":2},{"id":5,"duration":11,"executor":0},{"id":51,"duration":9,"executor":2},{"id":29,"duration":7,"executor":1},{"id":10,"duration":7,"executor":2},{"id":40,"duration":29,"executor":0},{"id":56,"duration":7,"executor":0},{"id":14,"duration":7,"executor":0},{"id":13,"duration":7,"executor":1},{"id":47,"duration":7,"executor":0},{"id":31,"duration":10,"executor":0},{"id":24,"duration":11,"executor":0},{"id":15,"duration":7,"executor":2},{"id":17,"duration":7,"executor":1},{"id":39,"duration":8,"executor":0},{"id":23,"duration":7,"executor":2},{"id":43,"duration":10,"executor":2},{"id":22,"duration":9,"executor":1},{"id":1,"duration":13,"executor":1},{"id":57,"duration":5,"executor":2},{"id":18,"duration":6,"executor":0},{"id":32,"duration":9,"executor":1},{"id":16,"duration":8,"executor":2},{"id":59,"duration":8,"executor":1},{"id":55,"duration":7,"executor":0},{"id":9,"duration":6,"executor":0},{"id":26,"duration":11,"executor":1},{"id":27,"duration":17,"executor":2},{"id":19,"duration":6,"executor":0},{"id":21,"duration":7,"executor":2},{"id":0,"duration":11,"executor":2},{"id":53,"duration":8,"executor":1},{"id":41,"duration":29,"executor":1},{"id":3,"duration":12,"executor":2},{"id":38,"duration":6,"executor":1}],"rdds":[1075,1076,1077,1078],"parents":[254],"accIds":[13473,13474,13475,13477,13478,13482,13483,13484,13486,13487,13488,13497,13699,13700,13701,13702,13703,13704,13705,13708,13710,13711,13712,13713,13714,13715,13716,13717,13718,13719,13720,13721,13722,13723,13724,13725,13726]}]},"sqlPlan":{ "nodeName":"TakeOrderedAndProject", "description":"TakeOrderedAndProject(limit=100, orderBy=[numwait#2029L DESC NULLS LAST,s_name#918 ASC NULLS FIRST], output=[s_name#918,numwait#2029L])", "metadata":{}, "metrics":[{"metricName":"shuffle records written","value":0,"accId":13471},{"metricName":"local merged chunks fetched","value":0,"accId":13465},{"metricName":"shuffle write time","value":0,"accId":13472},{"metricName":"remote merged bytes read","value":0,"accId":13466},{"metricName":"local merged blocks fetched","value":0,"accId":13463},{"metricName":"corrupt merged block chunks","value":0,"accId":13460},{"metricName":"remote merged reqs duration","value":0,"accId":13469},{"metricName":"remote merged blocks fetched","value":0,"accId":13462},{"metricName":"records read","value":0,"accId":13459},{"metricName":"local bytes read","value":0,"accId":13457},{"metricName":"fetch wait time","value":0,"accId":13458},{"metricName":"remote bytes read","value":0,"accId":13455},{"metricName":"merged fetch fallback count","value":0,"accId":13461},{"metricName":"local blocks read","value":0,"accId":13454},{"metricName":"remote merged chunks fetched","value":0,"accId":13464},{"metricName":"remote blocks read","value":0,"accId":13453},{"metricName":"local merged bytes read","value":0,"accId":13467},{"metricName":"remote reqs duration","value":0,"accId":13468},{"metricName":"remote bytes read to disk","value":0,"accId":13456},{"metricName":"shuffle bytes written","value":0,"accId":13470}], "children":[{ "nodeName":"WholeStageCodegen (10)", "description":"WholeStageCodegen (10)", "metadata":{}, "metrics":[{"metricName":"duration","value":592,"accId":13473}], "children":[{ "nodeName":"HashAggregate", "description":"HashAggregate(keys=[s_name#918], functions=[count(1)])", "metadata":{}, "metrics":[{"metricName":"spill size","value":0,"accId":13476},{"metricName":"time in aggregation build","value":258,"accId":13477},{"metricName":"peak memory","value":3975150672,"accId":13475},{"metricName":"number of output rows","value":411,"accId":13474},{"metricName":"number of sort fallback tasks","value":0,"accId":13479},{"metricName":"avg hash probes per key","value":590,"accId":13478}], "children":[{ "nodeName":"InputAdapter", "description":"InputAdapter", "metadata":{}, "metrics":[], "children":[{ "nodeName":"Exchange", "description":"Exchange hashpartitioning(s_name#918, 60), ENSURE_REQUIREMENTS, [plan_id=9177]", "metadata":{}, "metrics":[{"metricName":"shuffle records written","value":3816,"accId":13500},{"metricName":"local merged chunks fetched","value":0,"accId":13494},{"metricName":"shuffle write time","value":316413304,"accId":13501},{"metricName":"remote merged bytes read","value":0,"accId":13495},{"metricName":"local merged blocks fetched","value":0,"accId":13492},{"metricName":"corrupt merged block chunks","value":0,"accId":13489},{"metricName":"remote merged reqs duration","value":0,"accId":13498},{"metricName":"remote merged blocks fetched","value":0,"accId":13491},{"metricName":"records read","value":3816,"accId":13488},{"metricName":"local bytes read","value":72480,"accId":13486},{"metricName":"fetch wait time","value":158,"accId":13487},{"metricName":"remote bytes read","value":142447,"accId":13484},{"metricName":"merged fetch fallback count","value":0,"accId":13490},{"metricName":"local blocks read","value":769,"accId":13483},{"metricName":"remote merged chunks fetched","value":0,"accId":13493},{"metricName":"remote blocks read","value":1515,"accId":13482},{"metricName":"data size","value":183168,"accId":13480},{"metricName":"local merged bytes read","value":0,"accId":13496},{"metricName":"number of partitions","value":60,"accId":13481},{"metricName":"remote reqs duration","value":478,"accId":13497},{"metricName":"remote bytes read to disk","value":0,"accId":13485},{"metricName":"shuffle bytes written","value":214927,"accId":13499}], "children":[{ "nodeName":"WholeStageCodegen (9)", "description":"WholeStageCodegen (9)", "metadata":{}, "metrics":[{"metricName":"duration","value":4263,"accId":13502}], "children":[{ "nodeName":"HashAggregate", "description":"HashAggregate(keys=[s_name#918], functions=[partial_count(1)])", "metadata":{}, "metrics":[{"metricName":"spill size","value":0,"accId":13505},{"metricName":"time in aggregation build","value":4021,"accId":13506},{"metricName":"peak memory","value":15728640,"accId":13504},{"metricName":"number of output rows","value":3816,"accId":13503},{"metricName":"number of sort fallback tasks","value":0,"accId":13508},{"metricName":"avg hash probes per key","value":0,"accId":13507}], "children":[{ "nodeName":"Project", "description":"Project [s_name#918]", "metadata":{}, "metrics":[], "children":[{ "nodeName":"BroadcastHashJoin", "description":"BroadcastHashJoin [s_nationkey#920L], [n_nationkey#580L], Inner, BuildRight, false", "metadata":{}, "metrics":[{"metricName":"number of output rows","value":4141,"accId":13509}], "children":[{ "nodeName":"Project", "description":"Project [s_name#918, s_nationkey#920L]", "metadata":{}, "metrics":[], "children":[{ "nodeName":"SortMergeJoin", "description":"SortMergeJoin [l_orderkey#9L], [o_orderkey#571L], Inner", "metadata":{}, "metrics":[{"metricName":"number of output rows","value":98833,"accId":13510},{"metricName":"spill size","value":0,"accId":13511}], "children":[{ "nodeName":"InputAdapter", "description":"InputAdapter", "metadata":{}, "metrics":[], "children":[{ "nodeName":"WholeStageCodegen (6)", "description":"WholeStageCodegen (6)", "metadata":{}, "metrics":[{"metricName":"duration","value":3521,"accId":13512}], "children":[{ "nodeName":"Project", "description":"Project [s_name#918, s_nationkey#920L, l_orderkey#9L]", "metadata":{}, "metrics":[], "children":[{ "nodeName":"BroadcastHashJoin", "description":"BroadcastHashJoin [s_suppkey#917L], [l_suppkey#11L], Inner, BuildLeft, false", "metadata":{}, "metrics":[{"metricName":"number of output rows","value":202092,"accId":13513}], "children":[{ "nodeName":"InputAdapter", "description":"InputAdapter", "metadata":{}, "metrics":[], "children":[{ "nodeName":"BroadcastExchange", "description":"BroadcastExchange HashedRelationBroadcastMode(List(input[0, bigint, false]),false), [plan_id=9128]", "metadata":{}, "metrics":[{"metricName":"time to broadcast","value":1,"accId":13518},{"metricName":"time to build","value":2,"accId":13517},{"metricName":"time to collect","value":67,"accId":13516},{"metricName":"number of output rows","value":10000,"accId":13515},{"metricName":"data size","value":1128576,"accId":13514}], "children":[{ "nodeName":"WholeStageCodegen (1)", "description":"WholeStageCodegen (1)", "metadata":{}, "metrics":[{"metricName":"duration","value":101,"accId":13519}], "children":[{ "nodeName":"Filter", "description":"Filter (isnotnull(s_suppkey#917L) AND isnotnull(s_nationkey#920L))", "metadata":{}, "metrics":[{"metricName":"number of output rows","value":10000,"accId":13520}], "children":[{ "nodeName":"ColumnarToRow", "description":"ColumnarToRow", "metadata":{}, "metrics":[{"metricName":"number of output rows","value":10000,"accId":13521},{"metricName":"number of input batches","value":60,"accId":13522}], "children":[{ "nodeName":"InputAdapter", "description":"InputAdapter", "metadata":{}, "metrics":[], "children":[{ "nodeName":"Scan parquet spark_catalog.tpch.supplier", "description":"FileScan parquet spark_catalog.tpch.supplier[s_suppkey#917L,s_name#918,s_nationkey#920L] Batched: true, Bucketed: true, DataFilters: [isnotnull(s_suppkey#917L), isnotnull(s_nationkey#920L)], Format: Parquet, Location: InMemoryFileIndex(1 paths)[file:/data/spark-warehouse/tpch.db/supplier], PartitionFilters: [], PushedFilters: [IsNotNull(s_suppkey), IsNotNull(s_nationkey)], ReadSchema: struct<s_suppkey:bigint,s_name:string,s_nationkey:bigint>, SelectedBucketsCount: 60 out of 60", "metadata":{"Location":"InMemoryFileIndex(1 paths)[file:/data/spark-warehouse/tpch.db/supplier]","ReadSchema":"struct<s_suppkey:bigint,s_name:string,s_nationkey:bigint>","Format":"Parquet","SelectedBucketsCount":"60 out of 60","Batched":"true","PartitionFilters":"[]","PushedFilters":"[IsNotNull(s_suppkey), IsNotNull(s_nationkey)]","DataFilters":"[isnotnull(s_suppkey#917L), isnotnull(s_nationkey#920L)]","Bucketed":"true"}, "metrics":[{"metricName":"number of files read","value":60,"accId":13525},{"metricName":"scan time","value":96,"accId":13524},{"metricName":"metadata time","value":0,"accId":13526},{"metricName":"size of files read","value":1689031,"accId":13527},{"metricName":"number of output rows","value":10000,"accId":13523}], "children":[] }] }] }] }] }] }] },{ "nodeName":"SortMergeJoin", "description":"SortMergeJoin [l_orderkey#9L], [l_orderkey#2049L], LeftAnti, NOT (l_suppkey#2051L = l_suppkey#11L)", "metadata":{}, "metrics":[{"metricName":"number of output rows","value":202092,"accId":13528},{"metricName":"spill size","value":0,"accId":13529}], "children":[{ "nodeName":"InputAdapter", "description":"InputAdapter", "metadata":{}, "metrics":[], "children":[{ "nodeName":"WholeStageCodegen (4)", "description":"WholeStageCodegen (4)", "metadata":{}, "metrics":[{"metricName":"duration","value":3534,"accId":13530}], "children":[{ "nodeName":"SortMergeJoin", "description":"SortMergeJoin [l_orderkey#9L], [l_orderkey#2033L], LeftSemi, NOT (l_suppkey#2035L = l_suppkey#11L)", "metadata":{}, "metrics":[{"metricName":"number of output rows","value":3657699,"accId":13531},{"metricName":"spill size","value":0,"accId":13532}], "children":[{ "nodeName":"InputAdapter", "description":"InputAdapter", "metadata":{}, "metrics":[], "children":[{ "nodeName":"WholeStageCodegen (2)", "description":"WholeStageCodegen (2)", "metadata":{}, "metrics":[{"metricName":"duration","value":3570,"accId":13533}], "children":[{ "nodeName":"Sort", "description":"Sort [l_orderkey#9L ASC NULLS FIRST], false, 0", "metadata":{}, "metrics":[{"metricName":"sort time","value":60,"accId":13534},{"metricName":"peak memory","value":4152360000,"accId":13535},{"metricName":"spill size","value":0,"accId":13536}], "children":[{ "nodeName":"Project", "description":"Project [l_orderkey#9L, l_suppkey#11L]", "metadata":{}, "metrics":[], "children":[{ "nodeName":"Filter", "description":"Filter ((((isnotnull(l_receiptdate#21) AND isnotnull(l_commitdate#20)) AND (l_receiptdate#21 > l_commitdate#20)) AND isnotnull(l_suppkey#11L)) AND isnotnull(l_orderkey#9L))", "metadata":{}, "metrics":[{"metricName":"number of output rows","value":3793296,"accId":13537}], "children":[{ "nodeName":"ColumnarToRow", "description":"ColumnarToRow", "metadata":{}, "metrics":[{"metricName":"number of output rows","value":6001215,"accId":13538},{"metricName":"number of input batches","value":1500,"accId":13539}], "children":[{ "nodeName":"InputAdapter", "description":"InputAdapter", "metadata":{}, "metrics":[], "children":[{ "nodeName":"Scan parquet spark_catalog.tpch.lineitem", "description":"FileScan parquet spark_catalog.tpch.lineitem[l_orderkey#9L,l_suppkey#11L,l_commitdate#20,l_receiptdate#21] Batched: true, Bucketed: true, DataFilters: [isnotnull(l_receiptdate#21), isnotnull(l_commitdate#20), (l_receiptdate#21 > l_commitdate#20), i..., Format: Parquet, Location: InMemoryFileIndex(1 paths)[file:/data/spark-warehouse/tpch.db/lineitem], PartitionFilters: [], PushedFilters: [IsNotNull(l_receiptdate), IsNotNull(l_commitdate), IsNotNull(l_suppkey), IsNotNull(l_orderkey)], ReadSchema: struct<l_orderkey:bigint,l_suppkey:bigint,l_commitdate:date,l_receiptdate:date>, SelectedBucketsCount: 60 out of 60", "metadata":{"Location":"InMemoryFileIndex(1 paths)[file:/data/spark-warehouse/tpch.db/lineitem]","ReadSchema":"struct<l_orderkey:bigint,l_suppkey:bigint,l_commitdate:date,l_receiptdate:date>","Format":"Parquet","SelectedBucketsCount":"60 out of 60","Batched":"true","PartitionFilters":"[]","PushedFilters":"[IsNotNull(l_receiptdate), IsNotNull(l_commitdate), IsNotNull(l_suppkey), IsNotNull(l_orderkey)]","DataFilters":"[isnotnull(l_receiptdate#21), isnotnull(l_commitdate#20), (l_receiptdate#21 > l_commitdate#20), isnotnull(l_suppkey#11L), isnotnull(l_orderkey#9L)]","Bucketed":"true"}, "metrics":[{"metricName":"number of files read","value":60,"accId":13542},{"metricName":"scan time","value":201,"accId":13541},{"metricName":"metadata time","value":0,"accId":13543},{"metricName":"size of files read","value":365478469,"accId":13544},{"metricName":"number of output rows","value":6001215,"accId":13540}], "children":[] }] }] }] }] }] }] }] },{ "nodeName":"InputAdapter", "description":"InputAdapter", "metadata":{}, "metrics":[], "children":[{ "nodeName":"WholeStageCodegen (3)", "description":"WholeStageCodegen (3)", "metadata":{}, "metrics":[{"metricName":"duration","value":3998,"accId":13545}], "children":[{ "nodeName":"Sort", "description":"Sort [l_orderkey#2033L ASC NULLS FIRST], false, 0", "metadata":{}, "metrics":[{"metricName":"sort time","value":118,"accId":13546},{"metricName":"peak memory","value":4278189120,"accId":13547},{"metricName":"spill size","value":0,"accId":13548}], "children":[{ "nodeName":"ColumnarToRow", "description":"ColumnarToRow", "metadata":{}, "metrics":[{"metricName":"number of output rows","value":6001215,"accId":13549},{"metricName":"number of input batches","value":1500,"accId":13550}], "children":[{ "nodeName":"InputAdapter", "description":"InputAdapter", "metadata":{}, "metrics":[], "children":[{ "nodeName":"Scan parquet spark_catalog.tpch.lineitem", "description":"FileScan parquet spark_catalog.tpch.lineitem[l_orderkey#2033L,l_suppkey#2035L] Batched: true, Bucketed: true, DataFilters: [], Format: Parquet, Location: InMemoryFileIndex(1 paths)[file:/data/spark-warehouse/tpch.db/lineitem], PartitionFilters: [], PushedFilters: [], ReadSchema: struct<l_orderkey:bigint,l_suppkey:bigint>, SelectedBucketsCount: 60 out of 60", "metadata":{"Location":"InMemoryFileIndex(1 paths)[file:/data/spark-warehouse/tpch.db/lineitem]","ReadSchema":"struct<l_orderkey:bigint,l_suppkey:bigint>","Format":"Parquet","SelectedBucketsCount":"60 out of 60","Batched":"true","PartitionFilters":"[]","PushedFilters":"[]","DataFilters":"[]","Bucketed":"true"}, "metrics":[{"metricName":"number of files read","value":60,"accId":13553},{"metricName":"scan time","value":150,"accId":13552},{"metricName":"metadata time","value":0,"accId":13554},{"metricName":"size of files read","value":365478469,"accId":13555},{"metricName":"number of output rows","value":6001215,"accId":13551}], "children":[] }] }] }] }] }] }] }] }] },{ "nodeName":"InputAdapter", "description":"InputAdapter", "metadata":{}, "metrics":[], "children":[{ "nodeName":"WholeStageCodegen (5)", "description":"WholeStageCodegen (5)", "metadata":{}, "metrics":[{"metricName":"duration","value":3559,"accId":13556}], "children":[{ "nodeName":"Sort", "description":"Sort [l_orderkey#2049L ASC NULLS FIRST], false, 0", "metadata":{}, "metrics":[{"metricName":"sort time","value":66,"accId":13557},{"metricName":"peak memory","value":4152360000,"accId":13558},{"metricName":"spill size","value":0,"accId":13559}], "children":[{ "nodeName":"Project", "description":"Project [l_orderkey#2049L, l_suppkey#2051L]", "metadata":{}, "metrics":[], "children":[{ "nodeName":"Filter", "description":"Filter ((isnotnull(l_receiptdate#2061) AND isnotnull(l_commitdate#2060)) AND (l_receiptdate#2061 > l_commitdate#2060))", "metadata":{}, "metrics":[{"metricName":"number of output rows","value":3793296,"accId":13560}], "children":[{ "nodeName":"ColumnarToRow", "description":"ColumnarToRow", "metadata":{}, "metrics":[{"metricName":"number of output rows","value":6001215,"accId":13561},{"metricName":"number of input batches","value":1500,"accId":13562}], "children":[{ "nodeName":"InputAdapter", "description":"InputAdapter", "metadata":{}, "metrics":[], "children":[{ "nodeName":"Scan parquet spark_catalog.tpch.lineitem", "description":"FileScan parquet spark_catalog.tpch.lineitem[l_orderkey#2049L,l_suppkey#2051L,l_commitdate#2060,l_receiptdate#2061] Batched: true, Bucketed: true, DataFilters: [isnotnull(l_receiptdate#2061), isnotnull(l_commitdate#2060), (l_receiptdate#2061 > l_commitdate#..., Format: Parquet, Location: InMemoryFileIndex(1 paths)[file:/data/spark-warehouse/tpch.db/lineitem], PartitionFilters: [], PushedFilters: [IsNotNull(l_receiptdate), IsNotNull(l_commitdate)], ReadSchema: struct<l_orderkey:bigint,l_suppkey:bigint,l_commitdate:date,l_receiptdate:date>, SelectedBucketsCount: 60 out of 60", "metadata":{"Location":"InMemoryFileIndex(1 paths)[file:/data/spark-warehouse/tpch.db/lineitem]","ReadSchema":"struct<l_orderkey:bigint,l_suppkey:bigint,l_commitdate:date,l_receiptdate:date>","Format":"Parquet","SelectedBucketsCount":"60 out of 60","Batched":"true","PartitionFilters":"[]","PushedFilters":"[IsNotNull(l_receiptdate), IsNotNull(l_commitdate)]","DataFilters":"[isnotnull(l_receiptdate#2061), isnotnull(l_commitdate#2060), (l_receiptdate#2061 > l_commitdate#2060)]","Bucketed":"true"}, "metrics":[{"metricName":"number of files read","value":60,"accId":13565},{"metricName":"scan time","value":248,"accId":13564},{"metricName":"metadata time","value":0,"accId":13566},{"metricName":"size of files read","value":365478469,"accId":13567},{"metricName":"number of output rows","value":6001215,"accId":13563}], "children":[] }] }] }] }] }] }] }] }] }] }] }] }] },{ "nodeName":"InputAdapter", "description":"InputAdapter", "metadata":{}, "metrics":[], "children":[{ "nodeName":"WholeStageCodegen (7)", "description":"WholeStageCodegen (7)", "metadata":{}, "metrics":[{"metricName":"duration","value":1428,"accId":13568}], "children":[{ "nodeName":"Sort", "description":"Sort [o_orderkey#571L ASC NULLS FIRST], false, 0", "metadata":{}, "metrics":[{"metricName":"sort time","value":0,"accId":13569},{"metricName":"peak memory","value":4057988160,"accId":13570},{"metricName":"spill size","value":0,"accId":13571}], "children":[{ "nodeName":"Project", "description":"Project [o_orderkey#571L]", "metadata":{}, "metrics":[], "children":[{ "nodeName":"Filter", "description":"Filter ((isnotnull(o_orderstatus#573) AND (o_orderstatus#573 = F)) AND isnotnull(o_orderkey#571L))", "metadata":{}, "metrics":[{"metricName":"number of output rows","value":729413,"accId":13572}], "children":[{ "nodeName":"ColumnarToRow", "description":"ColumnarToRow", "metadata":{}, "metrics":[{"metricName":"number of output rows","value":1500000,"accId":13573},{"metricName":"number of input batches","value":420,"accId":13574}], "children":[{ "nodeName":"InputAdapter", "description":"InputAdapter", "metadata":{}, "metrics":[], "children":[{ "nodeName":"Scan parquet spark_catalog.tpch.orders", "description":"FileScan parquet spark_catalog.tpch.orders[o_orderkey#571L,o_orderstatus#573] Batched: true, Bucketed: true, DataFilters: [isnotnull(o_orderstatus#573), (o_orderstatus#573 = F), isnotnull(o_orderkey#571L)], Format: Parquet, Location: InMemoryFileIndex(1 paths)[file:/data/spark-warehouse/tpch.db/orders], PartitionFilters: [], PushedFilters: [IsNotNull(o_orderstatus), EqualTo(o_orderstatus,F), IsNotNull(o_orderkey)], ReadSchema: struct<o_orderkey:bigint,o_orderstatus:string>, SelectedBucketsCount: 60 out of 60", "metadata":{"Location":"InMemoryFileIndex(1 paths)[file:/data/spark-warehouse/tpch.db/orders]","ReadSchema":"struct<o_orderkey:bigint,o_orderstatus:string>","Format":"Parquet","SelectedBucketsCount":"60 out of 60","Batched":"true","PartitionFilters":"[]","PushedFilters":"[IsNotNull(o_orderstatus), EqualTo(o_orderstatus,F), IsNotNull(o_orderkey)]","DataFilters":"[isnotnull(o_orderstatus#573), (o_orderstatus#573 = F), isnotnull(o_orderkey#571L)]","Bucketed":"true"}, "metrics":[{"metricName":"number of files read","value":60,"accId":13577},{"metricName":"scan time","value":234,"accId":13576},{"metricName":"metadata time","value":0,"accId":13578},{"metricName":"size of files read","value":121789992,"accId":13579},{"metricName":"number of output rows","value":1500000,"accId":13575}], "children":[] }] }] }] }] }] }] }] }] }] },{ "nodeName":"InputAdapter", "description":"InputAdapter", "metadata":{}, "metrics":[], "children":[{ "nodeName":"BroadcastExchange", "description":"BroadcastExchange HashedRelationBroadcastMode(List(input[0, bigint, true]),false), [plan_id=9171]", "metadata":{}, "metrics":[{"metricName":"time to broadcast","value":0,"accId":13584},{"metricName":"time to build","value":0,"accId":13583},{"metricName":"time to collect","value":74,"accId":13582},{"metricName":"number of output rows","value":1,"accId":13581},{"metricName":"data size","value":1048584,"accId":13580}], "children":[{ "nodeName":"WholeStageCodegen (8)", "description":"WholeStageCodegen (8)", "metadata":{}, "metrics":[{"metricName":"duration","value":7,"accId":13585}], "children":[{ "nodeName":"Project", "description":"Project [n_nationkey#580L]", "metadata":{}, "metrics":[], "children":[{ "nodeName":"Filter", "description":"Filter ((isnotnull(n_name#581) AND (n_name#581 = SAUDI ARABIA)) AND isnotnull(n_nationkey#580L))", "metadata":{}, "metrics":[{"metricName":"number of output rows","value":1,"accId":13586}], "children":[{ "nodeName":"ColumnarToRow", "description":"ColumnarToRow", "metadata":{}, "metrics":[{"metricName":"number of output rows","value":25,"accId":13587},{"metricName":"number of input batches","value":1,"accId":13588}], "children":[{ "nodeName":"InputAdapter", "description":"InputAdapter", "metadata":{}, "metrics":[], "children":[{ "nodeName":"Scan parquet spark_catalog.tpch.nation", "description":"FileScan parquet spark_catalog.tpch.nation[n_nationkey#580L,n_name#581] Batched: true, DataFilters: [isnotnull(n_name#581), (n_name#581 = SAUDI ARABIA), isnotnull(n_nationkey#580L)], Format: Parquet, Location: InMemoryFileIndex(1 paths)[file:/data/spark-warehouse/tpch.db/nation], PartitionFilters: [], PushedFilters: [IsNotNull(n_name), EqualTo(n_name,SAUDI ARABIA), IsNotNull(n_nationkey)], ReadSchema: struct<n_nationkey:bigint,n_name:string>", "metadata":{"Location":"InMemoryFileIndex(1 paths)[file:/data/spark-warehouse/tpch.db/nation]","ReadSchema":"struct<n_nationkey:bigint,n_name:string>","Format":"Parquet","Batched":"true","PartitionFilters":"[]","PushedFilters":"[IsNotNull(n_name), EqualTo(n_name,SAUDI ARABIA), IsNotNull(n_nationkey)]","DataFilters":"[isnotnull(n_name#581), (n_name#581 = SAUDI ARABIA), isnotnull(n_nationkey#580L)]"}, "metrics":[{"metricName":"number of files read","value":1,"accId":13591},{"metricName":"scan time","value":7,"accId":13590},{"metricName":"metadata time","value":0,"accId":13592},{"metricName":"size of files read","value":4008,"accId":13593},{"metricName":"number of output rows","value":25,"accId":13589}], "children":[] }] }] }] }] }] }] }] }] }] }] }] }] }] }] }] }] }},{"totalTime":1181,"stagePlan":{"stages":[{"id":256,"isQueryResult":false,"tasks":[{"id":0,"duration":13,"executor":1}],"rdds":[1079,1080,1083,1084],"parents":[],"accIds":[13866,13867,13868,13869,13870,13871,13875,13876,13877,13878,13879,13906,13907]},{"id":257,"isQueryResult":false,"tasks":[{"id":42,"duration":5,"executor":0},{"id":10,"duration":11,"executor":2},{"id":25,"duration":6,"executor":2},{"id":2,"duration":13,"executor":2},{"id":26,"duration":5,"executor":1},{"id":4,"duration":14,"executor":2},{"id":28,"duration":5,"executor":2},{"id":54,"duration":8,"executor":0},{"id":36,"duration":5,"executor":0},{"id":33,"duration":5,"executor":1},{"id":16,"duration":3,"executor":0},{"id":58,"duration":4,"executor":2},{"id":49,"duration":4,"executor":2},{"id":34,"duration":5,"executor":2},{"id":44,"duration":5,"executor":2},{"id":13,"duration":4,"executor":1},{"id":45,"duration":5,"executor":1},{"id":55,"duration":3,"executor":2},{"id":51,"duration":5,"executor":2},{"id":35,"duration":5,"executor":0},{"id":9,"duration":6,"executor":1},{"id":46,"duration":5,"executor":0},{"id":27,"duration":4,"executor":1},{"id":7,"duration":5,"executor":1},{"id":53,"duration":5,"executor":1},{"id":56,"duration":4,"executor":1},{"id":39,"duration":6,"executor":1},{"id":37,"duration":5,"executor":2},{"id":30,"duration":5,"executor":0},{"id":22,"duration":5,"executor":1},{"id":1,"duration":10,"executor":0},{"id":19,"duration":4,"executor":0},{"id":18,"duration":4,"executor":1},{"id":12,"duration":3,"executor":0},{"id":31,"duration":6,"executor":2},{"id":47,"duration":3,"executor":1},{"id":48,"duration":4,"executor":0},{"id":24,"duration":4,"executor":0},{"id":59,"duration":5,"executor":2},{"id":3,"duration":10,"executor":0},{"id":8,"duration":4,"executor":2},{"id":38,"duration":5,"executor":2},{"id":41,"duration":4,"executor":1},{"id":23,"duration":4,"executor":0},{"id":29,"duration":5,"executor":0},{"id":40,"duration":6,"executor":0},{"id":50,"duration":4,"executor":1},{"id":15,"duration":4,"executor":0},{"id":0,"duration":13,"executor":1},{"id":14,"duration":11,"executor":2},{"id":32,"duration":6,"executor":1},{"id":43,"duration":5,"executor":2},{"id":5,"duration":4,"executor":0},{"id":57,"duration":3,"executor":1},{"id":20,"duration":3,"executor":0},{"id":52,"duration":8,"executor":0},{"id":21,"duration":4,"executor":1},{"id":11,"duration":4,"executor":0},{"id":17,"duration":4,"executor":1},{"id":6,"duration":4,"executor":0}],"rdds":[1081,1082,1085,1086],"parents":[],"accIds":[13800,13801,13802,13803,13804,13805,13910,13911,13912,13913,13914,13915,13916,13941,13942]},{"id":258,"isQueryResult":false,"tasks":[{"id":59,"duration":63,"executor":0},{"id":22,"duration":160,"executor":2},{"id":50,"duration":69,"executor":1},{"id":1,"duration":151,"executor":2},{"id":52,"duration":60,"executor":0},{"id":33,"duration":151,"executor":2},{"id":34,"duration":77,"executor":1},{"id":57,"duration":62,"executor":0},{"id":2,"duration":114,"executor":1},{"id":8,"duration":105,"executor":1},{"id":35,"duration":75,"executor":1},{"id":45,"duration":66,"executor":1},{"id":39,"duration":61,"executor":1},{"id":7,"duration":65,"executor":0},{"id":28,"duration":182,"executor":2},{"id":23,"duration":80,"executor":2},{"id":6,"duration":83,"executor":0},{"id":15,"duration":95,"executor":1},{"id":37,"duration":60,"executor":0},{"id":54,"duration":64,"executor":0},{"id":24,"duration":96,"executor":1},{"id":4,"duration":151,"executor":2},{"id":10,"duration":85,"executor":2},{"id":53,"duration":72,"executor":2},{"id":16,"duration":76,"executor":2},{"id":40,"duration":123,"executor":2},{"id":5,"duration":115,"executor":1},{"id":9,"duration":99,"executor":1},{"id":36,"duration":71,"executor":0},{"id":13,"duration":79,"executor":0},{"id":26,"duration":64,"executor":0},{"id":47,"duration":58,"executor":0},{"id":27,"duration":64,"executor":0},{"id":42,"duration":60,"executor":0},{"id":49,"duration":72,"executor":1},{"id":41,"duration":72,"executor":0},{"id":51,"duration":61,"executor":0},{"id":29,"duration":90,"executor":1},{"id":12,"duration":71,"executor":0},{"id":46,"duration":62,"executor":0},{"id":55,"duration":63,"executor":1},{"id":18,"duration":72,"executor":2},{"id":30,"duration":86,"executor":1},{"id":20,"duration":63,"executor":0},{"id":0,"duration":102,"executor":0},{"id":21,"duration":99,"executor":1},{"id":3,"duration":97,"executor":0},{"id":48,"duration":130,"executor":2},{"id":56,"duration":63,"executor":1},{"id":31,"duration":89,"executor":0},{"id":11,"duration":91,"executor":2},{"id":19,"duration":65,"executor":0},{"id":14,"duration":97,"executor":1},{"id":17,"duration":63,"executor":0},{"id":58,"duration":67,"executor":2},{"id":43,"duration":148,"executor":2},{"id":38,"duration":63,"executor":1},{"id":32,"duration":78,"executor":0},{"id":44,"duration":68,"executor":1},{"id":25,"duration":64,"executor":0}],"rdds":[1087,1088,1089,1090,1091,1092,1093,1094,1095,1096,1097,1098,1099,1100,1101,1102,1103,1104,1105],"parents":[],"accIds":[13761,13780,13781,13782,13783,13784,13785,13787,13790,13791,13792,13793,13794,13809,13810,13811,13812,13813,13814,13815,13816,13817,13818,13819,13820,13821,13822,13826,13827,13828,13829,13830,13831,13832,13833,13837,13838,13839,13840,13841,13842,13843,13844,13845,13849,13850,13851,13852,13853,13854,13855,13856,13857,13945,13946,13947,13948,13949,13950,13954,13973,13974,13975,13976,13977]},{"id":259,"isQueryResult":true,"tasks":[{"id":35,"duration":6,"executor":0},{"id":51,"duration":9,"executor":2},{"id":1,"duration":11,"executor":0},{"id":21,"duration":9,"executor":1},{"id":12,"duration":10,"executor":2},{"id":49,"duration":8,"executor":2},{"id":34,"duration":8,"executor":1},{"id":55,"duration":8,"executor":2},{"id":15,"duration":7,"executor":1},{"id":2,"duration":13,"executor":1},{"id":25,"duration":9,"executor":2},{"id":31,"duration":9,"executor":2},{"id":17,"duration":13,"executor":1},{"id":33,"duration":7,"executor":1},{"id":8,"duration":11,"executor":0},{"id":41,"duration":7,"executor":0},{"id":26,"duration":9,"executor":0},{"id":13,"duration":6,"executor":0},{"id":48,"duration":7,"executor":1},{"id":30,"duration":7,"executor":0},{"id":54,"duration":6,"executor":0},{"id":43,"duration":15,"executor":0},{"id":47,"duration":8,"executor":0},{"id":6,"duration":6,"executor":2},{"id":50,"duration":8,"executor":1},{"id":52,"duration":6,"executor":0},{"id":10,"duration":11,"executor":1},{"id":5,"duration":15,"executor":1},{"id":46,"duration":15,"executor":0},{"id":11,"duration":11,"executor":1},{"id":56,"duration":7,"executor":1},{"id":4,"duration":11,"executor":0},{"id":59,"duration":8,"executor":2},{"id":29,"duration":7,"executor":2},{"id":39,"duration":8,"executor":1},{"id":27,"duration":9,"executor":1},{"id":36,"duration":8,"executor":2},{"id":0,"duration":10,"executor":2},{"id":37,"duration":7,"executor":0},{"id":24,"duration":8,"executor":0},{"id":45,"duration":14,"executor":1},{"id":57,"duration":4,"executor":0},{"id":3,"duration":13,"executor":2},{"id":9,"duration":12,"executor":2},{"id":42,"duration":17,"executor":2},{"id":14,"duration":7,"executor":0},{"id":18,"duration":13,"executor":2},{"id":23,"duration":7,"executor":1},{"id":58,"duration":7,"executor":0},{"id":20,"duration":10,"executor":0},{"id":19,"duration":12,"executor":0},{"id":44,"duration":16,"executor":2},{"id":53,"duration":8,"executor":1},{"id":40,"duration":20,"executor":1},{"id":16,"duration":14,"executor":2},{"id":7,"duration":11,"executor":0},{"id":28,"duration":6,"executor":1},{"id":32,"duration":5,"executor":0},{"id":38,"duration":8,"executor":2},{"id":22,"duration":9,"executor":2}],"rdds":[1106,1107,1108,1109],"parents":[258],"accIds":[13754,13755,13756,13758,13759,13763,13764,13765,13767,13768,13769,13778,13980,13981,13982,13983,13984,13985,13986,13989,13991,13992,13993,13994,13995,13996,13997,13998,13999,14000,14001,14002,14003,14004,14005,14006,14007]}]},"sqlPlan":{ "nodeName":"TakeOrderedAndProject", "description":"TakeOrderedAndProject(limit=100, orderBy=[numwait#2072L DESC NULLS LAST,s_name#918 ASC NULLS FIRST], output=[s_name#918,numwait#2072L])", "metadata":{}, "metrics":[{"metricName":"shuffle records written","value":0,"accId":13752},{"metricName":"local merged chunks fetched","value":0,"accId":13746},{"metricName":"shuffle write time","value":0,"accId":13753},{"metricName":"remote merged bytes read","value":0,"accId":13747},{"metricName":"local merged blocks fetched","value":0,"accId":13744},{"metricName":"corrupt merged block chunks","value":0,"accId":13741},{"metricName":"remote merged reqs duration","value":0,"accId":13750},{"metricName":"remote merged blocks fetched","value":0,"accId":13743},{"metricName":"records read","value":0,"accId":13740},{"metricName":"local bytes read","value":0,"accId":13738},{"metricName":"fetch wait time","value":0,"accId":13739},{"metricName":"remote bytes read","value":0,"accId":13736},{"metricName":"merged fetch fallback count","value":0,"accId":13742},{"metricName":"local blocks read","value":0,"accId":13735},{"metricName":"remote merged chunks fetched","value":0,"accId":13745},{"metricName":"remote blocks read","value":0,"accId":13734},{"metricName":"local merged bytes read","value":0,"accId":13748},{"metricName":"remote reqs duration","value":0,"accId":13749},{"metricName":"remote bytes read to disk","value":0,"accId":13737},{"metricName":"shuffle bytes written","value":0,"accId":13751}], "children":[{ "nodeName":"WholeStageCodegen (10)", "description":"WholeStageCodegen (10)", "metadata":{}, "metrics":[{"metricName":"duration","value":404,"accId":13754}], "children":[{ "nodeName":"HashAggregate", "description":"HashAggregate(keys=[s_name#918], functions=[count(1)])", "metadata":{}, "metrics":[{"metricName":"spill size","value":0,"accId":13757},{"metricName":"time in aggregation build","value":159,"accId":13758},{"metricName":"peak memory","value":3975150672,"accId":13756},{"metricName":"number of output rows","value":411,"accId":13755},{"metricName":"number of sort fallback tasks","value":0,"accId":13760},{"metricName":"avg hash probes per key","value":590,"accId":13759}], "children":[{ "nodeName":"InputAdapter", "description":"InputAdapter", "metadata":{}, "metrics":[], "children":[{ "nodeName":"Exchange", "description":"Exchange hashpartitioning(s_name#918, 60), ENSURE_REQUIREMENTS, [plan_id=9475]", "metadata":{}, "metrics":[{"metricName":"shuffle records written","value":3941,"accId":13781},{"metricName":"local merged chunks fetched","value":0,"accId":13775},{"metricName":"shuffle write time","value":335948336,"accId":13782},{"metricName":"remote merged bytes read","value":0,"accId":13776},{"metricName":"local merged blocks fetched","value":0,"accId":13773},{"metricName":"corrupt merged block chunks","value":0,"accId":13770},{"metricName":"remote merged reqs duration","value":0,"accId":13779},{"metricName":"remote merged blocks fetched","value":0,"accId":13772},{"metricName":"records read","value":3816,"accId":13769},{"metricName":"local bytes read","value":76206,"accId":13767},{"metricName":"fetch wait time","value":60,"accId":13768},{"metricName":"remote bytes read","value":138721,"accId":13765},{"metricName":"merged fetch fallback count","value":0,"accId":13771},{"metricName":"local blocks read","value":810,"accId":13764},{"metricName":"remote merged chunks fetched","value":0,"accId":13774},{"metricName":"remote blocks read","value":1474,"accId":13763},{"metricName":"data size","value":189168,"accId":13761},{"metricName":"local merged bytes read","value":0,"accId":13777},{"metricName":"number of partitions","value":60,"accId":13762},{"metricName":"remote reqs duration","value":341,"accId":13778},{"metricName":"remote bytes read to disk","value":0,"accId":13766},{"metricName":"shuffle bytes written","value":221993,"accId":13780}], "children":[{ "nodeName":"WholeStageCodegen (9)", "description":"WholeStageCodegen (9)", "metadata":{}, "metrics":[{"metricName":"duration","value":4554,"accId":13783}], "children":[{ "nodeName":"HashAggregate", "description":"HashAggregate(keys=[s_name#918], functions=[partial_count(1)])", "metadata":{}, "metrics":[{"metricName":"spill size","value":0,"accId":13786},{"metricName":"time in aggregation build","value":4217,"accId":13787},{"metricName":"peak memory","value":16252928,"accId":13785},{"metricName":"number of output rows","value":3941,"accId":13784},{"metricName":"number of sort fallback tasks","value":0,"accId":13789},{"metricName":"avg hash probes per key","value":0,"accId":13788}], "children":[{ "nodeName":"Project", "description":"Project [s_name#918]", "metadata":{}, "metrics":[], "children":[{ "nodeName":"BroadcastHashJoin", "description":"BroadcastHashJoin [s_nationkey#920L], [n_nationkey#580L], Inner, BuildRight, false", "metadata":{}, "metrics":[{"metricName":"number of output rows","value":4274,"accId":13790}], "children":[{ "nodeName":"Project", "description":"Project [s_name#918, s_nationkey#920L]", "metadata":{}, "metrics":[], "children":[{ "nodeName":"SortMergeJoin", "description":"SortMergeJoin [l_orderkey#9L], [o_orderkey#571L], Inner", "metadata":{}, "metrics":[{"metricName":"number of output rows","value":102125,"accId":13791},{"metricName":"spill size","value":0,"accId":13792}], "children":[{ "nodeName":"InputAdapter", "description":"InputAdapter", "metadata":{}, "metrics":[], "children":[{ "nodeName":"WholeStageCodegen (6)", "description":"WholeStageCodegen (6)", "metadata":{}, "metrics":[{"metricName":"duration","value":3691,"accId":13793}], "children":[{ "nodeName":"Project", "description":"Project [s_name#918, s_nationkey#920L, l_orderkey#9L]", "metadata":{}, "metrics":[], "children":[{ "nodeName":"BroadcastHashJoin", "description":"BroadcastHashJoin [s_suppkey#917L], [l_suppkey#11L], Inner, BuildLeft, false", "metadata":{}, "metrics":[{"metricName":"number of output rows","value":208753,"accId":13794}], "children":[{ "nodeName":"InputAdapter", "description":"InputAdapter", "metadata":{}, "metrics":[], "children":[{ "nodeName":"BroadcastExchange", "description":"BroadcastExchange HashedRelationBroadcastMode(List(input[0, bigint, false]),false), [plan_id=9426]", "metadata":{}, "metrics":[{"metricName":"time to broadcast","value":1,"accId":13799},{"metricName":"time to build","value":3,"accId":13798},{"metricName":"time to collect","value":73,"accId":13797},{"metricName":"number of output rows","value":10000,"accId":13796},{"metricName":"data size","value":1128576,"accId":13795}], "children":[{ "nodeName":"WholeStageCodegen (1)", "description":"WholeStageCodegen (1)", "metadata":{}, "metrics":[{"metricName":"duration","value":106,"accId":13800}], "children":[{ "nodeName":"Filter", "description":"Filter (isnotnull(s_suppkey#917L) AND isnotnull(s_nationkey#920L))", "metadata":{}, "metrics":[{"metricName":"number of output rows","value":10000,"accId":13801}], "children":[{ "nodeName":"ColumnarToRow", "description":"ColumnarToRow", "metadata":{}, "metrics":[{"metricName":"number of output rows","value":10000,"accId":13802},{"metricName":"number of input batches","value":60,"accId":13803}], "children":[{ "nodeName":"InputAdapter", "description":"InputAdapter", "metadata":{}, "metrics":[], "children":[{ "nodeName":"Scan parquet spark_catalog.tpch.supplier", "description":"FileScan parquet spark_catalog.tpch.supplier[s_suppkey#917L,s_name#918,s_nationkey#920L] Batched: true, Bucketed: true, DataFilters: [isnotnull(s_suppkey#917L), isnotnull(s_nationkey#920L)], Format: Parquet, Location: InMemoryFileIndex(1 paths)[file:/data/spark-warehouse/tpch.db/supplier], PartitionFilters: [], PushedFilters: [IsNotNull(s_suppkey), IsNotNull(s_nationkey)], ReadSchema: struct<s_suppkey:bigint,s_name:string,s_nationkey:bigint>, SelectedBucketsCount: 60 out of 60", "metadata":{"Location":"InMemoryFileIndex(1 paths)[file:/data/spark-warehouse/tpch.db/supplier]","ReadSchema":"struct<s_suppkey:bigint,s_name:string,s_nationkey:bigint>","Format":"Parquet","SelectedBucketsCount":"60 out of 60","Batched":"true","PartitionFilters":"[]","PushedFilters":"[IsNotNull(s_suppkey), IsNotNull(s_nationkey)]","DataFilters":"[isnotnull(s_suppkey#917L), isnotnull(s_nationkey#920L)]","Bucketed":"true"}, "metrics":[{"metricName":"number of files read","value":60,"accId":13806},{"metricName":"scan time","value":104,"accId":13805},{"metricName":"metadata time","value":0,"accId":13807},{"metricName":"size of files read","value":1689031,"accId":13808},{"metricName":"number of output rows","value":10000,"accId":13804}], "children":[] }] }] }] }] }] }] },{ "nodeName":"SortMergeJoin", "description":"SortMergeJoin [l_orderkey#9L], [l_orderkey#2092L], LeftAnti, NOT (l_suppkey#2094L = l_suppkey#11L)", "metadata":{}, "metrics":[{"metricName":"number of output rows","value":208753,"accId":13809},{"metricName":"spill size","value":0,"accId":13810}], "children":[{ "nodeName":"InputAdapter", "description":"InputAdapter", "metadata":{}, "metrics":[], "children":[{ "nodeName":"WholeStageCodegen (4)", "description":"WholeStageCodegen (4)", "metadata":{}, "metrics":[{"metricName":"duration","value":3708,"accId":13811}], "children":[{ "nodeName":"SortMergeJoin", "description":"SortMergeJoin [l_orderkey#9L], [l_orderkey#2076L], LeftSemi, NOT (l_suppkey#2078L = l_suppkey#11L)", "metadata":{}, "metrics":[{"metricName":"number of output rows","value":3779278,"accId":13812},{"metricName":"spill size","value":0,"accId":13813}], "children":[{ "nodeName":"InputAdapter", "description":"InputAdapter", "metadata":{}, "metrics":[], "children":[{ "nodeName":"WholeStageCodegen (2)", "description":"WholeStageCodegen (2)", "metadata":{}, "metrics":[{"metricName":"duration","value":3739,"accId":13814}], "children":[{ "nodeName":"Sort", "description":"Sort [l_orderkey#9L ASC NULLS FIRST], false, 0", "metadata":{}, "metrics":[{"metricName":"sort time","value":62,"accId":13815},{"metricName":"peak memory","value":4290772000,"accId":13816},{"metricName":"spill size","value":0,"accId":13817}], "children":[{ "nodeName":"Project", "description":"Project [l_orderkey#9L, l_suppkey#11L]", "metadata":{}, "metrics":[], "children":[{ "nodeName":"Filter", "description":"Filter ((((isnotnull(l_receiptdate#21) AND isnotnull(l_commitdate#20)) AND (l_receiptdate#21 > l_commitdate#20)) AND isnotnull(l_suppkey#11L)) AND isnotnull(l_orderkey#9L))", "metadata":{}, "metrics":[{"metricName":"number of output rows","value":3919500,"accId":13818}], "children":[{ "nodeName":"ColumnarToRow", "description":"ColumnarToRow", "metadata":{}, "metrics":[{"metricName":"number of output rows","value":6201402,"accId":13819},{"metricName":"number of input batches","value":1550,"accId":13820}], "children":[{ "nodeName":"InputAdapter", "description":"InputAdapter", "metadata":{}, "metrics":[], "children":[{ "nodeName":"Scan parquet spark_catalog.tpch.lineitem", "description":"FileScan parquet spark_catalog.tpch.lineitem[l_orderkey#9L,l_suppkey#11L,l_commitdate#20,l_receiptdate#21] Batched: true, Bucketed: true, DataFilters: [isnotnull(l_receiptdate#21), isnotnull(l_commitdate#20), (l_receiptdate#21 > l_commitdate#20), i..., Format: Parquet, Location: InMemoryFileIndex(1 paths)[file:/data/spark-warehouse/tpch.db/lineitem], PartitionFilters: [], PushedFilters: [IsNotNull(l_receiptdate), IsNotNull(l_commitdate), IsNotNull(l_suppkey), IsNotNull(l_orderkey)], ReadSchema: struct<l_orderkey:bigint,l_suppkey:bigint,l_commitdate:date,l_receiptdate:date>, SelectedBucketsCount: 60 out of 60", "metadata":{"Location":"InMemoryFileIndex(1 paths)[file:/data/spark-warehouse/tpch.db/lineitem]","ReadSchema":"struct<l_orderkey:bigint,l_suppkey:bigint,l_commitdate:date,l_receiptdate:date>","Format":"Parquet","SelectedBucketsCount":"60 out of 60","Batched":"true","PartitionFilters":"[]","PushedFilters":"[IsNotNull(l_receiptdate), IsNotNull(l_commitdate), IsNotNull(l_suppkey), IsNotNull(l_orderkey)]","DataFilters":"[isnotnull(l_receiptdate#21), isnotnull(l_commitdate#20), (l_receiptdate#21 > l_commitdate#20), isnotnull(l_suppkey#11L), isnotnull(l_orderkey#9L)]","Bucketed":"true"}, "metrics":[{"metricName":"number of files read","value":60,"accId":13823},{"metricName":"scan time","value":190,"accId":13822},{"metricName":"metadata time","value":0,"accId":13824},{"metricName":"size of files read","value":365478469,"accId":13825},{"metricName":"number of output rows","value":6201402,"accId":13821}], "children":[] }] }] }] }] }] }] }] },{ "nodeName":"InputAdapter", "description":"InputAdapter", "metadata":{}, "metrics":[], "children":[{ "nodeName":"WholeStageCodegen (3)", "description":"WholeStageCodegen (3)", "metadata":{}, "metrics":[{"metricName":"duration","value":4182,"accId":13826}], "children":[{ "nodeName":"Sort", "description":"Sort [l_orderkey#2076L ASC NULLS FIRST], false, 0", "metadata":{}, "metrics":[{"metricName":"sort time","value":245,"accId":13827},{"metricName":"peak memory","value":4420795424,"accId":13828},{"metricName":"spill size","value":0,"accId":13829}], "children":[{ "nodeName":"ColumnarToRow", "description":"ColumnarToRow", "metadata":{}, "metrics":[{"metricName":"number of output rows","value":6201402,"accId":13830},{"metricName":"number of input batches","value":1550,"accId":13831}], "children":[{ "nodeName":"InputAdapter", "description":"InputAdapter", "metadata":{}, "metrics":[], "children":[{ "nodeName":"Scan parquet spark_catalog.tpch.lineitem", "description":"FileScan parquet spark_catalog.tpch.lineitem[l_orderkey#2076L,l_suppkey#2078L] Batched: true, Bucketed: true, DataFilters: [], Format: Parquet, Location: InMemoryFileIndex(1 paths)[file:/data/spark-warehouse/tpch.db/lineitem], PartitionFilters: [], PushedFilters: [], ReadSchema: struct<l_orderkey:bigint,l_suppkey:bigint>, SelectedBucketsCount: 60 out of 60", "metadata":{"Location":"InMemoryFileIndex(1 paths)[file:/data/spark-warehouse/tpch.db/lineitem]","ReadSchema":"struct<l_orderkey:bigint,l_suppkey:bigint>","Format":"Parquet","SelectedBucketsCount":"60 out of 60","Batched":"true","PartitionFilters":"[]","PushedFilters":"[]","DataFilters":"[]","Bucketed":"true"}, "metrics":[{"metricName":"number of files read","value":60,"accId":13834},{"metricName":"scan time","value":171,"accId":13833},{"metricName":"metadata time","value":0,"accId":13835},{"metricName":"size of files read","value":365478469,"accId":13836},{"metricName":"number of output rows","value":6201402,"accId":13832}], "children":[] }] }] }] }] }] }] }] }] },{ "nodeName":"InputAdapter", "description":"InputAdapter", "metadata":{}, "metrics":[], "children":[{ "nodeName":"WholeStageCodegen (5)", "description":"WholeStageCodegen (5)", "metadata":{}, "metrics":[{"metricName":"duration","value":3820,"accId":13837}], "children":[{ "nodeName":"Sort", "description":"Sort [l_orderkey#2092L ASC NULLS FIRST], false, 0", "metadata":{}, "metrics":[{"metricName":"sort time","value":89,"accId":13838},{"metricName":"peak memory","value":4290772000,"accId":13839},{"metricName":"spill size","value":0,"accId":13840}], "children":[{ "nodeName":"Project", "description":"Project [l_orderkey#2092L, l_suppkey#2094L]", "metadata":{}, "metrics":[], "children":[{ "nodeName":"Filter", "description":"Filter ((isnotnull(l_receiptdate#2104) AND isnotnull(l_commitdate#2103)) AND (l_receiptdate#2104 > l_commitdate#2103))", "metadata":{}, "metrics":[{"metricName":"number of output rows","value":3919500,"accId":13841}], "children":[{ "nodeName":"ColumnarToRow", "description":"ColumnarToRow", "metadata":{}, "metrics":[{"metricName":"number of output rows","value":6201402,"accId":13842},{"metricName":"number of input batches","value":1550,"accId":13843}], "children":[{ "nodeName":"InputAdapter", "description":"InputAdapter", "metadata":{}, "metrics":[], "children":[{ "nodeName":"Scan parquet spark_catalog.tpch.lineitem", "description":"FileScan parquet spark_catalog.tpch.lineitem[l_orderkey#2092L,l_suppkey#2094L,l_commitdate#2103,l_receiptdate#2104] Batched: true, Bucketed: true, DataFilters: [isnotnull(l_receiptdate#2104), isnotnull(l_commitdate#2103), (l_receiptdate#2104 > l_commitdate#..., Format: Parquet, Location: InMemoryFileIndex(1 paths)[file:/data/spark-warehouse/tpch.db/lineitem], PartitionFilters: [], PushedFilters: [IsNotNull(l_receiptdate), IsNotNull(l_commitdate)], ReadSchema: struct<l_orderkey:bigint,l_suppkey:bigint,l_commitdate:date,l_receiptdate:date>, SelectedBucketsCount: 60 out of 60", "metadata":{"Location":"InMemoryFileIndex(1 paths)[file:/data/spark-warehouse/tpch.db/lineitem]","ReadSchema":"struct<l_orderkey:bigint,l_suppkey:bigint,l_commitdate:date,l_receiptdate:date>","Format":"Parquet","SelectedBucketsCount":"60 out of 60","Batched":"true","PartitionFilters":"[]","PushedFilters":"[IsNotNull(l_receiptdate), IsNotNull(l_commitdate)]","DataFilters":"[isnotnull(l_receiptdate#2104), isnotnull(l_commitdate#2103), (l_receiptdate#2104 > l_commitdate#2103)]","Bucketed":"true"}, "metrics":[{"metricName":"number of files read","value":60,"accId":13846},{"metricName":"scan time","value":305,"accId":13845},{"metricName":"metadata time","value":0,"accId":13847},{"metricName":"size of files read","value":365478469,"accId":13848},{"metricName":"number of output rows","value":6201402,"accId":13844}], "children":[] }] }] }] }] }] }] }] }] }] }] }] }] },{ "nodeName":"InputAdapter", "description":"InputAdapter", "metadata":{}, "metrics":[], "children":[{ "nodeName":"WholeStageCodegen (7)", "description":"WholeStageCodegen (7)", "metadata":{}, "metrics":[{"metricName":"duration","value":1743,"accId":13849}], "children":[{ "nodeName":"Sort", "description":"Sort [o_orderkey#571L ASC NULLS FIRST], false, 0", "metadata":{}, "metrics":[{"metricName":"sort time","value":0,"accId":13850},{"metricName":"peak memory","value":4193254432,"accId":13851},{"metricName":"spill size","value":0,"accId":13852}], "children":[{ "nodeName":"Project", "description":"Project [o_orderkey#571L]", "metadata":{}, "metrics":[], "children":[{ "nodeName":"Filter", "description":"Filter ((isnotnull(o_orderstatus#573) AND (o_orderstatus#573 = F)) AND isnotnull(o_orderkey#571L))", "metadata":{}, "metrics":[{"metricName":"number of output rows","value":753767,"accId":13853}], "children":[{ "nodeName":"ColumnarToRow", "description":"ColumnarToRow", "metadata":{}, "metrics":[{"metricName":"number of output rows","value":1550095,"accId":13854},{"metricName":"number of input batches","value":434,"accId":13855}], "children":[{ "nodeName":"InputAdapter", "description":"InputAdapter", "metadata":{}, "metrics":[], "children":[{ "nodeName":"Scan parquet spark_catalog.tpch.orders", "description":"FileScan parquet spark_catalog.tpch.orders[o_orderkey#571L,o_orderstatus#573] Batched: true, Bucketed: true, DataFilters: [isnotnull(o_orderstatus#573), (o_orderstatus#573 = F), isnotnull(o_orderkey#571L)], Format: Parquet, Location: InMemoryFileIndex(1 paths)[file:/data/spark-warehouse/tpch.db/orders], PartitionFilters: [], PushedFilters: [IsNotNull(o_orderstatus), EqualTo(o_orderstatus,F), IsNotNull(o_orderkey)], ReadSchema: struct<o_orderkey:bigint,o_orderstatus:string>, SelectedBucketsCount: 60 out of 60", "metadata":{"Location":"InMemoryFileIndex(1 paths)[file:/data/spark-warehouse/tpch.db/orders]","ReadSchema":"struct<o_orderkey:bigint,o_orderstatus:string>","Format":"Parquet","SelectedBucketsCount":"60 out of 60","Batched":"true","PartitionFilters":"[]","PushedFilters":"[IsNotNull(o_orderstatus), EqualTo(o_orderstatus,F), IsNotNull(o_orderkey)]","DataFilters":"[isnotnull(o_orderstatus#573), (o_orderstatus#573 = F), isnotnull(o_orderkey#571L)]","Bucketed":"true"}, "metrics":[{"metricName":"number of files read","value":60,"accId":13858},{"metricName":"scan time","value":123,"accId":13857},{"metricName":"metadata time","value":0,"accId":13859},{"metricName":"size of files read","value":121789992,"accId":13860},{"metricName":"number of output rows","value":1550095,"accId":13856}], "children":[] }] }] }] }] }] }] }] }] }] },{ "nodeName":"InputAdapter", "description":"InputAdapter", "metadata":{}, "metrics":[], "children":[{ "nodeName":"BroadcastExchange", "description":"BroadcastExchange HashedRelationBroadcastMode(List(input[0, bigint, true]),false), [plan_id=9469]", "metadata":{}, "metrics":[{"metricName":"time to broadcast","value":0,"accId":13865},{"metricName":"time to build","value":1,"accId":13864},{"metricName":"time to collect","value":26,"accId":13863},{"metricName":"number of output rows","value":1,"accId":13862},{"metricName":"data size","value":1048584,"accId":13861}], "children":[{ "nodeName":"WholeStageCodegen (8)", "description":"WholeStageCodegen (8)", "metadata":{}, "metrics":[{"metricName":"duration","value":6,"accId":13866}], "children":[{ "nodeName":"Project", "description":"Project [n_nationkey#580L]", "metadata":{}, "metrics":[], "children":[{ "nodeName":"Filter", "description":"Filter ((isnotnull(n_name#581) AND (n_name#581 = SAUDI ARABIA)) AND isnotnull(n_nationkey#580L))", "metadata":{}, "metrics":[{"metricName":"number of output rows","value":1,"accId":13867}], "children":[{ "nodeName":"ColumnarToRow", "description":"ColumnarToRow", "metadata":{}, "metrics":[{"metricName":"number of output rows","value":25,"accId":13868},{"metricName":"number of input batches","value":1,"accId":13869}], "children":[{ "nodeName":"InputAdapter", "description":"InputAdapter", "metadata":{}, "metrics":[], "children":[{ "nodeName":"Scan parquet spark_catalog.tpch.nation", "description":"FileScan parquet spark_catalog.tpch.nation[n_nationkey#580L,n_name#581] Batched: true, DataFilters: [isnotnull(n_name#581), (n_name#581 = SAUDI ARABIA), isnotnull(n_nationkey#580L)], Format: Parquet, Location: InMemoryFileIndex(1 paths)[file:/data/spark-warehouse/tpch.db/nation], PartitionFilters: [], PushedFilters: [IsNotNull(n_name), EqualTo(n_name,SAUDI ARABIA), IsNotNull(n_nationkey)], ReadSchema: struct<n_nationkey:bigint,n_name:string>", "metadata":{"Location":"InMemoryFileIndex(1 paths)[file:/data/spark-warehouse/tpch.db/nation]","ReadSchema":"struct<n_nationkey:bigint,n_name:string>","Format":"Parquet","Batched":"true","PartitionFilters":"[]","PushedFilters":"[IsNotNull(n_name), EqualTo(n_name,SAUDI ARABIA), IsNotNull(n_nationkey)]","DataFilters":"[isnotnull(n_name#581), (n_name#581 = SAUDI ARABIA), isnotnull(n_nationkey#580L)]"}, "metrics":[{"metricName":"number of files read","value":1,"accId":13872},{"metricName":"scan time","value":6,"accId":13871},{"metricName":"metadata time","value":0,"accId":13873},{"metricName":"size of files read","value":4008,"accId":13874},{"metricName":"number of output rows","value":25,"accId":13870}], "children":[] }] }] }] }] }] }] }] }] }] }] }] }] }] }] }] }] }}]