[{"totalTime":487,"stagePlan":{"stages":[{"id":264,"isQueryResult":false,"tasks":[{"id":31,"duration":10,"executor":0},{"id":26,"duration":4,"executor":1},{"id":36,"duration":4,"executor":1},{"id":29,"duration":5,"executor":2},{"id":37,"duration":4,"executor":1},{"id":10,"duration":4,"executor":0},{"id":53,"duration":3,"executor":2},{"id":3,"duration":12,"executor":1},{"id":35,"duration":4,"executor":2},{"id":8,"duration":3,"executor":1},{"id":57,"duration":3,"executor":2},{"id":39,"duration":4,"executor":2},{"id":17,"duration":3,"executor":1},{"id":19,"duration":4,"executor":0},{"id":41,"duration":4,"executor":1},{"id":55,"duration":4,"executor":1},{"id":44,"duration":5,"executor":0},{"id":30,"duration":4,"executor":2},{"id":14,"duration":5,"executor":2},{"id":38,"duration":4,"executor":2},{"id":45,"duration":5,"executor":2},{"id":43,"duration":4,"executor":1},{"id":42,"duration":3,"executor":2},{"id":6,"duration":4,"executor":0},{"id":58,"duration":5,"executor":2},{"id":34,"duration":3,"executor":2},{"id":2,"duration":11,"executor":0},{"id":27,"duration":4,"executor":1},{"id":16,"duration":4,"executor":2},{"id":23,"duration":4,"executor":2},{"id":50,"duration":4,"executor":0},{"id":18,"duration":4,"executor":1},{"id":59,"duration":4,"executor":0},{"id":9,"duration":3,"executor":1},{"id":5,"duration":11,"executor":0},{"id":48,"duration":4,"executor":1},{"id":7,"duration":4,"executor":0},{"id":49,"duration":4,"executor":1},{"id":13,"duration":4,"executor":0},{"id":32,"duration":4,"executor":1},{"id":28,"duration":9,"executor":0},{"id":4,"duration":17,"executor":2},{"id":56,"duration":4,"executor":0},{"id":47,"duration":4,"executor":2},{"id":51,"duration":5,"executor":2},{"id":46,"duration":4,"executor":0},{"id":1,"duration":18,"executor":2},{"id":11,"duration":3,"executor":1},{"id":21,"duration":4,"executor":1},{"id":54,"duration":4,"executor":1},{"id":12,"duration":3,"executor":1},{"id":20,"duration":4,"executor":1},{"id":22,"duration":4,"executor":0},{"id":40,"duration":4,"executor":0},{"id":52,"duration":4,"executor":0},{"id":0,"duration":12,"executor":1},{"id":33,"duration":4,"executor":1},{"id":15,"duration":4,"executor":0},{"id":25,"duration":4,"executor":0},{"id":24,"duration":4,"executor":2}],"rdds":[1138,1139,1140,1141],"parents":[],"accIds":[14348,14349,14350,14351,14352,14353,14377,14378,14379,14380,14381,14382,14383,14408,14409]},{"id":265,"isQueryResult":true,"tasks":[{"id":16,"duration":68,"executor":2},{"id":30,"duration":38,"executor":2},{"id":2,"duration":50,"executor":0},{"id":20,"duration":27,"executor":1},{"id":38,"duration":72,"executor":2},{"id":34,"duration":24,"executor":0},{"id":3,"duration":67,"executor":1},{"id":49,"duration":24,"executor":1},{"id":58,"duration":22,"executor":0},{"id":51,"duration":19,"executor":0},{"id":43,"duration":28,"executor":0},{"id":14,"duration":30,"executor":1},{"id":29,"duration":38,"executor":2},{"id":37,"duration":74,"executor":2},{"id":40,"duration":20,"executor":0},{"id":4,"duration":101,"executor":2},{"id":26,"duration":22,"executor":1},{"id":55,"duration":19,"executor":0},{"id":32,"duration":22,"executor":1},{"id":19,"duration":21,"executor":0},{"id":25,"duration":29,"executor":1},{"id":23,"duration":22,"executor":0},{"id":35,"duration":23,"executor":1},{"id":10,"duration":23,"executor":0},{"id":36,"duration":22,"executor":1},{"id":44,"duration":31,"executor":0},{"id":28,"duration":18,"executor":0},{"id":56,"duration":23,"executor":1},{"id":15,"duration":28,"executor":1},{"id":57,"duration":23,"executor":1},{"id":7,"duration":23,"executor":0},{"id":5,"duration":49,"executor":0},{"id":22,"duration":18,"executor":0},{"id":8,"duration":29,"executor":1},{"id":54,"duration":23,"executor":0},{"id":1,"duration":102,"executor":2},{"id":17,"duration":69,"executor":2},{"id":33,"duration":29,"executor":0},{"id":45,"duration":27,"executor":1},{"id":48,"duration":22,"executor":0},{"id":47,"duration":19,"executor":0},{"id":13,"duration":18,"executor":0},{"id":18,"duration":19,"executor":0},{"id":9,"duration":29,"executor":1},{"id":0,"duration":67,"executor":1},{"id":53,"duration":29,"executor":2},{"id":6,"duration":24,"executor":0},{"id":31,"duration":33,"executor":1},{"id":52,"duration":30,"executor":2},{"id":46,"duration":24,"executor":1},{"id":24,"duration":18,"executor":0},{"id":59,"duration":49,"executor":2},{"id":27,"duration":22,"executor":0},{"id":21,"duration":27,"executor":1},{"id":41,"duration":23,"executor":1},{"id":39,"duration":25,"executor":0},{"id":11,"duration":23,"executor":0},{"id":50,"duration":24,"executor":1},{"id":12,"duration":22,"executor":0},{"id":42,"duration":22,"executor":1}],"rdds":[1142,1143,1144,1145,1146,1147,1148,1149,1150,1151],"parents":[],"accIds":[14323,14324,14325,14327,14328,14330,14331,14333,14334,14336,14337,14338,14339,14340,14341,14342,14357,14358,14359,14360,14361,14365,14366,14367,14368,14369,14370,14371,14372,14373,14412,14413,14414,14415,14416,14417,14418,14421,14443,14444]}]},"sqlPlan":{ "nodeName":"TakeOrderedAndProject", "description":"TakeOrderedAndProject(limit=10, orderBy=[revenue#2145 DESC NULLS LAST,o_orderdate#575 ASC NULLS FIRST], output=[l_orderkey#9L,revenue#2145,o_orderdate#575,o_shippriority#578])", "metadata":{}, "metrics":[{"metricName":"shuffle records written","value":0,"accId":14321},{"metricName":"local merged chunks fetched","value":0,"accId":14315},{"metricName":"shuffle write time","value":0,"accId":14322},{"metricName":"remote merged bytes read","value":0,"accId":14316},{"metricName":"local merged blocks fetched","value":0,"accId":14313},{"metricName":"corrupt merged block chunks","value":0,"accId":14310},{"metricName":"remote merged reqs duration","value":0,"accId":14319},{"metricName":"remote merged blocks fetched","value":0,"accId":14312},{"metricName":"records read","value":0,"accId":14309},{"metricName":"local bytes read","value":0,"accId":14307},{"metricName":"fetch wait time","value":0,"accId":14308},{"metricName":"remote bytes read","value":0,"accId":14305},{"metricName":"merged fetch fallback count","value":0,"accId":14311},{"metricName":"local blocks read","value":0,"accId":14304},{"metricName":"remote merged chunks fetched","value":0,"accId":14314},{"metricName":"remote blocks read","value":0,"accId":14303},{"metricName":"local merged bytes read","value":0,"accId":14317},{"metricName":"remote reqs duration","value":0,"accId":14318},{"metricName":"remote bytes read to disk","value":0,"accId":14306},{"metricName":"shuffle bytes written","value":0,"accId":14320}], "children":[{ "nodeName":"WholeStageCodegen (4)", "description":"WholeStageCodegen (4)", "metadata":{}, "metrics":[{"metricName":"duration","value":1491,"accId":14323}], "children":[{ "nodeName":"HashAggregate", "description":"HashAggregate(keys=[l_orderkey#9L, o_orderdate#575, o_shippriority#578], functions=[sum((l_extendedprice#14 * (1 - l_discount#15)))])", "metadata":{}, "metrics":[{"metricName":"spill size","value":0,"accId":14326},{"metricName":"time in aggregation build","value":1444,"accId":14327},{"metricName":"peak memory","value":4042259520,"accId":14325},{"metricName":"number of output rows","value":11620,"accId":14324},{"metricName":"number of sort fallback tasks","value":0,"accId":14329},{"metricName":"avg hash probes per key","value":600,"accId":14328}], "children":[{ "nodeName":"HashAggregate", "description":"HashAggregate(keys=[l_orderkey#9L, o_orderdate#575, o_shippriority#578], functions=[partial_sum((l_extendedprice#14 * (1 - l_discount#15)))])", "metadata":{}, "metrics":[{"metricName":"spill size","value":0,"accId":14332},{"metricName":"time in aggregation build","value":1407,"accId":14333},{"metricName":"peak memory","value":4042259520,"accId":14331},{"metricName":"number of output rows","value":11620,"accId":14330},{"metricName":"number of sort fallback tasks","value":0,"accId":14335},{"metricName":"avg hash probes per key","value":600,"accId":14334}], "children":[{ "nodeName":"Project", "description":"Project [o_orderdate#575, o_shippriority#578, l_orderkey#9L, l_extendedprice#14, l_discount#15]", "metadata":{}, "metrics":[], "children":[{ "nodeName":"SortMergeJoin", "description":"SortMergeJoin [o_orderkey#571L], [l_orderkey#9L], Inner", "metadata":{}, "metrics":[{"metricName":"number of output rows","value":30519,"accId":14336},{"metricName":"spill size","value":0,"accId":14337}], "children":[{ "nodeName":"InputAdapter", "description":"InputAdapter", "metadata":{}, "metrics":[], "children":[{ "nodeName":"WholeStageCodegen (2)", "description":"WholeStageCodegen (2)", "metadata":{}, "metrics":[{"metricName":"duration","value":1292,"accId":14338}], "children":[{ "nodeName":"Sort", "description":"Sort [o_orderkey#571L ASC NULLS FIRST], false, 0", "metadata":{}, "metrics":[{"metricName":"sort time","value":8,"accId":14339},{"metricName":"peak memory","value":4034395200,"accId":14340},{"metricName":"spill size","value":0,"accId":14341}], "children":[{ "nodeName":"Project", "description":"Project [o_orderkey#571L, o_orderdate#575, o_shippriority#578]", "metadata":{}, "metrics":[], "children":[{ "nodeName":"BroadcastHashJoin", "description":"BroadcastHashJoin [c_custkey#563L], [o_custkey#572L], Inner, BuildLeft, false", "metadata":{}, "metrics":[{"metricName":"number of output rows","value":147126,"accId":14342}], "children":[{ "nodeName":"InputAdapter", "description":"InputAdapter", "metadata":{}, "metrics":[], "children":[{ "nodeName":"BroadcastExchange", "description":"BroadcastExchange HashedRelationBroadcastMode(List(input[0, bigint, true]),false), [plan_id=9900]", "metadata":{}, "metrics":[{"metricName":"time to broadcast","value":3,"accId":14347},{"metricName":"time to build","value":5,"accId":14346},{"metricName":"time to collect","value":69,"accId":14345},{"metricName":"number of output rows","value":30142,"accId":14344},{"metricName":"data size","value":2097152,"accId":14343}], "children":[{ "nodeName":"WholeStageCodegen (1)", "description":"WholeStageCodegen (1)", "metadata":{}, "metrics":[{"metricName":"duration","value":112,"accId":14348}], "children":[{ "nodeName":"Project", "description":"Project [c_custkey#563L]", "metadata":{}, "metrics":[], "children":[{ "nodeName":"Filter", "description":"Filter ((isnotnull(c_mktsegment#569) AND (c_mktsegment#569 = BUILDING)) AND isnotnull(c_custkey#563L))", "metadata":{}, "metrics":[{"metricName":"number of output rows","value":30142,"accId":14349}], "children":[{ "nodeName":"ColumnarToRow", "description":"ColumnarToRow", "metadata":{}, "metrics":[{"metricName":"number of output rows","value":150000,"accId":14350},{"metricName":"number of input batches","value":60,"accId":14351}], "children":[{ "nodeName":"InputAdapter", "description":"InputAdapter", "metadata":{}, "metrics":[], "children":[{ "nodeName":"Scan parquet spark_catalog.tpch.customer", "description":"FileScan parquet spark_catalog.tpch.customer[c_custkey#563L,c_mktsegment#569] Batched: true, Bucketed: true, DataFilters: [isnotnull(c_mktsegment#569), (c_mktsegment#569 = BUILDING), isnotnull(c_custkey#563L)], Format: Parquet, Location: InMemoryFileIndex(1 paths)[file:/data/spark-warehouse/tpch.db/customer], PartitionFilters: [], PushedFilters: [IsNotNull(c_mktsegment), EqualTo(c_mktsegment,BUILDING), IsNotNull(c_custkey)], ReadSchema: struct<c_custkey:bigint,c_mktsegment:string>, SelectedBucketsCount: 60 out of 60", "metadata":{"Location":"InMemoryFileIndex(1 paths)[file:/data/spark-warehouse/tpch.db/customer]","ReadSchema":"struct<c_custkey:bigint,c_mktsegment:string>","Format":"Parquet","SelectedBucketsCount":"60 out of 60","Batched":"true","PartitionFilters":"[]","PushedFilters":"[IsNotNull(c_mktsegment), EqualTo(c_mktsegment,BUILDING), IsNotNull(c_custkey)]","DataFilters":"[isnotnull(c_mktsegment#569), (c_mktsegment#569 = BUILDING), isnotnull(c_custkey#563L)]","Bucketed":"true"}, "metrics":[{"metricName":"number of files read","value":60,"accId":14354},{"metricName":"scan time","value":100,"accId":14353},{"metricName":"metadata time","value":0,"accId":14355},{"metricName":"size of files read","value":24717733,"accId":14356},{"metricName":"number of output rows","value":150000,"accId":14352}], "children":[] }] }] }] }] }] }] }] },{ "nodeName":"Filter", "description":"Filter (((isnotnull(o_orderdate#575) AND (o_orderdate#575 < 1995-03-15)) AND isnotnull(o_custkey#572L)) AND isnotnull(o_orderkey#571L))", "metadata":{}, "metrics":[{"metricName":"number of output rows","value":727305,"accId":14357}], "children":[{ "nodeName":"ColumnarToRow", "description":"ColumnarToRow", "metadata":{}, "metrics":[{"metricName":"number of output rows","value":1500000,"accId":14358},{"metricName":"number of input batches","value":420,"accId":14359}], "children":[{ "nodeName":"InputAdapter", "description":"InputAdapter", "metadata":{}, "metrics":[], "children":[{ "nodeName":"Scan parquet spark_catalog.tpch.orders", "description":"FileScan parquet spark_catalog.tpch.orders[o_orderkey#571L,o_custkey#572L,o_orderdate#575,o_shippriority#578] Batched: true, Bucketed: true, DataFilters: [isnotnull(o_orderdate#575), (o_orderdate#575 < 1995-03-15), isnotnull(o_custkey#572L), isnotnull..., Format: Parquet, Location: InMemoryFileIndex(1 paths)[file:/data/spark-warehouse/tpch.db/orders], PartitionFilters: [], PushedFilters: [IsNotNull(o_orderdate), LessThan(o_orderdate,1995-03-15), IsNotNull(o_custkey), IsNotNull(o_orde..., ReadSchema: struct<o_orderkey:bigint,o_custkey:bigint,o_orderdate:date,o_shippriority:int>, SelectedBucketsCount: 60 out of 60", "metadata":{"Location":"InMemoryFileIndex(1 paths)[file:/data/spark-warehouse/tpch.db/orders]","ReadSchema":"struct<o_orderkey:bigint,o_custkey:bigint,o_orderdate:date,o_shippriority:int>","Format":"Parquet","SelectedBucketsCount":"60 out of 60","Batched":"true","PartitionFilters":"[]","PushedFilters":"[IsNotNull(o_orderdate), LessThan(o_orderdate,1995-03-15), IsNotNull(o_custkey), IsNotNull(o_orderkey)]","DataFilters":"[isnotnull(o_orderdate#575), (o_orderdate#575 < 1995-03-15), isnotnull(o_custkey#572L), isnotnull(o_orderkey#571L)]","Bucketed":"true"}, "metrics":[{"metricName":"number of files read","value":60,"accId":14362},{"metricName":"scan time","value":126,"accId":14361},{"metricName":"metadata time","value":0,"accId":14363},{"metricName":"size of files read","value":121789992,"accId":14364},{"metricName":"number of output rows","value":1500000,"accId":14360}], "children":[] }] }] }] }] }] }] }] }] },{ "nodeName":"InputAdapter", "description":"InputAdapter", "metadata":{}, "metrics":[], "children":[{ "nodeName":"WholeStageCodegen (3)", "description":"WholeStageCodegen (3)", "metadata":{}, "metrics":[{"metricName":"duration","value":250,"accId":14365}], "children":[{ "nodeName":"Sort", "description":"Sort [l_orderkey#9L ASC NULLS FIRST], false, 0", "metadata":{}, "metrics":[{"metricName":"sort time","value":60,"accId":14366},{"metricName":"peak memory","value":4152360000,"accId":14367},{"metricName":"spill size","value":0,"accId":14368}], "children":[{ "nodeName":"Project", "description":"Project [l_orderkey#9L, l_extendedprice#14, l_discount#15]", "metadata":{}, "metrics":[], "children":[{ "nodeName":"Filter", "description":"Filter ((isnotnull(l_shipdate#19) AND (l_shipdate#19 > 1995-03-15)) AND isnotnull(l_orderkey#9L))", "metadata":{}, "metrics":[{"metricName":"number of output rows","value":3241776,"accId":14369}], "children":[{ "nodeName":"ColumnarToRow", "description":"ColumnarToRow", "metadata":{}, "metrics":[{"metricName":"number of output rows","value":6001210,"accId":14370},{"metricName":"number of input batches","value":1500,"accId":14371}], "children":[{ "nodeName":"InputAdapter", "description":"InputAdapter", "metadata":{}, "metrics":[], "children":[{ "nodeName":"Scan parquet spark_catalog.tpch.lineitem", "description":"FileScan parquet spark_catalog.tpch.lineitem[l_orderkey#9L,l_extendedprice#14,l_discount#15,l_shipdate#19] Batched: true, Bucketed: true, DataFilters: [isnotnull(l_shipdate#19), (l_shipdate#19 > 1995-03-15), isnotnull(l_orderkey#9L)], Format: Parquet, Location: InMemoryFileIndex(1 paths)[file:/data/spark-warehouse/tpch.db/lineitem], PartitionFilters: [], PushedFilters: [IsNotNull(l_shipdate), GreaterThan(l_shipdate,1995-03-15), IsNotNull(l_orderkey)], ReadSchema: struct<l_orderkey:bigint,l_extendedprice:decimal(15,2),l_discount:decimal(15,2),l_shipdate:date>, SelectedBucketsCount: 60 out of 60", "metadata":{"Location":"InMemoryFileIndex(1 paths)[file:/data/spark-warehouse/tpch.db/lineitem]","ReadSchema":"struct<l_orderkey:bigint,l_extendedprice:decimal(15,2),l_discount:decimal(15,2),l_shipdate:date>","Format":"Parquet","SelectedBucketsCount":"60 out of 60","Batched":"true","PartitionFilters":"[]","PushedFilters":"[IsNotNull(l_shipdate), GreaterThan(l_shipdate,1995-03-15), IsNotNull(l_orderkey)]","DataFilters":"[isnotnull(l_shipdate#19), (l_shipdate#19 > 1995-03-15), isnotnull(l_orderkey#9L)]","Bucketed":"true"}, "metrics":[{"metricName":"number of files read","value":60,"accId":14374},{"metricName":"scan time","value":206,"accId":14373},{"metricName":"metadata time","value":0,"accId":14375},{"metricName":"size of files read","value":365478469,"accId":14376},{"metricName":"number of output rows","value":6001210,"accId":14372}], "children":[] }] }] }] }] }] }] }] }] }] }] }] }] }] }},{"totalTime":490,"stagePlan":{"stages":[{"id":266,"isQueryResult":false,"tasks":[{"id":5,"duration":12,"executor":0},{"id":28,"duration":4,"executor":2},{"id":34,"duration":5,"executor":2},{"id":57,"duration":5,"executor":0},{"id":21,"duration":4,"executor":1},{"id":45,"duration":4,"executor":1},{"id":24,"duration":3,"executor":0},{"id":33,"duration":4,"executor":1},{"id":46,"duration":4,"executor":1},{"id":22,"duration":5,"executor":2},{"id":56,"duration":5,"executor":2},{"id":49,"duration":5,"executor":2},{"id":52,"duration":5,"executor":1},{"id":8,"duration":5,"executor":1},{"id":2,"duration":12,"executor":0},{"id":58,"duration":4,"executor":1},{"id":14,"duration":4,"executor":1},{"id":36,"duration":12,"executor":0},{"id":55,"duration":4,"executor":2},{"id":41,"duration":3,"executor":1},{"id":13,"duration":3,"executor":0},{"id":16,"duration":4,"executor":1},{"id":17,"duration":3,"executor":2},{"id":44,"duration":5,"executor":2},{"id":25,"duration":4,"executor":0},{"id":0,"duration":19,"executor":2},{"id":40,"duration":4,"executor":2},{"id":42,"duration":4,"executor":1},{"id":15,"duration":5,"executor":2},{"id":23,"duration":4,"executor":2},{"id":48,"duration":3,"executor":1},{"id":59,"duration":4,"executor":1},{"id":19,"duration":4,"executor":0},{"id":20,"duration":4,"executor":1},{"id":7,"duration":3,"executor":0},{"id":50,"duration":4,"executor":2},{"id":32,"duration":11,"executor":0},{"id":35,"duration":3,"executor":2},{"id":51,"duration":4,"executor":0},{"id":38,"duration":3,"executor":1},{"id":29,"duration":4,"executor":2},{"id":43,"duration":4,"executor":2},{"id":11,"duration":4,"executor":0},{"id":26,"duration":4,"executor":1},{"id":39,"duration":5,"executor":2},{"id":10,"duration":4,"executor":0},{"id":1,"duration":15,"executor":1},{"id":30,"duration":4,"executor":0},{"id":54,"duration":4,"executor":1},{"id":3,"duration":20,"executor":2},{"id":47,"duration":6,"executor":0},{"id":9,"duration":5,"executor":1},{"id":53,"duration":5,"executor":0},{"id":31,"duration":3,"executor":1},{"id":37,"duration":4,"executor":1},{"id":12,"duration":4,"executor":0},{"id":27,"duration":3,"executor":1},{"id":4,"duration":14,"executor":1},{"id":6,"duration":4,"executor":0},{"id":18,"duration":4,"executor":0}],"rdds":[1152,1153,1154,1155],"parents":[],"accIds":[14492,14493,14494,14495,14496,14497,14521,14522,14523,14524,14525,14526,14552,14553]},{"id":267,"isQueryResult":true,"tasks":[{"id":20,"duration":90,"executor":2},{"id":41,"duration":20,"executor":1},{"id":2,"duration":77,"executor":2},{"id":42,"duration":25,"executor":0},{"id":18,"duration":22,"executor":0},{"id":21,"duration":90,"executor":2},{"id":55,"duration":19,"executor":0},{"id":5,"duration":77,"executor":2},{"id":56,"duration":24,"executor":2},{"id":58,"duration":24,"executor":1},{"id":27,"duration":22,"executor":0},{"id":44,"duration":63,"executor":2},{"id":50,"duration":54,"executor":1},{"id":4,"duration":57,"executor":0},{"id":1,"duration":56,"executor":0},{"id":3,"duration":71,"executor":1},{"id":15,"duration":65,"executor":1},{"id":59,"duration":19,"executor":0},{"id":46,"duration":20,"executor":1},{"id":13,"duration":22,"executor":0},{"id":40,"duration":23,"executor":1},{"id":51,"duration":19,"executor":0},{"id":23,"duration":23,"executor":0},{"id":30,"duration":24,"executor":0},{"id":22,"duration":23,"executor":0},{"id":10,"duration":61,"executor":2},{"id":33,"duration":26,"executor":0},{"id":37,"duration":25,"executor":1},{"id":48,"duration":27,"executor":0},{"id":0,"duration":45,"executor":1},{"id":34,"duration":35,"executor":2},{"id":17,"duration":23,"executor":0},{"id":7,"duration":29,"executor":0},{"id":47,"duration":48,"executor":1},{"id":11,"duration":61,"executor":2},{"id":32,"duration":18,"executor":0},{"id":9,"duration":26,"executor":1},{"id":29,"duration":41,"executor":1},{"id":25,"duration":26,"executor":1},{"id":8,"duration":23,"executor":0},{"id":35,"duration":35,"executor":2},{"id":54,"duration":26,"executor":2},{"id":52,"duration":22,"executor":0},{"id":16,"duration":22,"executor":0},{"id":36,"duration":25,"executor":1},{"id":38,"duration":28,"executor":0},{"id":49,"duration":28,"executor":0},{"id":39,"duration":22,"executor":0},{"id":19,"duration":23,"executor":0},{"id":24,"duration":30,"executor":1},{"id":43,"duration":29,"executor":0},{"id":12,"duration":21,"executor":0},{"id":57,"duration":19,"executor":0},{"id":26,"duration":20,"executor":0},{"id":6,"duration":43,"executor":1},{"id":31,"duration":19,"executor":0},{"id":28,"duration":41,"executor":1},{"id":14,"duration":70,"executor":1},{"id":53,"duration":24,"executor":1},{"id":45,"duration":65,"executor":2}],"rdds":[1156,1157,1158,1159,1160,1161,1162,1163,1164,1165],"parents":[],"accIds":[14467,14468,14469,14471,14472,14474,14475,14477,14478,14480,14481,14482,14483,14484,14485,14486,14501,14502,14503,14504,14505,14509,14510,14511,14512,14513,14514,14515,14516,14517,14556,14557,14558,14559,14560,14561,14562,14565,14587,14588]}]},"sqlPlan":{ "nodeName":"TakeOrderedAndProject", "description":"TakeOrderedAndProject(limit=10, orderBy=[revenue#2160 DESC NULLS LAST,o_orderdate#575 ASC NULLS FIRST], output=[l_orderkey#9L,revenue#2160,o_orderdate#575,o_shippriority#578])", "metadata":{}, "metrics":[{"metricName":"shuffle records written","value":0,"accId":14465},{"metricName":"local merged chunks fetched","value":0,"accId":14459},{"metricName":"shuffle write time","value":0,"accId":14466},{"metricName":"remote merged bytes read","value":0,"accId":14460},{"metricName":"local merged blocks fetched","value":0,"accId":14457},{"metricName":"corrupt merged block chunks","value":0,"accId":14454},{"metricName":"remote merged reqs duration","value":0,"accId":14463},{"metricName":"remote merged blocks fetched","value":0,"accId":14456},{"metricName":"records read","value":0,"accId":14453},{"metricName":"local bytes read","value":0,"accId":14451},{"metricName":"fetch wait time","value":0,"accId":14452},{"metricName":"remote bytes read","value":0,"accId":14449},{"metricName":"merged fetch fallback count","value":0,"accId":14455},{"metricName":"local blocks read","value":0,"accId":14448},{"metricName":"remote merged chunks fetched","value":0,"accId":14458},{"metricName":"remote blocks read","value":0,"accId":14447},{"metricName":"local merged bytes read","value":0,"accId":14461},{"metricName":"remote reqs duration","value":0,"accId":14462},{"metricName":"remote bytes read to disk","value":0,"accId":14450},{"metricName":"shuffle bytes written","value":0,"accId":14464}], "children":[{ "nodeName":"WholeStageCodegen (4)", "description":"WholeStageCodegen (4)", "metadata":{}, "metrics":[{"metricName":"duration","value":1600,"accId":14467}], "children":[{ "nodeName":"HashAggregate", "description":"HashAggregate(keys=[l_orderkey#9L, o_orderdate#575, o_shippriority#578], functions=[sum((l_extendedprice#14 * (1 - l_discount#15)))])", "metadata":{}, "metrics":[{"metricName":"spill size","value":0,"accId":14470},{"metricName":"time in aggregation build","value":1562,"accId":14471},{"metricName":"peak memory","value":4042259520,"accId":14469},{"metricName":"number of output rows","value":11620,"accId":14468},{"metricName":"number of sort fallback tasks","value":0,"accId":14473},{"metricName":"avg hash probes per key","value":600,"accId":14472}], "children":[{ "nodeName":"HashAggregate", "description":"HashAggregate(keys=[l_orderkey#9L, o_orderdate#575, o_shippriority#578], functions=[partial_sum((l_extendedprice#14 * (1 - l_discount#15)))])", "metadata":{}, "metrics":[{"metricName":"spill size","value":0,"accId":14476},{"metricName":"time in aggregation build","value":1516,"accId":14477},{"metricName":"peak memory","value":4042259520,"accId":14475},{"metricName":"number of output rows","value":11620,"accId":14474},{"metricName":"number of sort fallback tasks","value":0,"accId":14479},{"metricName":"avg hash probes per key","value":600,"accId":14478}], "children":[{ "nodeName":"Project", "description":"Project [o_orderdate#575, o_shippriority#578, l_orderkey#9L, l_extendedprice#14, l_discount#15]", "metadata":{}, "metrics":[], "children":[{ "nodeName":"SortMergeJoin", "description":"SortMergeJoin [o_orderkey#571L], [l_orderkey#9L], Inner", "metadata":{}, "metrics":[{"metricName":"number of output rows","value":30519,"accId":14480},{"metricName":"spill size","value":0,"accId":14481}], "children":[{ "nodeName":"InputAdapter", "description":"InputAdapter", "metadata":{}, "metrics":[], "children":[{ "nodeName":"WholeStageCodegen (2)", "description":"WholeStageCodegen (2)", "metadata":{}, "metrics":[{"metricName":"duration","value":1387,"accId":14482}], "children":[{ "nodeName":"Sort", "description":"Sort [o_orderkey#571L ASC NULLS FIRST], false, 0", "metadata":{}, "metrics":[{"metricName":"sort time","value":0,"accId":14483},{"metricName":"peak memory","value":4034395200,"accId":14484},{"metricName":"spill size","value":0,"accId":14485}], "children":[{ "nodeName":"Project", "description":"Project [o_orderkey#571L, o_orderdate#575, o_shippriority#578]", "metadata":{}, "metrics":[], "children":[{ "nodeName":"BroadcastHashJoin", "description":"BroadcastHashJoin [c_custkey#563L], [o_custkey#572L], Inner, BuildLeft, false", "metadata":{}, "metrics":[{"metricName":"number of output rows","value":147126,"accId":14486}], "children":[{ "nodeName":"InputAdapter", "description":"InputAdapter", "metadata":{}, "metrics":[], "children":[{ "nodeName":"BroadcastExchange", "description":"BroadcastExchange HashedRelationBroadcastMode(List(input[0, bigint, true]),false), [plan_id=10023]", "metadata":{}, "metrics":[{"metricName":"time to broadcast","value":3,"accId":14491},{"metricName":"time to build","value":5,"accId":14490},{"metricName":"time to collect","value":71,"accId":14489},{"metricName":"number of output rows","value":30142,"accId":14488},{"metricName":"data size","value":2097152,"accId":14487}], "children":[{ "nodeName":"WholeStageCodegen (1)", "description":"WholeStageCodegen (1)", "metadata":{}, "metrics":[{"metricName":"duration","value":109,"accId":14492}], "children":[{ "nodeName":"Project", "description":"Project [c_custkey#563L]", "metadata":{}, "metrics":[], "children":[{ "nodeName":"Filter", "description":"Filter ((isnotnull(c_mktsegment#569) AND (c_mktsegment#569 = BUILDING)) AND isnotnull(c_custkey#563L))", "metadata":{}, "metrics":[{"metricName":"number of output rows","value":30142,"accId":14493}], "children":[{ "nodeName":"ColumnarToRow", "description":"ColumnarToRow", "metadata":{}, "metrics":[{"metricName":"number of output rows","value":150000,"accId":14494},{"metricName":"number of input batches","value":60,"accId":14495}], "children":[{ "nodeName":"InputAdapter", "description":"InputAdapter", "metadata":{}, "metrics":[], "children":[{ "nodeName":"Scan parquet spark_catalog.tpch.customer", "description":"FileScan parquet spark_catalog.tpch.customer[c_custkey#563L,c_mktsegment#569] Batched: true, Bucketed: true, DataFilters: [isnotnull(c_mktsegment#569), (c_mktsegment#569 = BUILDING), isnotnull(c_custkey#563L)], Format: Parquet, Location: InMemoryFileIndex(1 paths)[file:/data/spark-warehouse/tpch.db/customer], PartitionFilters: [], PushedFilters: [IsNotNull(c_mktsegment), EqualTo(c_mktsegment,BUILDING), IsNotNull(c_custkey)], ReadSchema: struct<c_custkey:bigint,c_mktsegment:string>, SelectedBucketsCount: 60 out of 60", "metadata":{"Location":"InMemoryFileIndex(1 paths)[file:/data/spark-warehouse/tpch.db/customer]","ReadSchema":"struct<c_custkey:bigint,c_mktsegment:string>","Format":"Parquet","SelectedBucketsCount":"60 out of 60","Batched":"true","PartitionFilters":"[]","PushedFilters":"[IsNotNull(c_mktsegment), EqualTo(c_mktsegment,BUILDING), IsNotNull(c_custkey)]","DataFilters":"[isnotnull(c_mktsegment#569), (c_mktsegment#569 = BUILDING), isnotnull(c_custkey#563L)]","Bucketed":"true"}, "metrics":[{"metricName":"number of files read","value":60,"accId":14498},{"metricName":"scan time","value":99,"accId":14497},{"metricName":"metadata time","value":0,"accId":14499},{"metricName":"size of files read","value":24717733,"accId":14500},{"metricName":"number of output rows","value":150000,"accId":14496}], "children":[] }] }] }] }] }] }] }] },{ "nodeName":"Filter", "description":"Filter (((isnotnull(o_orderdate#575) AND (o_orderdate#575 < 1995-03-15)) AND isnotnull(o_custkey#572L)) AND isnotnull(o_orderkey#571L))", "metadata":{}, "metrics":[{"metricName":"number of output rows","value":727305,"accId":14501}], "children":[{ "nodeName":"ColumnarToRow", "description":"ColumnarToRow", "metadata":{}, "metrics":[{"metricName":"number of output rows","value":1500000,"accId":14502},{"metricName":"number of input batches","value":420,"accId":14503}], "children":[{ "nodeName":"InputAdapter", "description":"InputAdapter", "metadata":{}, "metrics":[], "children":[{ "nodeName":"Scan parquet spark_catalog.tpch.orders", "description":"FileScan parquet spark_catalog.tpch.orders[o_orderkey#571L,o_custkey#572L,o_orderdate#575,o_shippriority#578] Batched: true, Bucketed: true, DataFilters: [isnotnull(o_orderdate#575), (o_orderdate#575 < 1995-03-15), isnotnull(o_custkey#572L), isnotnull..., Format: Parquet, Location: InMemoryFileIndex(1 paths)[file:/data/spark-warehouse/tpch.db/orders], PartitionFilters: [], PushedFilters: [IsNotNull(o_orderdate), LessThan(o_orderdate,1995-03-15), IsNotNull(o_custkey), IsNotNull(o_orde..., ReadSchema: struct<o_orderkey:bigint,o_custkey:bigint,o_orderdate:date,o_shippriority:int>, SelectedBucketsCount: 60 out of 60", "metadata":{"Location":"InMemoryFileIndex(1 paths)[file:/data/spark-warehouse/tpch.db/orders]","ReadSchema":"struct<o_orderkey:bigint,o_custkey:bigint,o_orderdate:date,o_shippriority:int>","Format":"Parquet","SelectedBucketsCount":"60 out of 60","Batched":"true","PartitionFilters":"[]","PushedFilters":"[IsNotNull(o_orderdate), LessThan(o_orderdate,1995-03-15), IsNotNull(o_custkey), IsNotNull(o_orderkey)]","DataFilters":"[isnotnull(o_orderdate#575), (o_orderdate#575 < 1995-03-15), isnotnull(o_custkey#572L), isnotnull(o_orderkey#571L)]","Bucketed":"true"}, "metrics":[{"metricName":"number of files read","value":60,"accId":14506},{"metricName":"scan time","value":128,"accId":14505},{"metricName":"metadata time","value":0,"accId":14507},{"metricName":"size of files read","value":121789992,"accId":14508},{"metricName":"number of output rows","value":1500000,"accId":14504}], "children":[] }] }] }] }] }] }] }] }] },{ "nodeName":"InputAdapter", "description":"InputAdapter", "metadata":{}, "metrics":[], "children":[{ "nodeName":"WholeStageCodegen (3)", "description":"WholeStageCodegen (3)", "metadata":{}, "metrics":[{"metricName":"duration","value":275,"accId":14509}], "children":[{ "nodeName":"Sort", "description":"Sort [l_orderkey#9L ASC NULLS FIRST], false, 0", "metadata":{}, "metrics":[{"metricName":"sort time","value":92,"accId":14510},{"metricName":"peak memory","value":4152360000,"accId":14511},{"metricName":"spill size","value":0,"accId":14512}], "children":[{ "nodeName":"Project", "description":"Project [l_orderkey#9L, l_extendedprice#14, l_discount#15]", "metadata":{}, "metrics":[], "children":[{ "nodeName":"Filter", "description":"Filter ((isnotnull(l_shipdate#19) AND (l_shipdate#19 > 1995-03-15)) AND isnotnull(l_orderkey#9L))", "metadata":{}, "metrics":[{"metricName":"number of output rows","value":3241776,"accId":14513}], "children":[{ "nodeName":"ColumnarToRow", "description":"ColumnarToRow", "metadata":{}, "metrics":[{"metricName":"number of output rows","value":6001210,"accId":14514},{"metricName":"number of input batches","value":1500,"accId":14515}], "children":[{ "nodeName":"InputAdapter", "description":"InputAdapter", "metadata":{}, "metrics":[], "children":[{ "nodeName":"Scan parquet spark_catalog.tpch.lineitem", "description":"FileScan parquet spark_catalog.tpch.lineitem[l_orderkey#9L,l_extendedprice#14,l_discount#15,l_shipdate#19] Batched: true, Bucketed: true, DataFilters: [isnotnull(l_shipdate#19), (l_shipdate#19 > 1995-03-15), isnotnull(l_orderkey#9L)], Format: Parquet, Location: InMemoryFileIndex(1 paths)[file:/data/spark-warehouse/tpch.db/lineitem], PartitionFilters: [], PushedFilters: [IsNotNull(l_shipdate), GreaterThan(l_shipdate,1995-03-15), IsNotNull(l_orderkey)], ReadSchema: struct<l_orderkey:bigint,l_extendedprice:decimal(15,2),l_discount:decimal(15,2),l_shipdate:date>, SelectedBucketsCount: 60 out of 60", "metadata":{"Location":"InMemoryFileIndex(1 paths)[file:/data/spark-warehouse/tpch.db/lineitem]","ReadSchema":"struct<l_orderkey:bigint,l_extendedprice:decimal(15,2),l_discount:decimal(15,2),l_shipdate:date>","Format":"Parquet","SelectedBucketsCount":"60 out of 60","Batched":"true","PartitionFilters":"[]","PushedFilters":"[IsNotNull(l_shipdate), GreaterThan(l_shipdate,1995-03-15), IsNotNull(l_orderkey)]","DataFilters":"[isnotnull(l_shipdate#19), (l_shipdate#19 > 1995-03-15), isnotnull(l_orderkey#9L)]","Bucketed":"true"}, "metrics":[{"metricName":"number of files read","value":60,"accId":14518},{"metricName":"scan time","value":271,"accId":14517},{"metricName":"metadata time","value":0,"accId":14519},{"metricName":"size of files read","value":365478469,"accId":14520},{"metricName":"number of output rows","value":6001210,"accId":14516}], "children":[] }] }] }] }] }] }] }] }] }] }] }] }] }] }},{"totalTime":593,"stagePlan":{"stages":[{"id":268,"isQueryResult":false,"tasks":[{"id":58,"duration":5,"executor":2},{"id":38,"duration":5,"executor":1},{"id":30,"duration":6,"executor":1},{"id":6,"duration":5,"executor":0},{"id":40,"duration":5,"executor":1},{"id":10,"duration":4,"executor":0},{"id":46,"duration":4,"executor":0},{"id":49,"duration":5,"executor":0},{"id":35,"duration":4,"executor":1},{"id":2,"duration":12,"executor":0},{"id":48,"duration":5,"executor":2},{"id":22,"duration":7,"executor":2},{"id":31,"duration":5,"executor":1},{"id":34,"duration":6,"executor":2},{"id":42,"duration":6,"executor":2},{"id":53,"duration":5,"executor":2},{"id":51,"duration":10,"executor":1},{"id":5,"duration":12,"executor":0},{"id":50,"duration":3,"executor":0},{"id":54,"duration":3,"executor":0},{"id":27,"duration":5,"executor":0},{"id":0,"duration":21,"executor":2},{"id":26,"duration":6,"executor":0},{"id":16,"duration":7,"executor":2},{"id":20,"duration":5,"executor":0},{"id":8,"duration":5,"executor":1},{"id":24,"duration":5,"executor":1},{"id":37,"duration":5,"executor":2},{"id":59,"duration":5,"executor":0},{"id":12,"duration":5,"executor":1},{"id":14,"duration":5,"executor":0},{"id":45,"duration":13,"executor":1},{"id":52,"duration":5,"executor":2},{"id":57,"duration":4,"executor":2},{"id":17,"duration":6,"executor":2},{"id":43,"duration":5,"executor":0},{"id":9,"duration":5,"executor":1},{"id":28,"duration":7,"executor":2},{"id":15,"duration":4,"executor":0},{"id":21,"duration":6,"executor":0},{"id":18,"duration":5,"executor":1},{"id":36,"duration":5,"executor":1},{"id":33,"duration":10,"executor":0},{"id":55,"duration":4,"executor":0},{"id":19,"duration":5,"executor":1},{"id":56,"duration":4,"executor":0},{"id":39,"duration":5,"executor":0},{"id":4,"duration":15,"executor":1},{"id":7,"duration":4,"executor":0},{"id":29,"duration":5,"executor":2},{"id":1,"duration":15,"executor":1},{"id":32,"duration":9,"executor":0},{"id":25,"duration":5,"executor":1},{"id":23,"duration":6,"executor":2},{"id":3,"duration":22,"executor":2},{"id":11,"duration":4,"executor":0},{"id":47,"duration":5,"executor":2},{"id":41,"duration":5,"executor":2},{"id":13,"duration":4,"executor":1},{"id":44,"duration":5,"executor":1}],"rdds":[1166,1167,1168,1169],"parents":[],"accIds":[14636,14637,14638,14639,14640,14641,14665,14666,14667,14668,14669,14670,14696,14697]},{"id":269,"isQueryResult":true,"tasks":[{"id":17,"duration":26,"executor":0},{"id":36,"duration":24,"executor":0},{"id":47,"duration":23,"executor":0},{"id":53,"duration":25,"executor":2},{"id":0,"duration":43,"executor":0},{"id":35,"duration":19,"executor":1},{"id":48,"duration":32,"executor":0},{"id":16,"duration":26,"executor":1},{"id":56,"duration":21,"executor":1},{"id":58,"duration":59,"executor":2},{"id":12,"duration":34,"executor":0},{"id":15,"duration":33,"executor":2},{"id":18,"duration":27,"executor":1},{"id":30,"duration":38,"executor":0},{"id":33,"duration":27,"executor":1},{"id":26,"duration":61,"executor":1},{"id":19,"duration":19,"executor":0},{"id":11,"duration":30,"executor":0},{"id":52,"duration":21,"executor":0},{"id":3,"duration":40,"executor":0},{"id":41,"duration":31,"executor":0},{"id":34,"duration":89,"executor":2},{"id":24,"duration":43,"executor":0},{"id":20,"duration":73,"executor":2},{"id":5,"duration":85,"executor":2},{"id":27,"duration":27,"executor":0},{"id":43,"duration":19,"executor":1},{"id":49,"duration":25,"executor":1},{"id":25,"duration":73,"executor":1},{"id":55,"duration":20,"executor":0},{"id":10,"duration":31,"executor":1},{"id":8,"duration":37,"executor":1},{"id":1,"duration":48,"executor":1},{"id":7,"duration":41,"executor":0},{"id":22,"duration":39,"executor":0},{"id":44,"duration":23,"executor":0},{"id":46,"duration":23,"executor":1},{"id":37,"duration":89,"executor":2},{"id":50,"duration":20,"executor":1},{"id":2,"duration":85,"executor":2},{"id":59,"duration":20,"executor":1},{"id":45,"duration":26,"executor":1},{"id":32,"duration":31,"executor":2},{"id":39,"duration":21,"executor":1},{"id":13,"duration":30,"executor":1},{"id":9,"duration":35,"executor":1},{"id":21,"duration":76,"executor":2},{"id":4,"duration":46,"executor":1},{"id":51,"duration":28,"executor":2},{"id":57,"duration":19,"executor":0},{"id":31,"duration":28,"executor":0},{"id":42,"duration":19,"executor":1},{"id":6,"duration":44,"executor":0},{"id":40,"duration":17,"executor":1},{"id":23,"duration":26,"executor":1},{"id":38,"duration":33,"executor":0},{"id":28,"duration":22,"executor":0},{"id":29,"duration":30,"executor":2},{"id":14,"duration":43,"executor":2},{"id":54,"duration":20,"executor":1}],"rdds":[1170,1171,1172,1173,1174,1175,1176,1177,1178,1179],"parents":[],"accIds":[14611,14612,14613,14615,14616,14618,14619,14621,14622,14624,14625,14626,14627,14628,14629,14630,14645,14646,14647,14648,14649,14653,14654,14655,14656,14657,14658,14659,14660,14661,14700,14701,14702,14703,14704,14705,14706,14709,14731,14732]}]},"sqlPlan":{ "nodeName":"TakeOrderedAndProject", "description":"TakeOrderedAndProject(limit=10, orderBy=[revenue#2175 DESC NULLS LAST,o_orderdate#575 ASC NULLS FIRST], output=[l_orderkey#9L,revenue#2175,o_orderdate#575,o_shippriority#578])", "metadata":{}, "metrics":[{"metricName":"shuffle records written","value":0,"accId":14609},{"metricName":"local merged chunks fetched","value":0,"accId":14603},{"metricName":"shuffle write time","value":0,"accId":14610},{"metricName":"remote merged bytes read","value":0,"accId":14604},{"metricName":"local merged blocks fetched","value":0,"accId":14601},{"metricName":"corrupt merged block chunks","value":0,"accId":14598},{"metricName":"remote merged reqs duration","value":0,"accId":14607},{"metricName":"remote merged blocks fetched","value":0,"accId":14600},{"metricName":"records read","value":0,"accId":14597},{"metricName":"local bytes read","value":0,"accId":14595},{"metricName":"fetch wait time","value":0,"accId":14596},{"metricName":"remote bytes read","value":0,"accId":14593},{"metricName":"merged fetch fallback count","value":0,"accId":14599},{"metricName":"local blocks read","value":0,"accId":14592},{"metricName":"remote merged chunks fetched","value":0,"accId":14602},{"metricName":"remote blocks read","value":0,"accId":14591},{"metricName":"local merged bytes read","value":0,"accId":14605},{"metricName":"remote reqs duration","value":0,"accId":14606},{"metricName":"remote bytes read to disk","value":0,"accId":14594},{"metricName":"shuffle bytes written","value":0,"accId":14608}], "children":[{ "nodeName":"WholeStageCodegen (4)", "description":"WholeStageCodegen (4)", "metadata":{}, "metrics":[{"metricName":"duration","value":1543,"accId":14611}], "children":[{ "nodeName":"HashAggregate", "description":"HashAggregate(keys=[l_orderkey#9L, o_orderdate#575, o_shippriority#578], functions=[sum((l_extendedprice#14 * (1 - l_discount#15)))])", "metadata":{}, "metrics":[{"metricName":"spill size","value":0,"accId":14614},{"metricName":"time in aggregation build","value":1503,"accId":14615},{"metricName":"peak memory","value":4042259520,"accId":14613},{"metricName":"number of output rows","value":11620,"accId":14612},{"metricName":"number of sort fallback tasks","value":0,"accId":14617},{"metricName":"avg hash probes per key","value":600,"accId":14616}], "children":[{ "nodeName":"HashAggregate", "description":"HashAggregate(keys=[l_orderkey#9L, o_orderdate#575, o_shippriority#578], functions=[partial_sum((l_extendedprice#14 * (1 - l_discount#15)))])", "metadata":{}, "metrics":[{"metricName":"spill size","value":0,"accId":14620},{"metricName":"time in aggregation build","value":1447,"accId":14621},{"metricName":"peak memory","value":4042259520,"accId":14619},{"metricName":"number of output rows","value":11620,"accId":14618},{"metricName":"number of sort fallback tasks","value":0,"accId":14623},{"metricName":"avg hash probes per key","value":600,"accId":14622}], "children":[{ "nodeName":"Project", "description":"Project [o_orderdate#575, o_shippriority#578, l_orderkey#9L, l_extendedprice#14, l_discount#15]", "metadata":{}, "metrics":[], "children":[{ "nodeName":"SortMergeJoin", "description":"SortMergeJoin [o_orderkey#571L], [l_orderkey#9L], Inner", "metadata":{}, "metrics":[{"metricName":"number of output rows","value":30519,"accId":14624},{"metricName":"spill size","value":0,"accId":14625}], "children":[{ "nodeName":"InputAdapter", "description":"InputAdapter", "metadata":{}, "metrics":[], "children":[{ "nodeName":"WholeStageCodegen (2)", "description":"WholeStageCodegen (2)", "metadata":{}, "metrics":[{"metricName":"duration","value":1392,"accId":14626}], "children":[{ "nodeName":"Sort", "description":"Sort [o_orderkey#571L ASC NULLS FIRST], false, 0", "metadata":{}, "metrics":[{"metricName":"sort time","value":0,"accId":14627},{"metricName":"peak memory","value":4034395200,"accId":14628},{"metricName":"spill size","value":0,"accId":14629}], "children":[{ "nodeName":"Project", "description":"Project [o_orderkey#571L, o_orderdate#575, o_shippriority#578]", "metadata":{}, "metrics":[], "children":[{ "nodeName":"BroadcastHashJoin", "description":"BroadcastHashJoin [c_custkey#563L], [o_custkey#572L], Inner, BuildLeft, false", "metadata":{}, "metrics":[{"metricName":"number of output rows","value":147126,"accId":14630}], "children":[{ "nodeName":"InputAdapter", "description":"InputAdapter", "metadata":{}, "metrics":[], "children":[{ "nodeName":"BroadcastExchange", "description":"BroadcastExchange HashedRelationBroadcastMode(List(input[0, bigint, true]),false), [plan_id=10146]", "metadata":{}, "metrics":[{"metricName":"time to broadcast","value":3,"accId":14635},{"metricName":"time to build","value":6,"accId":14634},{"metricName":"time to collect","value":90,"accId":14633},{"metricName":"number of output rows","value":30142,"accId":14632},{"metricName":"data size","value":2097152,"accId":14631}], "children":[{ "nodeName":"WholeStageCodegen (1)", "description":"WholeStageCodegen (1)", "metadata":{}, "metrics":[{"metricName":"duration","value":158,"accId":14636}], "children":[{ "nodeName":"Project", "description":"Project [c_custkey#563L]", "metadata":{}, "metrics":[], "children":[{ "nodeName":"Filter", "description":"Filter ((isnotnull(c_mktsegment#569) AND (c_mktsegment#569 = BUILDING)) AND isnotnull(c_custkey#563L))", "metadata":{}, "metrics":[{"metricName":"number of output rows","value":30142,"accId":14637}], "children":[{ "nodeName":"ColumnarToRow", "description":"ColumnarToRow", "metadata":{}, "metrics":[{"metricName":"number of output rows","value":150000,"accId":14638},{"metricName":"number of input batches","value":60,"accId":14639}], "children":[{ "nodeName":"InputAdapter", "description":"InputAdapter", "metadata":{}, "metrics":[], "children":[{ "nodeName":"Scan parquet spark_catalog.tpch.customer", "description":"FileScan parquet spark_catalog.tpch.customer[c_custkey#563L,c_mktsegment#569] Batched: true, Bucketed: true, DataFilters: [isnotnull(c_mktsegment#569), (c_mktsegment#569 = BUILDING), isnotnull(c_custkey#563L)], Format: Parquet, Location: InMemoryFileIndex(1 paths)[file:/data/spark-warehouse/tpch.db/customer], PartitionFilters: [], PushedFilters: [IsNotNull(c_mktsegment), EqualTo(c_mktsegment,BUILDING), IsNotNull(c_custkey)], ReadSchema: struct<c_custkey:bigint,c_mktsegment:string>, SelectedBucketsCount: 60 out of 60", "metadata":{"Location":"InMemoryFileIndex(1 paths)[file:/data/spark-warehouse/tpch.db/customer]","ReadSchema":"struct<c_custkey:bigint,c_mktsegment:string>","Format":"Parquet","SelectedBucketsCount":"60 out of 60","Batched":"true","PartitionFilters":"[]","PushedFilters":"[IsNotNull(c_mktsegment), EqualTo(c_mktsegment,BUILDING), IsNotNull(c_custkey)]","DataFilters":"[isnotnull(c_mktsegment#569), (c_mktsegment#569 = BUILDING), isnotnull(c_custkey#563L)]","Bucketed":"true"}, "metrics":[{"metricName":"number of files read","value":60,"accId":14642},{"metricName":"scan time","value":136,"accId":14641},{"metricName":"metadata time","value":0,"accId":14643},{"metricName":"size of files read","value":24717733,"accId":14644},{"metricName":"number of output rows","value":150000,"accId":14640}], "children":[] }] }] }] }] }] }] }] },{ "nodeName":"Filter", "description":"Filter (((isnotnull(o_orderdate#575) AND (o_orderdate#575 < 1995-03-15)) AND isnotnull(o_custkey#572L)) AND isnotnull(o_orderkey#571L))", "metadata":{}, "metrics":[{"metricName":"number of output rows","value":727305,"accId":14645}], "children":[{ "nodeName":"ColumnarToRow", "description":"ColumnarToRow", "metadata":{}, "metrics":[{"metricName":"number of output rows","value":1500000,"accId":14646},{"metricName":"number of input batches","value":420,"accId":14647}], "children":[{ "nodeName":"InputAdapter", "description":"InputAdapter", "metadata":{}, "metrics":[], "children":[{ "nodeName":"Scan parquet spark_catalog.tpch.orders", "description":"FileScan parquet spark_catalog.tpch.orders[o_orderkey#571L,o_custkey#572L,o_orderdate#575,o_shippriority#578] Batched: true, Bucketed: true, DataFilters: [isnotnull(o_orderdate#575), (o_orderdate#575 < 1995-03-15), isnotnull(o_custkey#572L), isnotnull..., Format: Parquet, Location: InMemoryFileIndex(1 paths)[file:/data/spark-warehouse/tpch.db/orders], PartitionFilters: [], PushedFilters: [IsNotNull(o_orderdate), LessThan(o_orderdate,1995-03-15), IsNotNull(o_custkey), IsNotNull(o_orde..., ReadSchema: struct<o_orderkey:bigint,o_custkey:bigint,o_orderdate:date,o_shippriority:int>, SelectedBucketsCount: 60 out of 60", "metadata":{"Location":"InMemoryFileIndex(1 paths)[file:/data/spark-warehouse/tpch.db/orders]","ReadSchema":"struct<o_orderkey:bigint,o_custkey:bigint,o_orderdate:date,o_shippriority:int>","Format":"Parquet","SelectedBucketsCount":"60 out of 60","Batched":"true","PartitionFilters":"[]","PushedFilters":"[IsNotNull(o_orderdate), LessThan(o_orderdate,1995-03-15), IsNotNull(o_custkey), IsNotNull(o_orderkey)]","DataFilters":"[isnotnull(o_orderdate#575), (o_orderdate#575 < 1995-03-15), isnotnull(o_custkey#572L), isnotnull(o_orderkey#571L)]","Bucketed":"true"}, "metrics":[{"metricName":"number of files read","value":60,"accId":14650},{"metricName":"scan time","value":146,"accId":14649},{"metricName":"metadata time","value":0,"accId":14651},{"metricName":"size of files read","value":121789992,"accId":14652},{"metricName":"number of output rows","value":1500000,"accId":14648}], "children":[] }] }] }] }] }] }] }] }] },{ "nodeName":"InputAdapter", "description":"InputAdapter", "metadata":{}, "metrics":[], "children":[{ "nodeName":"WholeStageCodegen (3)", "description":"WholeStageCodegen (3)", "metadata":{}, "metrics":[{"metricName":"duration","value":211,"accId":14653}], "children":[{ "nodeName":"Sort", "description":"Sort [l_orderkey#9L ASC NULLS FIRST], false, 0", "metadata":{}, "metrics":[{"metricName":"sort time","value":88,"accId":14654},{"metricName":"peak memory","value":4152360000,"accId":14655},{"metricName":"spill size","value":0,"accId":14656}], "children":[{ "nodeName":"Project", "description":"Project [l_orderkey#9L, l_extendedprice#14, l_discount#15]", "metadata":{}, "metrics":[], "children":[{ "nodeName":"Filter", "description":"Filter ((isnotnull(l_shipdate#19) AND (l_shipdate#19 > 1995-03-15)) AND isnotnull(l_orderkey#9L))", "metadata":{}, "metrics":[{"metricName":"number of output rows","value":3241776,"accId":14657}], "children":[{ "nodeName":"ColumnarToRow", "description":"ColumnarToRow", "metadata":{}, "metrics":[{"metricName":"number of output rows","value":6001210,"accId":14658},{"metricName":"number of input batches","value":1500,"accId":14659}], "children":[{ "nodeName":"InputAdapter", "description":"InputAdapter", "metadata":{}, "metrics":[], "children":[{ "nodeName":"Scan parquet spark_catalog.tpch.lineitem", "description":"FileScan parquet spark_catalog.tpch.lineitem[l_orderkey#9L,l_extendedprice#14,l_discount#15,l_shipdate#19] Batched: true, Bucketed: true, DataFilters: [isnotnull(l_shipdate#19), (l_shipdate#19 > 1995-03-15), isnotnull(l_orderkey#9L)], Format: Parquet, Location: InMemoryFileIndex(1 paths)[file:/data/spark-warehouse/tpch.db/lineitem], PartitionFilters: [], PushedFilters: [IsNotNull(l_shipdate), GreaterThan(l_shipdate,1995-03-15), IsNotNull(l_orderkey)], ReadSchema: struct<l_orderkey:bigint,l_extendedprice:decimal(15,2),l_discount:decimal(15,2),l_shipdate:date>, SelectedBucketsCount: 60 out of 60", "metadata":{"Location":"InMemoryFileIndex(1 paths)[file:/data/spark-warehouse/tpch.db/lineitem]","ReadSchema":"struct<l_orderkey:bigint,l_extendedprice:decimal(15,2),l_discount:decimal(15,2),l_shipdate:date>","Format":"Parquet","SelectedBucketsCount":"60 out of 60","Batched":"true","PartitionFilters":"[]","PushedFilters":"[IsNotNull(l_shipdate), GreaterThan(l_shipdate,1995-03-15), IsNotNull(l_orderkey)]","DataFilters":"[isnotnull(l_shipdate#19), (l_shipdate#19 > 1995-03-15), isnotnull(l_orderkey#9L)]","Bucketed":"true"}, "metrics":[{"metricName":"number of files read","value":60,"accId":14662},{"metricName":"scan time","value":270,"accId":14661},{"metricName":"metadata time","value":0,"accId":14663},{"metricName":"size of files read","value":365478469,"accId":14664},{"metricName":"number of output rows","value":6001210,"accId":14660}], "children":[] }] }] }] }] }] }] }] }] }] }] }] }] }] }}]