[{"totalTime":177,"stagePlan":{"stages":[{"id":344,"isQueryResult":false,"tasks":[{"id":18,"duration":9,"executor":0},{"id":27,"duration":8,"executor":0},{"id":47,"duration":9,"executor":0},{"id":12,"duration":9,"executor":0},{"id":24,"duration":9,"executor":1},{"id":20,"duration":9,"executor":1},{"id":31,"duration":8,"executor":0},{"id":38,"duration":10,"executor":1},{"id":55,"duration":8,"executor":1},{"id":9,"duration":9,"executor":1},{"id":29,"duration":9,"executor":1},{"id":25,"duration":9,"executor":1},{"id":23,"duration":9,"executor":0},{"id":17,"duration":9,"executor":1},{"id":32,"duration":26,"executor":2},{"id":54,"duration":7,"executor":0},{"id":1,"duration":36,"executor":2},{"id":51,"duration":8,"executor":0},{"id":0,"duration":18,"executor":1},{"id":34,"duration":10,"executor":1},{"id":11,"duration":9,"executor":1},{"id":4,"duration":35,"executor":2},{"id":21,"duration":9,"executor":1},{"id":14,"duration":30,"executor":2},{"id":13,"duration":9,"executor":0},{"id":3,"duration":18,"executor":1},{"id":59,"duration":8,"executor":1},{"id":43,"duration":9,"executor":0},{"id":42,"duration":10,"executor":1},{"id":50,"duration":8,"executor":1},{"id":37,"duration":8,"executor":1},{"id":26,"duration":8,"executor":0},{"id":28,"duration":11,"executor":1},{"id":2,"duration":15,"executor":0},{"id":7,"duration":15,"executor":0},{"id":56,"duration":9,"executor":0},{"id":6,"duration":14,"executor":0},{"id":48,"duration":10,"executor":1},{"id":44,"duration":55,"executor":2},{"id":5,"duration":16,"executor":0},{"id":16,"duration":9,"executor":1},{"id":53,"duration":9,"executor":0},{"id":10,"duration":9,"executor":1},{"id":22,"duration":8,"executor":0},{"id":52,"duration":9,"executor":1},{"id":39,"duration":9,"executor":1},{"id":41,"duration":8,"executor":0},{"id":30,"duration":9,"executor":0},{"id":46,"duration":9,"executor":1},{"id":58,"duration":8,"executor":0},{"id":40,"duration":9,"executor":1},{"id":49,"duration":10,"executor":0},{"id":36,"duration":19,"executor":0},{"id":8,"duration":10,"executor":1},{"id":33,"duration":26,"executor":2},{"id":45,"duration":54,"executor":2},{"id":57,"duration":10,"executor":1},{"id":15,"duration":31,"executor":2},{"id":35,"duration":18,"executor":0},{"id":19,"duration":10,"executor":0}],"rdds":[1454,1455,1456,1457],"parents":[],"accIds":[18250,18269,18270,18271,18272,18273,18276,18279,18280,18281,18282,18283,18287,18288,18289,18290,18291,18292,18315,18316,18317,18318,18319]},{"id":345,"isQueryResult":true,"tasks":[{"id":0,"duration":9,"executor":0}],"rdds":[1458,1459,1460],"parents":[344],"accIds":[18243,18244,18247,18252,18253,18254,18256,18257,18258,18267,18322,18323,18324,18325,18326,18333,18334,18335,18336,18337,18338,18339,18340,18341,18342,18343,18344,18345,18346,18347,18348,18349]}]},"sqlPlan":{ "nodeName":"WholeStageCodegen (2)", "description":"WholeStageCodegen (2)", "metadata":{}, "metrics":[{"metricName":"duration","value":3,"accId":18243}], "children":[{ "nodeName":"HashAggregate", "description":"HashAggregate(keys=[], functions=[sum((l_extendedprice#14 * l_discount#15))])", "metadata":{}, "metrics":[{"metricName":"spill size","value":0,"accId":18246},{"metricName":"time in aggregation build","value":3,"accId":18247},{"metricName":"peak memory","value":0,"accId":18245},{"metricName":"number of output rows","value":1,"accId":18244},{"metricName":"number of sort fallback tasks","value":0,"accId":18249},{"metricName":"avg hash probes per key","value":0,"accId":18248}], "children":[{ "nodeName":"InputAdapter", "description":"InputAdapter", "metadata":{}, "metrics":[], "children":[{ "nodeName":"Exchange", "description":"Exchange SinglePartition, ENSURE_REQUIREMENTS, [plan_id=12497]", "metadata":{}, "metrics":[{"metricName":"shuffle records written","value":60,"accId":18270},{"metricName":"local merged chunks fetched","value":0,"accId":18264},{"metricName":"shuffle write time","value":14674177,"accId":18271},{"metricName":"remote merged bytes read","value":0,"accId":18265},{"metricName":"local merged blocks fetched","value":0,"accId":18262},{"metricName":"corrupt merged block chunks","value":0,"accId":18259},{"metricName":"remote merged reqs duration","value":0,"accId":18268},{"metricName":"remote merged blocks fetched","value":0,"accId":18261},{"metricName":"records read","value":60,"accId":18258},{"metricName":"local bytes read","value":1975,"accId":18256},{"metricName":"fetch wait time","value":0,"accId":18257},{"metricName":"remote bytes read","value":2765,"accId":18254},{"metricName":"merged fetch fallback count","value":0,"accId":18260},{"metricName":"local blocks read","value":25,"accId":18253},{"metricName":"remote merged chunks fetched","value":0,"accId":18263},{"metricName":"remote blocks read","value":35,"accId":18252},{"metricName":"data size","value":2400,"accId":18250},{"metricName":"local merged bytes read","value":0,"accId":18266},{"metricName":"number of partitions","value":1,"accId":18251},{"metricName":"remote reqs duration","value":4,"accId":18267},{"metricName":"remote bytes read to disk","value":0,"accId":18255},{"metricName":"shuffle bytes written","value":4740,"accId":18269}], "children":[{ "nodeName":"WholeStageCodegen (1)", "description":"WholeStageCodegen (1)", "metadata":{}, "metrics":[{"metricName":"duration","value":579,"accId":18272}], "children":[{ "nodeName":"HashAggregate", "description":"HashAggregate(keys=[], functions=[partial_sum((l_extendedprice#14 * l_discount#15))])", "metadata":{}, "metrics":[{"metricName":"spill size","value":0,"accId":18275},{"metricName":"time in aggregation build","value":573,"accId":18276},{"metricName":"peak memory","value":0,"accId":18274},{"metricName":"number of output rows","value":60,"accId":18273},{"metricName":"number of sort fallback tasks","value":0,"accId":18278},{"metricName":"avg hash probes per key","value":0,"accId":18277}], "children":[{ "nodeName":"Project", "description":"Project [l_extendedprice#14, l_discount#15]", "metadata":{}, "metrics":[], "children":[{ "nodeName":"Filter", "description":"Filter (((((((isnotnull(l_shipdate#19) AND isnotnull(l_discount#15)) AND isnotnull(l_quantity#13)) AND (l_shipdate#19 >= 1994-01-01)) AND (l_shipdate#19 < 1995-01-01)) AND (l_discount#15 >= 0.05)) AND (l_discount#15 <= 0.07)) AND (l_quantity#13 < 24.00))", "metadata":{}, "metrics":[{"metricName":"number of output rows","value":114160,"accId":18279}], "children":[{ "nodeName":"ColumnarToRow", "description":"ColumnarToRow", "metadata":{}, "metrics":[{"metricName":"number of output rows","value":6001210,"accId":18280},{"metricName":"number of input batches","value":1500,"accId":18281}], "children":[{ "nodeName":"InputAdapter", "description":"InputAdapter", "metadata":{}, "metrics":[], "children":[{ "nodeName":"Scan parquet spark_catalog.tpch.lineitem", "description":"FileScan parquet spark_catalog.tpch.lineitem[l_quantity#13,l_extendedprice#14,l_discount#15,l_shipdate#19] Batched: true, Bucketed: false (bucket column(s) not read), DataFilters: [isnotnull(l_shipdate#19), isnotnull(l_discount#15), isnotnull(l_quantity#13), (l_shipdate#19 >= ..., Format: Parquet, Location: InMemoryFileIndex(1 paths)[file:/data/spark-warehouse/tpch.db/lineitem], PartitionFilters: [], PushedFilters: [IsNotNull(l_shipdate), IsNotNull(l_discount), IsNotNull(l_quantity), GreaterThanOrEqual(l_shipda..., ReadSchema: struct<l_quantity:decimal(15,2),l_extendedprice:decimal(15,2),l_discount:decimal(15,2),l_shipdate...", "metadata":{"Location":"InMemoryFileIndex(1 paths)[file:/data/spark-warehouse/tpch.db/lineitem]","ReadSchema":"struct<l_quantity:decimal(15,2),l_extendedprice:decimal(15,2),l_discount:decimal(15,2),l_shipdate:date>","Format":"Parquet","Batched":"true","PartitionFilters":"[]","PushedFilters":"[IsNotNull(l_shipdate), IsNotNull(l_discount), IsNotNull(l_quantity), GreaterThanOrEqual(l_shipdate,1994-01-01), LessThan(l_shipdate,1995-01-01), GreaterThanOrEqual(l_discount,0.05), LessThanOrEqual(l_discount,0.07), LessThan(l_quantity,24.00)]","DataFilters":"[isnotnull(l_shipdate#19), isnotnull(l_discount#15), isnotnull(l_quantity#13), (l_shipdate#19 >= 1994-01-01), (l_shipdate#19 < 1995-01-01), (l_discount#15 >= 0.05), (l_discount#15 <= 0.07), (l_quantity#13 < 24.00)]","Bucketed":"false (bucket column(s) not read)"}, "metrics":[{"metricName":"number of files read","value":60,"accId":18284},{"metricName":"scan time","value":169,"accId":18283},{"metricName":"metadata time","value":0,"accId":18285},{"metricName":"size of files read","value":365478469,"accId":18286},{"metricName":"number of output rows","value":6001210,"accId":18282}], "children":[] }] }] }] }] }] }] }] }] }] }] }},{"totalTime":165,"stagePlan":{"stages":[{"id":346,"isQueryResult":false,"tasks":[{"id":18,"duration":8,"executor":0},{"id":32,"duration":10,"executor":2},{"id":5,"duration":20,"executor":1},{"id":46,"duration":10,"executor":1},{"id":59,"duration":8,"executor":0},{"id":53,"duration":9,"executor":0},{"id":14,"duration":11,"executor":1},{"id":44,"duration":9,"executor":2},{"id":50,"duration":39,"executor":2},{"id":11,"duration":9,"executor":0},{"id":15,"duration":11,"executor":1},{"id":47,"duration":10,"executor":0},{"id":29,"duration":9,"executor":0},{"id":19,"duration":10,"executor":2},{"id":38,"duration":9,"executor":2},{"id":45,"duration":9,"executor":0},{"id":24,"duration":8,"executor":0},{"id":10,"duration":8,"executor":0},{"id":55,"duration":12,"executor":0},{"id":0,"duration":16,"executor":0},{"id":52,"duration":10,"executor":1},{"id":56,"duration":14,"executor":0},{"id":35,"duration":10,"executor":0},{"id":3,"duration":16,"executor":0},{"id":23,"duration":10,"executor":0},{"id":57,"duration":10,"executor":1},{"id":48,"duration":10,"executor":1},{"id":58,"duration":10,"executor":1},{"id":13,"duration":11,"executor":2},{"id":36,"duration":10,"executor":1},{"id":7,"duration":10,"executor":0},{"id":40,"duration":11,"executor":1},{"id":27,"duration":11,"executor":1},{"id":33,"duration":11,"executor":1},{"id":22,"duration":10,"executor":1},{"id":37,"duration":10,"executor":2},{"id":49,"duration":37,"executor":2},{"id":16,"duration":8,"executor":0},{"id":17,"duration":10,"executor":0},{"id":42,"duration":10,"executor":1},{"id":54,"duration":10,"executor":1},{"id":2,"duration":21,"executor":1},{"id":43,"duration":9,"executor":2},{"id":20,"duration":10,"executor":2},{"id":6,"duration":8,"executor":0},{"id":25,"duration":9,"executor":2},{"id":26,"duration":10,"executor":2},{"id":12,"duration":12,"executor":2},{"id":21,"duration":11,"executor":1},{"id":8,"duration":11,"executor":1},{"id":41,"duration":10,"executor":0},{"id":4,"duration":29,"executor":2},{"id":9,"duration":10,"executor":1},{"id":30,"duration":9,"executor":0},{"id":31,"duration":11,"executor":2},{"id":51,"duration":8,"executor":0},{"id":1,"duration":30,"executor":2},{"id":28,"duration":13,"executor":1},{"id":34,"duration":8,"executor":0},{"id":39,"duration":9,"executor":0}],"rdds":[1461,1462,1463,1464],"parents":[],"accIds":[18364,18383,18384,18385,18386,18387,18390,18393,18394,18395,18396,18397,18401,18402,18403,18404,18405,18406,18407,18429,18430,18431,18432,18433]},{"id":347,"isQueryResult":true,"tasks":[{"id":0,"duration":8,"executor":0}],"rdds":[1465,1466,1467],"parents":[346],"accIds":[18357,18358,18361,18366,18367,18368,18370,18371,18372,18381,18436,18437,18438,18439,18440,18447,18448,18449,18450,18451,18452,18453,18454,18455,18456,18457,18458,18459,18460,18461,18462,18463]}]},"sqlPlan":{ "nodeName":"WholeStageCodegen (2)", "description":"WholeStageCodegen (2)", "metadata":{}, "metrics":[{"metricName":"duration","value":2,"accId":18357}], "children":[{ "nodeName":"HashAggregate", "description":"HashAggregate(keys=[], functions=[sum((l_extendedprice#14 * l_discount#15))])", "metadata":{}, "metrics":[{"metricName":"spill size","value":0,"accId":18360},{"metricName":"time in aggregation build","value":2,"accId":18361},{"metricName":"peak memory","value":0,"accId":18359},{"metricName":"number of output rows","value":1,"accId":18358},{"metricName":"number of sort fallback tasks","value":0,"accId":18363},{"metricName":"avg hash probes per key","value":0,"accId":18362}], "children":[{ "nodeName":"InputAdapter", "description":"InputAdapter", "metadata":{}, "metrics":[], "children":[{ "nodeName":"Exchange", "description":"Exchange SinglePartition, ENSURE_REQUIREMENTS, [plan_id=12540]", "metadata":{}, "metrics":[{"metricName":"shuffle records written","value":60,"accId":18384},{"metricName":"local merged chunks fetched","value":0,"accId":18378},{"metricName":"shuffle write time","value":15575100,"accId":18385},{"metricName":"remote merged bytes read","value":0,"accId":18379},{"metricName":"local merged blocks fetched","value":0,"accId":18376},{"metricName":"corrupt merged block chunks","value":0,"accId":18373},{"metricName":"remote merged reqs duration","value":0,"accId":18382},{"metricName":"remote merged blocks fetched","value":0,"accId":18375},{"metricName":"records read","value":60,"accId":18372},{"metricName":"local bytes read","value":1896,"accId":18370},{"metricName":"fetch wait time","value":0,"accId":18371},{"metricName":"remote bytes read","value":2844,"accId":18368},{"metricName":"merged fetch fallback count","value":0,"accId":18374},{"metricName":"local blocks read","value":24,"accId":18367},{"metricName":"remote merged chunks fetched","value":0,"accId":18377},{"metricName":"remote blocks read","value":36,"accId":18366},{"metricName":"data size","value":2400,"accId":18364},{"metricName":"local merged bytes read","value":0,"accId":18380},{"metricName":"number of partitions","value":1,"accId":18365},{"metricName":"remote reqs duration","value":5,"accId":18381},{"metricName":"remote bytes read to disk","value":0,"accId":18369},{"metricName":"shuffle bytes written","value":4740,"accId":18383}], "children":[{ "nodeName":"WholeStageCodegen (1)", "description":"WholeStageCodegen (1)", "metadata":{}, "metrics":[{"metricName":"duration","value":486,"accId":18386}], "children":[{ "nodeName":"HashAggregate", "description":"HashAggregate(keys=[], functions=[partial_sum((l_extendedprice#14 * l_discount#15))])", "metadata":{}, "metrics":[{"metricName":"spill size","value":0,"accId":18389},{"metricName":"time in aggregation build","value":478,"accId":18390},{"metricName":"peak memory","value":0,"accId":18388},{"metricName":"number of output rows","value":60,"accId":18387},{"metricName":"number of sort fallback tasks","value":0,"accId":18392},{"metricName":"avg hash probes per key","value":0,"accId":18391}], "children":[{ "nodeName":"Project", "description":"Project [l_extendedprice#14, l_discount#15]", "metadata":{}, "metrics":[], "children":[{ "nodeName":"Filter", "description":"Filter (((((((isnotnull(l_shipdate#19) AND isnotnull(l_discount#15)) AND isnotnull(l_quantity#13)) AND (l_shipdate#19 >= 1994-01-01)) AND (l_shipdate#19 < 1995-01-01)) AND (l_discount#15 >= 0.05)) AND (l_discount#15 <= 0.07)) AND (l_quantity#13 < 24.00))", "metadata":{}, "metrics":[{"metricName":"number of output rows","value":114160,"accId":18393}], "children":[{ "nodeName":"ColumnarToRow", "description":"ColumnarToRow", "metadata":{}, "metrics":[{"metricName":"number of output rows","value":6001210,"accId":18394},{"metricName":"number of input batches","value":1500,"accId":18395}], "children":[{ "nodeName":"InputAdapter", "description":"InputAdapter", "metadata":{}, "metrics":[], "children":[{ "nodeName":"Scan parquet spark_catalog.tpch.lineitem", "description":"FileScan parquet spark_catalog.tpch.lineitem[l_quantity#13,l_extendedprice#14,l_discount#15,l_shipdate#19] Batched: true, Bucketed: false (bucket column(s) not read), DataFilters: [isnotnull(l_shipdate#19), isnotnull(l_discount#15), isnotnull(l_quantity#13), (l_shipdate#19 >= ..., Format: Parquet, Location: InMemoryFileIndex(1 paths)[file:/data/spark-warehouse/tpch.db/lineitem], PartitionFilters: [], PushedFilters: [IsNotNull(l_shipdate), IsNotNull(l_discount), IsNotNull(l_quantity), GreaterThanOrEqual(l_shipda..., ReadSchema: struct<l_quantity:decimal(15,2),l_extendedprice:decimal(15,2),l_discount:decimal(15,2),l_shipdate...", "metadata":{"Location":"InMemoryFileIndex(1 paths)[file:/data/spark-warehouse/tpch.db/lineitem]","ReadSchema":"struct<l_quantity:decimal(15,2),l_extendedprice:decimal(15,2),l_discount:decimal(15,2),l_shipdate:date>","Format":"Parquet","Batched":"true","PartitionFilters":"[]","PushedFilters":"[IsNotNull(l_shipdate), IsNotNull(l_discount), IsNotNull(l_quantity), GreaterThanOrEqual(l_shipdate,1994-01-01), LessThan(l_shipdate,1995-01-01), GreaterThanOrEqual(l_discount,0.05), LessThanOrEqual(l_discount,0.07), LessThan(l_quantity,24.00)]","DataFilters":"[isnotnull(l_shipdate#19), isnotnull(l_discount#15), isnotnull(l_quantity#13), (l_shipdate#19 >= 1994-01-01), (l_shipdate#19 < 1995-01-01), (l_discount#15 >= 0.05), (l_discount#15 <= 0.07), (l_quantity#13 < 24.00)]","Bucketed":"false (bucket column(s) not read)"}, "metrics":[{"metricName":"number of files read","value":60,"accId":18398},{"metricName":"scan time","value":184,"accId":18397},{"metricName":"metadata time","value":0,"accId":18399},{"metricName":"size of files read","value":365478469,"accId":18400},{"metricName":"number of output rows","value":6001210,"accId":18396}], "children":[] }] }] }] }] }] }] }] }] }] }] }},{"totalTime":147,"stagePlan":{"stages":[{"id":348,"isQueryResult":false,"tasks":[{"id":9,"duration":11,"executor":1},{"id":24,"duration":11,"executor":0},{"id":18,"duration":9,"executor":0},{"id":58,"duration":10,"executor":2},{"id":40,"duration":8,"executor":0},{"id":30,"duration":8,"executor":0},{"id":32,"duration":9,"executor":2},{"id":0,"duration":23,"executor":0},{"id":52,"duration":9,"executor":1},{"id":20,"duration":10,"executor":2},{"id":1,"duration":21,"executor":2},{"id":38,"duration":10,"executor":2},{"id":33,"duration":9,"executor":1},{"id":35,"duration":8,"executor":1},{"id":16,"duration":10,"executor":1},{"id":50,"duration":9,"executor":1},{"id":27,"duration":10,"executor":1},{"id":21,"duration":11,"executor":1},{"id":6,"duration":10,"executor":0},{"id":48,"duration":10,"executor":0},{"id":15,"duration":11,"executor":1},{"id":5,"duration":21,"executor":1},{"id":11,"duration":12,"executor":0},{"id":7,"duration":10,"executor":2},{"id":8,"duration":9,"executor":2},{"id":3,"duration":17,"executor":0},{"id":26,"duration":9,"executor":2},{"id":37,"duration":10,"executor":2},{"id":31,"duration":9,"executor":2},{"id":49,"duration":8,"executor":0},{"id":25,"duration":9,"executor":2},{"id":14,"duration":10,"executor":2},{"id":12,"duration":10,"executor":0},{"id":43,"duration":11,"executor":2},{"id":22,"duration":11,"executor":1},{"id":42,"duration":10,"executor":0},{"id":41,"duration":9,"executor":1},{"id":2,"duration":21,"executor":1},{"id":19,"duration":11,"executor":2},{"id":53,"duration":10,"executor":2},{"id":44,"duration":11,"executor":2},{"id":17,"duration":12,"executor":0},{"id":28,"duration":11,"executor":1},{"id":59,"duration":10,"executor":2},{"id":47,"duration":8,"executor":1},{"id":10,"duration":11,"executor":1},{"id":51,"duration":10,"executor":2},{"id":39,"duration":8,"executor":1},{"id":45,"duration":8,"executor":0},{"id":46,"duration":9,"executor":1},{"id":54,"duration":9,"executor":0},{"id":55,"duration":8,"executor":0},{"id":13,"duration":10,"executor":2},{"id":23,"duration":9,"executor":0},{"id":36,"duration":8,"executor":0},{"id":57,"duration":9,"executor":1},{"id":34,"duration":8,"executor":0},{"id":56,"duration":9,"executor":1},{"id":4,"duration":21,"executor":2},{"id":29,"duration":8,"executor":0}],"rdds":[1468,1469,1470,1471],"parents":[],"accIds":[18478,18497,18498,18499,18500,18501,18504,18507,18508,18509,18510,18511,18515,18516,18517,18518,18519,18543,18544,18545,18546,18547]},{"id":349,"isQueryResult":true,"tasks":[{"id":0,"duration":8,"executor":0}],"rdds":[1472,1473,1474],"parents":[348],"accIds":[18471,18472,18475,18480,18481,18482,18484,18485,18486,18495,18550,18551,18552,18553,18554,18561,18562,18563,18564,18565,18566,18567,18568,18569,18570,18571,18572,18573,18574,18575,18576,18577]}]},"sqlPlan":{ "nodeName":"WholeStageCodegen (2)", "description":"WholeStageCodegen (2)", "metadata":{}, "metrics":[{"metricName":"duration","value":2,"accId":18471}], "children":[{ "nodeName":"HashAggregate", "description":"HashAggregate(keys=[], functions=[sum((l_extendedprice#14 * l_discount#15))])", "metadata":{}, "metrics":[{"metricName":"spill size","value":0,"accId":18474},{"metricName":"time in aggregation build","value":2,"accId":18475},{"metricName":"peak memory","value":0,"accId":18473},{"metricName":"number of output rows","value":1,"accId":18472},{"metricName":"number of sort fallback tasks","value":0,"accId":18477},{"metricName":"avg hash probes per key","value":0,"accId":18476}], "children":[{ "nodeName":"InputAdapter", "description":"InputAdapter", "metadata":{}, "metrics":[], "children":[{ "nodeName":"Exchange", "description":"Exchange SinglePartition, ENSURE_REQUIREMENTS, [plan_id=12583]", "metadata":{}, "metrics":[{"metricName":"shuffle records written","value":60,"accId":18498},{"metricName":"local merged chunks fetched","value":0,"accId":18492},{"metricName":"shuffle write time","value":15732311,"accId":18499},{"metricName":"remote merged bytes read","value":0,"accId":18493},{"metricName":"local merged blocks fetched","value":0,"accId":18490},{"metricName":"corrupt merged block chunks","value":0,"accId":18487},{"metricName":"remote merged reqs duration","value":0,"accId":18496},{"metricName":"remote merged blocks fetched","value":0,"accId":18489},{"metricName":"records read","value":60,"accId":18486},{"metricName":"local bytes read","value":1580,"accId":18484},{"metricName":"fetch wait time","value":0,"accId":18485},{"metricName":"remote bytes read","value":3160,"accId":18482},{"metricName":"merged fetch fallback count","value":0,"accId":18488},{"metricName":"local blocks read","value":20,"accId":18481},{"metricName":"remote merged chunks fetched","value":0,"accId":18491},{"metricName":"remote blocks read","value":40,"accId":18480},{"metricName":"data size","value":2400,"accId":18478},{"metricName":"local merged bytes read","value":0,"accId":18494},{"metricName":"number of partitions","value":1,"accId":18479},{"metricName":"remote reqs duration","value":4,"accId":18495},{"metricName":"remote bytes read to disk","value":0,"accId":18483},{"metricName":"shuffle bytes written","value":4740,"accId":18497}], "children":[{ "nodeName":"WholeStageCodegen (1)", "description":"WholeStageCodegen (1)", "metadata":{}, "metrics":[{"metricName":"duration","value":408,"accId":18500}], "children":[{ "nodeName":"HashAggregate", "description":"HashAggregate(keys=[], functions=[partial_sum((l_extendedprice#14 * l_discount#15))])", "metadata":{}, "metrics":[{"metricName":"spill size","value":0,"accId":18503},{"metricName":"time in aggregation build","value":397,"accId":18504},{"metricName":"peak memory","value":0,"accId":18502},{"metricName":"number of output rows","value":60,"accId":18501},{"metricName":"number of sort fallback tasks","value":0,"accId":18506},{"metricName":"avg hash probes per key","value":0,"accId":18505}], "children":[{ "nodeName":"Project", "description":"Project [l_extendedprice#14, l_discount#15]", "metadata":{}, "metrics":[], "children":[{ "nodeName":"Filter", "description":"Filter (((((((isnotnull(l_shipdate#19) AND isnotnull(l_discount#15)) AND isnotnull(l_quantity#13)) AND (l_shipdate#19 >= 1994-01-01)) AND (l_shipdate#19 < 1995-01-01)) AND (l_discount#15 >= 0.05)) AND (l_discount#15 <= 0.07)) AND (l_quantity#13 < 24.00))", "metadata":{}, "metrics":[{"metricName":"number of output rows","value":114160,"accId":18507}], "children":[{ "nodeName":"ColumnarToRow", "description":"ColumnarToRow", "metadata":{}, "metrics":[{"metricName":"number of output rows","value":6001210,"accId":18508},{"metricName":"number of input batches","value":1500,"accId":18509}], "children":[{ "nodeName":"InputAdapter", "description":"InputAdapter", "metadata":{}, "metrics":[], "children":[{ "nodeName":"Scan parquet spark_catalog.tpch.lineitem", "description":"FileScan parquet spark_catalog.tpch.lineitem[l_quantity#13,l_extendedprice#14,l_discount#15,l_shipdate#19] Batched: true, Bucketed: false (bucket column(s) not read), DataFilters: [isnotnull(l_shipdate#19), isnotnull(l_discount#15), isnotnull(l_quantity#13), (l_shipdate#19 >= ..., Format: Parquet, Location: InMemoryFileIndex(1 paths)[file:/data/spark-warehouse/tpch.db/lineitem], PartitionFilters: [], PushedFilters: [IsNotNull(l_shipdate), IsNotNull(l_discount), IsNotNull(l_quantity), GreaterThanOrEqual(l_shipda..., ReadSchema: struct<l_quantity:decimal(15,2),l_extendedprice:decimal(15,2),l_discount:decimal(15,2),l_shipdate...", "metadata":{"Location":"InMemoryFileIndex(1 paths)[file:/data/spark-warehouse/tpch.db/lineitem]","ReadSchema":"struct<l_quantity:decimal(15,2),l_extendedprice:decimal(15,2),l_discount:decimal(15,2),l_shipdate:date>","Format":"Parquet","Batched":"true","PartitionFilters":"[]","PushedFilters":"[IsNotNull(l_shipdate), IsNotNull(l_discount), IsNotNull(l_quantity), GreaterThanOrEqual(l_shipdate,1994-01-01), LessThan(l_shipdate,1995-01-01), GreaterThanOrEqual(l_discount,0.05), LessThanOrEqual(l_discount,0.07), LessThan(l_quantity,24.00)]","DataFilters":"[isnotnull(l_shipdate#19), isnotnull(l_discount#15), isnotnull(l_quantity#13), (l_shipdate#19 >= 1994-01-01), (l_shipdate#19 < 1995-01-01), (l_discount#15 >= 0.05), (l_discount#15 <= 0.07), (l_quantity#13 < 24.00)]","Bucketed":"false (bucket column(s) not read)"}, "metrics":[{"metricName":"number of files read","value":60,"accId":18512},{"metricName":"scan time","value":170,"accId":18511},{"metricName":"metadata time","value":0,"accId":18513},{"metricName":"size of files read","value":365478469,"accId":18514},{"metricName":"number of output rows","value":6001210,"accId":18510}], "children":[] }] }] }] }] }] }] }] }] }] }] }}]