[{"totalTime":6166,"stagePlan":{"stages":[{"id":35,"isQueryResult":false,"tasks":[{"id":0,"duration":18,"executor":1}],"rdds":[121,122,123,124],"parents":[],"accIds":[1874,1875,1876,1877,1878,1879,1883,1884,1885,1886,1887,1914,1915]},{"id":36,"isQueryResult":false,"tasks":[{"id":33,"duration":26,"executor":0},{"id":49,"duration":19,"executor":0},{"id":48,"duration":19,"executor":0},{"id":8,"duration":28,"executor":1},{"id":34,"duration":25,"executor":0},{"id":40,"duration":44,"executor":2},{"id":45,"duration":35,"executor":1},{"id":14,"duration":31,"executor":2},{"id":0,"duration":31,"executor":0},{"id":13,"duration":25,"executor":2},{"id":50,"duration":30,"executor":2},{"id":17,"duration":34,"executor":1},{"id":59,"duration":33,"executor":2},{"id":27,"duration":40,"executor":2},{"id":47,"duration":41,"executor":1},{"id":42,"duration":19,"executor":0},{"id":20,"duration":61,"executor":2},{"id":4,"duration":56,"executor":2},{"id":52,"duration":41,"executor":1},{"id":55,"duration":40,"executor":1},{"id":53,"duration":18,"executor":0},{"id":3,"duration":33,"executor":0},{"id":36,"duration":48,"executor":1},{"id":29,"duration":19,"executor":0},{"id":41,"duration":19,"executor":0},{"id":7,"duration":23,"executor":0},{"id":43,"duration":37,"executor":2},{"id":30,"duration":27,"executor":1},{"id":16,"duration":20,"executor":0},{"id":21,"duration":19,"executor":0},{"id":44,"duration":18,"executor":0},{"id":35,"duration":45,"executor":2},{"id":23,"duration":18,"executor":0},{"id":26,"duration":19,"executor":0},{"id":9,"duration":20,"executor":1},{"id":32,"duration":44,"executor":2},{"id":54,"duration":19,"executor":0},{"id":38,"duration":19,"executor":0},{"id":58,"duration":16,"executor":0},{"id":19,"duration":39,"executor":2},{"id":18,"duration":21,"executor":0},{"id":39,"duration":36,"executor":1},{"id":22,"duration":46,"executor":1},{"id":11,"duration":20,"executor":1},{"id":28,"duration":19,"executor":0},{"id":12,"duration":20,"executor":0},{"id":37,"duration":19,"executor":0},{"id":2,"duration":33,"executor":1},{"id":46,"duration":18,"executor":0},{"id":57,"duration":19,"executor":0},{"id":1,"duration":57,"executor":2},{"id":5,"duration":33,"executor":1},{"id":15,"duration":33,"executor":1},{"id":24,"duration":37,"executor":1},{"id":51,"duration":41,"executor":2},{"id":6,"duration":22,"executor":0},{"id":10,"duration":22,"executor":0},{"id":25,"duration":19,"executor":0},{"id":31,"duration":36,"executor":1},{"id":56,"duration":48,"executor":2}],"rdds":[128,129,130,131],"parents":[],"accIds":[1826,1845,1846,1847,1848,1849,1850,1851,1852,1853,1918,1919,1920,1921,1922,1923,1924,1946,1947,1948,1949,1950]},{"id":37,"isQueryResult":false,"tasks":[{"id":37,"duration":70,"executor":0},{"id":32,"duration":99,"executor":1},{"id":43,"duration":78,"executor":0},{"id":50,"duration":100,"executor":2},{"id":53,"duration":74,"executor":0},{"id":44,"duration":95,"executor":2},{"id":4,"duration":74,"executor":0},{"id":6,"duration":28,"executor":0},{"id":25,"duration":98,"executor":2},{"id":20,"duration":68,"executor":1},{"id":8,"duration":107,"executor":0},{"id":21,"duration":87,"executor":1},{"id":55,"duration":87,"executor":1},{"id":45,"duration":100,"executor":2},{"id":38,"duration":87,"executor":2},{"id":51,"duration":106,"executor":2},{"id":42,"duration":97,"executor":1},{"id":57,"duration":62,"executor":0},{"id":9,"duration":79,"executor":0},{"id":29,"duration":72,"executor":0},{"id":11,"duration":36,"executor":0},{"id":15,"duration":59,"executor":0},{"id":49,"duration":97,"executor":1},{"id":26,"duration":94,"executor":1},{"id":3,"duration":225,"executor":1},{"id":56,"duration":85,"executor":2},{"id":27,"duration":66,"executor":0},{"id":17,"duration":91,"executor":0},{"id":1,"duration":88,"executor":0},{"id":30,"duration":89,"executor":2},{"id":7,"duration":54,"executor":0},{"id":13,"duration":75,"executor":1},{"id":24,"duration":73,"executor":0},{"id":5,"duration":244,"executor":2},{"id":41,"duration":78,"executor":0},{"id":16,"duration":115,"executor":2},{"id":28,"duration":92,"executor":1},{"id":23,"duration":97,"executor":2},{"id":33,"duration":61,"executor":0},{"id":19,"duration":60,"executor":0},{"id":12,"duration":49,"executor":1},{"id":52,"duration":102,"executor":1},{"id":58,"duration":63,"executor":0},{"id":35,"duration":98,"executor":1},{"id":18,"duration":72,"executor":1},{"id":39,"duration":71,"executor":0},{"id":22,"duration":74,"executor":0},{"id":59,"duration":72,"executor":2},{"id":10,"duration":32,"executor":0},{"id":14,"duration":112,"executor":2},{"id":2,"duration":237,"executor":2},{"id":0,"duration":221,"executor":1},{"id":47,"duration":69,"executor":0},{"id":36,"duration":97,"executor":2},{"id":46,"duration":94,"executor":1},{"id":54,"duration":72,"executor":0},{"id":40,"duration":92,"executor":1},{"id":31,"duration":99,"executor":2},{"id":34,"duration":55,"executor":0},{"id":48,"duration":70,"executor":0}],"rdds":[125,126,127,132,133,134,135,136],"parents":[36],"accIds":[1785,1804,1805,1806,1807,1808,1809,1810,1811,1812,1813,1814,1815,1816,1817,1818,1822,1823,1824,1825,1828,1829,1830,1832,1833,1834,1843,1953,1954,1955,1956,1957,1958,1962,1964,1965,1966,1967,1968,1969,1970,1971,1972,1973,1974,1975,1976,1977,1978,1979,1980,1981,1982,1983,1984,1985]},{"id":38,"isQueryResult":false,"tasks":[{"id":56,"duration":288,"executor":2},{"id":44,"duration":265,"executor":1},{"id":49,"duration":301,"executor":2},{"id":4,"duration":461,"executor":1},{"id":13,"duration":161,"executor":2},{"id":17,"duration":330,"executor":1},{"id":1,"duration":462,"executor":1},{"id":30,"duration":297,"executor":1},{"id":0,"duration":92,"executor":0},{"id":9,"duration":195,"executor":0},{"id":29,"duration":274,"executor":2},{"id":10,"duration":77,"executor":0},{"id":40,"duration":291,"executor":1},{"id":50,"duration":291,"executor":1},{"id":24,"duration":279,"executor":1},{"id":12,"duration":110,"executor":2},{"id":31,"duration":195,"executor":0},{"id":2,"duration":417,"executor":2},{"id":55,"duration":189,"executor":0},{"id":11,"duration":78,"executor":0},{"id":33,"duration":261,"executor":2},{"id":42,"duration":264,"executor":0},{"id":19,"duration":288,"executor":2},{"id":5,"duration":416,"executor":2},{"id":16,"duration":222,"executor":1},{"id":36,"duration":218,"executor":0},{"id":53,"duration":214,"executor":0},{"id":57,"duration":264,"executor":1},{"id":43,"duration":311,"executor":2},{"id":6,"duration":37,"executor":0},{"id":58,"duration":150,"executor":0},{"id":39,"duration":278,"executor":2},{"id":27,"duration":250,"executor":0},{"id":8,"duration":237,"executor":0},{"id":59,"duration":270,"executor":2},{"id":18,"duration":238,"executor":2},{"id":37,"duration":201,"executor":0},{"id":7,"duration":85,"executor":0},{"id":21,"duration":263,"executor":0},{"id":48,"duration":287,"executor":1},{"id":54,"duration":279,"executor":1},{"id":28,"duration":262,"executor":1},{"id":45,"duration":280,"executor":2},{"id":15,"duration":178,"executor":0},{"id":14,"duration":171,"executor":0},{"id":26,"duration":217,"executor":0},{"id":32,"duration":164,"executor":0},{"id":38,"duration":279,"executor":1},{"id":52,"duration":282,"executor":2},{"id":3,"duration":94,"executor":0},{"id":22,"duration":262,"executor":1},{"id":46,"duration":208,"executor":0},{"id":35,"duration":300,"executor":2},{"id":41,"duration":201,"executor":0},{"id":47,"duration":216,"executor":0},{"id":34,"duration":282,"executor":1},{"id":23,"duration":239,"executor":2},{"id":51,"duration":167,"executor":0},{"id":20,"duration":262,"executor":0},{"id":25,"duration":297,"executor":2}],"rdds":[137,138,139,140,141,142,143,144],"parents":[37],"accIds":[1749,1768,1769,1770,1771,1772,1773,1775,1776,1778,1779,1780,1781,1782,1783,1784,1787,1788,1789,1791,1792,1793,1802,1857,1858,1859,1860,1861,1862,1863,1864,1865,1988,1989,1990,1991,1992,1993,1997,1999,2000,2001,2002,2003,2004,2005,2006,2007,2008,2009,2010,2011,2012,2013,2014,2015,2016,2017,2018,2019,2020]},{"id":39,"isQueryResult":true,"tasks":[{"id":0,"duration":120,"executor":2},{"id":2,"duration":295,"executor":1},{"id":43,"duration":185,"executor":0},{"id":17,"duration":184,"executor":0},{"id":32,"duration":256,"executor":1},{"id":57,"duration":243,"executor":2},{"id":34,"duration":260,"executor":1},{"id":53,"duration":190,"executor":0},{"id":20,"duration":258,"executor":1},{"id":40,"duration":247,"executor":1},{"id":29,"duration":160,"executor":0},{"id":48,"duration":184,"executor":0},{"id":10,"duration":177,"executor":0},{"id":55,"duration":253,"executor":2},{"id":44,"duration":255,"executor":2},{"id":22,"duration":182,"executor":0},{"id":59,"duration":240,"executor":1},{"id":41,"duration":190,"executor":0},{"id":13,"duration":259,"executor":1},{"id":7,"duration":189,"executor":0},{"id":39,"duration":250,"executor":1},{"id":47,"duration":250,"executor":1},{"id":24,"duration":185,"executor":0},{"id":45,"duration":246,"executor":1},{"id":5,"duration":227,"executor":1},{"id":26,"duration":141,"executor":0},{"id":42,"duration":250,"executor":2},{"id":4,"duration":63,"executor":0},{"id":30,"duration":252,"executor":2},{"id":35,"duration":253,"executor":2},{"id":15,"duration":169,"executor":0},{"id":6,"duration":125,"executor":0},{"id":28,"duration":251,"executor":2},{"id":51,"duration":193,"executor":0},{"id":14,"duration":257,"executor":2},{"id":18,"duration":257,"executor":1},{"id":25,"duration":247,"executor":1},{"id":27,"duration":239,"executor":1},{"id":54,"duration":252,"executor":1},{"id":49,"duration":250,"executor":2},{"id":21,"duration":255,"executor":2},{"id":8,"duration":239,"executor":2},{"id":33,"duration":163,"executor":0},{"id":3,"duration":174,"executor":2},{"id":9,"duration":253,"executor":2},{"id":56,"duration":187,"executor":0},{"id":58,"duration":184,"executor":0},{"id":16,"duration":255,"executor":2},{"id":12,"duration":185,"executor":0},{"id":52,"duration":254,"executor":1},{"id":1,"duration":66,"executor":0},{"id":50,"duration":250,"executor":2},{"id":38,"duration":190,"executor":0},{"id":23,"duration":243,"executor":2},{"id":31,"duration":192,"executor":0},{"id":19,"duration":161,"executor":0},{"id":36,"duration":189,"executor":0},{"id":11,"duration":264,"executor":1},{"id":37,"duration":253,"executor":2},{"id":46,"duration":183,"executor":0}],"rdds":[145,146,147,148],"parents":[38],"accIds":[1742,1743,1744,1746,1747,1751,1752,1753,1755,1756,1757,1766,2023,2024,2025,2026,2027,2032,2034,2035,2036,2037,2038,2039,2040,2041,2042,2043,2044,2045,2046,2047,2048,2049,2050]}]},"sqlPlan":{ "nodeName":"TakeOrderedAndProject", "description":"TakeOrderedAndProject(limit=20, orderBy=[revenue#636 DESC NULLS LAST], output=[c_custkey#563L,c_name#564,revenue#636,c_acctbal#568,n_name#581,c_address#565,c_phone#567,c_comment#570])", "metadata":{}, "metrics":[{"metricName":"shuffle records written","value":0,"accId":1740},{"metricName":"local merged chunks fetched","value":0,"accId":1734},{"metricName":"shuffle write time","value":0,"accId":1741},{"metricName":"remote merged bytes read","value":0,"accId":1735},{"metricName":"local merged blocks fetched","value":0,"accId":1732},{"metricName":"corrupt merged block chunks","value":0,"accId":1729},{"metricName":"remote merged reqs duration","value":0,"accId":1738},{"metricName":"remote merged blocks fetched","value":0,"accId":1731},{"metricName":"records read","value":0,"accId":1728},{"metricName":"local bytes read","value":0,"accId":1726},{"metricName":"fetch wait time","value":0,"accId":1727},{"metricName":"remote bytes read","value":0,"accId":1724},{"metricName":"merged fetch fallback count","value":0,"accId":1730},{"metricName":"local blocks read","value":0,"accId":1723},{"metricName":"remote merged chunks fetched","value":0,"accId":1733},{"metricName":"remote blocks read","value":0,"accId":1722},{"metricName":"local merged bytes read","value":0,"accId":1736},{"metricName":"remote reqs duration","value":0,"accId":1737},{"metricName":"remote bytes read to disk","value":0,"accId":1725},{"metricName":"shuffle bytes written","value":0,"accId":1739}], "children":[{ "nodeName":"WholeStageCodegen (9)", "description":"WholeStageCodegen (9)", "metadata":{}, "metrics":[{"metricName":"duration","value":10113,"accId":1742}], "children":[{ "nodeName":"HashAggregate", "description":"HashAggregate(keys=[c_custkey#563L, c_name#564, c_acctbal#568, c_phone#567, n_name#581, c_address#565, c_comment#570], functions=[sum((l_extendedprice#14 * (1 - l_discount#15)))])", "metadata":{}, "metrics":[{"metricName":"spill size","value":0,"accId":1745},{"metricName":"time in aggregation build","value":9987,"accId":1746},{"metricName":"peak memory","value":4042259520,"accId":1744},{"metricName":"number of output rows","value":37967,"accId":1743},{"metricName":"number of sort fallback tasks","value":0,"accId":1748},{"metricName":"avg hash probes per key","value":600,"accId":1747}], "children":[{ "nodeName":"InputAdapter", "description":"InputAdapter", "metadata":{}, "metrics":[], "children":[{ "nodeName":"Exchange", "description":"Exchange hashpartitioning(c_custkey#563L, c_name#564, c_acctbal#568, c_phone#567, n_name#581, c_address#565, c_comment#570, 60), ENSURE_REQUIREMENTS, [plan_id=1013]", "metadata":{}, "metrics":[{"metricName":"shuffle records written","value":48811,"accId":1769},{"metricName":"local merged chunks fetched","value":0,"accId":1763},{"metricName":"shuffle write time","value":568174975,"accId":1770},{"metricName":"remote merged bytes read","value":0,"accId":1764},{"metricName":"local merged blocks fetched","value":0,"accId":1761},{"metricName":"corrupt merged block chunks","value":0,"accId":1758},{"metricName":"remote merged reqs duration","value":0,"accId":1767},{"metricName":"remote merged blocks fetched","value":0,"accId":1760},{"metricName":"records read","value":49567,"accId":1757},{"metricName":"local bytes read","value":2897869,"accId":1755},{"metricName":"fetch wait time","value":9460,"accId":1756},{"metricName":"remote bytes read","value":5225102,"accId":1753},{"metricName":"merged fetch fallback count","value":0,"accId":1759},{"metricName":"local blocks read","value":1316,"accId":1752},{"metricName":"remote merged chunks fetched","value":0,"accId":1762},{"metricName":"remote blocks read","value":2354,"accId":1751},{"metricName":"data size","value":12215264,"accId":1749},{"metricName":"local merged bytes read","value":0,"accId":1765},{"metricName":"number of partitions","value":60,"accId":1750},{"metricName":"remote reqs duration","value":14228,"accId":1766},{"metricName":"remote bytes read to disk","value":0,"accId":1754},{"metricName":"shuffle bytes written","value":7975099,"accId":1768}], "children":[{ "nodeName":"WholeStageCodegen (8)", "description":"WholeStageCodegen (8)", "metadata":{}, "metrics":[{"metricName":"duration","value":11021,"accId":1771}], "children":[{ "nodeName":"HashAggregate", "description":"HashAggregate(keys=[c_custkey#563L, c_name#564, c_acctbal#568, c_phone#567, n_name#581, c_address#565, c_comment#570], functions=[partial_sum((l_extendedprice#14 * (1 - l_discount#15)))])", "metadata":{}, "metrics":[{"metricName":"spill size","value":0,"accId":1774},{"metricName":"time in aggregation build","value":9630,"accId":1775},{"metricName":"peak memory","value":4042259520,"accId":1773},{"metricName":"number of output rows","value":48811,"accId":1772},{"metricName":"number of sort fallback tasks","value":0,"accId":1777},{"metricName":"avg hash probes per key","value":600,"accId":1776}], "children":[{ "nodeName":"Project", "description":"Project [c_custkey#563L, c_name#564, c_address#565, c_phone#567, c_acctbal#568, c_comment#570, l_extendedprice#14, l_discount#15, n_name#581]", "metadata":{}, "metrics":[], "children":[{ "nodeName":"BroadcastHashJoin", "description":"BroadcastHashJoin [c_nationkey#566L], [n_nationkey#580L], Inner, BuildRight, false", "metadata":{}, "metrics":[{"metricName":"number of output rows","value":114705,"accId":1778}], "children":[{ "nodeName":"Project", "description":"Project [c_custkey#563L, c_name#564, c_address#565, c_nationkey#566L, c_phone#567, c_acctbal#568, c_comment#570, l_extendedprice#14, l_discount#15]", "metadata":{}, "metrics":[], "children":[{ "nodeName":"SortMergeJoin", "description":"SortMergeJoin [o_orderkey#571L], [l_orderkey#9L], Inner", "metadata":{}, "metrics":[{"metricName":"number of output rows","value":114705,"accId":1779},{"metricName":"spill size","value":0,"accId":1780}], "children":[{ "nodeName":"InputAdapter", "description":"InputAdapter", "metadata":{}, "metrics":[], "children":[{ "nodeName":"WholeStageCodegen (5)", "description":"WholeStageCodegen (5)", "metadata":{}, "metrics":[{"metricName":"duration","value":10809,"accId":1781}], "children":[{ "nodeName":"Sort", "description":"Sort [o_orderkey#571L ASC NULLS FIRST], false, 0", "metadata":{}, "metrics":[{"metricName":"sort time","value":0,"accId":1782},{"metricName":"peak memory","value":4030463040,"accId":1783},{"metricName":"spill size","value":0,"accId":1784}], "children":[{ "nodeName":"InputAdapter", "description":"InputAdapter", "metadata":{}, "metrics":[], "children":[{ "nodeName":"Exchange", "description":"Exchange hashpartitioning(o_orderkey#571L, 60), ENSURE_REQUIREMENTS, [plan_id=989]", "metadata":{}, "metrics":[{"metricName":"shuffle records written","value":57069,"accId":1805},{"metricName":"local merged chunks fetched","value":0,"accId":1799},{"metricName":"shuffle write time","value":586802458,"accId":1806},{"metricName":"remote merged bytes read","value":0,"accId":1800},{"metricName":"local merged blocks fetched","value":0,"accId":1797},{"metricName":"corrupt merged block chunks","value":0,"accId":1794},{"metricName":"remote merged reqs duration","value":0,"accId":1803},{"metricName":"remote merged blocks fetched","value":0,"accId":1796},{"metricName":"records read","value":57069,"accId":1793},{"metricName":"local bytes read","value":2953775,"accId":1791},{"metricName":"fetch wait time","value":7763,"accId":1792},{"metricName":"remote bytes read","value":5465996,"accId":1789},{"metricName":"merged fetch fallback count","value":0,"accId":1795},{"metricName":"local blocks read","value":1262,"accId":1788},{"metricName":"remote merged chunks fetched","value":0,"accId":1798},{"metricName":"remote blocks read","value":2338,"accId":1787},{"metricName":"data size","value":12346920,"accId":1785},{"metricName":"local merged bytes read","value":0,"accId":1801},{"metricName":"number of partitions","value":60,"accId":1786},{"metricName":"remote reqs duration","value":12769,"accId":1802},{"metricName":"remote bytes read to disk","value":0,"accId":1790},{"metricName":"shuffle bytes written","value":8419771,"accId":1804}], "children":[{ "nodeName":"WholeStageCodegen (4)", "description":"WholeStageCodegen (4)", "metadata":{}, "metrics":[{"metricName":"duration","value":3507,"accId":1807}], "children":[{ "nodeName":"Project", "description":"Project [c_custkey#563L, c_name#564, c_address#565, c_nationkey#566L, c_phone#567, c_acctbal#568, c_comment#570, o_orderkey#571L]", "metadata":{}, "metrics":[], "children":[{ "nodeName":"SortMergeJoin", "description":"SortMergeJoin [c_custkey#563L], [o_custkey#572L], Inner", "metadata":{}, "metrics":[{"metricName":"number of output rows","value":57069,"accId":1808},{"metricName":"spill size","value":0,"accId":1809}], "children":[{ "nodeName":"InputAdapter", "description":"InputAdapter", "metadata":{}, "metrics":[], "children":[{ "nodeName":"WholeStageCodegen (1)", "description":"WholeStageCodegen (1)", "metadata":{}, "metrics":[{"metricName":"duration","value":1033,"accId":1810}], "children":[{ "nodeName":"Sort", "description":"Sort [c_custkey#563L ASC NULLS FIRST], false, 0", "metadata":{}, "metrics":[{"metricName":"sort time","value":0,"accId":1811},{"metricName":"peak memory","value":4034395200,"accId":1812},{"metricName":"spill size","value":0,"accId":1813}], "children":[{ "nodeName":"Filter", "description":"Filter (isnotnull(c_custkey#563L) AND isnotnull(c_nationkey#566L))", "metadata":{}, "metrics":[{"metricName":"number of output rows","value":150000,"accId":1814}], "children":[{ "nodeName":"ColumnarToRow", "description":"ColumnarToRow", "metadata":{}, "metrics":[{"metricName":"number of output rows","value":150000,"accId":1815},{"metricName":"number of input batches","value":60,"accId":1816}], "children":[{ "nodeName":"InputAdapter", "description":"InputAdapter", "metadata":{}, "metrics":[], "children":[{ "nodeName":"Scan parquet spark_catalog.tpch.customer", "description":"FileScan parquet spark_catalog.tpch.customer[c_custkey#563L,c_name#564,c_address#565,c_nationkey#566L,c_phone#567,c_acctbal#568,c_comment#570] Batched: true, Bucketed: true, DataFilters: [isnotnull(c_custkey#563L), isnotnull(c_nationkey#566L)], Format: Parquet, Location: InMemoryFileIndex(1 paths)[file:/data/spark-warehouse/tpch.db/customer], PartitionFilters: [], PushedFilters: [IsNotNull(c_custkey), IsNotNull(c_nationkey)], ReadSchema: struct<c_custkey:bigint,c_name:string,c_address:string,c_nationkey:bigint,c_phone:string,c_acctba..., SelectedBucketsCount: 60 out of 60", "metadata":{"Location":"InMemoryFileIndex(1 paths)[file:/data/spark-warehouse/tpch.db/customer]","ReadSchema":"struct<c_custkey:bigint,c_name:string,c_address:string,c_nationkey:bigint,c_phone:string,c_acctbal:decimal(15,2),c_comment:string>","Format":"Parquet","SelectedBucketsCount":"60 out of 60","Batched":"true","PartitionFilters":"[]","PushedFilters":"[IsNotNull(c_custkey), IsNotNull(c_nationkey)]","DataFilters":"[isnotnull(c_custkey#563L), isnotnull(c_nationkey#566L)]","Bucketed":"true"}, "metrics":[{"metricName":"number of files read","value":60,"accId":1819},{"metricName":"scan time","value":703,"accId":1818},{"metricName":"metadata time","value":0,"accId":1820},{"metricName":"size of files read","value":24717733,"accId":1821},{"metricName":"number of output rows","value":150000,"accId":1817}], "children":[] }] }] }] }] }] }] },{ "nodeName":"InputAdapter", "description":"InputAdapter", "metadata":{}, "metrics":[], "children":[{ "nodeName":"WholeStageCodegen (3)", "description":"WholeStageCodegen (3)", "metadata":{}, "metrics":[{"metricName":"duration","value":6093,"accId":1822}], "children":[{ "nodeName":"Sort", "description":"Sort [o_custkey#572L ASC NULLS FIRST], false, 0", "metadata":{}, "metrics":[{"metricName":"sort time","value":0,"accId":1823},{"metricName":"peak memory","value":4030463040,"accId":1824},{"metricName":"spill size","value":0,"accId":1825}], "children":[{ "nodeName":"InputAdapter", "description":"InputAdapter", "metadata":{}, "metrics":[], "children":[{ "nodeName":"Exchange", "description":"Exchange hashpartitioning(o_custkey#572L, 60), ENSURE_REQUIREMENTS, [plan_id=981]", "metadata":{}, "metrics":[{"metricName":"shuffle records written","value":57069,"accId":1846},{"metricName":"local merged chunks fetched","value":0,"accId":1840},{"metricName":"shuffle write time","value":536641692,"accId":1847},{"metricName":"remote merged bytes read","value":0,"accId":1841},{"metricName":"local merged blocks fetched","value":0,"accId":1838},{"metricName":"corrupt merged block chunks","value":0,"accId":1835},{"metricName":"remote merged reqs duration","value":0,"accId":1844},{"metricName":"remote merged blocks fetched","value":0,"accId":1837},{"metricName":"records read","value":57069,"accId":1834},{"metricName":"local bytes read","value":354291,"accId":1832},{"metricName":"fetch wait time","value":1890,"accId":1833},{"metricName":"remote bytes read","value":643521,"accId":1830},{"metricName":"merged fetch fallback count","value":0,"accId":1836},{"metricName":"local blocks read","value":1285,"accId":1829},{"metricName":"remote merged chunks fetched","value":0,"accId":1839},{"metricName":"remote blocks read","value":2315,"accId":1828},{"metricName":"data size","value":1369656,"accId":1826},{"metricName":"local merged bytes read","value":0,"accId":1842},{"metricName":"number of partitions","value":60,"accId":1827},{"metricName":"remote reqs duration","value":4059,"accId":1843},{"metricName":"remote bytes read to disk","value":0,"accId":1831},{"metricName":"shuffle bytes written","value":997812,"accId":1845}], "children":[{ "nodeName":"WholeStageCodegen (2)", "description":"WholeStageCodegen (2)", "metadata":{}, "metrics":[{"metricName":"duration","value":602,"accId":1848}], "children":[{ "nodeName":"Project", "description":"Project [o_orderkey#571L, o_custkey#572L]", "metadata":{}, "metrics":[], "children":[{ "nodeName":"Filter", "description":"Filter ((((isnotnull(o_orderdate#575) AND (o_orderdate#575 >= 1993-10-01)) AND (o_orderdate#575 < 1994-01-01)) AND isnotnull(o_custkey#572L)) AND isnotnull(o_orderkey#571L))", "metadata":{}, "metrics":[{"metricName":"number of output rows","value":57069,"accId":1849}], "children":[{ "nodeName":"ColumnarToRow", "description":"ColumnarToRow", "metadata":{}, "metrics":[{"metricName":"number of output rows","value":1500000,"accId":1850},{"metricName":"number of input batches","value":420,"accId":1851}], "children":[{ "nodeName":"InputAdapter", "description":"InputAdapter", "metadata":{}, "metrics":[], "children":[{ "nodeName":"Scan parquet spark_catalog.tpch.orders", "description":"FileScan parquet spark_catalog.tpch.orders[o_orderkey#571L,o_custkey#572L,o_orderdate#575] Batched: true, Bucketed: false (disabled by query planner), DataFilters: [isnotnull(o_orderdate#575), (o_orderdate#575 >= 1993-10-01), (o_orderdate#575 < 1994-01-01), isn..., Format: Parquet, Location: InMemoryFileIndex(1 paths)[file:/data/spark-warehouse/tpch.db/orders], PartitionFilters: [], PushedFilters: [IsNotNull(o_orderdate), GreaterThanOrEqual(o_orderdate,1993-10-01), LessThan(o_orderdate,1994-01..., ReadSchema: struct<o_orderkey:bigint,o_custkey:bigint,o_orderdate:date>", "metadata":{"Location":"InMemoryFileIndex(1 paths)[file:/data/spark-warehouse/tpch.db/orders]","ReadSchema":"struct<o_orderkey:bigint,o_custkey:bigint,o_orderdate:date>","Format":"Parquet","Batched":"true","PartitionFilters":"[]","PushedFilters":"[IsNotNull(o_orderdate), GreaterThanOrEqual(o_orderdate,1993-10-01), LessThan(o_orderdate,1994-01-01), IsNotNull(o_custkey), IsNotNull(o_orderkey)]","DataFilters":"[isnotnull(o_orderdate#575), (o_orderdate#575 >= 1993-10-01), (o_orderdate#575 < 1994-01-01), isnotnull(o_custkey#572L), isnotnull(o_orderkey#571L)]","Bucketed":"false (disabled by query planner)"}, "metrics":[{"metricName":"number of files read","value":60,"accId":1854},{"metricName":"scan time","value":251,"accId":1853},{"metricName":"metadata time","value":0,"accId":1855},{"metricName":"size of files read","value":121789992,"accId":1856},{"metricName":"number of output rows","value":1500000,"accId":1852}], "children":[] }] }] }] }] }] }] }] }] }] }] }] }] }] }] }] }] }] }] },{ "nodeName":"InputAdapter", "description":"InputAdapter", "metadata":{}, "metrics":[], "children":[{ "nodeName":"WholeStageCodegen (6)", "description":"WholeStageCodegen (6)", "metadata":{}, "metrics":[{"metricName":"duration","value":1320,"accId":1857}], "children":[{ "nodeName":"Sort", "description":"Sort [l_orderkey#9L ASC NULLS FIRST], false, 0", "metadata":{}, "metrics":[{"metricName":"sort time","value":0,"accId":1858},{"metricName":"peak memory","value":4089445440,"accId":1859},{"metricName":"spill size","value":0,"accId":1860}], "children":[{ "nodeName":"Project", "description":"Project [l_orderkey#9L, l_extendedprice#14, l_discount#15]", "metadata":{}, "metrics":[], "children":[{ "nodeName":"Filter", "description":"Filter ((isnotnull(l_returnflag#17) AND (l_returnflag#17 = R)) AND isnotnull(l_orderkey#9L))", "metadata":{}, "metrics":[{"metricName":"number of output rows","value":1478870,"accId":1861}], "children":[{ "nodeName":"ColumnarToRow", "description":"ColumnarToRow", "metadata":{}, "metrics":[{"metricName":"number of output rows","value":6001215,"accId":1862},{"metricName":"number of input batches","value":1500,"accId":1863}], "children":[{ "nodeName":"InputAdapter", "description":"InputAdapter", "metadata":{}, "metrics":[], "children":[{ "nodeName":"Scan parquet spark_catalog.tpch.lineitem", "description":"FileScan parquet spark_catalog.tpch.lineitem[l_orderkey#9L,l_extendedprice#14,l_discount#15,l_returnflag#17] Batched: true, Bucketed: true, DataFilters: [isnotnull(l_returnflag#17), (l_returnflag#17 = R), isnotnull(l_orderkey#9L)], Format: Parquet, Location: InMemoryFileIndex(1 paths)[file:/data/spark-warehouse/tpch.db/lineitem], PartitionFilters: [], PushedFilters: [IsNotNull(l_returnflag), EqualTo(l_returnflag,R), IsNotNull(l_orderkey)], ReadSchema: struct<l_orderkey:bigint,l_extendedprice:decimal(15,2),l_discount:decimal(15,2),l_returnflag:string>, SelectedBucketsCount: 60 out of 60", "metadata":{"Location":"InMemoryFileIndex(1 paths)[file:/data/spark-warehouse/tpch.db/lineitem]","ReadSchema":"struct<l_orderkey:bigint,l_extendedprice:decimal(15,2),l_discount:decimal(15,2),l_returnflag:string>","Format":"Parquet","SelectedBucketsCount":"60 out of 60","Batched":"true","PartitionFilters":"[]","PushedFilters":"[IsNotNull(l_returnflag), EqualTo(l_returnflag,R), IsNotNull(l_orderkey)]","DataFilters":"[isnotnull(l_returnflag#17), (l_returnflag#17 = R), isnotnull(l_orderkey#9L)]","Bucketed":"true"}, "metrics":[{"metricName":"number of files read","value":60,"accId":1866},{"metricName":"scan time","value":449,"accId":1865},{"metricName":"metadata time","value":0,"accId":1867},{"metricName":"size of files read","value":365478469,"accId":1868},{"metricName":"number of output rows","value":6001215,"accId":1864}], "children":[] }] }] }] }] }] }] }] }] }] },{ "nodeName":"InputAdapter", "description":"InputAdapter", "metadata":{}, "metrics":[], "children":[{ "nodeName":"BroadcastExchange", "description":"BroadcastExchange HashedRelationBroadcastMode(List(input[0, bigint, false]),false), [plan_id=1007]", "metadata":{}, "metrics":[{"metricName":"time to broadcast","value":0,"accId":1873},{"metricName":"time to build","value":1,"accId":1872},{"metricName":"time to collect","value":38,"accId":1871},{"metricName":"number of output rows","value":25,"accId":1870},{"metricName":"data size","value":1048776,"accId":1869}], "children":[{ "nodeName":"WholeStageCodegen (7)", "description":"WholeStageCodegen (7)", "metadata":{}, "metrics":[{"metricName":"duration","value":10,"accId":1874}], "children":[{ "nodeName":"Filter", "description":"Filter isnotnull(n_nationkey#580L)", "metadata":{}, "metrics":[{"metricName":"number of output rows","value":25,"accId":1875}], "children":[{ "nodeName":"ColumnarToRow", "description":"ColumnarToRow", "metadata":{}, "metrics":[{"metricName":"number of output rows","value":25,"accId":1876},{"metricName":"number of input batches","value":1,"accId":1877}], "children":[{ "nodeName":"InputAdapter", "description":"InputAdapter", "metadata":{}, "metrics":[], "children":[{ "nodeName":"Scan parquet spark_catalog.tpch.nation", "description":"FileScan parquet spark_catalog.tpch.nation[n_nationkey#580L,n_name#581] Batched: true, DataFilters: [isnotnull(n_nationkey#580L)], Format: Parquet, Location: InMemoryFileIndex(1 paths)[file:/data/spark-warehouse/tpch.db/nation], PartitionFilters: [], PushedFilters: [IsNotNull(n_nationkey)], ReadSchema: struct<n_nationkey:bigint,n_name:string>", "metadata":{"Location":"InMemoryFileIndex(1 paths)[file:/data/spark-warehouse/tpch.db/nation]","ReadSchema":"struct<n_nationkey:bigint,n_name:string>","Format":"Parquet","Batched":"true","PartitionFilters":"[]","PushedFilters":"[IsNotNull(n_nationkey)]","DataFilters":"[isnotnull(n_nationkey#580L)]"}, "metrics":[{"metricName":"number of files read","value":1,"accId":1880},{"metricName":"scan time","value":10,"accId":1879},{"metricName":"metadata time","value":0,"accId":1881},{"metricName":"size of files read","value":4008,"accId":1882},{"metricName":"number of output rows","value":25,"accId":1878}], "children":[] }] }] }] }] }] }] }] }] }] }] }] }] }] }] }] }},{"totalTime":6114,"stagePlan":{"stages":[{"id":40,"isQueryResult":false,"tasks":[{"id":0,"duration":17,"executor":1}],"rdds":[149,150,151,152],"parents":[],"accIds":[2210,2211,2212,2213,2214,2215,2219,2220,2221,2222,2223,2250,2251]},{"id":41,"isQueryResult":false,"tasks":[{"id":31,"duration":56,"executor":0},{"id":47,"duration":37,"executor":1},{"id":40,"duration":43,"executor":2},{"id":5,"duration":49,"executor":1},{"id":56,"duration":43,"executor":2},{"id":8,"duration":22,"executor":0},{"id":4,"duration":39,"executor":0},{"id":22,"duration":48,"executor":1},{"id":35,"duration":32,"executor":2},{"id":38,"duration":23,"executor":0},{"id":7,"duration":23,"executor":2},{"id":25,"duration":33,"executor":1},{"id":48,"duration":39,"executor":2},{"id":10,"duration":24,"executor":1},{"id":23,"duration":23,"executor":0},{"id":20,"duration":62,"executor":2},{"id":17,"duration":53,"executor":1},{"id":57,"duration":43,"executor":2},{"id":6,"duration":23,"executor":0},{"id":50,"duration":18,"executor":0},{"id":39,"duration":20,"executor":0},{"id":3,"duration":44,"executor":2},{"id":54,"duration":27,"executor":0},{"id":32,"duration":51,"executor":0},{"id":44,"duration":34,"executor":1},{"id":12,"duration":22,"executor":0},{"id":15,"duration":28,"executor":2},{"id":53,"duration":27,"executor":0},{"id":52,"duration":57,"executor":1},{"id":2,"duration":50,"executor":1},{"id":14,"duration":22,"executor":2},{"id":58,"duration":18,"executor":0},{"id":1,"duration":35,"executor":0},{"id":18,"duration":26,"executor":0},{"id":28,"duration":49,"executor":2},{"id":21,"duration":45,"executor":2},{"id":19,"duration":24,"executor":0},{"id":34,"duration":21,"executor":2},{"id":51,"duration":18,"executor":0},{"id":29,"duration":46,"executor":2},{"id":24,"duration":22,"executor":0},{"id":30,"duration":41,"executor":1},{"id":41,"duration":39,"executor":2},{"id":46,"duration":18,"executor":0},{"id":13,"duration":21,"executor":0},{"id":27,"duration":24,"executor":0},{"id":9,"duration":24,"executor":2},{"id":45,"duration":19,"executor":0},{"id":55,"duration":55,"executor":1},{"id":16,"duration":29,"executor":1},{"id":43,"duration":18,"executor":0},{"id":42,"duration":19,"executor":0},{"id":33,"duration":36,"executor":1},{"id":0,"duration":38,"executor":2},{"id":11,"duration":25,"executor":1},{"id":59,"duration":17,"executor":0},{"id":26,"duration":24,"executor":0},{"id":36,"duration":49,"executor":1},{"id":49,"duration":44,"executor":2},{"id":37,"duration":52,"executor":1}],"rdds":[156,157,158,159],"parents":[],"accIds":[2162,2181,2182,2183,2184,2185,2186,2187,2188,2189,2254,2255,2256,2257,2258,2282,2283,2284,2285,2286]},{"id":42,"isQueryResult":false,"tasks":[{"id":47,"duration":92,"executor":1},{"id":10,"duration":76,"executor":2},{"id":30,"duration":81,"executor":2},{"id":31,"duration":99,"executor":1},{"id":22,"duration":71,"executor":0},{"id":20,"duration":72,"executor":0},{"id":42,"duration":95,"executor":2},{"id":57,"duration":82,"executor":2},{"id":53,"duration":93,"executor":1},{"id":5,"duration":212,"executor":2},{"id":23,"duration":71,"executor":0},{"id":16,"duration":99,"executor":2},{"id":4,"duration":91,"executor":0},{"id":15,"duration":64,"executor":0},{"id":9,"duration":29,"executor":0},{"id":27,"duration":91,"executor":1},{"id":19,"duration":72,"executor":0},{"id":36,"duration":91,"executor":2},{"id":25,"duration":93,"executor":2},{"id":45,"duration":80,"executor":2},{"id":35,"duration":70,"executor":0},{"id":37,"duration":90,"executor":2},{"id":1,"duration":87,"executor":0},{"id":48,"duration":67,"executor":0},{"id":21,"duration":96,"executor":1},{"id":58,"duration":61,"executor":0},{"id":18,"duration":96,"executor":1},{"id":6,"duration":112,"executor":0},{"id":26,"duration":92,"executor":1},{"id":34,"duration":72,"executor":0},{"id":28,"duration":68,"executor":0},{"id":46,"duration":104,"executor":1},{"id":51,"duration":90,"executor":2},{"id":14,"duration":64,"executor":0},{"id":3,"duration":218,"executor":1},{"id":0,"duration":219,"executor":1},{"id":8,"duration":30,"executor":0},{"id":39,"duration":72,"executor":0},{"id":11,"duration":56,"executor":2},{"id":17,"duration":97,"executor":2},{"id":13,"duration":82,"executor":1},{"id":33,"duration":95,"executor":1},{"id":7,"duration":109,"executor":0},{"id":56,"duration":92,"executor":2},{"id":38,"duration":68,"executor":0},{"id":59,"duration":78,"executor":1},{"id":54,"duration":69,"executor":0},{"id":52,"duration":82,"executor":1},{"id":40,"duration":88,"executor":1},{"id":32,"duration":96,"executor":2},{"id":50,"duration":92,"executor":2},{"id":44,"duration":71,"executor":0},{"id":41,"duration":103,"executor":1},{"id":55,"duration":69,"executor":0},{"id":24,"duration":85,"executor":2},{"id":12,"duration":70,"executor":1},{"id":49,"duration":77,"executor":0},{"id":43,"duration":71,"executor":0},{"id":29,"duration":68,"executor":0},{"id":2,"duration":212,"executor":2}],"rdds":[153,154,155,160,161,162,163,164],"parents":[41],"accIds":[2121,2140,2141,2142,2143,2144,2145,2146,2147,2148,2149,2150,2151,2152,2153,2154,2158,2159,2160,2161,2164,2165,2166,2168,2169,2170,2179,2289,2290,2291,2292,2293,2298,2300,2301,2302,2303,2304,2305,2306,2307,2308,2309,2310,2311,2312,2313,2314,2315,2316,2317,2318,2319,2320,2321]},{"id":43,"isQueryResult":false,"tasks":[{"id":44,"duration":191,"executor":0},{"id":29,"duration":253,"executor":1},{"id":30,"duration":250,"executor":1},{"id":27,"duration":195,"executor":0},{"id":16,"duration":214,"executor":1},{"id":18,"duration":227,"executor":2},{"id":38,"duration":263,"executor":2},{"id":8,"duration":218,"executor":0},{"id":2,"duration":393,"executor":2},{"id":52,"duration":278,"executor":2},{"id":54,"duration":196,"executor":0},{"id":58,"duration":248,"executor":2},{"id":21,"duration":248,"executor":0},{"id":9,"duration":217,"executor":0},{"id":15,"duration":171,"executor":0},{"id":5,"duration":393,"executor":2},{"id":4,"duration":90,"executor":0},{"id":45,"duration":245,"executor":2},{"id":34,"duration":195,"executor":0},{"id":43,"duration":253,"executor":1},{"id":24,"duration":293,"executor":2},{"id":40,"duration":254,"executor":2},{"id":37,"duration":270,"executor":1},{"id":35,"duration":249,"executor":1},{"id":19,"duration":150,"executor":0},{"id":14,"duration":121,"executor":0},{"id":48,"duration":267,"executor":1},{"id":26,"duration":287,"executor":2},{"id":0,"duration":452,"executor":1},{"id":50,"duration":258,"executor":1},{"id":31,"duration":275,"executor":2},{"id":7,"duration":44,"executor":0},{"id":47,"duration":267,"executor":2},{"id":55,"duration":250,"executor":1},{"id":13,"duration":161,"executor":2},{"id":53,"duration":268,"executor":2},{"id":46,"duration":196,"executor":0},{"id":41,"duration":264,"executor":1},{"id":57,"duration":263,"executor":1},{"id":28,"duration":220,"executor":0},{"id":51,"duration":196,"executor":0},{"id":39,"duration":197,"executor":0},{"id":12,"duration":111,"executor":2},{"id":23,"duration":207,"executor":0},{"id":20,"duration":265,"executor":2},{"id":33,"duration":259,"executor":2},{"id":10,"duration":82,"executor":0},{"id":32,"duration":167,"executor":0},{"id":56,"duration":168,"executor":0},{"id":59,"duration":192,"executor":0},{"id":3,"duration":451,"executor":1},{"id":11,"duration":65,"executor":0},{"id":36,"duration":219,"executor":0},{"id":42,"duration":170,"executor":0},{"id":17,"duration":316,"executor":1},{"id":1,"duration":90,"executor":0},{"id":22,"duration":261,"executor":1},{"id":25,"duration":215,"executor":1},{"id":49,"duration":197,"executor":0},{"id":6,"duration":44,"executor":0}],"rdds":[165,166,167,168,169,170,171,172],"parents":[42],"accIds":[2085,2104,2105,2106,2107,2108,2109,2111,2112,2114,2115,2116,2117,2118,2119,2120,2123,2124,2125,2127,2128,2129,2138,2193,2194,2195,2196,2197,2198,2199,2200,2201,2324,2325,2326,2327,2328,2329,2333,2335,2336,2337,2338,2339,2340,2341,2342,2343,2344,2345,2346,2347,2348,2349,2350,2351,2352,2353,2354,2355,2356]},{"id":44,"isQueryResult":true,"tasks":[{"id":33,"duration":262,"executor":1},{"id":16,"duration":269,"executor":2},{"id":9,"duration":292,"executor":2},{"id":52,"duration":269,"executor":2},{"id":22,"duration":265,"executor":2},{"id":12,"duration":143,"executor":0},{"id":37,"duration":264,"executor":1},{"id":42,"duration":267,"executor":2},{"id":38,"duration":264,"executor":2},{"id":18,"duration":272,"executor":2},{"id":44,"duration":267,"executor":2},{"id":2,"duration":226,"executor":1},{"id":54,"duration":230,"executor":0},{"id":5,"duration":295,"executor":1},{"id":6,"duration":167,"executor":0},{"id":29,"duration":203,"executor":0},{"id":32,"duration":270,"executor":2},{"id":45,"duration":145,"executor":0},{"id":8,"duration":240,"executor":2},{"id":50,"duration":216,"executor":0},{"id":48,"duration":206,"executor":0},{"id":51,"duration":238,"executor":1},{"id":23,"duration":303,"executor":1},{"id":47,"duration":273,"executor":1},{"id":17,"duration":230,"executor":1},{"id":35,"duration":241,"executor":0},{"id":34,"duration":243,"executor":0},{"id":36,"duration":267,"executor":2},{"id":57,"duration":303,"executor":1},{"id":21,"duration":194,"executor":0},{"id":41,"duration":191,"executor":0},{"id":19,"duration":265,"executor":1},{"id":30,"duration":205,"executor":0},{"id":59,"duration":101,"executor":0},{"id":25,"duration":147,"executor":0},{"id":58,"duration":252,"executor":2},{"id":24,"duration":263,"executor":2},{"id":49,"duration":264,"executor":2},{"id":53,"duration":271,"executor":1},{"id":14,"duration":220,"executor":0},{"id":7,"duration":168,"executor":0},{"id":11,"duration":129,"executor":0},{"id":10,"duration":246,"executor":1},{"id":26,"duration":147,"executor":0},{"id":0,"duration":64,"executor":0},{"id":55,"duration":250,"executor":0},{"id":13,"duration":257,"executor":1},{"id":27,"duration":259,"executor":1},{"id":39,"duration":273,"executor":1},{"id":46,"duration":154,"executor":0},{"id":43,"duration":302,"executor":1},{"id":4,"duration":140,"executor":2},{"id":28,"duration":262,"executor":2},{"id":20,"duration":195,"executor":0},{"id":31,"duration":225,"executor":1},{"id":3,"duration":63,"executor":0},{"id":40,"duration":192,"executor":0},{"id":56,"duration":260,"executor":2},{"id":15,"duration":207,"executor":0},{"id":1,"duration":194,"executor":2}],"rdds":[173,174,175,176],"parents":[43],"accIds":[2078,2079,2080,2082,2083,2087,2088,2089,2091,2092,2093,2102,2359,2360,2361,2362,2363,2368,2370,2371,2372,2373,2374,2375,2376,2377,2378,2379,2380,2381,2382,2383,2384,2385,2386]}]},"sqlPlan":{ "nodeName":"TakeOrderedAndProject", "description":"TakeOrderedAndProject(limit=20, orderBy=[revenue#661 DESC NULLS LAST], output=[c_custkey#563L,c_name#564,revenue#661,c_acctbal#568,n_name#581,c_address#565,c_phone#567,c_comment#570])", "metadata":{}, "metrics":[{"metricName":"shuffle records written","value":0,"accId":2076},{"metricName":"local merged chunks fetched","value":0,"accId":2070},{"metricName":"shuffle write time","value":0,"accId":2077},{"metricName":"remote merged bytes read","value":0,"accId":2071},{"metricName":"local merged blocks fetched","value":0,"accId":2068},{"metricName":"corrupt merged block chunks","value":0,"accId":2065},{"metricName":"remote merged reqs duration","value":0,"accId":2074},{"metricName":"remote merged blocks fetched","value":0,"accId":2067},{"metricName":"records read","value":0,"accId":2064},{"metricName":"local bytes read","value":0,"accId":2062},{"metricName":"fetch wait time","value":0,"accId":2063},{"metricName":"remote bytes read","value":0,"accId":2060},{"metricName":"merged fetch fallback count","value":0,"accId":2066},{"metricName":"local blocks read","value":0,"accId":2059},{"metricName":"remote merged chunks fetched","value":0,"accId":2069},{"metricName":"remote blocks read","value":0,"accId":2058},{"metricName":"local merged bytes read","value":0,"accId":2072},{"metricName":"remote reqs duration","value":0,"accId":2073},{"metricName":"remote bytes read to disk","value":0,"accId":2061},{"metricName":"shuffle bytes written","value":0,"accId":2075}], "children":[{ "nodeName":"WholeStageCodegen (9)", "description":"WholeStageCodegen (9)", "metadata":{}, "metrics":[{"metricName":"duration","value":10192,"accId":2078}], "children":[{ "nodeName":"HashAggregate", "description":"HashAggregate(keys=[c_custkey#563L, c_name#564, c_acctbal#568, c_phone#567, n_name#581, c_address#565, c_comment#570], functions=[sum((l_extendedprice#14 * (1 - l_discount#15)))])", "metadata":{}, "metrics":[{"metricName":"spill size","value":0,"accId":2081},{"metricName":"time in aggregation build","value":10067,"accId":2082},{"metricName":"peak memory","value":4042259520,"accId":2080},{"metricName":"number of output rows","value":37967,"accId":2079},{"metricName":"number of sort fallback tasks","value":0,"accId":2084},{"metricName":"avg hash probes per key","value":600,"accId":2083}], "children":[{ "nodeName":"InputAdapter", "description":"InputAdapter", "metadata":{}, "metrics":[], "children":[{ "nodeName":"Exchange", "description":"Exchange hashpartitioning(c_custkey#563L, c_name#564, c_acctbal#568, c_phone#567, n_name#581, c_address#565, c_comment#570, 60), ENSURE_REQUIREMENTS, [plan_id=1269]", "metadata":{}, "metrics":[{"metricName":"shuffle records written","value":48811,"accId":2105},{"metricName":"local merged chunks fetched","value":0,"accId":2099},{"metricName":"shuffle write time","value":553431748,"accId":2106},{"metricName":"remote merged bytes read","value":0,"accId":2100},{"metricName":"local merged blocks fetched","value":0,"accId":2097},{"metricName":"corrupt merged block chunks","value":0,"accId":2094},{"metricName":"remote merged reqs duration","value":0,"accId":2103},{"metricName":"remote merged blocks fetched","value":0,"accId":2096},{"metricName":"records read","value":48811,"accId":2093},{"metricName":"local bytes read","value":2771507,"accId":2091},{"metricName":"fetch wait time","value":9394,"accId":2092},{"metricName":"remote bytes read","value":5203592,"accId":2089},{"metricName":"merged fetch fallback count","value":0,"accId":2095},{"metricName":"local blocks read","value":1253,"accId":2088},{"metricName":"remote merged chunks fetched","value":0,"accId":2098},{"metricName":"remote blocks read","value":2347,"accId":2087},{"metricName":"data size","value":12215264,"accId":2085},{"metricName":"local merged bytes read","value":0,"accId":2101},{"metricName":"number of partitions","value":60,"accId":2086},{"metricName":"remote reqs duration","value":14193,"accId":2102},{"metricName":"remote bytes read to disk","value":0,"accId":2090},{"metricName":"shuffle bytes written","value":7975099,"accId":2104}], "children":[{ "nodeName":"WholeStageCodegen (8)", "description":"WholeStageCodegen (8)", "metadata":{}, "metrics":[{"metricName":"duration","value":10272,"accId":2107}], "children":[{ "nodeName":"HashAggregate", "description":"HashAggregate(keys=[c_custkey#563L, c_name#564, c_acctbal#568, c_phone#567, n_name#581, c_address#565, c_comment#570], functions=[partial_sum((l_extendedprice#14 * (1 - l_discount#15)))])", "metadata":{}, "metrics":[{"metricName":"spill size","value":0,"accId":2110},{"metricName":"time in aggregation build","value":8971,"accId":2111},{"metricName":"peak memory","value":4042259520,"accId":2109},{"metricName":"number of output rows","value":48811,"accId":2108},{"metricName":"number of sort fallback tasks","value":0,"accId":2113},{"metricName":"avg hash probes per key","value":600,"accId":2112}], "children":[{ "nodeName":"Project", "description":"Project [c_custkey#563L, c_name#564, c_address#565, c_phone#567, c_acctbal#568, c_comment#570, l_extendedprice#14, l_discount#15, n_name#581]", "metadata":{}, "metrics":[], "children":[{ "nodeName":"BroadcastHashJoin", "description":"BroadcastHashJoin [c_nationkey#566L], [n_nationkey#580L], Inner, BuildRight, false", "metadata":{}, "metrics":[{"metricName":"number of output rows","value":114705,"accId":2114}], "children":[{ "nodeName":"Project", "description":"Project [c_custkey#563L, c_name#564, c_address#565, c_nationkey#566L, c_phone#567, c_acctbal#568, c_comment#570, l_extendedprice#14, l_discount#15]", "metadata":{}, "metrics":[], "children":[{ "nodeName":"SortMergeJoin", "description":"SortMergeJoin [o_orderkey#571L], [l_orderkey#9L], Inner", "metadata":{}, "metrics":[{"metricName":"number of output rows","value":114705,"accId":2115},{"metricName":"spill size","value":0,"accId":2116}], "children":[{ "nodeName":"InputAdapter", "description":"InputAdapter", "metadata":{}, "metrics":[], "children":[{ "nodeName":"WholeStageCodegen (5)", "description":"WholeStageCodegen (5)", "metadata":{}, "metrics":[{"metricName":"duration","value":10070,"accId":2117}], "children":[{ "nodeName":"Sort", "description":"Sort [o_orderkey#571L ASC NULLS FIRST], false, 0", "metadata":{}, "metrics":[{"metricName":"sort time","value":0,"accId":2118},{"metricName":"peak memory","value":4030463040,"accId":2119},{"metricName":"spill size","value":0,"accId":2120}], "children":[{ "nodeName":"InputAdapter", "description":"InputAdapter", "metadata":{}, "metrics":[], "children":[{ "nodeName":"Exchange", "description":"Exchange hashpartitioning(o_orderkey#571L, 60), ENSURE_REQUIREMENTS, [plan_id=1245]", "metadata":{}, "metrics":[{"metricName":"shuffle records written","value":57069,"accId":2141},{"metricName":"local merged chunks fetched","value":0,"accId":2135},{"metricName":"shuffle write time","value":596082041,"accId":2142},{"metricName":"remote merged bytes read","value":0,"accId":2136},{"metricName":"local merged blocks fetched","value":0,"accId":2133},{"metricName":"corrupt merged block chunks","value":0,"accId":2130},{"metricName":"remote merged reqs duration","value":0,"accId":2139},{"metricName":"remote merged blocks fetched","value":0,"accId":2132},{"metricName":"records read","value":57069,"accId":2129},{"metricName":"local bytes read","value":2910858,"accId":2127},{"metricName":"fetch wait time","value":7208,"accId":2128},{"metricName":"remote bytes read","value":5508913,"accId":2125},{"metricName":"merged fetch fallback count","value":0,"accId":2131},{"metricName":"local blocks read","value":1253,"accId":2124},{"metricName":"remote merged chunks fetched","value":0,"accId":2134},{"metricName":"remote blocks read","value":2347,"accId":2123},{"metricName":"data size","value":12346920,"accId":2121},{"metricName":"local merged bytes read","value":0,"accId":2137},{"metricName":"number of partitions","value":60,"accId":2122},{"metricName":"remote reqs duration","value":11873,"accId":2138},{"metricName":"remote bytes read to disk","value":0,"accId":2126},{"metricName":"shuffle bytes written","value":8419771,"accId":2140}], "children":[{ "nodeName":"WholeStageCodegen (4)", "description":"WholeStageCodegen (4)", "metadata":{}, "metrics":[{"metricName":"duration","value":3498,"accId":2143}], "children":[{ "nodeName":"Project", "description":"Project [c_custkey#563L, c_name#564, c_address#565, c_nationkey#566L, c_phone#567, c_acctbal#568, c_comment#570, o_orderkey#571L]", "metadata":{}, "metrics":[], "children":[{ "nodeName":"SortMergeJoin", "description":"SortMergeJoin [c_custkey#563L], [o_custkey#572L], Inner", "metadata":{}, "metrics":[{"metricName":"number of output rows","value":57069,"accId":2144},{"metricName":"spill size","value":0,"accId":2145}], "children":[{ "nodeName":"InputAdapter", "description":"InputAdapter", "metadata":{}, "metrics":[], "children":[{ "nodeName":"WholeStageCodegen (1)", "description":"WholeStageCodegen (1)", "metadata":{}, "metrics":[{"metricName":"duration","value":1031,"accId":2146}], "children":[{ "nodeName":"Sort", "description":"Sort [c_custkey#563L ASC NULLS FIRST], false, 0", "metadata":{}, "metrics":[{"metricName":"sort time","value":0,"accId":2147},{"metricName":"peak memory","value":4034395200,"accId":2148},{"metricName":"spill size","value":0,"accId":2149}], "children":[{ "nodeName":"Filter", "description":"Filter (isnotnull(c_custkey#563L) AND isnotnull(c_nationkey#566L))", "metadata":{}, "metrics":[{"metricName":"number of output rows","value":150000,"accId":2150}], "children":[{ "nodeName":"ColumnarToRow", "description":"ColumnarToRow", "metadata":{}, "metrics":[{"metricName":"number of output rows","value":150000,"accId":2151},{"metricName":"number of input batches","value":60,"accId":2152}], "children":[{ "nodeName":"InputAdapter", "description":"InputAdapter", "metadata":{}, "metrics":[], "children":[{ "nodeName":"Scan parquet spark_catalog.tpch.customer", "description":"FileScan parquet spark_catalog.tpch.customer[c_custkey#563L,c_name#564,c_address#565,c_nationkey#566L,c_phone#567,c_acctbal#568,c_comment#570] Batched: true, Bucketed: true, DataFilters: [isnotnull(c_custkey#563L), isnotnull(c_nationkey#566L)], Format: Parquet, Location: InMemoryFileIndex(1 paths)[file:/data/spark-warehouse/tpch.db/customer], PartitionFilters: [], PushedFilters: [IsNotNull(c_custkey), IsNotNull(c_nationkey)], ReadSchema: struct<c_custkey:bigint,c_name:string,c_address:string,c_nationkey:bigint,c_phone:string,c_acctba..., SelectedBucketsCount: 60 out of 60", "metadata":{"Location":"InMemoryFileIndex(1 paths)[file:/data/spark-warehouse/tpch.db/customer]","ReadSchema":"struct<c_custkey:bigint,c_name:string,c_address:string,c_nationkey:bigint,c_phone:string,c_acctbal:decimal(15,2),c_comment:string>","Format":"Parquet","SelectedBucketsCount":"60 out of 60","Batched":"true","PartitionFilters":"[]","PushedFilters":"[IsNotNull(c_custkey), IsNotNull(c_nationkey)]","DataFilters":"[isnotnull(c_custkey#563L), isnotnull(c_nationkey#566L)]","Bucketed":"true"}, "metrics":[{"metricName":"number of files read","value":60,"accId":2155},{"metricName":"scan time","value":612,"accId":2154},{"metricName":"metadata time","value":0,"accId":2156},{"metricName":"size of files read","value":24717733,"accId":2157},{"metricName":"number of output rows","value":150000,"accId":2153}], "children":[] }] }] }] }] }] }] },{ "nodeName":"InputAdapter", "description":"InputAdapter", "metadata":{}, "metrics":[], "children":[{ "nodeName":"WholeStageCodegen (3)", "description":"WholeStageCodegen (3)", "metadata":{}, "metrics":[{"metricName":"duration","value":6062,"accId":2158}], "children":[{ "nodeName":"Sort", "description":"Sort [o_custkey#572L ASC NULLS FIRST], false, 0", "metadata":{}, "metrics":[{"metricName":"sort time","value":0,"accId":2159},{"metricName":"peak memory","value":4030463040,"accId":2160},{"metricName":"spill size","value":0,"accId":2161}], "children":[{ "nodeName":"InputAdapter", "description":"InputAdapter", "metadata":{}, "metrics":[], "children":[{ "nodeName":"Exchange", "description":"Exchange hashpartitioning(o_custkey#572L, 60), ENSURE_REQUIREMENTS, [plan_id=1237]", "metadata":{}, "metrics":[{"metricName":"shuffle records written","value":57998,"accId":2182},{"metricName":"local merged chunks fetched","value":0,"accId":2176},{"metricName":"shuffle write time","value":585812427,"accId":2183},{"metricName":"remote merged bytes read","value":0,"accId":2177},{"metricName":"local merged blocks fetched","value":0,"accId":2174},{"metricName":"corrupt merged block chunks","value":0,"accId":2171},{"metricName":"remote merged reqs duration","value":0,"accId":2180},{"metricName":"remote merged blocks fetched","value":0,"accId":2173},{"metricName":"records read","value":57069,"accId":2170},{"metricName":"local bytes read","value":345193,"accId":2168},{"metricName":"fetch wait time","value":1953,"accId":2169},{"metricName":"remote bytes read","value":652619,"accId":2166},{"metricName":"merged fetch fallback count","value":0,"accId":2172},{"metricName":"local blocks read","value":1246,"accId":2165},{"metricName":"remote merged chunks fetched","value":0,"accId":2175},{"metricName":"remote blocks read","value":2354,"accId":2164},{"metricName":"data size","value":1391952,"accId":2162},{"metricName":"local merged bytes read","value":0,"accId":2178},{"metricName":"number of partitions","value":60,"accId":2163},{"metricName":"remote reqs duration","value":4159,"accId":2179},{"metricName":"remote bytes read to disk","value":0,"accId":2167},{"metricName":"shuffle bytes written","value":1013893,"accId":2181}], "children":[{ "nodeName":"WholeStageCodegen (2)", "description":"WholeStageCodegen (2)", "metadata":{}, "metrics":[{"metricName":"duration","value":689,"accId":2184}], "children":[{ "nodeName":"Project", "description":"Project [o_orderkey#571L, o_custkey#572L]", "metadata":{}, "metrics":[], "children":[{ "nodeName":"Filter", "description":"Filter ((((isnotnull(o_orderdate#575) AND (o_orderdate#575 >= 1993-10-01)) AND (o_orderdate#575 < 1994-01-01)) AND isnotnull(o_custkey#572L)) AND isnotnull(o_orderkey#571L))", "metadata":{}, "metrics":[{"metricName":"number of output rows","value":57998,"accId":2185}], "children":[{ "nodeName":"ColumnarToRow", "description":"ColumnarToRow", "metadata":{}, "metrics":[{"metricName":"number of output rows","value":1525050,"accId":2186},{"metricName":"number of input batches","value":427,"accId":2187}], "children":[{ "nodeName":"InputAdapter", "description":"InputAdapter", "metadata":{}, "metrics":[], "children":[{ "nodeName":"Scan parquet spark_catalog.tpch.orders", "description":"FileScan parquet spark_catalog.tpch.orders[o_orderkey#571L,o_custkey#572L,o_orderdate#575] Batched: true, Bucketed: false (disabled by query planner), DataFilters: [isnotnull(o_orderdate#575), (o_orderdate#575 >= 1993-10-01), (o_orderdate#575 < 1994-01-01), isn..., Format: Parquet, Location: InMemoryFileIndex(1 paths)[file:/data/spark-warehouse/tpch.db/orders], PartitionFilters: [], PushedFilters: [IsNotNull(o_orderdate), GreaterThanOrEqual(o_orderdate,1993-10-01), LessThan(o_orderdate,1994-01..., ReadSchema: struct<o_orderkey:bigint,o_custkey:bigint,o_orderdate:date>", "metadata":{"Location":"InMemoryFileIndex(1 paths)[file:/data/spark-warehouse/tpch.db/orders]","ReadSchema":"struct<o_orderkey:bigint,o_custkey:bigint,o_orderdate:date>","Format":"Parquet","Batched":"true","PartitionFilters":"[]","PushedFilters":"[IsNotNull(o_orderdate), GreaterThanOrEqual(o_orderdate,1993-10-01), LessThan(o_orderdate,1994-01-01), IsNotNull(o_custkey), IsNotNull(o_orderkey)]","DataFilters":"[isnotnull(o_orderdate#575), (o_orderdate#575 >= 1993-10-01), (o_orderdate#575 < 1994-01-01), isnotnull(o_custkey#572L), isnotnull(o_orderkey#571L)]","Bucketed":"false (disabled by query planner)"}, "metrics":[{"metricName":"number of files read","value":60,"accId":2190},{"metricName":"scan time","value":283,"accId":2189},{"metricName":"metadata time","value":0,"accId":2191},{"metricName":"size of files read","value":121789992,"accId":2192},{"metricName":"number of output rows","value":1525050,"accId":2188}], "children":[] }] }] }] }] }] }] }] }] }] }] }] }] }] }] }] }] }] }] },{ "nodeName":"InputAdapter", "description":"InputAdapter", "metadata":{}, "metrics":[], "children":[{ "nodeName":"WholeStageCodegen (6)", "description":"WholeStageCodegen (6)", "metadata":{}, "metrics":[{"metricName":"duration","value":1230,"accId":2193}], "children":[{ "nodeName":"Sort", "description":"Sort [l_orderkey#9L ASC NULLS FIRST], false, 0", "metadata":{}, "metrics":[{"metricName":"sort time","value":0,"accId":2194},{"metricName":"peak memory","value":4089445440,"accId":2195},{"metricName":"spill size","value":0,"accId":2196}], "children":[{ "nodeName":"Project", "description":"Project [l_orderkey#9L, l_extendedprice#14, l_discount#15]", "metadata":{}, "metrics":[], "children":[{ "nodeName":"Filter", "description":"Filter ((isnotnull(l_returnflag#17) AND (l_returnflag#17 = R)) AND isnotnull(l_orderkey#9L))", "metadata":{}, "metrics":[{"metricName":"number of output rows","value":1478870,"accId":2197}], "children":[{ "nodeName":"ColumnarToRow", "description":"ColumnarToRow", "metadata":{}, "metrics":[{"metricName":"number of output rows","value":6001215,"accId":2198},{"metricName":"number of input batches","value":1500,"accId":2199}], "children":[{ "nodeName":"InputAdapter", "description":"InputAdapter", "metadata":{}, "metrics":[], "children":[{ "nodeName":"Scan parquet spark_catalog.tpch.lineitem", "description":"FileScan parquet spark_catalog.tpch.lineitem[l_orderkey#9L,l_extendedprice#14,l_discount#15,l_returnflag#17] Batched: true, Bucketed: true, DataFilters: [isnotnull(l_returnflag#17), (l_returnflag#17 = R), isnotnull(l_orderkey#9L)], Format: Parquet, Location: InMemoryFileIndex(1 paths)[file:/data/spark-warehouse/tpch.db/lineitem], PartitionFilters: [], PushedFilters: [IsNotNull(l_returnflag), EqualTo(l_returnflag,R), IsNotNull(l_orderkey)], ReadSchema: struct<l_orderkey:bigint,l_extendedprice:decimal(15,2),l_discount:decimal(15,2),l_returnflag:string>, SelectedBucketsCount: 60 out of 60", "metadata":{"Location":"InMemoryFileIndex(1 paths)[file:/data/spark-warehouse/tpch.db/lineitem]","ReadSchema":"struct<l_orderkey:bigint,l_extendedprice:decimal(15,2),l_discount:decimal(15,2),l_returnflag:string>","Format":"Parquet","SelectedBucketsCount":"60 out of 60","Batched":"true","PartitionFilters":"[]","PushedFilters":"[IsNotNull(l_returnflag), EqualTo(l_returnflag,R), IsNotNull(l_orderkey)]","DataFilters":"[isnotnull(l_returnflag#17), (l_returnflag#17 = R), isnotnull(l_orderkey#9L)]","Bucketed":"true"}, "metrics":[{"metricName":"number of files read","value":60,"accId":2202},{"metricName":"scan time","value":453,"accId":2201},{"metricName":"metadata time","value":0,"accId":2203},{"metricName":"size of files read","value":365478469,"accId":2204},{"metricName":"number of output rows","value":6001215,"accId":2200}], "children":[] }] }] }] }] }] }] }] }] }] },{ "nodeName":"InputAdapter", "description":"InputAdapter", "metadata":{}, "metrics":[], "children":[{ "nodeName":"BroadcastExchange", "description":"BroadcastExchange HashedRelationBroadcastMode(List(input[0, bigint, false]),false), [plan_id=1263]", "metadata":{}, "metrics":[{"metricName":"time to broadcast","value":0,"accId":2209},{"metricName":"time to build","value":1,"accId":2208},{"metricName":"time to collect","value":39,"accId":2207},{"metricName":"number of output rows","value":25,"accId":2206},{"metricName":"data size","value":1048776,"accId":2205}], "children":[{ "nodeName":"WholeStageCodegen (7)", "description":"WholeStageCodegen (7)", "metadata":{}, "metrics":[{"metricName":"duration","value":9,"accId":2210}], "children":[{ "nodeName":"Filter", "description":"Filter isnotnull(n_nationkey#580L)", "metadata":{}, "metrics":[{"metricName":"number of output rows","value":25,"accId":2211}], "children":[{ "nodeName":"ColumnarToRow", "description":"ColumnarToRow", "metadata":{}, "metrics":[{"metricName":"number of output rows","value":25,"accId":2212},{"metricName":"number of input batches","value":1,"accId":2213}], "children":[{ "nodeName":"InputAdapter", "description":"InputAdapter", "metadata":{}, "metrics":[], "children":[{ "nodeName":"Scan parquet spark_catalog.tpch.nation", "description":"FileScan parquet spark_catalog.tpch.nation[n_nationkey#580L,n_name#581] Batched: true, DataFilters: [isnotnull(n_nationkey#580L)], Format: Parquet, Location: InMemoryFileIndex(1 paths)[file:/data/spark-warehouse/tpch.db/nation], PartitionFilters: [], PushedFilters: [IsNotNull(n_nationkey)], ReadSchema: struct<n_nationkey:bigint,n_name:string>", "metadata":{"Location":"InMemoryFileIndex(1 paths)[file:/data/spark-warehouse/tpch.db/nation]","ReadSchema":"struct<n_nationkey:bigint,n_name:string>","Format":"Parquet","Batched":"true","PartitionFilters":"[]","PushedFilters":"[IsNotNull(n_nationkey)]","DataFilters":"[isnotnull(n_nationkey#580L)]"}, "metrics":[{"metricName":"number of files read","value":1,"accId":2216},{"metricName":"scan time","value":9,"accId":2215},{"metricName":"metadata time","value":0,"accId":2217},{"metricName":"size of files read","value":4008,"accId":2218},{"metricName":"number of output rows","value":25,"accId":2214}], "children":[] }] }] }] }] }] }] }] }] }] }] }] }] }] }] }] }},{"totalTime":6018,"stagePlan":{"stages":[{"id":45,"isQueryResult":false,"tasks":[{"id":0,"duration":27,"executor":2}],"rdds":[177,178,179,180],"parents":[],"accIds":[2546,2547,2548,2549,2550,2551,2555,2556,2557,2558,2559,2586,2587]},{"id":46,"isQueryResult":false,"tasks":[{"id":3,"duration":62,"executor":1},{"id":19,"duration":25,"executor":2},{"id":22,"duration":36,"executor":1},{"id":32,"duration":21,"executor":0},{"id":7,"duration":56,"executor":0},{"id":38,"duration":41,"executor":2},{"id":18,"duration":38,"executor":2},{"id":16,"duration":23,"executor":1},{"id":39,"duration":49,"executor":2},{"id":4,"duration":44,"executor":2},{"id":27,"duration":38,"executor":2},{"id":41,"duration":17,"executor":0},{"id":55,"duration":17,"executor":0},{"id":15,"duration":20,"executor":2},{"id":35,"duration":19,"executor":0},{"id":57,"duration":42,"executor":2},{"id":25,"duration":46,"executor":0},{"id":53,"duration":41,"executor":1},{"id":58,"duration":18,"executor":0},{"id":14,"duration":23,"executor":0},{"id":9,"duration":42,"executor":2},{"id":59,"duration":17,"executor":0},{"id":42,"duration":43,"executor":1},{"id":33,"duration":21,"executor":0},{"id":20,"duration":22,"executor":0},{"id":24,"duration":36,"executor":2},{"id":49,"duration":35,"executor":2},{"id":51,"duration":18,"executor":0},{"id":29,"duration":37,"executor":1},{"id":48,"duration":17,"executor":0},{"id":54,"duration":19,"executor":0},{"id":52,"duration":40,"executor":1},{"id":21,"duration":21,"executor":0},{"id":37,"duration":17,"executor":0},{"id":6,"duration":57,"executor":0},{"id":1,"duration":48,"executor":2},{"id":50,"duration":19,"executor":0},{"id":5,"duration":33,"executor":0},{"id":17,"duration":27,"executor":1},{"id":12,"duration":30,"executor":2},{"id":36,"duration":41,"executor":1},{"id":10,"duration":42,"executor":1},{"id":47,"duration":18,"executor":0},{"id":45,"duration":41,"executor":1},{"id":40,"duration":18,"executor":0},{"id":44,"duration":18,"executor":0},{"id":56,"duration":35,"executor":2},{"id":11,"duration":29,"executor":1},{"id":13,"duration":42,"executor":0},{"id":30,"duration":41,"executor":2},{"id":0,"duration":48,"executor":1},{"id":34,"duration":40,"executor":1},{"id":8,"duration":20,"executor":2},{"id":28,"duration":42,"executor":1},{"id":23,"duration":46,"executor":1},{"id":43,"duration":18,"executor":0},{"id":31,"duration":44,"executor":2},{"id":26,"duration":43,"executor":0},{"id":46,"duration":48,"executor":2},{"id":2,"duration":33,"executor":0}],"rdds":[184,185,186,187],"parents":[],"accIds":[2498,2517,2518,2519,2520,2521,2522,2523,2524,2525,2590,2591,2592,2593,2594,2618,2619,2620,2621,2622]},{"id":47,"isQueryResult":false,"tasks":[{"id":20,"duration":94,"executor":1},{"id":31,"duration":95,"executor":2},{"id":12,"duration":64,"executor":0},{"id":33,"duration":72,"executor":0},{"id":55,"duration":92,"executor":1},{"id":15,"duration":91,"executor":1},{"id":14,"duration":79,"executor":1},{"id":16,"duration":65,"executor":0},{"id":53,"duration":93,"executor":1},{"id":47,"duration":95,"executor":1},{"id":23,"duration":79,"executor":0},{"id":17,"duration":64,"executor":0},{"id":48,"duration":69,"executor":0},{"id":9,"duration":110,"executor":0},{"id":10,"duration":94,"executor":2},{"id":54,"duration":70,"executor":0},{"id":29,"duration":70,"executor":0},{"id":57,"duration":57,"executor":0},{"id":26,"duration":96,"executor":1},{"id":50,"duration":95,"executor":2},{"id":3,"duration":69,"executor":0},{"id":46,"duration":95,"executor":1},{"id":37,"duration":67,"executor":0},{"id":11,"duration":100,"executor":2},{"id":52,"duration":74,"executor":0},{"id":0,"duration":71,"executor":0},{"id":18,"duration":93,"executor":2},{"id":35,"duration":93,"executor":1},{"id":25,"duration":93,"executor":2},{"id":49,"duration":72,"executor":0},{"id":44,"duration":94,"executor":2},{"id":38,"duration":67,"executor":0},{"id":2,"duration":217,"executor":1},{"id":13,"duration":63,"executor":0},{"id":4,"duration":180,"executor":2},{"id":22,"duration":79,"executor":0},{"id":45,"duration":92,"executor":2},{"id":24,"duration":95,"executor":2},{"id":43,"duration":70,"executor":0},{"id":6,"duration":29,"executor":0},{"id":58,"duration":57,"executor":0},{"id":32,"duration":74,"executor":0},{"id":1,"duration":182,"executor":2},{"id":36,"duration":96,"executor":2},{"id":34,"duration":91,"executor":1},{"id":42,"duration":70,"executor":0},{"id":59,"duration":62,"executor":2},{"id":8,"duration":109,"executor":0},{"id":51,"duration":102,"executor":2},{"id":21,"duration":97,"executor":1},{"id":41,"duration":91,"executor":1},{"id":40,"duration":93,"executor":1},{"id":56,"duration":71,"executor":2},{"id":28,"duration":71,"executor":0},{"id":27,"duration":89,"executor":1},{"id":39,"duration":93,"executor":2},{"id":19,"duration":95,"executor":2},{"id":5,"duration":217,"executor":1},{"id":7,"duration":30,"executor":0},{"id":30,"duration":89,"executor":2}],"rdds":[181,182,183,188,189,190,191,192],"parents":[46],"accIds":[2457,2476,2477,2478,2479,2480,2481,2482,2483,2484,2485,2486,2487,2488,2489,2490,2494,2495,2496,2497,2500,2501,2502,2504,2505,2506,2515,2625,2626,2627,2628,2629,2630,2634,2636,2637,2638,2639,2640,2641,2642,2643,2644,2645,2646,2647,2648,2649,2650,2651,2652,2653,2654,2655,2656,2657]},{"id":48,"isQueryResult":false,"tasks":[{"id":8,"duration":205,"executor":0},{"id":31,"duration":285,"executor":2},{"id":48,"duration":186,"executor":0},{"id":11,"duration":73,"executor":0},{"id":2,"duration":92,"executor":0},{"id":38,"duration":253,"executor":2},{"id":36,"duration":165,"executor":0},{"id":22,"duration":176,"executor":0},{"id":13,"duration":114,"executor":1},{"id":56,"duration":244,"executor":1},{"id":9,"duration":179,"executor":0},{"id":33,"duration":190,"executor":0},{"id":54,"duration":265,"executor":1},{"id":29,"duration":266,"executor":1},{"id":25,"duration":266,"executor":2},{"id":35,"duration":265,"executor":1},{"id":44,"duration":280,"executor":2},{"id":19,"duration":260,"executor":1},{"id":21,"duration":276,"executor":1},{"id":23,"duration":255,"executor":2},{"id":28,"duration":180,"executor":0},{"id":26,"duration":293,"executor":1},{"id":45,"duration":254,"executor":2},{"id":58,"duration":185,"executor":0},{"id":41,"duration":176,"executor":0},{"id":53,"duration":205,"executor":0},{"id":32,"duration":201,"executor":0},{"id":5,"duration":91,"executor":0},{"id":10,"duration":69,"executor":0},{"id":51,"duration":256,"executor":2},{"id":20,"duration":157,"executor":0},{"id":18,"duration":141,"executor":0},{"id":57,"duration":270,"executor":2},{"id":37,"duration":166,"executor":0},{"id":49,"duration":275,"executor":1},{"id":16,"duration":200,"executor":2},{"id":42,"duration":238,"executor":0},{"id":34,"duration":267,"executor":1},{"id":27,"duration":201,"executor":0},{"id":47,"duration":279,"executor":1},{"id":55,"duration":195,"executor":0},{"id":40,"duration":265,"executor":1},{"id":59,"duration":250,"executor":2},{"id":43,"duration":283,"executor":1},{"id":7,"duration":41,"executor":0},{"id":4,"duration":472,"executor":2},{"id":14,"duration":137,"executor":0},{"id":12,"duration":88,"executor":0},{"id":46,"duration":136,"executor":0},{"id":50,"duration":204,"executor":0},{"id":30,"duration":299,"executor":2},{"id":0,"duration":408,"executor":1},{"id":1,"duration":464,"executor":2},{"id":17,"duration":247,"executor":2},{"id":24,"duration":139,"executor":0},{"id":15,"duration":181,"executor":1},{"id":3,"duration":418,"executor":1},{"id":6,"duration":68,"executor":0},{"id":39,"duration":277,"executor":2},{"id":52,"duration":278,"executor":2}],"rdds":[193,194,195,196,197,198,199,200],"parents":[47],"accIds":[2421,2440,2441,2442,2443,2444,2445,2447,2448,2450,2451,2452,2453,2454,2455,2456,2459,2460,2461,2463,2464,2465,2474,2529,2530,2531,2532,2533,2534,2535,2536,2537,2660,2661,2662,2663,2664,2665,2669,2671,2672,2673,2674,2675,2676,2677,2678,2679,2680,2681,2682,2683,2684,2685,2686,2687,2688,2689,2690,2691,2692]},{"id":49,"isQueryResult":true,"tasks":[{"id":23,"duration":267,"executor":1},{"id":4,"duration":55,"executor":0},{"id":54,"duration":202,"executor":0},{"id":58,"duration":245,"executor":2},{"id":36,"duration":264,"executor":1},{"id":15,"duration":276,"executor":1},{"id":10,"duration":250,"executor":2},{"id":39,"duration":191,"executor":0},{"id":8,"duration":120,"executor":0},{"id":27,"duration":260,"executor":2},{"id":50,"duration":207,"executor":0},{"id":9,"duration":121,"executor":0},{"id":18,"duration":278,"executor":2},{"id":42,"duration":264,"executor":1},{"id":30,"duration":151,"executor":0},{"id":2,"duration":204,"executor":2},{"id":37,"duration":253,"executor":1},{"id":31,"duration":187,"executor":0},{"id":24,"duration":266,"executor":2},{"id":14,"duration":260,"executor":1},{"id":47,"duration":279,"executor":2},{"id":20,"duration":199,"executor":0},{"id":48,"duration":272,"executor":1},{"id":35,"duration":164,"executor":0},{"id":52,"duration":266,"executor":2},{"id":19,"duration":278,"executor":2},{"id":12,"duration":144,"executor":0},{"id":43,"duration":283,"executor":1},{"id":32,"duration":271,"executor":2},{"id":40,"duration":190,"executor":0},{"id":41,"duration":259,"executor":2},{"id":57,"duration":255,"executor":1},{"id":11,"duration":139,"executor":0},{"id":33,"duration":265,"executor":2},{"id":55,"duration":202,"executor":0},{"id":44,"duration":202,"executor":0},{"id":29,"duration":265,"executor":1},{"id":46,"duration":278,"executor":2},{"id":5,"duration":153,"executor":2},{"id":25,"duration":193,"executor":0},{"id":3,"duration":334,"executor":1},{"id":38,"duration":260,"executor":2},{"id":22,"duration":273,"executor":1},{"id":21,"duration":168,"executor":0},{"id":56,"duration":272,"executor":1},{"id":49,"duration":207,"executor":0},{"id":28,"duration":268,"executor":1},{"id":26,"duration":184,"executor":0},{"id":59,"duration":180,"executor":0},{"id":13,"duration":267,"executor":2},{"id":16,"duration":147,"executor":0},{"id":45,"duration":204,"executor":0},{"id":0,"duration":281,"executor":1},{"id":34,"duration":203,"executor":0},{"id":6,"duration":52,"executor":0},{"id":1,"duration":28,"executor":0},{"id":51,"duration":273,"executor":1},{"id":17,"duration":183,"executor":0},{"id":7,"duration":28,"executor":0},{"id":53,"duration":263,"executor":2}],"rdds":[201,202,203,204],"parents":[48],"accIds":[2414,2415,2416,2418,2419,2423,2424,2425,2427,2428,2429,2438,2695,2696,2697,2698,2699,2700,2704,2706,2707,2708,2709,2710,2711,2712,2713,2714,2715,2716,2717,2718,2719,2720,2721,2722]}]},"sqlPlan":{ "nodeName":"TakeOrderedAndProject", "description":"TakeOrderedAndProject(limit=20, orderBy=[revenue#686 DESC NULLS LAST], output=[c_custkey#563L,c_name#564,revenue#686,c_acctbal#568,n_name#581,c_address#565,c_phone#567,c_comment#570])", "metadata":{}, "metrics":[{"metricName":"shuffle records written","value":0,"accId":2412},{"metricName":"local merged chunks fetched","value":0,"accId":2406},{"metricName":"shuffle write time","value":0,"accId":2413},{"metricName":"remote merged bytes read","value":0,"accId":2407},{"metricName":"local merged blocks fetched","value":0,"accId":2404},{"metricName":"corrupt merged block chunks","value":0,"accId":2401},{"metricName":"remote merged reqs duration","value":0,"accId":2410},{"metricName":"remote merged blocks fetched","value":0,"accId":2403},{"metricName":"records read","value":0,"accId":2400},{"metricName":"local bytes read","value":0,"accId":2398},{"metricName":"fetch wait time","value":0,"accId":2399},{"metricName":"remote bytes read","value":0,"accId":2396},{"metricName":"merged fetch fallback count","value":0,"accId":2402},{"metricName":"local blocks read","value":0,"accId":2395},{"metricName":"remote merged chunks fetched","value":0,"accId":2405},{"metricName":"remote blocks read","value":0,"accId":2394},{"metricName":"local merged bytes read","value":0,"accId":2408},{"metricName":"remote reqs duration","value":0,"accId":2409},{"metricName":"remote bytes read to disk","value":0,"accId":2397},{"metricName":"shuffle bytes written","value":0,"accId":2411}], "children":[{ "nodeName":"WholeStageCodegen (9)", "description":"WholeStageCodegen (9)", "metadata":{}, "metrics":[{"metricName":"duration","value":10234,"accId":2414}], "children":[{ "nodeName":"HashAggregate", "description":"HashAggregate(keys=[c_custkey#563L, c_name#564, c_acctbal#568, c_phone#567, n_name#581, c_address#565, c_comment#570], functions=[sum((l_extendedprice#14 * (1 - l_discount#15)))])", "metadata":{}, "metrics":[{"metricName":"spill size","value":0,"accId":2417},{"metricName":"time in aggregation build","value":10130,"accId":2418},{"metricName":"peak memory","value":4042259520,"accId":2416},{"metricName":"number of output rows","value":37967,"accId":2415},{"metricName":"number of sort fallback tasks","value":0,"accId":2420},{"metricName":"avg hash probes per key","value":600,"accId":2419}], "children":[{ "nodeName":"InputAdapter", "description":"InputAdapter", "metadata":{}, "metrics":[], "children":[{ "nodeName":"Exchange", "description":"Exchange hashpartitioning(c_custkey#563L, c_name#564, c_acctbal#568, c_phone#567, n_name#581, c_address#565, c_comment#570, 60), ENSURE_REQUIREMENTS, [plan_id=1525]", "metadata":{}, "metrics":[{"metricName":"shuffle records written","value":48811,"accId":2441},{"metricName":"local merged chunks fetched","value":0,"accId":2435},{"metricName":"shuffle write time","value":558338289,"accId":2442},{"metricName":"remote merged bytes read","value":0,"accId":2436},{"metricName":"local merged blocks fetched","value":0,"accId":2433},{"metricName":"corrupt merged block chunks","value":0,"accId":2430},{"metricName":"remote merged reqs duration","value":0,"accId":2439},{"metricName":"remote merged blocks fetched","value":0,"accId":2432},{"metricName":"records read","value":49581,"accId":2429},{"metricName":"local bytes read","value":2880723,"accId":2427},{"metricName":"fetch wait time","value":9765,"accId":2428},{"metricName":"remote bytes read","value":5219058,"accId":2425},{"metricName":"merged fetch fallback count","value":0,"accId":2431},{"metricName":"local blocks read","value":1300,"accId":2424},{"metricName":"remote merged chunks fetched","value":0,"accId":2434},{"metricName":"remote blocks read","value":2355,"accId":2423},{"metricName":"data size","value":12215264,"accId":2421},{"metricName":"local merged bytes read","value":0,"accId":2437},{"metricName":"number of partitions","value":60,"accId":2422},{"metricName":"remote reqs duration","value":14350,"accId":2438},{"metricName":"remote bytes read to disk","value":0,"accId":2426},{"metricName":"shuffle bytes written","value":7975099,"accId":2440}], "children":[{ "nodeName":"WholeStageCodegen (8)", "description":"WholeStageCodegen (8)", "metadata":{}, "metrics":[{"metricName":"duration","value":10115,"accId":2443}], "children":[{ "nodeName":"HashAggregate", "description":"HashAggregate(keys=[c_custkey#563L, c_name#564, c_acctbal#568, c_phone#567, n_name#581, c_address#565, c_comment#570], functions=[partial_sum((l_extendedprice#14 * (1 - l_discount#15)))])", "metadata":{}, "metrics":[{"metricName":"spill size","value":0,"accId":2446},{"metricName":"time in aggregation build","value":8815,"accId":2447},{"metricName":"peak memory","value":4042259520,"accId":2445},{"metricName":"number of output rows","value":48811,"accId":2444},{"metricName":"number of sort fallback tasks","value":0,"accId":2449},{"metricName":"avg hash probes per key","value":600,"accId":2448}], "children":[{ "nodeName":"Project", "description":"Project [c_custkey#563L, c_name#564, c_address#565, c_phone#567, c_acctbal#568, c_comment#570, l_extendedprice#14, l_discount#15, n_name#581]", "metadata":{}, "metrics":[], "children":[{ "nodeName":"BroadcastHashJoin", "description":"BroadcastHashJoin [c_nationkey#566L], [n_nationkey#580L], Inner, BuildRight, false", "metadata":{}, "metrics":[{"metricName":"number of output rows","value":114705,"accId":2450}], "children":[{ "nodeName":"Project", "description":"Project [c_custkey#563L, c_name#564, c_address#565, c_nationkey#566L, c_phone#567, c_acctbal#568, c_comment#570, l_extendedprice#14, l_discount#15]", "metadata":{}, "metrics":[], "children":[{ "nodeName":"SortMergeJoin", "description":"SortMergeJoin [o_orderkey#571L], [l_orderkey#9L], Inner", "metadata":{}, "metrics":[{"metricName":"number of output rows","value":114705,"accId":2451},{"metricName":"spill size","value":0,"accId":2452}], "children":[{ "nodeName":"InputAdapter", "description":"InputAdapter", "metadata":{}, "metrics":[], "children":[{ "nodeName":"WholeStageCodegen (5)", "description":"WholeStageCodegen (5)", "metadata":{}, "metrics":[{"metricName":"duration","value":9889,"accId":2453}], "children":[{ "nodeName":"Sort", "description":"Sort [o_orderkey#571L ASC NULLS FIRST], false, 0", "metadata":{}, "metrics":[{"metricName":"sort time","value":0,"accId":2454},{"metricName":"peak memory","value":4097637424,"accId":2455},{"metricName":"spill size","value":0,"accId":2456}], "children":[{ "nodeName":"InputAdapter", "description":"InputAdapter", "metadata":{}, "metrics":[], "children":[{ "nodeName":"Exchange", "description":"Exchange hashpartitioning(o_orderkey#571L, 60), ENSURE_REQUIREMENTS, [plan_id=1501]", "metadata":{}, "metrics":[{"metricName":"shuffle records written","value":57069,"accId":2477},{"metricName":"local merged chunks fetched","value":0,"accId":2471},{"metricName":"shuffle write time","value":578226975,"accId":2478},{"metricName":"remote merged bytes read","value":0,"accId":2472},{"metricName":"local merged blocks fetched","value":0,"accId":2469},{"metricName":"corrupt merged block chunks","value":0,"accId":2466},{"metricName":"remote merged reqs duration","value":0,"accId":2475},{"metricName":"remote merged blocks fetched","value":0,"accId":2468},{"metricName":"records read","value":58471,"accId":2465},{"metricName":"local bytes read","value":3161064,"accId":2463},{"metricName":"fetch wait time","value":7143,"accId":2464},{"metricName":"remote bytes read","value":5545681,"accId":2461},{"metricName":"merged fetch fallback count","value":0,"accId":2467},{"metricName":"local blocks read","value":1360,"accId":2460},{"metricName":"remote merged chunks fetched","value":0,"accId":2470},{"metricName":"remote blocks read","value":2362,"accId":2459},{"metricName":"data size","value":12346920,"accId":2457},{"metricName":"local merged bytes read","value":0,"accId":2473},{"metricName":"number of partitions","value":60,"accId":2458},{"metricName":"remote reqs duration","value":11987,"accId":2474},{"metricName":"remote bytes read to disk","value":0,"accId":2462},{"metricName":"shuffle bytes written","value":8419771,"accId":2476}], "children":[{ "nodeName":"WholeStageCodegen (4)", "description":"WholeStageCodegen (4)", "metadata":{}, "metrics":[{"metricName":"duration","value":3416,"accId":2479}], "children":[{ "nodeName":"Project", "description":"Project [c_custkey#563L, c_name#564, c_address#565, c_nationkey#566L, c_phone#567, c_acctbal#568, c_comment#570, o_orderkey#571L]", "metadata":{}, "metrics":[], "children":[{ "nodeName":"SortMergeJoin", "description":"SortMergeJoin [c_custkey#563L], [o_custkey#572L], Inner", "metadata":{}, "metrics":[{"metricName":"number of output rows","value":57069,"accId":2480},{"metricName":"spill size","value":0,"accId":2481}], "children":[{ "nodeName":"InputAdapter", "description":"InputAdapter", "metadata":{}, "metrics":[], "children":[{ "nodeName":"WholeStageCodegen (1)", "description":"WholeStageCodegen (1)", "metadata":{}, "metrics":[{"metricName":"duration","value":984,"accId":2482}], "children":[{ "nodeName":"Sort", "description":"Sort [c_custkey#563L ASC NULLS FIRST], false, 0", "metadata":{}, "metrics":[{"metricName":"sort time","value":0,"accId":2483},{"metricName":"peak memory","value":4034395200,"accId":2484},{"metricName":"spill size","value":0,"accId":2485}], "children":[{ "nodeName":"Filter", "description":"Filter (isnotnull(c_custkey#563L) AND isnotnull(c_nationkey#566L))", "metadata":{}, "metrics":[{"metricName":"number of output rows","value":150000,"accId":2486}], "children":[{ "nodeName":"ColumnarToRow", "description":"ColumnarToRow", "metadata":{}, "metrics":[{"metricName":"number of output rows","value":150000,"accId":2487},{"metricName":"number of input batches","value":60,"accId":2488}], "children":[{ "nodeName":"InputAdapter", "description":"InputAdapter", "metadata":{}, "metrics":[], "children":[{ "nodeName":"Scan parquet spark_catalog.tpch.customer", "description":"FileScan parquet spark_catalog.tpch.customer[c_custkey#563L,c_name#564,c_address#565,c_nationkey#566L,c_phone#567,c_acctbal#568,c_comment#570] Batched: true, Bucketed: true, DataFilters: [isnotnull(c_custkey#563L), isnotnull(c_nationkey#566L)], Format: Parquet, Location: InMemoryFileIndex(1 paths)[file:/data/spark-warehouse/tpch.db/customer], PartitionFilters: [], PushedFilters: [IsNotNull(c_custkey), IsNotNull(c_nationkey)], ReadSchema: struct<c_custkey:bigint,c_name:string,c_address:string,c_nationkey:bigint,c_phone:string,c_acctba..., SelectedBucketsCount: 60 out of 60", "metadata":{"Location":"InMemoryFileIndex(1 paths)[file:/data/spark-warehouse/tpch.db/customer]","ReadSchema":"struct<c_custkey:bigint,c_name:string,c_address:string,c_nationkey:bigint,c_phone:string,c_acctbal:decimal(15,2),c_comment:string>","Format":"Parquet","SelectedBucketsCount":"60 out of 60","Batched":"true","PartitionFilters":"[]","PushedFilters":"[IsNotNull(c_custkey), IsNotNull(c_nationkey)]","DataFilters":"[isnotnull(c_custkey#563L), isnotnull(c_nationkey#566L)]","Bucketed":"true"}, "metrics":[{"metricName":"number of files read","value":60,"accId":2491},{"metricName":"scan time","value":521,"accId":2490},{"metricName":"metadata time","value":0,"accId":2492},{"metricName":"size of files read","value":24717733,"accId":2493},{"metricName":"number of output rows","value":150000,"accId":2489}], "children":[] }] }] }] }] }] }] },{ "nodeName":"InputAdapter", "description":"InputAdapter", "metadata":{}, "metrics":[], "children":[{ "nodeName":"WholeStageCodegen (3)", "description":"WholeStageCodegen (3)", "metadata":{}, "metrics":[{"metricName":"duration","value":5932,"accId":2494}], "children":[{ "nodeName":"Sort", "description":"Sort [o_custkey#572L ASC NULLS FIRST], false, 0", "metadata":{}, "metrics":[{"metricName":"sort time","value":0,"accId":2495},{"metricName":"peak memory","value":4030463040,"accId":2496},{"metricName":"spill size","value":0,"accId":2497}], "children":[{ "nodeName":"InputAdapter", "description":"InputAdapter", "metadata":{}, "metrics":[], "children":[{ "nodeName":"Exchange", "description":"Exchange hashpartitioning(o_custkey#572L, 60), ENSURE_REQUIREMENTS, [plan_id=1493]", "metadata":{}, "metrics":[{"metricName":"shuffle records written","value":57069,"accId":2518},{"metricName":"local merged chunks fetched","value":0,"accId":2512},{"metricName":"shuffle write time","value":575983647,"accId":2519},{"metricName":"remote merged bytes read","value":0,"accId":2513},{"metricName":"local merged blocks fetched","value":0,"accId":2510},{"metricName":"corrupt merged block chunks","value":0,"accId":2507},{"metricName":"remote merged reqs duration","value":0,"accId":2516},{"metricName":"remote merged blocks fetched","value":0,"accId":2509},{"metricName":"records read","value":57069,"accId":2506},{"metricName":"local bytes read","value":346192,"accId":2504},{"metricName":"fetch wait time","value":2008,"accId":2505},{"metricName":"remote bytes read","value":651620,"accId":2502},{"metricName":"merged fetch fallback count","value":0,"accId":2508},{"metricName":"local blocks read","value":1256,"accId":2501},{"metricName":"remote merged chunks fetched","value":0,"accId":2511},{"metricName":"remote blocks read","value":2344,"accId":2500},{"metricName":"data size","value":1369656,"accId":2498},{"metricName":"local merged bytes read","value":0,"accId":2514},{"metricName":"number of partitions","value":60,"accId":2499},{"metricName":"remote reqs duration","value":4168,"accId":2515},{"metricName":"remote bytes read to disk","value":0,"accId":2503},{"metricName":"shuffle bytes written","value":997812,"accId":2517}], "children":[{ "nodeName":"WholeStageCodegen (2)", "description":"WholeStageCodegen (2)", "metadata":{}, "metrics":[{"metricName":"duration","value":619,"accId":2520}], "children":[{ "nodeName":"Project", "description":"Project [o_orderkey#571L, o_custkey#572L]", "metadata":{}, "metrics":[], "children":[{ "nodeName":"Filter", "description":"Filter ((((isnotnull(o_orderdate#575) AND (o_orderdate#575 >= 1993-10-01)) AND (o_orderdate#575 < 1994-01-01)) AND isnotnull(o_custkey#572L)) AND isnotnull(o_orderkey#571L))", "metadata":{}, "metrics":[{"metricName":"number of output rows","value":57069,"accId":2521}], "children":[{ "nodeName":"ColumnarToRow", "description":"ColumnarToRow", "metadata":{}, "metrics":[{"metricName":"number of output rows","value":1500000,"accId":2522},{"metricName":"number of input batches","value":420,"accId":2523}], "children":[{ "nodeName":"InputAdapter", "description":"InputAdapter", "metadata":{}, "metrics":[], "children":[{ "nodeName":"Scan parquet spark_catalog.tpch.orders", "description":"FileScan parquet spark_catalog.tpch.orders[o_orderkey#571L,o_custkey#572L,o_orderdate#575] Batched: true, Bucketed: false (disabled by query planner), DataFilters: [isnotnull(o_orderdate#575), (o_orderdate#575 >= 1993-10-01), (o_orderdate#575 < 1994-01-01), isn..., Format: Parquet, Location: InMemoryFileIndex(1 paths)[file:/data/spark-warehouse/tpch.db/orders], PartitionFilters: [], PushedFilters: [IsNotNull(o_orderdate), GreaterThanOrEqual(o_orderdate,1993-10-01), LessThan(o_orderdate,1994-01..., ReadSchema: struct<o_orderkey:bigint,o_custkey:bigint,o_orderdate:date>", "metadata":{"Location":"InMemoryFileIndex(1 paths)[file:/data/spark-warehouse/tpch.db/orders]","ReadSchema":"struct<o_orderkey:bigint,o_custkey:bigint,o_orderdate:date>","Format":"Parquet","Batched":"true","PartitionFilters":"[]","PushedFilters":"[IsNotNull(o_orderdate), GreaterThanOrEqual(o_orderdate,1993-10-01), LessThan(o_orderdate,1994-01-01), IsNotNull(o_custkey), IsNotNull(o_orderkey)]","DataFilters":"[isnotnull(o_orderdate#575), (o_orderdate#575 >= 1993-10-01), (o_orderdate#575 < 1994-01-01), isnotnull(o_custkey#572L), isnotnull(o_orderkey#571L)]","Bucketed":"false (disabled by query planner)"}, "metrics":[{"metricName":"number of files read","value":60,"accId":2526},{"metricName":"scan time","value":271,"accId":2525},{"metricName":"metadata time","value":0,"accId":2527},{"metricName":"size of files read","value":121789992,"accId":2528},{"metricName":"number of output rows","value":1500000,"accId":2524}], "children":[] }] }] }] }] }] }] }] }] }] }] }] }] }] }] }] }] }] }] },{ "nodeName":"InputAdapter", "description":"InputAdapter", "metadata":{}, "metrics":[], "children":[{ "nodeName":"WholeStageCodegen (6)", "description":"WholeStageCodegen (6)", "metadata":{}, "metrics":[{"metricName":"duration","value":1096,"accId":2529}], "children":[{ "nodeName":"Sort", "description":"Sort [l_orderkey#9L ASC NULLS FIRST], false, 0", "metadata":{}, "metrics":[{"metricName":"sort time","value":0,"accId":2530},{"metricName":"peak memory","value":4089445440,"accId":2531},{"metricName":"spill size","value":0,"accId":2532}], "children":[{ "nodeName":"Project", "description":"Project [l_orderkey#9L, l_extendedprice#14, l_discount#15]", "metadata":{}, "metrics":[], "children":[{ "nodeName":"Filter", "description":"Filter ((isnotnull(l_returnflag#17) AND (l_returnflag#17 = R)) AND isnotnull(l_orderkey#9L))", "metadata":{}, "metrics":[{"metricName":"number of output rows","value":1482151,"accId":2533}], "children":[{ "nodeName":"ColumnarToRow", "description":"ColumnarToRow", "metadata":{}, "metrics":[{"metricName":"number of output rows","value":6017599,"accId":2534},{"metricName":"number of input batches","value":1504,"accId":2535}], "children":[{ "nodeName":"InputAdapter", "description":"InputAdapter", "metadata":{}, "metrics":[], "children":[{ "nodeName":"Scan parquet spark_catalog.tpch.lineitem", "description":"FileScan parquet spark_catalog.tpch.lineitem[l_orderkey#9L,l_extendedprice#14,l_discount#15,l_returnflag#17] Batched: true, Bucketed: true, DataFilters: [isnotnull(l_returnflag#17), (l_returnflag#17 = R), isnotnull(l_orderkey#9L)], Format: Parquet, Location: InMemoryFileIndex(1 paths)[file:/data/spark-warehouse/tpch.db/lineitem], PartitionFilters: [], PushedFilters: [IsNotNull(l_returnflag), EqualTo(l_returnflag,R), IsNotNull(l_orderkey)], ReadSchema: struct<l_orderkey:bigint,l_extendedprice:decimal(15,2),l_discount:decimal(15,2),l_returnflag:string>, SelectedBucketsCount: 60 out of 60", "metadata":{"Location":"InMemoryFileIndex(1 paths)[file:/data/spark-warehouse/tpch.db/lineitem]","ReadSchema":"struct<l_orderkey:bigint,l_extendedprice:decimal(15,2),l_discount:decimal(15,2),l_returnflag:string>","Format":"Parquet","SelectedBucketsCount":"60 out of 60","Batched":"true","PartitionFilters":"[]","PushedFilters":"[IsNotNull(l_returnflag), EqualTo(l_returnflag,R), IsNotNull(l_orderkey)]","DataFilters":"[isnotnull(l_returnflag#17), (l_returnflag#17 = R), isnotnull(l_orderkey#9L)]","Bucketed":"true"}, "metrics":[{"metricName":"number of files read","value":60,"accId":2538},{"metricName":"scan time","value":501,"accId":2537},{"metricName":"metadata time","value":0,"accId":2539},{"metricName":"size of files read","value":365478469,"accId":2540},{"metricName":"number of output rows","value":6017599,"accId":2536}], "children":[] }] }] }] }] }] }] }] }] }] },{ "nodeName":"InputAdapter", "description":"InputAdapter", "metadata":{}, "metrics":[], "children":[{ "nodeName":"BroadcastExchange", "description":"BroadcastExchange HashedRelationBroadcastMode(List(input[0, bigint, false]),false), [plan_id=1519]", "metadata":{}, "metrics":[{"metricName":"time to broadcast","value":0,"accId":2545},{"metricName":"time to build","value":1,"accId":2544},{"metricName":"time to collect","value":47,"accId":2543},{"metricName":"number of output rows","value":25,"accId":2542},{"metricName":"data size","value":1048776,"accId":2541}], "children":[{ "nodeName":"WholeStageCodegen (7)", "description":"WholeStageCodegen (7)", "metadata":{}, "metrics":[{"metricName":"duration","value":10,"accId":2546}], "children":[{ "nodeName":"Filter", "description":"Filter isnotnull(n_nationkey#580L)", "metadata":{}, "metrics":[{"metricName":"number of output rows","value":25,"accId":2547}], "children":[{ "nodeName":"ColumnarToRow", "description":"ColumnarToRow", "metadata":{}, "metrics":[{"metricName":"number of output rows","value":25,"accId":2548},{"metricName":"number of input batches","value":1,"accId":2549}], "children":[{ "nodeName":"InputAdapter", "description":"InputAdapter", "metadata":{}, "metrics":[], "children":[{ "nodeName":"Scan parquet spark_catalog.tpch.nation", "description":"FileScan parquet spark_catalog.tpch.nation[n_nationkey#580L,n_name#581] Batched: true, DataFilters: [isnotnull(n_nationkey#580L)], Format: Parquet, Location: InMemoryFileIndex(1 paths)[file:/data/spark-warehouse/tpch.db/nation], PartitionFilters: [], PushedFilters: [IsNotNull(n_nationkey)], ReadSchema: struct<n_nationkey:bigint,n_name:string>", "metadata":{"Location":"InMemoryFileIndex(1 paths)[file:/data/spark-warehouse/tpch.db/nation]","ReadSchema":"struct<n_nationkey:bigint,n_name:string>","Format":"Parquet","Batched":"true","PartitionFilters":"[]","PushedFilters":"[IsNotNull(n_nationkey)]","DataFilters":"[isnotnull(n_nationkey#580L)]"}, "metrics":[{"metricName":"number of files read","value":1,"accId":2552},{"metricName":"scan time","value":10,"accId":2551},{"metricName":"metadata time","value":0,"accId":2553},{"metricName":"size of files read","value":4008,"accId":2554},{"metricName":"number of output rows","value":25,"accId":2550}], "children":[] }] }] }] }] }] }] }] }] }] }] }] }] }] }] }] }}]