[{"totalTime":914,"stagePlan":{"stages":[{"id":60,"isQueryResult":false,"tasks":[{"id":56,"duration":27,"executor":1},{"id":11,"duration":26,"executor":0},{"id":7,"duration":26,"executor":0},{"id":48,"duration":25,"executor":0},{"id":5,"duration":54,"executor":0},{"id":30,"duration":22,"executor":0},{"id":27,"duration":42,"executor":2},{"id":22,"duration":40,"executor":0},{"id":38,"duration":45,"executor":0},{"id":32,"duration":58,"executor":2},{"id":54,"duration":52,"executor":0},{"id":9,"duration":47,"executor":0},{"id":21,"duration":29,"executor":0},{"id":20,"duration":35,"executor":0},{"id":35,"duration":24,"executor":0},{"id":10,"duration":46,"executor":0},{"id":41,"duration":58,"executor":2},{"id":51,"duration":47,"executor":2},{"id":59,"duration":20,"executor":0},{"id":16,"duration":44,"executor":1},{"id":46,"duration":22,"executor":0},{"id":50,"duration":51,"executor":1},{"id":55,"duration":66,"executor":2},{"id":53,"duration":56,"executor":0},{"id":1,"duration":134,"executor":1},{"id":2,"duration":55,"executor":0},{"id":34,"duration":58,"executor":1},{"id":24,"duration":40,"executor":0},{"id":36,"duration":41,"executor":2},{"id":6,"duration":25,"executor":0},{"id":28,"duration":60,"executor":1},{"id":19,"duration":55,"executor":1},{"id":58,"duration":56,"executor":1},{"id":13,"duration":36,"executor":1},{"id":26,"duration":43,"executor":1},{"id":4,"duration":133,"executor":1},{"id":12,"duration":31,"executor":1},{"id":25,"duration":32,"executor":2},{"id":40,"duration":31,"executor":2},{"id":43,"duration":61,"executor":1},{"id":52,"duration":39,"executor":1},{"id":42,"duration":50,"executor":1},{"id":39,"duration":49,"executor":0},{"id":45,"duration":23,"executor":0},{"id":57,"duration":56,"executor":2},{"id":49,"duration":28,"executor":2},{"id":33,"duration":26,"executor":0},{"id":37,"duration":38,"executor":1},{"id":23,"duration":22,"executor":1},{"id":31,"duration":22,"executor":0},{"id":14,"duration":24,"executor":0},{"id":47,"duration":28,"executor":0},{"id":0,"duration":164,"executor":2},{"id":29,"duration":44,"executor":2},{"id":15,"duration":26,"executor":0},{"id":17,"duration":44,"executor":2},{"id":3,"duration":165,"executor":2},{"id":44,"duration":46,"executor":2},{"id":8,"duration":23,"executor":0},{"id":18,"duration":61,"executor":2}],"rdds":[241,242,243,244,245,246,247,248,249],"parents":[],"accIds":[3219,3238,3239,3240,3241,3242,3243,3245,3248,3249,3251,3252,3253,3254,3255,3256,3257,3258,3262,3263,3264,3265,3266,3267,3268,3269,3270,3274,3275,3276,3277,3278,3279,3283,3302,3303,3304,3305,3306]},{"id":61,"isQueryResult":false,"tasks":[{"id":45,"duration":4,"executor":0},{"id":22,"duration":3,"executor":0},{"id":7,"duration":8,"executor":0},{"id":13,"duration":4,"executor":0},{"id":43,"duration":4,"executor":0},{"id":53,"duration":22,"executor":1},{"id":31,"duration":6,"executor":1},{"id":19,"duration":4,"executor":0},{"id":47,"duration":4,"executor":0},{"id":29,"duration":14,"executor":0},{"id":54,"duration":4,"executor":0},{"id":18,"duration":4,"executor":0},{"id":27,"duration":4,"executor":0},{"id":57,"duration":4,"executor":0},{"id":5,"duration":3,"executor":0},{"id":52,"duration":4,"executor":0},{"id":35,"duration":4,"executor":0},{"id":20,"duration":129,"executor":2},{"id":6,"duration":8,"executor":0},{"id":25,"duration":3,"executor":0},{"id":0,"duration":60,"executor":1},{"id":36,"duration":19,"executor":2},{"id":42,"duration":20,"executor":1},{"id":48,"duration":23,"executor":2},{"id":21,"duration":4,"executor":0},{"id":38,"duration":4,"executor":0},{"id":39,"duration":4,"executor":0},{"id":2,"duration":8,"executor":0},{"id":16,"duration":3,"executor":0},{"id":34,"duration":3,"executor":0},{"id":17,"duration":7,"executor":0},{"id":28,"duration":4,"executor":0},{"id":26,"duration":3,"executor":0},{"id":9,"duration":4,"executor":0},{"id":10,"duration":3,"executor":0},{"id":12,"duration":3,"executor":0},{"id":24,"duration":4,"executor":0},{"id":49,"duration":4,"executor":0},{"id":32,"duration":9,"executor":2},{"id":8,"duration":4,"executor":0},{"id":15,"duration":3,"executor":0},{"id":41,"duration":4,"executor":0},{"id":33,"duration":13,"executor":1},{"id":50,"duration":4,"executor":0},{"id":58,"duration":4,"executor":0},{"id":30,"duration":14,"executor":0},{"id":56,"duration":4,"executor":0},{"id":11,"duration":127,"executor":1},{"id":3,"duration":8,"executor":0},{"id":14,"duration":4,"executor":0},{"id":51,"duration":4,"executor":0},{"id":1,"duration":61,"executor":2},{"id":40,"duration":4,"executor":0},{"id":59,"duration":4,"executor":0},{"id":44,"duration":4,"executor":0},{"id":46,"duration":4,"executor":0},{"id":37,"duration":4,"executor":0},{"id":4,"duration":3,"executor":0},{"id":55,"duration":4,"executor":0},{"id":23,"duration":3,"executor":0}],"rdds":[250,251,252,253,254],"parents":[60],"accIds":[3212,3213,3214,3216,3217,3221,3222,3223,3225,3226,3227,3236,3309,3310,3311,3312,3313,3314,3315,3318,3320,3321,3322,3323,3324,3325,3326,3327,3328,3329,3330,3331,3332,3333,3334,3335,3336]},{"id":63,"isQueryResult":false,"tasks":[{"id":50,"duration":4,"executor":0},{"id":34,"duration":4,"executor":0},{"id":14,"duration":5,"executor":0},{"id":16,"duration":4,"executor":0},{"id":21,"duration":5,"executor":0},{"id":28,"duration":4,"executor":0},{"id":15,"duration":5,"executor":0},{"id":56,"duration":10,"executor":0},{"id":4,"duration":4,"executor":0},{"id":13,"duration":4,"executor":0},{"id":17,"duration":5,"executor":0},{"id":6,"duration":4,"executor":0},{"id":36,"duration":5,"executor":0},{"id":41,"duration":5,"executor":0},{"id":47,"duration":5,"executor":0},{"id":37,"duration":5,"executor":0},{"id":39,"duration":19,"executor":1},{"id":59,"duration":5,"executor":0},{"id":57,"duration":39,"executor":1},{"id":9,"duration":5,"executor":0},{"id":5,"duration":4,"executor":0},{"id":12,"duration":5,"executor":0},{"id":48,"duration":4,"executor":0},{"id":54,"duration":4,"executor":0},{"id":29,"duration":5,"executor":0},{"id":2,"duration":9,"executor":0},{"id":53,"duration":4,"executor":0},{"id":55,"duration":4,"executor":0},{"id":42,"duration":4,"executor":0},{"id":31,"duration":4,"executor":0},{"id":43,"duration":23,"executor":1},{"id":24,"duration":5,"executor":0},{"id":7,"duration":5,"executor":0},{"id":19,"duration":4,"executor":0},{"id":27,"duration":5,"executor":0},{"id":22,"duration":5,"executor":0},{"id":45,"duration":5,"executor":0},{"id":8,"duration":5,"executor":0},{"id":3,"duration":9,"executor":0},{"id":10,"duration":4,"executor":0},{"id":18,"duration":4,"executor":0},{"id":58,"duration":11,"executor":0},{"id":52,"duration":39,"executor":1},{"id":44,"duration":4,"executor":0},{"id":30,"duration":5,"executor":0},{"id":23,"duration":5,"executor":0},{"id":26,"duration":4,"executor":0},{"id":40,"duration":4,"executor":0},{"id":38,"duration":11,"executor":2},{"id":33,"duration":4,"executor":0},{"id":32,"duration":5,"executor":0},{"id":35,"duration":7,"executor":0},{"id":25,"duration":4,"executor":0},{"id":51,"duration":4,"executor":0},{"id":1,"duration":77,"executor":1},{"id":0,"duration":76,"executor":2},{"id":20,"duration":82,"executor":1},{"id":11,"duration":92,"executor":2},{"id":49,"duration":44,"executor":2},{"id":46,"duration":30,"executor":2}],"rdds":[250,251,255],"parents":[62],"accIds":[3190,3209,3210,3211,3212,3213,3214,3216,3217,3221,3222,3223,3225,3226,3227,3236,3344,3345,3346,3347,3348,3349,3350,3353,3355,3356,3357,3358,3359,3360,3361,3362,3363,3364,3365,3366,3367,3368,3369,3370,3371,3372,3373,3374]},{"id":64,"isQueryResult":true,"tasks":[{"id":0,"duration":70,"executor":2},{"id":1,"duration":70,"executor":1}],"rdds":[256,257,258],"parents":[63],"accIds":[3186,3187,3188,3189,3193,3196,3197,3198,3379,3380,3381,3382,3383,3388,3390,3391,3392,3393,3394,3395,3396,3397,3398,3399,3400,3401,3402,3403,3404,3405,3406]}]},"sqlPlan":{ "nodeName":"WholeStageCodegen (5)", "description":"WholeStageCodegen (5)", "metadata":{}, "metrics":[{"metricName":"duration","value":1,"accId":3186}], "children":[{ "nodeName":"Sort", "description":"Sort [l_shipmode#23 ASC NULLS FIRST], true, 0", "metadata":{}, "metrics":[{"metricName":"sort time","value":0,"accId":3187},{"metricName":"peak memory","value":134348768,"accId":3188},{"metricName":"spill size","value":0,"accId":3189}], "children":[{ "nodeName":"InputAdapter", "description":"InputAdapter", "metadata":{}, "metrics":[], "children":[{ "nodeName":"Exchange", "description":"Exchange rangepartitioning(l_shipmode#23 ASC NULLS FIRST, 60), ENSURE_REQUIREMENTS, [plan_id=1934]", "metadata":{}, "metrics":[{"metricName":"shuffle records written","value":2,"accId":3210},{"metricName":"local merged chunks fetched","value":0,"accId":3204},{"metricName":"shuffle write time","value":660237,"accId":3211},{"metricName":"remote merged bytes read","value":0,"accId":3205},{"metricName":"local merged blocks fetched","value":0,"accId":3202},{"metricName":"corrupt merged block chunks","value":0,"accId":3199},{"metricName":"remote merged reqs duration","value":0,"accId":3208},{"metricName":"remote merged blocks fetched","value":0,"accId":3201},{"metricName":"records read","value":2,"accId":3198},{"metricName":"local bytes read","value":154,"accId":3196},{"metricName":"fetch wait time","value":0,"accId":3197},{"metricName":"remote bytes read","value":0,"accId":3194},{"metricName":"merged fetch fallback count","value":0,"accId":3200},{"metricName":"local blocks read","value":2,"accId":3193},{"metricName":"remote merged chunks fetched","value":0,"accId":3203},{"metricName":"remote blocks read","value":0,"accId":3192},{"metricName":"data size","value":80,"accId":3190},{"metricName":"local merged bytes read","value":0,"accId":3206},{"metricName":"number of partitions","value":2,"accId":3191},{"metricName":"remote reqs duration","value":0,"accId":3207},{"metricName":"remote bytes read to disk","value":0,"accId":3195},{"metricName":"shuffle bytes written","value":154,"accId":3209}], "children":[{ "nodeName":"WholeStageCodegen (4)", "description":"WholeStageCodegen (4)", "metadata":{}, "metrics":[{"metricName":"duration","value":192,"accId":3212}], "children":[{ "nodeName":"HashAggregate", "description":"HashAggregate(keys=[l_shipmode#23], functions=[sum(CASE WHEN ((o_orderpriority#576 = 1-URGENT) OR (o_orderpriority#576 = 2-HIGH)) THEN 1 ELSE 0 END), sum(CASE WHEN (NOT (o_orderpriority#576 = 1-URGENT) AND NOT (o_orderpriority#576 = 2-HIGH)) THEN 1 ELSE 0 END)])", "metadata":{}, "metrics":[{"metricName":"spill size","value":0,"accId":3215},{"metricName":"time in aggregation build","value":154,"accId":3216},{"metricName":"peak memory","value":299892672,"accId":3214},{"metricName":"number of output rows","value":4,"accId":3213},{"metricName":"number of sort fallback tasks","value":0,"accId":3218},{"metricName":"avg hash probes per key","value":40,"accId":3217}], "children":[{ "nodeName":"InputAdapter", "description":"InputAdapter", "metadata":{}, "metrics":[], "children":[{ "nodeName":"Exchange", "description":"Exchange hashpartitioning(l_shipmode#23, 60), ENSURE_REQUIREMENTS, [plan_id=1930]", "metadata":{}, "metrics":[{"metricName":"shuffle records written","value":120,"accId":3239},{"metricName":"local merged chunks fetched","value":0,"accId":3233},{"metricName":"shuffle write time","value":114491510,"accId":3240},{"metricName":"remote merged bytes read","value":0,"accId":3234},{"metricName":"local merged blocks fetched","value":0,"accId":3231},{"metricName":"corrupt merged block chunks","value":0,"accId":3228},{"metricName":"remote merged reqs duration","value":0,"accId":3237},{"metricName":"remote merged blocks fetched","value":0,"accId":3230},{"metricName":"records read","value":240,"accId":3227},{"metricName":"local bytes read","value":4950,"accId":3225},{"metricName":"fetch wait time","value":134,"accId":3226},{"metricName":"remote bytes read","value":13050,"accId":3223},{"metricName":"merged fetch fallback count","value":0,"accId":3229},{"metricName":"local blocks read","value":66,"accId":3222},{"metricName":"remote merged chunks fetched","value":0,"accId":3232},{"metricName":"remote blocks read","value":174,"accId":3221},{"metricName":"data size","value":4800,"accId":3219},{"metricName":"local merged bytes read","value":0,"accId":3235},{"metricName":"number of partitions","value":60,"accId":3220},{"metricName":"remote reqs duration","value":172,"accId":3236},{"metricName":"remote bytes read to disk","value":0,"accId":3224},{"metricName":"shuffle bytes written","value":9000,"accId":3238}], "children":[{ "nodeName":"WholeStageCodegen (3)", "description":"WholeStageCodegen (3)", "metadata":{}, "metrics":[{"metricName":"duration","value":1936,"accId":3241}], "children":[{ "nodeName":"HashAggregate", "description":"HashAggregate(keys=[l_shipmode#23], functions=[partial_sum(CASE WHEN ((o_orderpriority#576 = 1-URGENT) OR (o_orderpriority#576 = 2-HIGH)) THEN 1 ELSE 0 END), partial_sum(CASE WHEN (NOT (o_orderpriority#576 = 1-URGENT) AND NOT (o_orderpriority#576 = 2-HIGH)) THEN 1 ELSE 0 END)])", "metadata":{}, "metrics":[{"metricName":"spill size","value":0,"accId":3244},{"metricName":"time in aggregation build","value":1747,"accId":3245},{"metricName":"peak memory","value":15728640,"accId":3243},{"metricName":"number of output rows","value":120,"accId":3242},{"metricName":"number of sort fallback tasks","value":0,"accId":3247},{"metricName":"avg hash probes per key","value":0,"accId":3246}], "children":[{ "nodeName":"Project", "description":"Project [o_orderpriority#576, l_shipmode#23]", "metadata":{}, "metrics":[], "children":[{ "nodeName":"SortMergeJoin", "description":"SortMergeJoin [o_orderkey#571L], [l_orderkey#9L], Inner", "metadata":{}, "metrics":[{"metricName":"number of output rows","value":30988,"accId":3248},{"metricName":"spill size","value":0,"accId":3249}], "children":[{ "nodeName":"InputAdapter", "description":"InputAdapter", "metadata":{}, "metrics":[], "children":[{ "nodeName":"WholeStageCodegen (1)", "description":"WholeStageCodegen (1)", "metadata":{}, "metrics":[{"metricName":"duration","value":0,"accId":3250}], "children":[{ "nodeName":"Sort", "description":"Sort [o_orderkey#571L ASC NULLS FIRST], false, 0", "metadata":{}, "metrics":[{"metricName":"sort time","value":0,"accId":3251},{"metricName":"peak memory","value":4089445440,"accId":3252},{"metricName":"spill size","value":0,"accId":3253}], "children":[{ "nodeName":"Filter", "description":"Filter isnotnull(o_orderkey#571L)", "metadata":{}, "metrics":[{"metricName":"number of output rows","value":1500000,"accId":3254}], "children":[{ "nodeName":"ColumnarToRow", "description":"ColumnarToRow", "metadata":{}, "metrics":[{"metricName":"number of output rows","value":1500000,"accId":3255},{"metricName":"number of input batches","value":420,"accId":3256}], "children":[{ "nodeName":"InputAdapter", "description":"InputAdapter", "metadata":{}, "metrics":[], "children":[{ "nodeName":"Scan parquet spark_catalog.tpch.orders", "description":"FileScan parquet spark_catalog.tpch.orders[o_orderkey#571L,o_orderpriority#576] Batched: true, Bucketed: true, DataFilters: [isnotnull(o_orderkey#571L)], Format: Parquet, Location: InMemoryFileIndex(1 paths)[file:/data/spark-warehouse/tpch.db/orders], PartitionFilters: [], PushedFilters: [IsNotNull(o_orderkey)], ReadSchema: struct<o_orderkey:bigint,o_orderpriority:string>, SelectedBucketsCount: 60 out of 60", "metadata":{"Location":"InMemoryFileIndex(1 paths)[file:/data/spark-warehouse/tpch.db/orders]","ReadSchema":"struct<o_orderkey:bigint,o_orderpriority:string>","Format":"Parquet","SelectedBucketsCount":"60 out of 60","Batched":"true","PartitionFilters":"[]","PushedFilters":"[IsNotNull(o_orderkey)]","DataFilters":"[isnotnull(o_orderkey#571L)]","Bucketed":"true"}, "metrics":[{"metricName":"number of files read","value":60,"accId":3259},{"metricName":"scan time","value":375,"accId":3258},{"metricName":"metadata time","value":0,"accId":3260},{"metricName":"size of files read","value":121789992,"accId":3261},{"metricName":"number of output rows","value":1500000,"accId":3257}], "children":[] }] }] }] }] }] }] },{ "nodeName":"InputAdapter", "description":"InputAdapter", "metadata":{}, "metrics":[], "children":[{ "nodeName":"WholeStageCodegen (2)", "description":"WholeStageCodegen (2)", "metadata":{}, "metrics":[{"metricName":"duration","value":3798,"accId":3262}], "children":[{ "nodeName":"Sort", "description":"Sort [l_orderkey#9L ASC NULLS FIRST], false, 0", "metadata":{}, "metrics":[{"metricName":"sort time","value":0,"accId":3263},{"metricName":"peak memory","value":4030463040,"accId":3264},{"metricName":"spill size","value":0,"accId":3265}], "children":[{ "nodeName":"Project", "description":"Project [l_orderkey#9L, l_shipmode#23]", "metadata":{}, "metrics":[], "children":[{ "nodeName":"Filter", "description":"Filter ((((((((isnotnull(l_commitdate#20) AND isnotnull(l_receiptdate#21)) AND isnotnull(l_shipdate#19)) AND l_shipmode#23 IN (MAIL,SHIP)) AND (l_commitdate#20 < l_receiptdate#21)) AND (l_shipdate#19 < l_commitdate#20)) AND (l_receiptdate#21 >= 1994-01-01)) AND (l_receiptdate#21 < 1995-01-01)) AND isnotnull(l_orderkey#9L))", "metadata":{}, "metrics":[{"metricName":"number of output rows","value":30988,"accId":3266}], "children":[{ "nodeName":"ColumnarToRow", "description":"ColumnarToRow", "metadata":{}, "metrics":[{"metricName":"number of output rows","value":6001210,"accId":3267},{"metricName":"number of input batches","value":1500,"accId":3268}], "children":[{ "nodeName":"InputAdapter", "description":"InputAdapter", "metadata":{}, "metrics":[], "children":[{ "nodeName":"Scan parquet spark_catalog.tpch.lineitem", "description":"FileScan parquet spark_catalog.tpch.lineitem[l_orderkey#9L,l_shipdate#19,l_commitdate#20,l_receiptdate#21,l_shipmode#23] Batched: true, Bucketed: true, DataFilters: [isnotnull(l_commitdate#20), isnotnull(l_receiptdate#21), isnotnull(l_shipdate#19), l_shipmode#23..., Format: Parquet, Location: InMemoryFileIndex(1 paths)[file:/data/spark-warehouse/tpch.db/lineitem], PartitionFilters: [], PushedFilters: [IsNotNull(l_commitdate), IsNotNull(l_receiptdate), IsNotNull(l_shipdate), In(l_shipmode, [MAIL,S..., ReadSchema: struct<l_orderkey:bigint,l_shipdate:date,l_commitdate:date,l_receiptdate:date,l_shipmode:string>, SelectedBucketsCount: 60 out of 60", "metadata":{"Location":"InMemoryFileIndex(1 paths)[file:/data/spark-warehouse/tpch.db/lineitem]","ReadSchema":"struct<l_orderkey:bigint,l_shipdate:date,l_commitdate:date,l_receiptdate:date,l_shipmode:string>","Format":"Parquet","SelectedBucketsCount":"60 out of 60","Batched":"true","PartitionFilters":"[]","PushedFilters":"[IsNotNull(l_commitdate), IsNotNull(l_receiptdate), IsNotNull(l_shipdate), In(l_shipmode, [MAIL,SHIP]), GreaterThanOrEqual(l_receiptdate,1994-01-01), LessThan(l_receiptdate,1995-01-01), IsNotNull(l_orderkey)]","DataFilters":"[isnotnull(l_commitdate#20), isnotnull(l_receiptdate#21), isnotnull(l_shipdate#19), l_shipmode#23 IN (MAIL,SHIP), (l_commitdate#20 < l_receiptdate#21), (l_shipdate#19 < l_commitdate#20), (l_receiptdate#21 >= 1994-01-01), (l_receiptdate#21 < 1995-01-01), isnotnull(l_orderkey#9L)]","Bucketed":"true"}, "metrics":[{"metricName":"number of files read","value":60,"accId":3271},{"metricName":"scan time","value":480,"accId":3270},{"metricName":"metadata time","value":0,"accId":3272},{"metricName":"size of files read","value":365478469,"accId":3273},{"metricName":"number of output rows","value":6001210,"accId":3269}], "children":[] }] }] }] }] }] }] }] }] }] }] }] }] }] }] }] }] }] }] }] }},{"totalTime":822,"stagePlan":{"stages":[{"id":65,"isQueryResult":false,"tasks":[{"id":54,"duration":19,"executor":0},{"id":17,"duration":30,"executor":0},{"id":7,"duration":31,"executor":0},{"id":18,"duration":29,"executor":2},{"id":42,"duration":35,"executor":2},{"id":3,"duration":47,"executor":0},{"id":29,"duration":37,"executor":1},{"id":38,"duration":28,"executor":2},{"id":22,"duration":37,"executor":1},{"id":30,"duration":61,"executor":2},{"id":27,"duration":42,"executor":1},{"id":56,"duration":20,"executor":0},{"id":43,"duration":39,"executor":1},{"id":41,"duration":26,"executor":1},{"id":0,"duration":47,"executor":0},{"id":46,"duration":35,"executor":2},{"id":44,"duration":21,"executor":0},{"id":8,"duration":24,"executor":0},{"id":57,"duration":20,"executor":0},{"id":9,"duration":22,"executor":0},{"id":39,"duration":22,"executor":0},{"id":52,"duration":54,"executor":2},{"id":59,"duration":20,"executor":0},{"id":13,"duration":46,"executor":2},{"id":5,"duration":171,"executor":1},{"id":4,"duration":115,"executor":2},{"id":31,"duration":41,"executor":0},{"id":20,"duration":28,"executor":1},{"id":21,"duration":25,"executor":0},{"id":34,"duration":19,"executor":0},{"id":11,"duration":23,"executor":0},{"id":37,"duration":19,"executor":0},{"id":58,"duration":32,"executor":1},{"id":36,"duration":20,"executor":0},{"id":10,"duration":23,"executor":0},{"id":35,"duration":45,"executor":1},{"id":19,"duration":28,"executor":2},{"id":33,"duration":48,"executor":1},{"id":47,"duration":43,"executor":1},{"id":55,"duration":49,"executor":1},{"id":24,"duration":33,"executor":2},{"id":32,"duration":59,"executor":2},{"id":15,"duration":23,"executor":0},{"id":14,"duration":24,"executor":0},{"id":40,"duration":18,"executor":0},{"id":6,"duration":29,"executor":0},{"id":28,"duration":41,"executor":0},{"id":12,"duration":39,"executor":2},{"id":50,"duration":59,"executor":2},{"id":16,"duration":24,"executor":0},{"id":45,"duration":20,"executor":0},{"id":53,"duration":20,"executor":0},{"id":49,"duration":22,"executor":0},{"id":25,"duration":36,"executor":2},{"id":48,"duration":22,"executor":0},{"id":26,"duration":24,"executor":0},{"id":1,"duration":118,"executor":2},{"id":51,"duration":43,"executor":1},{"id":23,"duration":27,"executor":0},{"id":2,"duration":167,"executor":1}],"rdds":[259,260,261,262,263,264,265,266,267],"parents":[],"accIds":[3447,3466,3467,3468,3469,3470,3471,3473,3476,3477,3479,3480,3481,3482,3483,3484,3485,3486,3490,3491,3492,3493,3494,3495,3496,3497,3498,3502,3503,3504,3505,3506,3511,3530,3531,3532,3533,3534]},{"id":66,"isQueryResult":false,"tasks":[{"id":9,"duration":3,"executor":0},{"id":29,"duration":3,"executor":0},{"id":28,"duration":3,"executor":0},{"id":4,"duration":3,"executor":0},{"id":13,"duration":8,"executor":0},{"id":38,"duration":4,"executor":0},{"id":10,"duration":3,"executor":0},{"id":15,"duration":4,"executor":0},{"id":39,"duration":4,"executor":0},{"id":59,"duration":31,"executor":0},{"id":33,"duration":18,"executor":0},{"id":52,"duration":3,"executor":0},{"id":43,"duration":3,"executor":0},{"id":30,"duration":3,"executor":0},{"id":12,"duration":7,"executor":0},{"id":26,"duration":4,"executor":0},{"id":42,"duration":3,"executor":0},{"id":7,"duration":3,"executor":0},{"id":44,"duration":3,"executor":0},{"id":50,"duration":3,"executor":0},{"id":22,"duration":4,"executor":0},{"id":31,"duration":3,"executor":0},{"id":2,"duration":7,"executor":0},{"id":6,"duration":4,"executor":0},{"id":37,"duration":11,"executor":1},{"id":53,"duration":3,"executor":0},{"id":20,"duration":103,"executor":1},{"id":57,"duration":2,"executor":0},{"id":17,"duration":4,"executor":0},{"id":49,"duration":4,"executor":0},{"id":8,"duration":4,"executor":0},{"id":18,"duration":4,"executor":0},{"id":45,"duration":3,"executor":0},{"id":5,"duration":3,"executor":0},{"id":21,"duration":3,"executor":0},{"id":34,"duration":19,"executor":0},{"id":41,"duration":20,"executor":2},{"id":40,"duration":3,"executor":0},{"id":55,"duration":3,"executor":0},{"id":3,"duration":7,"executor":0},{"id":23,"duration":3,"executor":0},{"id":0,"duration":73,"executor":2},{"id":35,"duration":5,"executor":0},{"id":11,"duration":105,"executor":2},{"id":14,"duration":4,"executor":0},{"id":27,"duration":4,"executor":0},{"id":19,"duration":4,"executor":0},{"id":58,"duration":3,"executor":0},{"id":47,"duration":3,"executor":0},{"id":24,"duration":4,"executor":0},{"id":46,"duration":25,"executor":1},{"id":54,"duration":23,"executor":2},{"id":36,"duration":5,"executor":2},{"id":32,"duration":3,"executor":0},{"id":51,"duration":3,"executor":0},{"id":16,"duration":3,"executor":0},{"id":56,"duration":3,"executor":0},{"id":48,"duration":4,"executor":0},{"id":1,"duration":73,"executor":1},{"id":25,"duration":3,"executor":0}],"rdds":[268,269,270,271,272],"parents":[65],"accIds":[3440,3441,3442,3444,3445,3449,3450,3451,3453,3454,3455,3464,3537,3538,3539,3540,3541,3542,3543,3546,3548,3549,3550,3551,3552,3553,3554,3555,3556,3557,3558,3559,3560,3561,3562,3563,3564]},{"id":68,"isQueryResult":false,"tasks":[{"id":7,"duration":4,"executor":0},{"id":12,"duration":3,"executor":0},{"id":18,"duration":3,"executor":0},{"id":47,"duration":3,"executor":0},{"id":20,"duration":66,"executor":0},{"id":14,"duration":3,"executor":0},{"id":0,"duration":70,"executor":2},{"id":45,"duration":4,"executor":0},{"id":2,"duration":71,"executor":1},{"id":35,"duration":3,"executor":0},{"id":59,"duration":39,"executor":1},{"id":21,"duration":3,"executor":0},{"id":34,"duration":4,"executor":0},{"id":9,"duration":3,"executor":0},{"id":13,"duration":4,"executor":0},{"id":57,"duration":4,"executor":0},{"id":17,"duration":3,"executor":0},{"id":29,"duration":5,"executor":0},{"id":38,"duration":4,"executor":0},{"id":56,"duration":32,"executor":2},{"id":46,"duration":4,"executor":0},{"id":58,"duration":4,"executor":0},{"id":22,"duration":4,"executor":0},{"id":8,"duration":3,"executor":0},{"id":3,"duration":70,"executor":1},{"id":43,"duration":4,"executor":0},{"id":44,"duration":4,"executor":0},{"id":52,"duration":4,"executor":0},{"id":27,"duration":12,"executor":1},{"id":19,"duration":4,"executor":0},{"id":54,"duration":3,"executor":0},{"id":1,"duration":8,"executor":0},{"id":24,"duration":5,"executor":0},{"id":40,"duration":4,"executor":0},{"id":42,"duration":32,"executor":1},{"id":31,"duration":5,"executor":0},{"id":49,"duration":4,"executor":0},{"id":55,"duration":4,"executor":0},{"id":32,"duration":29,"executor":2},{"id":5,"duration":4,"executor":0},{"id":11,"duration":111,"executor":2},{"id":41,"duration":3,"executor":0},{"id":37,"duration":4,"executor":0},{"id":33,"duration":4,"executor":0},{"id":10,"duration":4,"executor":0},{"id":4,"duration":3,"executor":0},{"id":6,"duration":3,"executor":0},{"id":39,"duration":4,"executor":0},{"id":25,"duration":4,"executor":0},{"id":51,"duration":29,"executor":2},{"id":16,"duration":4,"executor":0},{"id":15,"duration":4,"executor":0},{"id":26,"duration":6,"executor":2},{"id":36,"duration":32,"executor":1},{"id":50,"duration":4,"executor":0},{"id":53,"duration":3,"executor":0},{"id":48,"duration":3,"executor":0},{"id":23,"duration":4,"executor":0},{"id":28,"duration":22,"executor":1},{"id":30,"duration":4,"executor":0}],"rdds":[268,269,273],"parents":[67],"accIds":[3418,3437,3438,3439,3440,3441,3442,3444,3445,3449,3450,3451,3453,3454,3455,3464,3572,3573,3574,3575,3576,3581,3583,3584,3585,3586,3587,3588,3589,3590,3591,3592,3593,3594,3595,3596,3597,3598,3599,3600,3601,3602]},{"id":69,"isQueryResult":true,"tasks":[{"id":1,"duration":13,"executor":0},{"id":0,"duration":39,"executor":2}],"rdds":[274,275,276],"parents":[68],"accIds":[3414,3415,3416,3417,3421,3424,3425,3426,3607,3608,3609,3610,3611,3612,3616,3618,3619,3620,3621,3622,3623,3624,3625,3626,3627,3628,3629,3630,3631,3632,3633,3634]}]},"sqlPlan":{ "nodeName":"WholeStageCodegen (5)", "description":"WholeStageCodegen (5)", "metadata":{}, "metrics":[{"metricName":"duration","value":1,"accId":3414}], "children":[{ "nodeName":"Sort", "description":"Sort [l_shipmode#23 ASC NULLS FIRST], true, 0", "metadata":{}, "metrics":[{"metricName":"sort time","value":0,"accId":3415},{"metricName":"peak memory","value":134348768,"accId":3416},{"metricName":"spill size","value":0,"accId":3417}], "children":[{ "nodeName":"InputAdapter", "description":"InputAdapter", "metadata":{}, "metrics":[], "children":[{ "nodeName":"Exchange", "description":"Exchange rangepartitioning(l_shipmode#23 ASC NULLS FIRST, 60), ENSURE_REQUIREMENTS, [plan_id=2059]", "metadata":{}, "metrics":[{"metricName":"shuffle records written","value":2,"accId":3438},{"metricName":"local merged chunks fetched","value":0,"accId":3432},{"metricName":"shuffle write time","value":588868,"accId":3439},{"metricName":"remote merged bytes read","value":0,"accId":3433},{"metricName":"local merged blocks fetched","value":0,"accId":3430},{"metricName":"corrupt merged block chunks","value":0,"accId":3427},{"metricName":"remote merged reqs duration","value":0,"accId":3436},{"metricName":"remote merged blocks fetched","value":0,"accId":3429},{"metricName":"records read","value":2,"accId":3426},{"metricName":"local bytes read","value":154,"accId":3424},{"metricName":"fetch wait time","value":0,"accId":3425},{"metricName":"remote bytes read","value":0,"accId":3422},{"metricName":"merged fetch fallback count","value":0,"accId":3428},{"metricName":"local blocks read","value":2,"accId":3421},{"metricName":"remote merged chunks fetched","value":0,"accId":3431},{"metricName":"remote blocks read","value":0,"accId":3420},{"metricName":"data size","value":80,"accId":3418},{"metricName":"local merged bytes read","value":0,"accId":3434},{"metricName":"number of partitions","value":2,"accId":3419},{"metricName":"remote reqs duration","value":0,"accId":3435},{"metricName":"remote bytes read to disk","value":0,"accId":3423},{"metricName":"shuffle bytes written","value":154,"accId":3437}], "children":[{ "nodeName":"WholeStageCodegen (4)", "description":"WholeStageCodegen (4)", "metadata":{}, "metrics":[{"metricName":"duration","value":201,"accId":3440}], "children":[{ "nodeName":"HashAggregate", "description":"HashAggregate(keys=[l_shipmode#23], functions=[sum(CASE WHEN ((o_orderpriority#576 = 1-URGENT) OR (o_orderpriority#576 = 2-HIGH)) THEN 1 ELSE 0 END), sum(CASE WHEN (NOT (o_orderpriority#576 = 1-URGENT) AND NOT (o_orderpriority#576 = 2-HIGH)) THEN 1 ELSE 0 END)])", "metadata":{}, "metrics":[{"metricName":"spill size","value":0,"accId":3443},{"metricName":"time in aggregation build","value":156,"accId":3444},{"metricName":"peak memory","value":299892672,"accId":3442},{"metricName":"number of output rows","value":4,"accId":3441},{"metricName":"number of sort fallback tasks","value":0,"accId":3446},{"metricName":"avg hash probes per key","value":40,"accId":3445}], "children":[{ "nodeName":"InputAdapter", "description":"InputAdapter", "metadata":{}, "metrics":[], "children":[{ "nodeName":"Exchange", "description":"Exchange hashpartitioning(l_shipmode#23, 60), ENSURE_REQUIREMENTS, [plan_id=2055]", "metadata":{}, "metrics":[{"metricName":"shuffle records written","value":120,"accId":3467},{"metricName":"local merged chunks fetched","value":0,"accId":3461},{"metricName":"shuffle write time","value":88747084,"accId":3468},{"metricName":"remote merged bytes read","value":0,"accId":3462},{"metricName":"local merged blocks fetched","value":0,"accId":3459},{"metricName":"corrupt merged block chunks","value":0,"accId":3456},{"metricName":"remote merged reqs duration","value":0,"accId":3465},{"metricName":"remote merged blocks fetched","value":0,"accId":3458},{"metricName":"records read","value":240,"accId":3455},{"metricName":"local bytes read","value":5625,"accId":3453},{"metricName":"fetch wait time","value":131,"accId":3454},{"metricName":"remote bytes read","value":12375,"accId":3451},{"metricName":"merged fetch fallback count","value":0,"accId":3457},{"metricName":"local blocks read","value":75,"accId":3450},{"metricName":"remote merged chunks fetched","value":0,"accId":3460},{"metricName":"remote blocks read","value":165,"accId":3449},{"metricName":"data size","value":4800,"accId":3447},{"metricName":"local merged bytes read","value":0,"accId":3463},{"metricName":"number of partitions","value":60,"accId":3448},{"metricName":"remote reqs duration","value":225,"accId":3464},{"metricName":"remote bytes read to disk","value":0,"accId":3452},{"metricName":"shuffle bytes written","value":9000,"accId":3466}], "children":[{ "nodeName":"WholeStageCodegen (3)", "description":"WholeStageCodegen (3)", "metadata":{}, "metrics":[{"metricName":"duration","value":1690,"accId":3469}], "children":[{ "nodeName":"HashAggregate", "description":"HashAggregate(keys=[l_shipmode#23], functions=[partial_sum(CASE WHEN ((o_orderpriority#576 = 1-URGENT) OR (o_orderpriority#576 = 2-HIGH)) THEN 1 ELSE 0 END), partial_sum(CASE WHEN (NOT (o_orderpriority#576 = 1-URGENT) AND NOT (o_orderpriority#576 = 2-HIGH)) THEN 1 ELSE 0 END)])", "metadata":{}, "metrics":[{"metricName":"spill size","value":0,"accId":3472},{"metricName":"time in aggregation build","value":1535,"accId":3473},{"metricName":"peak memory","value":15728640,"accId":3471},{"metricName":"number of output rows","value":120,"accId":3470},{"metricName":"number of sort fallback tasks","value":0,"accId":3475},{"metricName":"avg hash probes per key","value":0,"accId":3474}], "children":[{ "nodeName":"Project", "description":"Project [o_orderpriority#576, l_shipmode#23]", "metadata":{}, "metrics":[], "children":[{ "nodeName":"SortMergeJoin", "description":"SortMergeJoin [o_orderkey#571L], [l_orderkey#9L], Inner", "metadata":{}, "metrics":[{"metricName":"number of output rows","value":30988,"accId":3476},{"metricName":"spill size","value":0,"accId":3477}], "children":[{ "nodeName":"InputAdapter", "description":"InputAdapter", "metadata":{}, "metrics":[], "children":[{ "nodeName":"WholeStageCodegen (1)", "description":"WholeStageCodegen (1)", "metadata":{}, "metrics":[{"metricName":"duration","value":0,"accId":3478}], "children":[{ "nodeName":"Sort", "description":"Sort [o_orderkey#571L ASC NULLS FIRST], false, 0", "metadata":{}, "metrics":[{"metricName":"sort time","value":7,"accId":3479},{"metricName":"peak memory","value":4089445440,"accId":3480},{"metricName":"spill size","value":0,"accId":3481}], "children":[{ "nodeName":"Filter", "description":"Filter isnotnull(o_orderkey#571L)", "metadata":{}, "metrics":[{"metricName":"number of output rows","value":1500000,"accId":3482}], "children":[{ "nodeName":"ColumnarToRow", "description":"ColumnarToRow", "metadata":{}, "metrics":[{"metricName":"number of output rows","value":1500000,"accId":3483},{"metricName":"number of input batches","value":420,"accId":3484}], "children":[{ "nodeName":"InputAdapter", "description":"InputAdapter", "metadata":{}, "metrics":[], "children":[{ "nodeName":"Scan parquet spark_catalog.tpch.orders", "description":"FileScan parquet spark_catalog.tpch.orders[o_orderkey#571L,o_orderpriority#576] Batched: true, Bucketed: true, DataFilters: [isnotnull(o_orderkey#571L)], Format: Parquet, Location: InMemoryFileIndex(1 paths)[file:/data/spark-warehouse/tpch.db/orders], PartitionFilters: [], PushedFilters: [IsNotNull(o_orderkey)], ReadSchema: struct<o_orderkey:bigint,o_orderpriority:string>, SelectedBucketsCount: 60 out of 60", "metadata":{"Location":"InMemoryFileIndex(1 paths)[file:/data/spark-warehouse/tpch.db/orders]","ReadSchema":"struct<o_orderkey:bigint,o_orderpriority:string>","Format":"Parquet","SelectedBucketsCount":"60 out of 60","Batched":"true","PartitionFilters":"[]","PushedFilters":"[IsNotNull(o_orderkey)]","DataFilters":"[isnotnull(o_orderkey#571L)]","Bucketed":"true"}, "metrics":[{"metricName":"number of files read","value":60,"accId":3487},{"metricName":"scan time","value":291,"accId":3486},{"metricName":"metadata time","value":0,"accId":3488},{"metricName":"size of files read","value":121789992,"accId":3489},{"metricName":"number of output rows","value":1500000,"accId":3485}], "children":[] }] }] }] }] }] }] },{ "nodeName":"InputAdapter", "description":"InputAdapter", "metadata":{}, "metrics":[], "children":[{ "nodeName":"WholeStageCodegen (2)", "description":"WholeStageCodegen (2)", "metadata":{}, "metrics":[{"metricName":"duration","value":3292,"accId":3490}], "children":[{ "nodeName":"Sort", "description":"Sort [l_orderkey#9L ASC NULLS FIRST], false, 0", "metadata":{}, "metrics":[{"metricName":"sort time","value":0,"accId":3491},{"metricName":"peak memory","value":4030463040,"accId":3492},{"metricName":"spill size","value":0,"accId":3493}], "children":[{ "nodeName":"Project", "description":"Project [l_orderkey#9L, l_shipmode#23]", "metadata":{}, "metrics":[], "children":[{ "nodeName":"Filter", "description":"Filter ((((((((isnotnull(l_commitdate#20) AND isnotnull(l_receiptdate#21)) AND isnotnull(l_shipdate#19)) AND l_shipmode#23 IN (MAIL,SHIP)) AND (l_commitdate#20 < l_receiptdate#21)) AND (l_shipdate#19 < l_commitdate#20)) AND (l_receiptdate#21 >= 1994-01-01)) AND (l_receiptdate#21 < 1995-01-01)) AND isnotnull(l_orderkey#9L))", "metadata":{}, "metrics":[{"metricName":"number of output rows","value":30988,"accId":3494}], "children":[{ "nodeName":"ColumnarToRow", "description":"ColumnarToRow", "metadata":{}, "metrics":[{"metricName":"number of output rows","value":6001210,"accId":3495},{"metricName":"number of input batches","value":1500,"accId":3496}], "children":[{ "nodeName":"InputAdapter", "description":"InputAdapter", "metadata":{}, "metrics":[], "children":[{ "nodeName":"Scan parquet spark_catalog.tpch.lineitem", "description":"FileScan parquet spark_catalog.tpch.lineitem[l_orderkey#9L,l_shipdate#19,l_commitdate#20,l_receiptdate#21,l_shipmode#23] Batched: true, Bucketed: true, DataFilters: [isnotnull(l_commitdate#20), isnotnull(l_receiptdate#21), isnotnull(l_shipdate#19), l_shipmode#23..., Format: Parquet, Location: InMemoryFileIndex(1 paths)[file:/data/spark-warehouse/tpch.db/lineitem], PartitionFilters: [], PushedFilters: [IsNotNull(l_commitdate), IsNotNull(l_receiptdate), IsNotNull(l_shipdate), In(l_shipmode, [MAIL,S..., ReadSchema: struct<l_orderkey:bigint,l_shipdate:date,l_commitdate:date,l_receiptdate:date,l_shipmode:string>, SelectedBucketsCount: 60 out of 60", "metadata":{"Location":"InMemoryFileIndex(1 paths)[file:/data/spark-warehouse/tpch.db/lineitem]","ReadSchema":"struct<l_orderkey:bigint,l_shipdate:date,l_commitdate:date,l_receiptdate:date,l_shipmode:string>","Format":"Parquet","SelectedBucketsCount":"60 out of 60","Batched":"true","PartitionFilters":"[]","PushedFilters":"[IsNotNull(l_commitdate), IsNotNull(l_receiptdate), IsNotNull(l_shipdate), In(l_shipmode, [MAIL,SHIP]), GreaterThanOrEqual(l_receiptdate,1994-01-01), LessThan(l_receiptdate,1995-01-01), IsNotNull(l_orderkey)]","DataFilters":"[isnotnull(l_commitdate#20), isnotnull(l_receiptdate#21), isnotnull(l_shipdate#19), l_shipmode#23 IN (MAIL,SHIP), (l_commitdate#20 < l_receiptdate#21), (l_shipdate#19 < l_commitdate#20), (l_receiptdate#21 >= 1994-01-01), (l_receiptdate#21 < 1995-01-01), isnotnull(l_orderkey#9L)]","Bucketed":"true"}, "metrics":[{"metricName":"number of files read","value":60,"accId":3499},{"metricName":"scan time","value":451,"accId":3498},{"metricName":"metadata time","value":0,"accId":3500},{"metricName":"size of files read","value":365478469,"accId":3501},{"metricName":"number of output rows","value":6001210,"accId":3497}], "children":[] }] }] }] }] }] }] }] }] }] }] }] }] }] }] }] }] }] }] }] }},{"totalTime":885,"stagePlan":{"stages":[{"id":70,"isQueryResult":false,"tasks":[{"id":11,"duration":29,"executor":0},{"id":23,"duration":40,"executor":1},{"id":12,"duration":44,"executor":2},{"id":19,"duration":24,"executor":0},{"id":54,"duration":20,"executor":0},{"id":27,"duration":44,"executor":2},{"id":20,"duration":37,"executor":2},{"id":7,"duration":28,"executor":0},{"id":56,"duration":20,"executor":0},{"id":34,"duration":53,"executor":1},{"id":22,"duration":48,"executor":2},{"id":15,"duration":24,"executor":0},{"id":31,"duration":59,"executor":1},{"id":32,"duration":24,"executor":0},{"id":8,"duration":22,"executor":0},{"id":36,"duration":19,"executor":0},{"id":0,"duration":118,"executor":2},{"id":48,"duration":19,"executor":0},{"id":49,"duration":43,"executor":2},{"id":40,"duration":20,"executor":0},{"id":50,"duration":20,"executor":0},{"id":45,"duration":43,"executor":2},{"id":17,"duration":30,"executor":1},{"id":4,"duration":47,"executor":0},{"id":44,"duration":20,"executor":0},{"id":9,"duration":27,"executor":0},{"id":28,"duration":24,"executor":0},{"id":43,"duration":38,"executor":1},{"id":55,"duration":46,"executor":1},{"id":14,"duration":45,"executor":2},{"id":25,"duration":23,"executor":0},{"id":38,"duration":32,"executor":2},{"id":47,"duration":40,"executor":1},{"id":42,"duration":31,"executor":2},{"id":35,"duration":43,"executor":2},{"id":30,"duration":47,"executor":2},{"id":29,"duration":20,"executor":0},{"id":24,"duration":24,"executor":0},{"id":52,"duration":20,"executor":0},{"id":6,"duration":24,"executor":0},{"id":53,"duration":43,"executor":2},{"id":13,"duration":23,"executor":0},{"id":2,"duration":148,"executor":1},{"id":18,"duration":38,"executor":1},{"id":3,"duration":114,"executor":2},{"id":58,"duration":22,"executor":0},{"id":16,"duration":24,"executor":0},{"id":46,"duration":20,"executor":0},{"id":21,"duration":24,"executor":0},{"id":1,"duration":49,"executor":0},{"id":10,"duration":23,"executor":0},{"id":26,"duration":43,"executor":1},{"id":39,"duration":20,"executor":0},{"id":57,"duration":42,"executor":2},{"id":37,"duration":23,"executor":0},{"id":59,"duration":41,"executor":1},{"id":33,"duration":20,"executor":0},{"id":41,"duration":26,"executor":1},{"id":5,"duration":148,"executor":1},{"id":51,"duration":43,"executor":1}],"rdds":[277,278,279,280,281,282,283,284,285],"parents":[],"accIds":[3675,3694,3695,3696,3697,3698,3699,3701,3704,3705,3707,3708,3709,3710,3711,3712,3713,3714,3718,3719,3720,3721,3722,3723,3724,3725,3726,3730,3731,3732,3733,3734,3739,3758,3759,3760,3761,3762]},{"id":71,"isQueryResult":false,"tasks":[{"id":37,"duration":32,"executor":2},{"id":14,"duration":4,"executor":0},{"id":40,"duration":3,"executor":0},{"id":0,"duration":77,"executor":2},{"id":15,"duration":3,"executor":0},{"id":44,"duration":3,"executor":0},{"id":9,"duration":4,"executor":0},{"id":50,"duration":3,"executor":0},{"id":49,"duration":32,"executor":1},{"id":29,"duration":22,"executor":0},{"id":36,"duration":5,"executor":0},{"id":58,"duration":4,"executor":0},{"id":45,"duration":5,"executor":0},{"id":22,"duration":4,"executor":0},{"id":4,"duration":4,"executor":0},{"id":31,"duration":9,"executor":1},{"id":8,"duration":4,"executor":0},{"id":42,"duration":4,"executor":0},{"id":53,"duration":4,"executor":0},{"id":30,"duration":6,"executor":1},{"id":13,"duration":7,"executor":0},{"id":59,"duration":3,"executor":0},{"id":51,"duration":4,"executor":0},{"id":25,"duration":3,"executor":0},{"id":56,"duration":3,"executor":0},{"id":6,"duration":3,"executor":0},{"id":21,"duration":3,"executor":0},{"id":35,"duration":4,"executor":0},{"id":34,"duration":29,"executor":1},{"id":17,"duration":4,"executor":0},{"id":1,"duration":9,"executor":0},{"id":41,"duration":3,"executor":0},{"id":52,"duration":3,"executor":0},{"id":57,"duration":29,"executor":2},{"id":3,"duration":76,"executor":1},{"id":11,"duration":153,"executor":2},{"id":20,"duration":56,"executor":0},{"id":26,"duration":3,"executor":0},{"id":38,"duration":3,"executor":0},{"id":55,"duration":4,"executor":0},{"id":12,"duration":3,"executor":0},{"id":19,"duration":5,"executor":0},{"id":23,"duration":4,"executor":0},{"id":43,"duration":32,"executor":1},{"id":27,"duration":4,"executor":0},{"id":5,"duration":4,"executor":0},{"id":10,"duration":3,"executor":0},{"id":18,"duration":3,"executor":0},{"id":47,"duration":4,"executor":0},{"id":54,"duration":3,"executor":0},{"id":32,"duration":19,"executor":2},{"id":39,"duration":5,"executor":0},{"id":16,"duration":4,"executor":0},{"id":46,"duration":4,"executor":0},{"id":28,"duration":20,"executor":0},{"id":48,"duration":3,"executor":0},{"id":7,"duration":3,"executor":0},{"id":33,"duration":23,"executor":1},{"id":2,"duration":76,"executor":1},{"id":24,"duration":4,"executor":0}],"rdds":[286,287,288,289,290],"parents":[70],"accIds":[3668,3669,3670,3672,3673,3677,3678,3679,3681,3682,3683,3692,3765,3766,3767,3768,3769,3770,3771,3774,3776,3777,3778,3779,3780,3781,3782,3783,3784,3785,3786,3787,3788,3789,3790,3791,3792]},{"id":73,"isQueryResult":false,"tasks":[{"id":34,"duration":4,"executor":0},{"id":22,"duration":4,"executor":0},{"id":21,"duration":5,"executor":0},{"id":36,"duration":5,"executor":0},{"id":29,"duration":3,"executor":0},{"id":47,"duration":4,"executor":0},{"id":17,"duration":4,"executor":0},{"id":56,"duration":34,"executor":1},{"id":59,"duration":38,"executor":2},{"id":13,"duration":3,"executor":0},{"id":31,"duration":4,"executor":0},{"id":7,"duration":3,"executor":0},{"id":20,"duration":114,"executor":1},{"id":15,"duration":3,"executor":0},{"id":46,"duration":4,"executor":0},{"id":14,"duration":4,"executor":0},{"id":55,"duration":4,"executor":0},{"id":27,"duration":4,"executor":0},{"id":2,"duration":85,"executor":2},{"id":57,"duration":4,"executor":0},{"id":37,"duration":11,"executor":1},{"id":50,"duration":4,"executor":0},{"id":24,"duration":4,"executor":0},{"id":18,"duration":3,"executor":0},{"id":26,"duration":5,"executor":0},{"id":1,"duration":85,"executor":1},{"id":0,"duration":9,"executor":0},{"id":52,"duration":5,"executor":0},{"id":42,"duration":4,"executor":0},{"id":12,"duration":4,"executor":0},{"id":40,"duration":4,"executor":0},{"id":11,"duration":57,"executor":0},{"id":38,"duration":20,"executor":2},{"id":33,"duration":4,"executor":0},{"id":54,"duration":5,"executor":0},{"id":39,"duration":3,"executor":0},{"id":10,"duration":4,"executor":0},{"id":16,"duration":4,"executor":0},{"id":23,"duration":5,"executor":0},{"id":48,"duration":3,"executor":0},{"id":51,"duration":30,"executor":2},{"id":8,"duration":4,"executor":0},{"id":9,"duration":3,"executor":0},{"id":45,"duration":40,"executor":1},{"id":6,"duration":3,"executor":0},{"id":49,"duration":4,"executor":0},{"id":4,"duration":4,"executor":0},{"id":44,"duration":4,"executor":0},{"id":32,"duration":4,"executor":0},{"id":19,"duration":4,"executor":0},{"id":58,"duration":3,"executor":0},{"id":35,"duration":5,"executor":2},{"id":5,"duration":4,"executor":0},{"id":3,"duration":85,"executor":2},{"id":30,"duration":4,"executor":0},{"id":25,"duration":3,"executor":0},{"id":53,"duration":3,"executor":0},{"id":41,"duration":27,"executor":2},{"id":43,"duration":3,"executor":0},{"id":28,"duration":4,"executor":0}],"rdds":[286,287,291],"parents":[72],"accIds":[3646,3665,3666,3667,3668,3669,3670,3672,3673,3677,3678,3679,3681,3682,3683,3692,3800,3801,3802,3803,3804,3805,3806,3809,3811,3812,3813,3814,3815,3816,3817,3818,3819,3820,3821,3822,3823,3824,3825,3826,3827,3828,3829,3830]},{"id":74,"isQueryResult":true,"tasks":[{"id":1,"duration":61,"executor":1},{"id":0,"duration":10,"executor":0}],"rdds":[292,293,294],"parents":[73],"accIds":[3642,3643,3644,3645,3649,3652,3653,3654,3835,3836,3837,3838,3839,3844,3846,3847,3848,3849,3850,3851,3852,3853,3854,3855,3856,3857,3858,3859,3860,3861,3862]}]},"sqlPlan":{ "nodeName":"WholeStageCodegen (5)", "description":"WholeStageCodegen (5)", "metadata":{}, "metrics":[{"metricName":"duration","value":2,"accId":3642}], "children":[{ "nodeName":"Sort", "description":"Sort [l_shipmode#23 ASC NULLS FIRST], true, 0", "metadata":{}, "metrics":[{"metricName":"sort time","value":0,"accId":3643},{"metricName":"peak memory","value":134348768,"accId":3644},{"metricName":"spill size","value":0,"accId":3645}], "children":[{ "nodeName":"InputAdapter", "description":"InputAdapter", "metadata":{}, "metrics":[], "children":[{ "nodeName":"Exchange", "description":"Exchange rangepartitioning(l_shipmode#23 ASC NULLS FIRST, 60), ENSURE_REQUIREMENTS, [plan_id=2184]", "metadata":{}, "metrics":[{"metricName":"shuffle records written","value":2,"accId":3666},{"metricName":"local merged chunks fetched","value":0,"accId":3660},{"metricName":"shuffle write time","value":661947,"accId":3667},{"metricName":"remote merged bytes read","value":0,"accId":3661},{"metricName":"local merged blocks fetched","value":0,"accId":3658},{"metricName":"corrupt merged block chunks","value":0,"accId":3655},{"metricName":"remote merged reqs duration","value":0,"accId":3664},{"metricName":"remote merged blocks fetched","value":0,"accId":3657},{"metricName":"records read","value":2,"accId":3654},{"metricName":"local bytes read","value":154,"accId":3652},{"metricName":"fetch wait time","value":0,"accId":3653},{"metricName":"remote bytes read","value":0,"accId":3650},{"metricName":"merged fetch fallback count","value":0,"accId":3656},{"metricName":"local blocks read","value":2,"accId":3649},{"metricName":"remote merged chunks fetched","value":0,"accId":3659},{"metricName":"remote blocks read","value":0,"accId":3648},{"metricName":"data size","value":80,"accId":3646},{"metricName":"local merged bytes read","value":0,"accId":3662},{"metricName":"number of partitions","value":2,"accId":3647},{"metricName":"remote reqs duration","value":0,"accId":3663},{"metricName":"remote bytes read to disk","value":0,"accId":3651},{"metricName":"shuffle bytes written","value":154,"accId":3665}], "children":[{ "nodeName":"WholeStageCodegen (4)", "description":"WholeStageCodegen (4)", "metadata":{}, "metrics":[{"metricName":"duration","value":217,"accId":3668}], "children":[{ "nodeName":"HashAggregate", "description":"HashAggregate(keys=[l_shipmode#23], functions=[sum(CASE WHEN ((o_orderpriority#576 = 1-URGENT) OR (o_orderpriority#576 = 2-HIGH)) THEN 1 ELSE 0 END), sum(CASE WHEN (NOT (o_orderpriority#576 = 1-URGENT) AND NOT (o_orderpriority#576 = 2-HIGH)) THEN 1 ELSE 0 END)])", "metadata":{}, "metrics":[{"metricName":"spill size","value":0,"accId":3671},{"metricName":"time in aggregation build","value":196,"accId":3672},{"metricName":"peak memory","value":299892672,"accId":3670},{"metricName":"number of output rows","value":4,"accId":3669},{"metricName":"number of sort fallback tasks","value":0,"accId":3674},{"metricName":"avg hash probes per key","value":40,"accId":3673}], "children":[{ "nodeName":"InputAdapter", "description":"InputAdapter", "metadata":{}, "metrics":[], "children":[{ "nodeName":"Exchange", "description":"Exchange hashpartitioning(l_shipmode#23, 60), ENSURE_REQUIREMENTS, [plan_id=2180]", "metadata":{}, "metrics":[{"metricName":"shuffle records written","value":120,"accId":3695},{"metricName":"local merged chunks fetched","value":0,"accId":3689},{"metricName":"shuffle write time","value":92614128,"accId":3696},{"metricName":"remote merged bytes read","value":0,"accId":3690},{"metricName":"local merged blocks fetched","value":0,"accId":3687},{"metricName":"corrupt merged block chunks","value":0,"accId":3684},{"metricName":"remote merged reqs duration","value":0,"accId":3693},{"metricName":"remote merged blocks fetched","value":0,"accId":3686},{"metricName":"records read","value":240,"accId":3683},{"metricName":"local bytes read","value":6825,"accId":3681},{"metricName":"fetch wait time","value":177,"accId":3682},{"metricName":"remote bytes read","value":11175,"accId":3679},{"metricName":"merged fetch fallback count","value":0,"accId":3685},{"metricName":"local blocks read","value":91,"accId":3678},{"metricName":"remote merged chunks fetched","value":0,"accId":3688},{"metricName":"remote blocks read","value":149,"accId":3677},{"metricName":"data size","value":4800,"accId":3675},{"metricName":"local merged bytes read","value":0,"accId":3691},{"metricName":"number of partitions","value":60,"accId":3676},{"metricName":"remote reqs duration","value":281,"accId":3692},{"metricName":"remote bytes read to disk","value":0,"accId":3680},{"metricName":"shuffle bytes written","value":9000,"accId":3694}], "children":[{ "nodeName":"WholeStageCodegen (3)", "description":"WholeStageCodegen (3)", "metadata":{}, "metrics":[{"metricName":"duration","value":1553,"accId":3697}], "children":[{ "nodeName":"HashAggregate", "description":"HashAggregate(keys=[l_shipmode#23], functions=[partial_sum(CASE WHEN ((o_orderpriority#576 = 1-URGENT) OR (o_orderpriority#576 = 2-HIGH)) THEN 1 ELSE 0 END), partial_sum(CASE WHEN (NOT (o_orderpriority#576 = 1-URGENT) AND NOT (o_orderpriority#576 = 2-HIGH)) THEN 1 ELSE 0 END)])", "metadata":{}, "metrics":[{"metricName":"spill size","value":0,"accId":3700},{"metricName":"time in aggregation build","value":1407,"accId":3701},{"metricName":"peak memory","value":15728640,"accId":3699},{"metricName":"number of output rows","value":120,"accId":3698},{"metricName":"number of sort fallback tasks","value":0,"accId":3703},{"metricName":"avg hash probes per key","value":0,"accId":3702}], "children":[{ "nodeName":"Project", "description":"Project [o_orderpriority#576, l_shipmode#23]", "metadata":{}, "metrics":[], "children":[{ "nodeName":"SortMergeJoin", "description":"SortMergeJoin [o_orderkey#571L], [l_orderkey#9L], Inner", "metadata":{}, "metrics":[{"metricName":"number of output rows","value":30988,"accId":3704},{"metricName":"spill size","value":0,"accId":3705}], "children":[{ "nodeName":"InputAdapter", "description":"InputAdapter", "metadata":{}, "metrics":[], "children":[{ "nodeName":"WholeStageCodegen (1)", "description":"WholeStageCodegen (1)", "metadata":{}, "metrics":[{"metricName":"duration","value":0,"accId":3706}], "children":[{ "nodeName":"Sort", "description":"Sort [o_orderkey#571L ASC NULLS FIRST], false, 0", "metadata":{}, "metrics":[{"metricName":"sort time","value":0,"accId":3707},{"metricName":"peak memory","value":4089445440,"accId":3708},{"metricName":"spill size","value":0,"accId":3709}], "children":[{ "nodeName":"Filter", "description":"Filter isnotnull(o_orderkey#571L)", "metadata":{}, "metrics":[{"metricName":"number of output rows","value":1500000,"accId":3710}], "children":[{ "nodeName":"ColumnarToRow", "description":"ColumnarToRow", "metadata":{}, "metrics":[{"metricName":"number of output rows","value":1500000,"accId":3711},{"metricName":"number of input batches","value":420,"accId":3712}], "children":[{ "nodeName":"InputAdapter", "description":"InputAdapter", "metadata":{}, "metrics":[], "children":[{ "nodeName":"Scan parquet spark_catalog.tpch.orders", "description":"FileScan parquet spark_catalog.tpch.orders[o_orderkey#571L,o_orderpriority#576] Batched: true, Bucketed: true, DataFilters: [isnotnull(o_orderkey#571L)], Format: Parquet, Location: InMemoryFileIndex(1 paths)[file:/data/spark-warehouse/tpch.db/orders], PartitionFilters: [], PushedFilters: [IsNotNull(o_orderkey)], ReadSchema: struct<o_orderkey:bigint,o_orderpriority:string>, SelectedBucketsCount: 60 out of 60", "metadata":{"Location":"InMemoryFileIndex(1 paths)[file:/data/spark-warehouse/tpch.db/orders]","ReadSchema":"struct<o_orderkey:bigint,o_orderpriority:string>","Format":"Parquet","SelectedBucketsCount":"60 out of 60","Batched":"true","PartitionFilters":"[]","PushedFilters":"[IsNotNull(o_orderkey)]","DataFilters":"[isnotnull(o_orderkey#571L)]","Bucketed":"true"}, "metrics":[{"metricName":"number of files read","value":60,"accId":3715},{"metricName":"scan time","value":216,"accId":3714},{"metricName":"metadata time","value":0,"accId":3716},{"metricName":"size of files read","value":121789992,"accId":3717},{"metricName":"number of output rows","value":1500000,"accId":3713}], "children":[] }] }] }] }] }] }] },{ "nodeName":"InputAdapter", "description":"InputAdapter", "metadata":{}, "metrics":[], "children":[{ "nodeName":"WholeStageCodegen (2)", "description":"WholeStageCodegen (2)", "metadata":{}, "metrics":[{"metricName":"duration","value":3036,"accId":3718}], "children":[{ "nodeName":"Sort", "description":"Sort [l_orderkey#9L ASC NULLS FIRST], false, 0", "metadata":{}, "metrics":[{"metricName":"sort time","value":0,"accId":3719},{"metricName":"peak memory","value":4030463040,"accId":3720},{"metricName":"spill size","value":0,"accId":3721}], "children":[{ "nodeName":"Project", "description":"Project [l_orderkey#9L, l_shipmode#23]", "metadata":{}, "metrics":[], "children":[{ "nodeName":"Filter", "description":"Filter ((((((((isnotnull(l_commitdate#20) AND isnotnull(l_receiptdate#21)) AND isnotnull(l_shipdate#19)) AND l_shipmode#23 IN (MAIL,SHIP)) AND (l_commitdate#20 < l_receiptdate#21)) AND (l_shipdate#19 < l_commitdate#20)) AND (l_receiptdate#21 >= 1994-01-01)) AND (l_receiptdate#21 < 1995-01-01)) AND isnotnull(l_orderkey#9L))", "metadata":{}, "metrics":[{"metricName":"number of output rows","value":30988,"accId":3722}], "children":[{ "nodeName":"ColumnarToRow", "description":"ColumnarToRow", "metadata":{}, "metrics":[{"metricName":"number of output rows","value":6001210,"accId":3723},{"metricName":"number of input batches","value":1500,"accId":3724}], "children":[{ "nodeName":"InputAdapter", "description":"InputAdapter", "metadata":{}, "metrics":[], "children":[{ "nodeName":"Scan parquet spark_catalog.tpch.lineitem", "description":"FileScan parquet spark_catalog.tpch.lineitem[l_orderkey#9L,l_shipdate#19,l_commitdate#20,l_receiptdate#21,l_shipmode#23] Batched: true, Bucketed: true, DataFilters: [isnotnull(l_commitdate#20), isnotnull(l_receiptdate#21), isnotnull(l_shipdate#19), l_shipmode#23..., Format: Parquet, Location: InMemoryFileIndex(1 paths)[file:/data/spark-warehouse/tpch.db/lineitem], PartitionFilters: [], PushedFilters: [IsNotNull(l_commitdate), IsNotNull(l_receiptdate), IsNotNull(l_shipdate), In(l_shipmode, [MAIL,S..., ReadSchema: struct<l_orderkey:bigint,l_shipdate:date,l_commitdate:date,l_receiptdate:date,l_shipmode:string>, SelectedBucketsCount: 60 out of 60", "metadata":{"Location":"InMemoryFileIndex(1 paths)[file:/data/spark-warehouse/tpch.db/lineitem]","ReadSchema":"struct<l_orderkey:bigint,l_shipdate:date,l_commitdate:date,l_receiptdate:date,l_shipmode:string>","Format":"Parquet","SelectedBucketsCount":"60 out of 60","Batched":"true","PartitionFilters":"[]","PushedFilters":"[IsNotNull(l_commitdate), IsNotNull(l_receiptdate), IsNotNull(l_shipdate), In(l_shipmode, [MAIL,SHIP]), GreaterThanOrEqual(l_receiptdate,1994-01-01), LessThan(l_receiptdate,1995-01-01), IsNotNull(l_orderkey)]","DataFilters":"[isnotnull(l_commitdate#20), isnotnull(l_receiptdate#21), isnotnull(l_shipdate#19), l_shipmode#23 IN (MAIL,SHIP), (l_commitdate#20 < l_receiptdate#21), (l_shipdate#19 < l_commitdate#20), (l_receiptdate#21 >= 1994-01-01), (l_receiptdate#21 < 1995-01-01), isnotnull(l_orderkey#9L)]","Bucketed":"true"}, "metrics":[{"metricName":"number of files read","value":60,"accId":3727},{"metricName":"scan time","value":447,"accId":3726},{"metricName":"metadata time","value":0,"accId":3728},{"metricName":"size of files read","value":365478469,"accId":3729},{"metricName":"number of output rows","value":6001210,"accId":3725}], "children":[] }] }] }] }] }] }] }] }] }] }] }] }] }] }] }] }] }] }] }] }}]