[{"totalTime":574,"stagePlan":{"stages":[{"id":176,"isQueryResult":false,"tasks":[{"id":51,"duration":41,"executor":2},{"id":28,"duration":13,"executor":1},{"id":33,"duration":22,"executor":1},{"id":19,"duration":3,"executor":0},{"id":39,"duration":4,"executor":0},{"id":30,"duration":17,"executor":2},{"id":52,"duration":5,"executor":0},{"id":5,"duration":15,"executor":0},{"id":9,"duration":4,"executor":0},{"id":16,"duration":3,"executor":0},{"id":31,"duration":5,"executor":0},{"id":20,"duration":3,"executor":0},{"id":37,"duration":49,"executor":1},{"id":43,"duration":3,"executor":0},{"id":4,"duration":60,"executor":2},{"id":17,"duration":4,"executor":0},{"id":53,"duration":5,"executor":0},{"id":54,"duration":4,"executor":0},{"id":45,"duration":4,"executor":0},{"id":42,"duration":4,"executor":0},{"id":18,"duration":4,"executor":0},{"id":38,"duration":4,"executor":0},{"id":36,"duration":4,"executor":0},{"id":11,"duration":4,"executor":0},{"id":15,"duration":3,"executor":0},{"id":21,"duration":4,"executor":0},{"id":3,"duration":60,"executor":1},{"id":2,"duration":15,"executor":0},{"id":8,"duration":4,"executor":0},{"id":24,"duration":4,"executor":0},{"id":34,"duration":31,"executor":2},{"id":46,"duration":8,"executor":0},{"id":48,"duration":40,"executor":1},{"id":6,"duration":4,"executor":0},{"id":47,"duration":7,"executor":0},{"id":40,"duration":42,"executor":2},{"id":59,"duration":5,"executor":0},{"id":29,"duration":8,"executor":2},{"id":35,"duration":3,"executor":0},{"id":27,"duration":15,"executor":0},{"id":7,"duration":4,"executor":0},{"id":26,"duration":14,"executor":0},{"id":32,"duration":5,"executor":0},{"id":12,"duration":3,"executor":0},{"id":1,"duration":60,"executor":2},{"id":10,"duration":4,"executor":0},{"id":56,"duration":3,"executor":0},{"id":0,"duration":67,"executor":1},{"id":14,"duration":4,"executor":0},{"id":58,"duration":4,"executor":0},{"id":13,"duration":4,"executor":0},{"id":23,"duration":4,"executor":0},{"id":50,"duration":4,"executor":0},{"id":41,"duration":4,"executor":0},{"id":22,"duration":4,"executor":0},{"id":25,"duration":4,"executor":0},{"id":57,"duration":5,"executor":0},{"id":44,"duration":4,"executor":0},{"id":49,"duration":5,"executor":0},{"id":55,"duration":5,"executor":0}],"rdds":[737,738,739,740],"parents":[],"accIds":[9848,9849,9850,9851,9852,9853,9857,9858,9859,9860,9861,9862,9863,9888,9889]},{"id":177,"isQueryResult":false,"tasks":[{"id":26,"duration":26,"executor":1},{"id":0,"duration":117,"executor":2},{"id":25,"duration":14,"executor":2},{"id":24,"duration":12,"executor":2},{"id":49,"duration":44,"executor":2},{"id":12,"duration":16,"executor":0},{"id":17,"duration":11,"executor":0},{"id":38,"duration":11,"executor":0},{"id":22,"duration":39,"executor":0},{"id":11,"duration":14,"executor":0},{"id":23,"duration":29,"executor":0},{"id":57,"duration":11,"executor":0},{"id":58,"duration":10,"executor":0},{"id":32,"duration":14,"executor":0},{"id":28,"duration":15,"executor":0},{"id":19,"duration":23,"executor":0},{"id":3,"duration":117,"executor":2},{"id":59,"duration":55,"executor":2},{"id":27,"duration":40,"executor":1},{"id":16,"duration":12,"executor":0},{"id":9,"duration":27,"executor":0},{"id":48,"duration":22,"executor":0},{"id":55,"duration":11,"executor":0},{"id":39,"duration":43,"executor":2},{"id":14,"duration":12,"executor":0},{"id":44,"duration":37,"executor":1},{"id":51,"duration":11,"executor":0},{"id":13,"duration":16,"executor":0},{"id":52,"duration":33,"executor":1},{"id":5,"duration":23,"executor":0},{"id":41,"duration":52,"executor":2},{"id":56,"duration":40,"executor":1},{"id":10,"duration":14,"executor":0},{"id":30,"duration":44,"executor":2},{"id":29,"duration":37,"executor":2},{"id":43,"duration":11,"executor":0},{"id":15,"duration":12,"executor":0},{"id":2,"duration":24,"executor":0},{"id":7,"duration":11,"executor":0},{"id":4,"duration":162,"executor":1},{"id":31,"duration":16,"executor":0},{"id":45,"duration":11,"executor":0},{"id":18,"duration":23,"executor":0},{"id":53,"duration":77,"executor":2},{"id":6,"duration":13,"executor":0},{"id":42,"duration":11,"executor":0},{"id":46,"duration":43,"executor":1},{"id":1,"duration":162,"executor":1},{"id":50,"duration":11,"executor":0},{"id":20,"duration":45,"executor":2},{"id":33,"duration":46,"executor":1},{"id":35,"duration":12,"executor":0},{"id":37,"duration":14,"executor":0},{"id":34,"duration":14,"executor":0},{"id":21,"duration":45,"executor":2},{"id":40,"duration":15,"executor":0},{"id":47,"duration":24,"executor":0},{"id":8,"duration":28,"executor":0},{"id":54,"duration":11,"executor":0},{"id":36,"duration":37,"executor":1}],"rdds":[741,742,743,744],"parents":[],"accIds":[9805,9824,9825,9826,9827,9828,9831,9834,9835,9836,9837,9838,9839,9892,9893,9894,9895,9896,9897,9898,9901,9920,9921,9922,9923,9924]},{"id":178,"isQueryResult":true,"tasks":[{"id":0,"duration":20,"executor":2}],"rdds":[745,746,747],"parents":[177],"accIds":[9798,9799,9802,9807,9808,9809,9811,9812,9813,9822,9927,9928,9929,9930,9931,9938,9939,9940,9941,9942,9943,9944,9945,9946,9947,9948,9949,9950,9951,9952,9953,9954]}]},"sqlPlan":{ "nodeName":"WholeStageCodegen (3)", "description":"WholeStageCodegen (3)", "metadata":{}, "metrics":[{"metricName":"duration","value":4,"accId":9798}], "children":[{ "nodeName":"HashAggregate", "description":"HashAggregate(keys=[], functions=[sum((l_extendedprice#14 * (1 - l_discount#15)))])", "metadata":{}, "metrics":[{"metricName":"spill size","value":0,"accId":9801},{"metricName":"time in aggregation build","value":4,"accId":9802},{"metricName":"peak memory","value":0,"accId":9800},{"metricName":"number of output rows","value":1,"accId":9799},{"metricName":"number of sort fallback tasks","value":0,"accId":9804},{"metricName":"avg hash probes per key","value":0,"accId":9803}], "children":[{ "nodeName":"InputAdapter", "description":"InputAdapter", "metadata":{}, "metrics":[], "children":[{ "nodeName":"Exchange", "description":"Exchange SinglePartition, ENSURE_REQUIREMENTS, [plan_id=6020]", "metadata":{}, "metrics":[{"metricName":"shuffle records written","value":60,"accId":9825},{"metricName":"local merged chunks fetched","value":0,"accId":9819},{"metricName":"shuffle write time","value":15470712,"accId":9826},{"metricName":"remote merged bytes read","value":0,"accId":9820},{"metricName":"local merged blocks fetched","value":0,"accId":9817},{"metricName":"corrupt merged block chunks","value":0,"accId":9814},{"metricName":"remote merged reqs duration","value":0,"accId":9823},{"metricName":"remote merged blocks fetched","value":0,"accId":9816},{"metricName":"records read","value":60,"accId":9813},{"metricName":"local bytes read","value":971,"accId":9811},{"metricName":"fetch wait time","value":0,"accId":9812},{"metricName":"remote bytes read","value":3559,"accId":9809},{"metricName":"merged fetch fallback count","value":0,"accId":9815},{"metricName":"local blocks read","value":13,"accId":9808},{"metricName":"remote merged chunks fetched","value":0,"accId":9818},{"metricName":"remote blocks read","value":47,"accId":9807},{"metricName":"data size","value":2400,"accId":9805},{"metricName":"local merged bytes read","value":0,"accId":9821},{"metricName":"number of partitions","value":1,"accId":9806},{"metricName":"remote reqs duration","value":7,"accId":9822},{"metricName":"remote bytes read to disk","value":0,"accId":9810},{"metricName":"shuffle bytes written","value":4530,"accId":9824}], "children":[{ "nodeName":"WholeStageCodegen (2)", "description":"WholeStageCodegen (2)", "metadata":{}, "metrics":[{"metricName":"duration","value":930,"accId":9827}], "children":[{ "nodeName":"HashAggregate", "description":"HashAggregate(keys=[], functions=[partial_sum((l_extendedprice#14 * (1 - l_discount#15)))])", "metadata":{}, "metrics":[{"metricName":"spill size","value":0,"accId":9830},{"metricName":"time in aggregation build","value":812,"accId":9831},{"metricName":"peak memory","value":0,"accId":9829},{"metricName":"number of output rows","value":60,"accId":9828},{"metricName":"number of sort fallback tasks","value":0,"accId":9833},{"metricName":"avg hash probes per key","value":0,"accId":9832}], "children":[{ "nodeName":"Project", "description":"Project [l_extendedprice#14, l_discount#15]", "metadata":{}, "metrics":[], "children":[{ "nodeName":"BroadcastHashJoin", "description":"BroadcastHashJoin [l_partkey#10L], [p_partkey#817L], Inner, BuildRight, (((((((p_brand#820 = Brand#12) AND p_container#823 IN (SM CASE,SM BOX,SM PACK,SM PKG)) AND (l_quantity#13 >= 1.00)) AND (l_quantity#13 <= 11.00)) AND (p_size#822 <= 5)) OR (((((p_brand#820 = Brand#23) AND p_container#823 IN (MED BAG,MED BOX,MED PKG,MED PACK)) AND (l_quantity#13 >= 10.00)) AND (l_quantity#13 <= 20.00)) AND (p_size#822 <= 10))) OR (((((p_brand#820 = Brand#34) AND p_container#823 IN (LG CASE,LG BOX,LG PACK,LG PKG)) AND (l_quantity#13 >= 20.00)) AND (l_quantity#13 <= 30.00)) AND (p_size#822 <= 15))), false", "metadata":{}, "metrics":[{"metricName":"number of output rows","value":121,"accId":9834}], "children":[{ "nodeName":"Project", "description":"Project [l_partkey#10L, l_quantity#13, l_extendedprice#14, l_discount#15]", "metadata":{}, "metrics":[], "children":[{ "nodeName":"Filter", "description":"Filter ((((isnotnull(l_shipinstruct#22) AND l_shipmode#23 IN (AIR,AIR REG)) AND (l_shipinstruct#22 = DELIVER IN PERSON)) AND isnotnull(l_partkey#10L)) AND ((((l_quantity#13 >= 1.00) AND (l_quantity#13 <= 11.00)) OR ((l_quantity#13 >= 10.00) AND (l_quantity#13 <= 20.00))) OR ((l_quantity#13 >= 20.00) AND (l_quantity#13 <= 30.00))))", "metadata":{}, "metrics":[{"metricName":"number of output rows","value":128371,"accId":9835}], "children":[{ "nodeName":"ColumnarToRow", "description":"ColumnarToRow", "metadata":{}, "metrics":[{"metricName":"number of output rows","value":6001210,"accId":9836},{"metricName":"number of input batches","value":1500,"accId":9837}], "children":[{ "nodeName":"InputAdapter", "description":"InputAdapter", "metadata":{}, "metrics":[], "children":[{ "nodeName":"Scan parquet spark_catalog.tpch.lineitem", "description":"FileScan parquet spark_catalog.tpch.lineitem[l_partkey#10L,l_quantity#13,l_extendedprice#14,l_discount#15,l_shipinstruct#22,l_shipmode#23] Batched: true, Bucketed: false (bucket column(s) not read), DataFilters: [isnotnull(l_shipinstruct#22), l_shipmode#23 IN (AIR,AIR REG), (l_shipinstruct#22 = DELIVER IN PE..., Format: Parquet, Location: InMemoryFileIndex(1 paths)[file:/data/spark-warehouse/tpch.db/lineitem], PartitionFilters: [], PushedFilters: [IsNotNull(l_shipinstruct), In(l_shipmode, [AIR,AIR REG]), EqualTo(l_shipinstruct,DELIVER IN PERS..., ReadSchema: struct<l_partkey:bigint,l_quantity:decimal(15,2),l_extendedprice:decimal(15,2),l_discount:decimal...", "metadata":{"Location":"InMemoryFileIndex(1 paths)[file:/data/spark-warehouse/tpch.db/lineitem]","ReadSchema":"struct<l_partkey:bigint,l_quantity:decimal(15,2),l_extendedprice:decimal(15,2),l_discount:decimal(15,2),l_shipinstruct:string,l_shipmode:string>","Format":"Parquet","Batched":"true","PartitionFilters":"[]","PushedFilters":"[IsNotNull(l_shipinstruct), In(l_shipmode, [AIR,AIR REG]), EqualTo(l_shipinstruct,DELIVER IN PERSON), IsNotNull(l_partkey), Or(Or(And(GreaterThanOrEqual(l_quantity,1.00),LessThanOrEqual(l_quantity,11.00)),And(GreaterThanOrEqual(l_quantity,10.00),LessThanOrEqual(l_quantity,20.00))),And(GreaterThanOrEqual(l_quantity,20.00),LessThanOrEqual(l_quantity,30.00)))]","DataFilters":"[isnotnull(l_shipinstruct#22), l_shipmode#23 IN (AIR,AIR REG), (l_shipinstruct#22 = DELIVER IN PERSON), isnotnull(l_partkey#10L), ((((l_quantity#13 >= 1.00) AND (l_quantity#13 <= 11.00)) OR ((l_quantity#13 >= 10.00) AND (l_quantity#13 <= 20.00))) OR ((l_quantity#13 >= 20.00) AND (l_quantity#13 <= 30.00)))]","Bucketed":"false (bucket column(s) not read)"}, "metrics":[{"metricName":"number of files read","value":60,"accId":9840},{"metricName":"scan time","value":393,"accId":9839},{"metricName":"metadata time","value":0,"accId":9841},{"metricName":"size of files read","value":365478469,"accId":9842},{"metricName":"number of output rows","value":6001210,"accId":9838}], "children":[] }] }] }] }] },{ "nodeName":"InputAdapter", "description":"InputAdapter", "metadata":{}, "metrics":[], "children":[{ "nodeName":"BroadcastExchange", "description":"BroadcastExchange HashedRelationBroadcastMode(List(input[0, bigint, false]),false), [plan_id=6014]", "metadata":{}, "metrics":[{"metricName":"time to broadcast","value":0,"accId":9847},{"metricName":"time to build","value":2,"accId":9846},{"metricName":"time to collect","value":163,"accId":9845},{"metricName":"number of output rows","value":485,"accId":9844},{"metricName":"data size","value":1064960,"accId":9843}], "children":[{ "nodeName":"WholeStageCodegen (1)", "description":"WholeStageCodegen (1)", "metadata":{}, "metrics":[{"metricName":"duration","value":345,"accId":9848}], "children":[{ "nodeName":"Filter", "description":"Filter (((isnotnull(p_size#822) AND (p_size#822 >= 1)) AND isnotnull(p_partkey#817L)) AND (((((p_brand#820 = Brand#12) AND p_container#823 IN (SM CASE,SM BOX,SM PACK,SM PKG)) AND (p_size#822 <= 5)) OR (((p_brand#820 = Brand#23) AND p_container#823 IN (MED BAG,MED BOX,MED PKG,MED PACK)) AND (p_size#822 <= 10))) OR (((p_brand#820 = Brand#34) AND p_container#823 IN (LG CASE,LG BOX,LG PACK,LG PKG)) AND (p_size#822 <= 15))))", "metadata":{}, "metrics":[{"metricName":"number of output rows","value":485,"accId":9849}], "children":[{ "nodeName":"ColumnarToRow", "description":"ColumnarToRow", "metadata":{}, "metrics":[{"metricName":"number of output rows","value":200000,"accId":9850},{"metricName":"number of input batches","value":60,"accId":9851}], "children":[{ "nodeName":"InputAdapter", "description":"InputAdapter", "metadata":{}, "metrics":[], "children":[{ "nodeName":"Scan parquet spark_catalog.tpch.part", "description":"FileScan parquet spark_catalog.tpch.part[p_partkey#817L,p_brand#820,p_size#822,p_container#823] Batched: true, Bucketed: true, DataFilters: [isnotnull(p_size#822), (p_size#822 >= 1), isnotnull(p_partkey#817L), (((((p_brand#820 = Brand#12..., Format: Parquet, Location: InMemoryFileIndex(1 paths)[file:/data/spark-warehouse/tpch.db/part], PartitionFilters: [], PushedFilters: [IsNotNull(p_size), GreaterThanOrEqual(p_size,1), IsNotNull(p_partkey), Or(Or(And(And(EqualTo(p_b..., ReadSchema: struct<p_partkey:bigint,p_brand:string,p_size:int,p_container:string>, SelectedBucketsCount: 60 out of 60", "metadata":{"Location":"InMemoryFileIndex(1 paths)[file:/data/spark-warehouse/tpch.db/part]","ReadSchema":"struct<p_partkey:bigint,p_brand:string,p_size:int,p_container:string>","Format":"Parquet","SelectedBucketsCount":"60 out of 60","Batched":"true","PartitionFilters":"[]","PushedFilters":"[IsNotNull(p_size), GreaterThanOrEqual(p_size,1), IsNotNull(p_partkey), Or(Or(And(And(EqualTo(p_brand,Brand#12),In(p_container, [SM BOX,SM CASE,SM PACK,SM PKG])),LessThanOrEqual(p_size,5)),And(And(EqualTo(p_brand,Brand#23),In(p_container, [MED BAG,MED BOX,MED PACK,MED PKG])),LessThanOrEqual(p_size,10))),And(And(EqualTo(p_brand,Brand#34),In(p_container, [LG BOX,LG CASE,LG PACK,LG PKG])),LessThanOrEqual(p_size,15)))]","DataFilters":"[isnotnull(p_size#822), (p_size#822 >= 1), isnotnull(p_partkey#817L), (((((p_brand#820 = Brand#12) AND p_container#823 IN (SM CASE,SM BOX,SM PACK,SM PKG)) AND (p_size#822 <= 5)) OR (((p_brand#820 = Brand#23) AND p_container#823 IN (MED BAG,MED BOX,MED PKG,MED PACK)) AND (p_size#822 <= 10))) OR (((p_brand#820 = Brand#34) AND p_container#823 IN (LG CASE,LG BOX,LG PACK,LG PKG)) AND (p_size#822 <= 15)))]","Bucketed":"true"}, "metrics":[{"metricName":"number of files read","value":60,"accId":9854},{"metricName":"scan time","value":320,"accId":9853},{"metricName":"metadata time","value":0,"accId":9855},{"metricName":"size of files read","value":15214963,"accId":9856},{"metricName":"number of output rows","value":200000,"accId":9852}], "children":[] }] }] }] }] }] }] }] }] }] }] }] }] }] }] }},{"totalTime":461,"stagePlan":{"stages":[{"id":179,"isQueryResult":false,"tasks":[{"id":7,"duration":3,"executor":0},{"id":17,"duration":4,"executor":0},{"id":19,"duration":5,"executor":0},{"id":8,"duration":3,"executor":0},{"id":5,"duration":12,"executor":0},{"id":0,"duration":48,"executor":2},{"id":51,"duration":7,"executor":0},{"id":2,"duration":12,"executor":0},{"id":11,"duration":4,"executor":0},{"id":24,"duration":6,"executor":0},{"id":38,"duration":4,"executor":0},{"id":36,"duration":4,"executor":0},{"id":6,"duration":4,"executor":0},{"id":31,"duration":4,"executor":0},{"id":30,"duration":5,"executor":0},{"id":15,"duration":3,"executor":0},{"id":23,"duration":5,"executor":0},{"id":59,"duration":4,"executor":0},{"id":32,"duration":5,"executor":0},{"id":33,"duration":4,"executor":0},{"id":14,"duration":3,"executor":0},{"id":21,"duration":5,"executor":0},{"id":9,"duration":3,"executor":0},{"id":52,"duration":40,"executor":1},{"id":16,"duration":4,"executor":0},{"id":29,"duration":27,"executor":2},{"id":28,"duration":17,"executor":2},{"id":1,"duration":47,"executor":1},{"id":3,"duration":48,"executor":2},{"id":18,"duration":4,"executor":0},{"id":22,"duration":4,"executor":0},{"id":45,"duration":5,"executor":0},{"id":12,"duration":3,"executor":0},{"id":20,"duration":4,"executor":0},{"id":43,"duration":4,"executor":0},{"id":50,"duration":5,"executor":0},{"id":56,"duration":4,"executor":0},{"id":10,"duration":3,"executor":0},{"id":41,"duration":4,"executor":0},{"id":42,"duration":5,"executor":0},{"id":40,"duration":42,"executor":2},{"id":54,"duration":4,"executor":0},{"id":13,"duration":4,"executor":0},{"id":58,"duration":4,"executor":0},{"id":57,"duration":40,"executor":1},{"id":53,"duration":7,"executor":0},{"id":27,"duration":7,"executor":1},{"id":25,"duration":4,"executor":0},{"id":26,"duration":6,"executor":1},{"id":37,"duration":5,"executor":0},{"id":49,"duration":5,"executor":0},{"id":34,"duration":33,"executor":1},{"id":48,"duration":4,"executor":0},{"id":4,"duration":47,"executor":1},{"id":55,"duration":5,"executor":0},{"id":46,"duration":42,"executor":2},{"id":47,"duration":5,"executor":0},{"id":35,"duration":43,"executor":1},{"id":39,"duration":5,"executor":0},{"id":44,"duration":4,"executor":0}],"rdds":[748,749,750,751],"parents":[],"accIds":[10012,10013,10014,10015,10016,10017,10021,10022,10023,10024,10025,10026,10052,10053]},{"id":180,"isQueryResult":false,"tasks":[{"id":24,"duration":9,"executor":0},{"id":37,"duration":10,"executor":0},{"id":43,"duration":10,"executor":0},{"id":48,"duration":11,"executor":0},{"id":50,"duration":10,"executor":0},{"id":40,"duration":10,"executor":0},{"id":51,"duration":10,"executor":0},{"id":28,"duration":13,"executor":0},{"id":27,"duration":11,"executor":0},{"id":5,"duration":17,"executor":0},{"id":38,"duration":34,"executor":1},{"id":22,"duration":10,"executor":0},{"id":6,"duration":9,"executor":0},{"id":56,"duration":10,"executor":0},{"id":25,"duration":11,"executor":0},{"id":54,"duration":41,"executor":2},{"id":46,"duration":11,"executor":0},{"id":7,"duration":10,"executor":0},{"id":57,"duration":43,"executor":2},{"id":2,"duration":18,"executor":0},{"id":4,"duration":123,"executor":2},{"id":15,"duration":12,"executor":0},{"id":11,"duration":10,"executor":0},{"id":12,"duration":8,"executor":0},{"id":39,"duration":44,"executor":1},{"id":53,"duration":10,"executor":0},{"id":23,"duration":10,"executor":0},{"id":35,"duration":11,"executor":0},{"id":34,"duration":10,"executor":0},{"id":32,"duration":10,"executor":0},{"id":52,"duration":50,"executor":1},{"id":31,"duration":9,"executor":0},{"id":33,"duration":11,"executor":0},{"id":47,"duration":10,"executor":0},{"id":19,"duration":11,"executor":0},{"id":9,"duration":10,"executor":0},{"id":1,"duration":124,"executor":2},{"id":26,"duration":10,"executor":0},{"id":30,"duration":39,"executor":2},{"id":42,"duration":10,"executor":0},{"id":20,"duration":10,"executor":0},{"id":49,"duration":49,"executor":1},{"id":21,"duration":9,"executor":0},{"id":8,"duration":9,"executor":0},{"id":17,"duration":11,"executor":0},{"id":10,"duration":8,"executor":0},{"id":29,"duration":30,"executor":2},{"id":36,"duration":20,"executor":2},{"id":58,"duration":11,"executor":0},{"id":44,"duration":41,"executor":2},{"id":13,"duration":12,"executor":0},{"id":14,"duration":10,"executor":0},{"id":0,"duration":158,"executor":1},{"id":16,"duration":10,"executor":0},{"id":45,"duration":10,"executor":0},{"id":59,"duration":9,"executor":0},{"id":41,"duration":41,"executor":2},{"id":18,"duration":11,"executor":0},{"id":55,"duration":10,"executor":0},{"id":3,"duration":158,"executor":1}],"rdds":[752,753,754,755],"parents":[],"accIds":[9969,9988,9989,9990,9991,9992,9995,9998,9999,10000,10001,10002,10003,10056,10057,10058,10059,10060,10061,10062,10065,10084,10085,10086,10087,10088]},{"id":181,"isQueryResult":true,"tasks":[{"id":0,"duration":17,"executor":0}],"rdds":[756,757,758],"parents":[180],"accIds":[9962,9963,9966,9971,9972,9973,9975,9976,9977,9986,10091,10092,10093,10094,10095,10102,10103,10104,10105,10106,10107,10108,10109,10110,10111,10112,10113,10114,10115,10116,10117,10118]}]},"sqlPlan":{ "nodeName":"WholeStageCodegen (3)", "description":"WholeStageCodegen (3)", "metadata":{}, "metrics":[{"metricName":"duration","value":1,"accId":9962}], "children":[{ "nodeName":"HashAggregate", "description":"HashAggregate(keys=[], functions=[sum((l_extendedprice#14 * (1 - l_discount#15)))])", "metadata":{}, "metrics":[{"metricName":"spill size","value":0,"accId":9965},{"metricName":"time in aggregation build","value":1,"accId":9966},{"metricName":"peak memory","value":0,"accId":9964},{"metricName":"number of output rows","value":1,"accId":9963},{"metricName":"number of sort fallback tasks","value":0,"accId":9968},{"metricName":"avg hash probes per key","value":0,"accId":9967}], "children":[{ "nodeName":"InputAdapter", "description":"InputAdapter", "metadata":{}, "metrics":[], "children":[{ "nodeName":"Exchange", "description":"Exchange SinglePartition, ENSURE_REQUIREMENTS, [plan_id=6113]", "metadata":{}, "metrics":[{"metricName":"shuffle records written","value":60,"accId":9989},{"metricName":"local merged chunks fetched","value":0,"accId":9983},{"metricName":"shuffle write time","value":13786656,"accId":9990},{"metricName":"remote merged bytes read","value":0,"accId":9984},{"metricName":"local merged blocks fetched","value":0,"accId":9981},{"metricName":"corrupt merged block chunks","value":0,"accId":9978},{"metricName":"remote merged reqs duration","value":0,"accId":9987},{"metricName":"remote merged blocks fetched","value":0,"accId":9980},{"metricName":"records read","value":60,"accId":9977},{"metricName":"local bytes read","value":3415,"accId":9975},{"metricName":"fetch wait time","value":0,"accId":9976},{"metricName":"remote bytes read","value":1115,"accId":9973},{"metricName":"merged fetch fallback count","value":0,"accId":9979},{"metricName":"local blocks read","value":45,"accId":9972},{"metricName":"remote merged chunks fetched","value":0,"accId":9982},{"metricName":"remote blocks read","value":15,"accId":9971},{"metricName":"data size","value":2400,"accId":9969},{"metricName":"local merged bytes read","value":0,"accId":9985},{"metricName":"number of partitions","value":1,"accId":9970},{"metricName":"remote reqs duration","value":3,"accId":9986},{"metricName":"remote bytes read to disk","value":0,"accId":9974},{"metricName":"shuffle bytes written","value":4530,"accId":9988}], "children":[{ "nodeName":"WholeStageCodegen (2)", "description":"WholeStageCodegen (2)", "metadata":{}, "metrics":[{"metricName":"duration","value":796,"accId":9991}], "children":[{ "nodeName":"HashAggregate", "description":"HashAggregate(keys=[], functions=[partial_sum((l_extendedprice#14 * (1 - l_discount#15)))])", "metadata":{}, "metrics":[{"metricName":"spill size","value":0,"accId":9994},{"metricName":"time in aggregation build","value":715,"accId":9995},{"metricName":"peak memory","value":0,"accId":9993},{"metricName":"number of output rows","value":60,"accId":9992},{"metricName":"number of sort fallback tasks","value":0,"accId":9997},{"metricName":"avg hash probes per key","value":0,"accId":9996}], "children":[{ "nodeName":"Project", "description":"Project [l_extendedprice#14, l_discount#15]", "metadata":{}, "metrics":[], "children":[{ "nodeName":"BroadcastHashJoin", "description":"BroadcastHashJoin [l_partkey#10L], [p_partkey#817L], Inner, BuildRight, (((((((p_brand#820 = Brand#12) AND p_container#823 IN (SM CASE,SM BOX,SM PACK,SM PKG)) AND (l_quantity#13 >= 1.00)) AND (l_quantity#13 <= 11.00)) AND (p_size#822 <= 5)) OR (((((p_brand#820 = Brand#23) AND p_container#823 IN (MED BAG,MED BOX,MED PKG,MED PACK)) AND (l_quantity#13 >= 10.00)) AND (l_quantity#13 <= 20.00)) AND (p_size#822 <= 10))) OR (((((p_brand#820 = Brand#34) AND p_container#823 IN (LG CASE,LG BOX,LG PACK,LG PKG)) AND (l_quantity#13 >= 20.00)) AND (l_quantity#13 <= 30.00)) AND (p_size#822 <= 15))), false", "metadata":{}, "metrics":[{"metricName":"number of output rows","value":121,"accId":9998}], "children":[{ "nodeName":"Project", "description":"Project [l_partkey#10L, l_quantity#13, l_extendedprice#14, l_discount#15]", "metadata":{}, "metrics":[], "children":[{ "nodeName":"Filter", "description":"Filter ((((isnotnull(l_shipinstruct#22) AND l_shipmode#23 IN (AIR,AIR REG)) AND (l_shipinstruct#22 = DELIVER IN PERSON)) AND isnotnull(l_partkey#10L)) AND ((((l_quantity#13 >= 1.00) AND (l_quantity#13 <= 11.00)) OR ((l_quantity#13 >= 10.00) AND (l_quantity#13 <= 20.00))) OR ((l_quantity#13 >= 20.00) AND (l_quantity#13 <= 30.00))))", "metadata":{}, "metrics":[{"metricName":"number of output rows","value":128371,"accId":9999}], "children":[{ "nodeName":"ColumnarToRow", "description":"ColumnarToRow", "metadata":{}, "metrics":[{"metricName":"number of output rows","value":6001210,"accId":10000},{"metricName":"number of input batches","value":1500,"accId":10001}], "children":[{ "nodeName":"InputAdapter", "description":"InputAdapter", "metadata":{}, "metrics":[], "children":[{ "nodeName":"Scan parquet spark_catalog.tpch.lineitem", "description":"FileScan parquet spark_catalog.tpch.lineitem[l_partkey#10L,l_quantity#13,l_extendedprice#14,l_discount#15,l_shipinstruct#22,l_shipmode#23] Batched: true, Bucketed: false (bucket column(s) not read), DataFilters: [isnotnull(l_shipinstruct#22), l_shipmode#23 IN (AIR,AIR REG), (l_shipinstruct#22 = DELIVER IN PE..., Format: Parquet, Location: InMemoryFileIndex(1 paths)[file:/data/spark-warehouse/tpch.db/lineitem], PartitionFilters: [], PushedFilters: [IsNotNull(l_shipinstruct), In(l_shipmode, [AIR,AIR REG]), EqualTo(l_shipinstruct,DELIVER IN PERS..., ReadSchema: struct<l_partkey:bigint,l_quantity:decimal(15,2),l_extendedprice:decimal(15,2),l_discount:decimal...", "metadata":{"Location":"InMemoryFileIndex(1 paths)[file:/data/spark-warehouse/tpch.db/lineitem]","ReadSchema":"struct<l_partkey:bigint,l_quantity:decimal(15,2),l_extendedprice:decimal(15,2),l_discount:decimal(15,2),l_shipinstruct:string,l_shipmode:string>","Format":"Parquet","Batched":"true","PartitionFilters":"[]","PushedFilters":"[IsNotNull(l_shipinstruct), In(l_shipmode, [AIR,AIR REG]), EqualTo(l_shipinstruct,DELIVER IN PERSON), IsNotNull(l_partkey), Or(Or(And(GreaterThanOrEqual(l_quantity,1.00),LessThanOrEqual(l_quantity,11.00)),And(GreaterThanOrEqual(l_quantity,10.00),LessThanOrEqual(l_quantity,20.00))),And(GreaterThanOrEqual(l_quantity,20.00),LessThanOrEqual(l_quantity,30.00)))]","DataFilters":"[isnotnull(l_shipinstruct#22), l_shipmode#23 IN (AIR,AIR REG), (l_shipinstruct#22 = DELIVER IN PERSON), isnotnull(l_partkey#10L), ((((l_quantity#13 >= 1.00) AND (l_quantity#13 <= 11.00)) OR ((l_quantity#13 >= 10.00) AND (l_quantity#13 <= 20.00))) OR ((l_quantity#13 >= 20.00) AND (l_quantity#13 <= 30.00)))]","Bucketed":"false (bucket column(s) not read)"}, "metrics":[{"metricName":"number of files read","value":60,"accId":10004},{"metricName":"scan time","value":365,"accId":10003},{"metricName":"metadata time","value":0,"accId":10005},{"metricName":"size of files read","value":365478469,"accId":10006},{"metricName":"number of output rows","value":6001210,"accId":10002}], "children":[] }] }] }] }] },{ "nodeName":"InputAdapter", "description":"InputAdapter", "metadata":{}, "metrics":[], "children":[{ "nodeName":"BroadcastExchange", "description":"BroadcastExchange HashedRelationBroadcastMode(List(input[0, bigint, false]),false), [plan_id=6107]", "metadata":{}, "metrics":[{"metricName":"time to broadcast","value":0,"accId":10011},{"metricName":"time to build","value":1,"accId":10010},{"metricName":"time to collect","value":155,"accId":10009},{"metricName":"number of output rows","value":485,"accId":10008},{"metricName":"data size","value":1064960,"accId":10007}], "children":[{ "nodeName":"WholeStageCodegen (1)", "description":"WholeStageCodegen (1)", "metadata":{}, "metrics":[{"metricName":"duration","value":279,"accId":10012}], "children":[{ "nodeName":"Filter", "description":"Filter (((isnotnull(p_size#822) AND (p_size#822 >= 1)) AND isnotnull(p_partkey#817L)) AND (((((p_brand#820 = Brand#12) AND p_container#823 IN (SM CASE,SM BOX,SM PACK,SM PKG)) AND (p_size#822 <= 5)) OR (((p_brand#820 = Brand#23) AND p_container#823 IN (MED BAG,MED BOX,MED PKG,MED PACK)) AND (p_size#822 <= 10))) OR (((p_brand#820 = Brand#34) AND p_container#823 IN (LG CASE,LG BOX,LG PACK,LG PKG)) AND (p_size#822 <= 15))))", "metadata":{}, "metrics":[{"metricName":"number of output rows","value":485,"accId":10013}], "children":[{ "nodeName":"ColumnarToRow", "description":"ColumnarToRow", "metadata":{}, "metrics":[{"metricName":"number of output rows","value":200000,"accId":10014},{"metricName":"number of input batches","value":60,"accId":10015}], "children":[{ "nodeName":"InputAdapter", "description":"InputAdapter", "metadata":{}, "metrics":[], "children":[{ "nodeName":"Scan parquet spark_catalog.tpch.part", "description":"FileScan parquet spark_catalog.tpch.part[p_partkey#817L,p_brand#820,p_size#822,p_container#823] Batched: true, Bucketed: true, DataFilters: [isnotnull(p_size#822), (p_size#822 >= 1), isnotnull(p_partkey#817L), (((((p_brand#820 = Brand#12..., Format: Parquet, Location: InMemoryFileIndex(1 paths)[file:/data/spark-warehouse/tpch.db/part], PartitionFilters: [], PushedFilters: [IsNotNull(p_size), GreaterThanOrEqual(p_size,1), IsNotNull(p_partkey), Or(Or(And(And(EqualTo(p_b..., ReadSchema: struct<p_partkey:bigint,p_brand:string,p_size:int,p_container:string>, SelectedBucketsCount: 60 out of 60", "metadata":{"Location":"InMemoryFileIndex(1 paths)[file:/data/spark-warehouse/tpch.db/part]","ReadSchema":"struct<p_partkey:bigint,p_brand:string,p_size:int,p_container:string>","Format":"Parquet","SelectedBucketsCount":"60 out of 60","Batched":"true","PartitionFilters":"[]","PushedFilters":"[IsNotNull(p_size), GreaterThanOrEqual(p_size,1), IsNotNull(p_partkey), Or(Or(And(And(EqualTo(p_brand,Brand#12),In(p_container, [SM BOX,SM CASE,SM PACK,SM PKG])),LessThanOrEqual(p_size,5)),And(And(EqualTo(p_brand,Brand#23),In(p_container, [MED BAG,MED BOX,MED PACK,MED PKG])),LessThanOrEqual(p_size,10))),And(And(EqualTo(p_brand,Brand#34),In(p_container, [LG BOX,LG CASE,LG PACK,LG PKG])),LessThanOrEqual(p_size,15)))]","DataFilters":"[isnotnull(p_size#822), (p_size#822 >= 1), isnotnull(p_partkey#817L), (((((p_brand#820 = Brand#12) AND p_container#823 IN (SM CASE,SM BOX,SM PACK,SM PKG)) AND (p_size#822 <= 5)) OR (((p_brand#820 = Brand#23) AND p_container#823 IN (MED BAG,MED BOX,MED PKG,MED PACK)) AND (p_size#822 <= 10))) OR (((p_brand#820 = Brand#34) AND p_container#823 IN (LG CASE,LG BOX,LG PACK,LG PKG)) AND (p_size#822 <= 15)))]","Bucketed":"true"}, "metrics":[{"metricName":"number of files read","value":60,"accId":10018},{"metricName":"scan time","value":244,"accId":10017},{"metricName":"metadata time","value":0,"accId":10019},{"metricName":"size of files read","value":15214963,"accId":10020},{"metricName":"number of output rows","value":200000,"accId":10016}], "children":[] }] }] }] }] }] }] }] }] }] }] }] }] }] }] }},{"totalTime":477,"stagePlan":{"stages":[{"id":182,"isQueryResult":false,"tasks":[{"id":6,"duration":4,"executor":0},{"id":18,"duration":5,"executor":2},{"id":43,"duration":4,"executor":0},{"id":38,"duration":4,"executor":0},{"id":11,"duration":3,"executor":0},{"id":28,"duration":3,"executor":0},{"id":32,"duration":4,"executor":0},{"id":2,"duration":11,"executor":0},{"id":0,"duration":31,"executor":1},{"id":9,"duration":3,"executor":0},{"id":10,"duration":3,"executor":0},{"id":24,"duration":35,"executor":2},{"id":46,"duration":4,"executor":0},{"id":26,"duration":4,"executor":0},{"id":48,"duration":3,"executor":0},{"id":54,"duration":4,"executor":0},{"id":25,"duration":4,"executor":0},{"id":7,"duration":4,"executor":0},{"id":31,"duration":4,"executor":0},{"id":8,"duration":3,"executor":0},{"id":57,"duration":4,"executor":0},{"id":20,"duration":4,"executor":0},{"id":55,"duration":4,"executor":0},{"id":51,"duration":4,"executor":0},{"id":56,"duration":4,"executor":0},{"id":44,"duration":3,"executor":0},{"id":1,"duration":30,"executor":2},{"id":23,"duration":4,"executor":0},{"id":36,"duration":4,"executor":0},{"id":29,"duration":3,"executor":0},{"id":14,"duration":4,"executor":0},{"id":37,"duration":4,"executor":0},{"id":3,"duration":31,"executor":1},{"id":33,"duration":3,"executor":0},{"id":59,"duration":3,"executor":0},{"id":13,"duration":4,"executor":0},{"id":40,"duration":4,"executor":0},{"id":41,"duration":41,"executor":1},{"id":49,"duration":4,"executor":0},{"id":50,"duration":4,"executor":0},{"id":12,"duration":4,"executor":0},{"id":35,"duration":41,"executor":1},{"id":4,"duration":31,"executor":2},{"id":27,"duration":41,"executor":2},{"id":39,"duration":4,"executor":0},{"id":5,"duration":11,"executor":0},{"id":17,"duration":4,"executor":0},{"id":22,"duration":29,"executor":1},{"id":47,"duration":41,"executor":2},{"id":30,"duration":4,"executor":0},{"id":21,"duration":19,"executor":1},{"id":58,"duration":4,"executor":0},{"id":19,"duration":7,"executor":2},{"id":52,"duration":4,"executor":0},{"id":53,"duration":42,"executor":2},{"id":42,"duration":4,"executor":0},{"id":16,"duration":3,"executor":0},{"id":45,"duration":4,"executor":0},{"id":15,"duration":4,"executor":0},{"id":34,"duration":4,"executor":0}],"rdds":[759,760,761,762],"parents":[],"accIds":[10176,10177,10178,10179,10180,10181,10185,10186,10187,10188,10189,10216,10217]},{"id":183,"isQueryResult":false,"tasks":[{"id":52,"duration":10,"executor":0},{"id":34,"duration":12,"executor":0},{"id":33,"duration":42,"executor":2},{"id":38,"duration":41,"executor":1},{"id":13,"duration":13,"executor":0},{"id":31,"duration":38,"executor":1},{"id":47,"duration":12,"executor":0},{"id":24,"duration":13,"executor":0},{"id":40,"duration":13,"executor":0},{"id":27,"duration":18,"executor":0},{"id":4,"duration":124,"executor":2},{"id":11,"duration":12,"executor":0},{"id":15,"duration":13,"executor":0},{"id":44,"duration":41,"executor":2},{"id":7,"duration":13,"executor":0},{"id":43,"duration":13,"executor":0},{"id":16,"duration":12,"executor":0},{"id":45,"duration":12,"executor":0},{"id":17,"duration":13,"executor":0},{"id":6,"duration":13,"executor":0},{"id":21,"duration":17,"executor":0},{"id":30,"duration":28,"executor":1},{"id":37,"duration":12,"executor":0},{"id":54,"duration":41,"executor":2},{"id":53,"duration":12,"executor":0},{"id":48,"duration":13,"executor":0},{"id":0,"duration":22,"executor":0},{"id":39,"duration":13,"executor":0},{"id":2,"duration":154,"executor":1},{"id":49,"duration":41,"executor":1},{"id":59,"duration":12,"executor":0},{"id":9,"duration":12,"executor":0},{"id":57,"duration":40,"executor":2},{"id":42,"duration":12,"executor":0},{"id":58,"duration":10,"executor":0},{"id":18,"duration":12,"executor":0},{"id":8,"duration":13,"executor":0},{"id":22,"duration":29,"executor":2},{"id":51,"duration":41,"executor":1},{"id":36,"duration":13,"executor":0},{"id":3,"duration":22,"executor":0},{"id":32,"duration":16,"executor":0},{"id":50,"duration":10,"executor":0},{"id":46,"duration":42,"executor":2},{"id":10,"duration":13,"executor":0},{"id":1,"duration":124,"executor":2},{"id":5,"duration":154,"executor":1},{"id":56,"duration":12,"executor":0},{"id":12,"duration":13,"executor":0},{"id":26,"duration":13,"executor":0},{"id":41,"duration":41,"executor":1},{"id":19,"duration":13,"executor":0},{"id":20,"duration":17,"executor":0},{"id":28,"duration":21,"executor":2},{"id":35,"duration":39,"executor":2},{"id":55,"duration":10,"executor":0},{"id":14,"duration":13,"executor":0},{"id":25,"duration":13,"executor":0},{"id":29,"duration":13,"executor":0},{"id":23,"duration":38,"executor":2}],"rdds":[763,764,765,766],"parents":[],"accIds":[10133,10152,10153,10154,10155,10156,10159,10162,10163,10164,10165,10166,10167,10220,10221,10222,10223,10224,10225,10229,10248,10249,10250,10251,10252]},{"id":184,"isQueryResult":true,"tasks":[{"id":0,"duration":8,"executor":0}],"rdds":[767,768,769],"parents":[183],"accIds":[10126,10127,10130,10135,10136,10137,10139,10140,10141,10150,10255,10256,10257,10258,10259,10266,10267,10268,10269,10270,10271,10272,10273,10274,10275,10276,10277,10278,10279,10280,10281,10282]}]},"sqlPlan":{ "nodeName":"WholeStageCodegen (3)", "description":"WholeStageCodegen (3)", "metadata":{}, "metrics":[{"metricName":"duration","value":1,"accId":10126}], "children":[{ "nodeName":"HashAggregate", "description":"HashAggregate(keys=[], functions=[sum((l_extendedprice#14 * (1 - l_discount#15)))])", "metadata":{}, "metrics":[{"metricName":"spill size","value":0,"accId":10129},{"metricName":"time in aggregation build","value":1,"accId":10130},{"metricName":"peak memory","value":0,"accId":10128},{"metricName":"number of output rows","value":1,"accId":10127},{"metricName":"number of sort fallback tasks","value":0,"accId":10132},{"metricName":"avg hash probes per key","value":0,"accId":10131}], "children":[{ "nodeName":"InputAdapter", "description":"InputAdapter", "metadata":{}, "metrics":[], "children":[{ "nodeName":"Exchange", "description":"Exchange SinglePartition, ENSURE_REQUIREMENTS, [plan_id=6206]", "metadata":{}, "metrics":[{"metricName":"shuffle records written","value":60,"accId":10153},{"metricName":"local merged chunks fetched","value":0,"accId":10147},{"metricName":"shuffle write time","value":16540327,"accId":10154},{"metricName":"remote merged bytes read","value":0,"accId":10148},{"metricName":"local merged blocks fetched","value":0,"accId":10145},{"metricName":"corrupt merged block chunks","value":0,"accId":10142},{"metricName":"remote merged reqs duration","value":0,"accId":10151},{"metricName":"remote merged blocks fetched","value":0,"accId":10144},{"metricName":"records read","value":60,"accId":10141},{"metricName":"local bytes read","value":3097,"accId":10139},{"metricName":"fetch wait time","value":0,"accId":10140},{"metricName":"remote bytes read","value":1433,"accId":10137},{"metricName":"merged fetch fallback count","value":0,"accId":10143},{"metricName":"local blocks read","value":41,"accId":10136},{"metricName":"remote merged chunks fetched","value":0,"accId":10146},{"metricName":"remote blocks read","value":19,"accId":10135},{"metricName":"data size","value":2400,"accId":10133},{"metricName":"local merged bytes read","value":0,"accId":10149},{"metricName":"number of partitions","value":1,"accId":10134},{"metricName":"remote reqs duration","value":2,"accId":10150},{"metricName":"remote bytes read to disk","value":0,"accId":10138},{"metricName":"shuffle bytes written","value":4530,"accId":10152}], "children":[{ "nodeName":"WholeStageCodegen (2)", "description":"WholeStageCodegen (2)", "metadata":{}, "metrics":[{"metricName":"duration","value":898,"accId":10155}], "children":[{ "nodeName":"HashAggregate", "description":"HashAggregate(keys=[], functions=[partial_sum((l_extendedprice#14 * (1 - l_discount#15)))])", "metadata":{}, "metrics":[{"metricName":"spill size","value":0,"accId":10158},{"metricName":"time in aggregation build","value":814,"accId":10159},{"metricName":"peak memory","value":0,"accId":10157},{"metricName":"number of output rows","value":60,"accId":10156},{"metricName":"number of sort fallback tasks","value":0,"accId":10161},{"metricName":"avg hash probes per key","value":0,"accId":10160}], "children":[{ "nodeName":"Project", "description":"Project [l_extendedprice#14, l_discount#15]", "metadata":{}, "metrics":[], "children":[{ "nodeName":"BroadcastHashJoin", "description":"BroadcastHashJoin [l_partkey#10L], [p_partkey#817L], Inner, BuildRight, (((((((p_brand#820 = Brand#12) AND p_container#823 IN (SM CASE,SM BOX,SM PACK,SM PKG)) AND (l_quantity#13 >= 1.00)) AND (l_quantity#13 <= 11.00)) AND (p_size#822 <= 5)) OR (((((p_brand#820 = Brand#23) AND p_container#823 IN (MED BAG,MED BOX,MED PKG,MED PACK)) AND (l_quantity#13 >= 10.00)) AND (l_quantity#13 <= 20.00)) AND (p_size#822 <= 10))) OR (((((p_brand#820 = Brand#34) AND p_container#823 IN (LG CASE,LG BOX,LG PACK,LG PKG)) AND (l_quantity#13 >= 20.00)) AND (l_quantity#13 <= 30.00)) AND (p_size#822 <= 15))), false", "metadata":{}, "metrics":[{"metricName":"number of output rows","value":121,"accId":10162}], "children":[{ "nodeName":"Project", "description":"Project [l_partkey#10L, l_quantity#13, l_extendedprice#14, l_discount#15]", "metadata":{}, "metrics":[], "children":[{ "nodeName":"Filter", "description":"Filter ((((isnotnull(l_shipinstruct#22) AND l_shipmode#23 IN (AIR,AIR REG)) AND (l_shipinstruct#22 = DELIVER IN PERSON)) AND isnotnull(l_partkey#10L)) AND ((((l_quantity#13 >= 1.00) AND (l_quantity#13 <= 11.00)) OR ((l_quantity#13 >= 10.00) AND (l_quantity#13 <= 20.00))) OR ((l_quantity#13 >= 20.00) AND (l_quantity#13 <= 30.00))))", "metadata":{}, "metrics":[{"metricName":"number of output rows","value":128371,"accId":10163}], "children":[{ "nodeName":"ColumnarToRow", "description":"ColumnarToRow", "metadata":{}, "metrics":[{"metricName":"number of output rows","value":6001210,"accId":10164},{"metricName":"number of input batches","value":1500,"accId":10165}], "children":[{ "nodeName":"InputAdapter", "description":"InputAdapter", "metadata":{}, "metrics":[], "children":[{ "nodeName":"Scan parquet spark_catalog.tpch.lineitem", "description":"FileScan parquet spark_catalog.tpch.lineitem[l_partkey#10L,l_quantity#13,l_extendedprice#14,l_discount#15,l_shipinstruct#22,l_shipmode#23] Batched: true, Bucketed: false (bucket column(s) not read), DataFilters: [isnotnull(l_shipinstruct#22), l_shipmode#23 IN (AIR,AIR REG), (l_shipinstruct#22 = DELIVER IN PE..., Format: Parquet, Location: InMemoryFileIndex(1 paths)[file:/data/spark-warehouse/tpch.db/lineitem], PartitionFilters: [], PushedFilters: [IsNotNull(l_shipinstruct), In(l_shipmode, [AIR,AIR REG]), EqualTo(l_shipinstruct,DELIVER IN PERS..., ReadSchema: struct<l_partkey:bigint,l_quantity:decimal(15,2),l_extendedprice:decimal(15,2),l_discount:decimal...", "metadata":{"Location":"InMemoryFileIndex(1 paths)[file:/data/spark-warehouse/tpch.db/lineitem]","ReadSchema":"struct<l_partkey:bigint,l_quantity:decimal(15,2),l_extendedprice:decimal(15,2),l_discount:decimal(15,2),l_shipinstruct:string,l_shipmode:string>","Format":"Parquet","Batched":"true","PartitionFilters":"[]","PushedFilters":"[IsNotNull(l_shipinstruct), In(l_shipmode, [AIR,AIR REG]), EqualTo(l_shipinstruct,DELIVER IN PERSON), IsNotNull(l_partkey), Or(Or(And(GreaterThanOrEqual(l_quantity,1.00),LessThanOrEqual(l_quantity,11.00)),And(GreaterThanOrEqual(l_quantity,10.00),LessThanOrEqual(l_quantity,20.00))),And(GreaterThanOrEqual(l_quantity,20.00),LessThanOrEqual(l_quantity,30.00)))]","DataFilters":"[isnotnull(l_shipinstruct#22), l_shipmode#23 IN (AIR,AIR REG), (l_shipinstruct#22 = DELIVER IN PERSON), isnotnull(l_partkey#10L), ((((l_quantity#13 >= 1.00) AND (l_quantity#13 <= 11.00)) OR ((l_quantity#13 >= 10.00) AND (l_quantity#13 <= 20.00))) OR ((l_quantity#13 >= 20.00) AND (l_quantity#13 <= 30.00)))]","Bucketed":"false (bucket column(s) not read)"}, "metrics":[{"metricName":"number of files read","value":60,"accId":10168},{"metricName":"scan time","value":387,"accId":10167},{"metricName":"metadata time","value":0,"accId":10169},{"metricName":"size of files read","value":365478469,"accId":10170},{"metricName":"number of output rows","value":6001210,"accId":10166}], "children":[] }] }] }] }] },{ "nodeName":"InputAdapter", "description":"InputAdapter", "metadata":{}, "metrics":[], "children":[{ "nodeName":"BroadcastExchange", "description":"BroadcastExchange HashedRelationBroadcastMode(List(input[0, bigint, false]),false), [plan_id=6200]", "metadata":{}, "metrics":[{"metricName":"time to broadcast","value":0,"accId":10175},{"metricName":"time to build","value":1,"accId":10174},{"metricName":"time to collect","value":139,"accId":10173},{"metricName":"number of output rows","value":485,"accId":10172},{"metricName":"data size","value":1064960,"accId":10171}], "children":[{ "nodeName":"WholeStageCodegen (1)", "description":"WholeStageCodegen (1)", "metadata":{}, "metrics":[{"metricName":"duration","value":206,"accId":10176}], "children":[{ "nodeName":"Filter", "description":"Filter (((isnotnull(p_size#822) AND (p_size#822 >= 1)) AND isnotnull(p_partkey#817L)) AND (((((p_brand#820 = Brand#12) AND p_container#823 IN (SM CASE,SM BOX,SM PACK,SM PKG)) AND (p_size#822 <= 5)) OR (((p_brand#820 = Brand#23) AND p_container#823 IN (MED BAG,MED BOX,MED PKG,MED PACK)) AND (p_size#822 <= 10))) OR (((p_brand#820 = Brand#34) AND p_container#823 IN (LG CASE,LG BOX,LG PACK,LG PKG)) AND (p_size#822 <= 15))))", "metadata":{}, "metrics":[{"metricName":"number of output rows","value":485,"accId":10177}], "children":[{ "nodeName":"ColumnarToRow", "description":"ColumnarToRow", "metadata":{}, "metrics":[{"metricName":"number of output rows","value":200000,"accId":10178},{"metricName":"number of input batches","value":60,"accId":10179}], "children":[{ "nodeName":"InputAdapter", "description":"InputAdapter", "metadata":{}, "metrics":[], "children":[{ "nodeName":"Scan parquet spark_catalog.tpch.part", "description":"FileScan parquet spark_catalog.tpch.part[p_partkey#817L,p_brand#820,p_size#822,p_container#823] Batched: true, Bucketed: true, DataFilters: [isnotnull(p_size#822), (p_size#822 >= 1), isnotnull(p_partkey#817L), (((((p_brand#820 = Brand#12..., Format: Parquet, Location: InMemoryFileIndex(1 paths)[file:/data/spark-warehouse/tpch.db/part], PartitionFilters: [], PushedFilters: [IsNotNull(p_size), GreaterThanOrEqual(p_size,1), IsNotNull(p_partkey), Or(Or(And(And(EqualTo(p_b..., ReadSchema: struct<p_partkey:bigint,p_brand:string,p_size:int,p_container:string>, SelectedBucketsCount: 60 out of 60", "metadata":{"Location":"InMemoryFileIndex(1 paths)[file:/data/spark-warehouse/tpch.db/part]","ReadSchema":"struct<p_partkey:bigint,p_brand:string,p_size:int,p_container:string>","Format":"Parquet","SelectedBucketsCount":"60 out of 60","Batched":"true","PartitionFilters":"[]","PushedFilters":"[IsNotNull(p_size), GreaterThanOrEqual(p_size,1), IsNotNull(p_partkey), Or(Or(And(And(EqualTo(p_brand,Brand#12),In(p_container, [SM BOX,SM CASE,SM PACK,SM PKG])),LessThanOrEqual(p_size,5)),And(And(EqualTo(p_brand,Brand#23),In(p_container, [MED BAG,MED BOX,MED PACK,MED PKG])),LessThanOrEqual(p_size,10))),And(And(EqualTo(p_brand,Brand#34),In(p_container, [LG BOX,LG CASE,LG PACK,LG PKG])),LessThanOrEqual(p_size,15)))]","DataFilters":"[isnotnull(p_size#822), (p_size#822 >= 1), isnotnull(p_partkey#817L), (((((p_brand#820 = Brand#12) AND p_container#823 IN (SM CASE,SM BOX,SM PACK,SM PKG)) AND (p_size#822 <= 5)) OR (((p_brand#820 = Brand#23) AND p_container#823 IN (MED BAG,MED BOX,MED PKG,MED PACK)) AND (p_size#822 <= 10))) OR (((p_brand#820 = Brand#34) AND p_container#823 IN (LG CASE,LG BOX,LG PACK,LG PKG)) AND (p_size#822 <= 15)))]","Bucketed":"true"}, "metrics":[{"metricName":"number of files read","value":60,"accId":10182},{"metricName":"scan time","value":170,"accId":10181},{"metricName":"metadata time","value":0,"accId":10183},{"metricName":"size of files read","value":15214963,"accId":10184},{"metricName":"number of output rows","value":200000,"accId":10180}], "children":[] }] }] }] }] }] }] }] }] }] }] }] }] }] }] }}]