[{"totalTime":2179,"stagePlan":{"stages":[{"id":35,"isQueryResult":false,"tasks":[{"id":0,"duration":23,"executor":0}],"rdds":[121,122,123,124],"parents":[],"accIds":[1874,1875,1876,1877,1878,1879,1883,1884,1885,1886,1887,1914,1915]},{"id":36,"isQueryResult":false,"tasks":[{"id":43,"duration":16,"executor":0},{"id":42,"duration":24,"executor":0},{"id":5,"duration":37,"executor":1},{"id":19,"duration":45,"executor":1},{"id":24,"duration":19,"executor":0},{"id":2,"duration":38,"executor":1},{"id":44,"duration":20,"executor":0},{"id":23,"duration":17,"executor":0},{"id":8,"duration":21,"executor":1},{"id":31,"duration":19,"executor":0},{"id":50,"duration":21,"executor":1},{"id":38,"duration":54,"executor":1},{"id":21,"duration":47,"executor":2},{"id":16,"duration":30,"executor":1},{"id":28,"duration":24,"executor":2},{"id":17,"duration":30,"executor":2},{"id":35,"duration":21,"executor":2},{"id":55,"duration":22,"executor":1},{"id":40,"duration":55,"executor":1},{"id":39,"duration":19,"executor":0},{"id":22,"duration":18,"executor":0},{"id":6,"duration":21,"executor":0},{"id":45,"duration":18,"executor":0},{"id":53,"duration":20,"executor":0},{"id":29,"duration":23,"executor":2},{"id":36,"duration":19,"executor":0},{"id":13,"duration":51,"executor":0},{"id":26,"duration":22,"executor":1},{"id":15,"duration":30,"executor":2},{"id":25,"duration":18,"executor":0},{"id":51,"duration":21,"executor":2},{"id":59,"duration":18,"executor":0},{"id":54,"duration":19,"executor":0},{"id":57,"duration":20,"executor":2},{"id":27,"duration":25,"executor":1},{"id":34,"duration":61,"executor":2},{"id":10,"duration":22,"executor":2},{"id":14,"duration":30,"executor":1},{"id":3,"duration":35,"executor":0},{"id":18,"duration":45,"executor":1},{"id":33,"duration":24,"executor":1},{"id":11,"duration":21,"executor":1},{"id":7,"duration":20,"executor":0},{"id":4,"duration":38,"executor":2},{"id":12,"duration":56,"executor":0},{"id":1,"duration":37,"executor":2},{"id":0,"duration":34,"executor":0},{"id":41,"duration":56,"executor":2},{"id":9,"duration":22,"executor":2},{"id":20,"duration":50,"executor":2},{"id":47,"duration":20,"executor":0},{"id":49,"duration":19,"executor":0},{"id":30,"duration":19,"executor":0},{"id":46,"duration":21,"executor":2},{"id":48,"duration":22,"executor":1},{"id":52,"duration":21,"executor":2},{"id":56,"duration":21,"executor":1},{"id":37,"duration":24,"executor":0},{"id":58,"duration":58,"executor":2},{"id":32,"duration":22,"executor":1}],"rdds":[128,129,130,131],"parents":[],"accIds":[1826,1845,1846,1847,1848,1849,1850,1851,1852,1853,1918,1919,1920,1921,1922,1923,1924,1946,1947,1948,1949,1950]},{"id":37,"isQueryResult":false,"tasks":[{"id":20,"duration":86,"executor":0},{"id":24,"duration":34,"executor":1},{"id":14,"duration":26,"executor":0},{"id":45,"duration":47,"executor":0},{"id":48,"duration":76,"executor":2},{"id":6,"duration":72,"executor":0},{"id":16,"duration":95,"executor":1},{"id":40,"duration":31,"executor":2},{"id":36,"duration":75,"executor":1},{"id":57,"duration":72,"executor":1},{"id":59,"duration":73,"executor":1},{"id":18,"duration":160,"executor":2},{"id":7,"duration":31,"executor":0},{"id":50,"duration":54,"executor":0},{"id":30,"duration":34,"executor":2},{"id":53,"duration":31,"executor":1},{"id":19,"duration":87,"executor":0},{"id":10,"duration":75,"executor":1},{"id":13,"duration":29,"executor":0},{"id":22,"duration":35,"executor":0},{"id":2,"duration":39,"executor":0},{"id":27,"duration":65,"executor":1},{"id":1,"duration":46,"executor":2},{"id":28,"duration":64,"executor":0},{"id":37,"duration":70,"executor":0},{"id":46,"duration":75,"executor":2},{"id":34,"duration":51,"executor":0},{"id":8,"duration":93,"executor":2},{"id":49,"duration":68,"executor":1},{"id":33,"duration":83,"executor":2},{"id":47,"duration":78,"executor":1},{"id":29,"duration":71,"executor":1},{"id":3,"duration":54,"executor":1},{"id":0,"duration":54,"executor":1},{"id":12,"duration":44,"executor":0},{"id":38,"duration":68,"executor":1},{"id":17,"duration":103,"executor":2},{"id":32,"duration":28,"executor":1},{"id":15,"duration":101,"executor":1},{"id":54,"duration":78,"executor":2},{"id":43,"duration":46,"executor":1},{"id":11,"duration":75,"executor":2},{"id":52,"duration":30,"executor":2},{"id":44,"duration":49,"executor":0},{"id":31,"duration":28,"executor":0},{"id":39,"duration":50,"executor":0},{"id":5,"duration":39,"executor":0},{"id":55,"duration":29,"executor":0},{"id":56,"duration":30,"executor":0},{"id":25,"duration":87,"executor":2},{"id":23,"duration":28,"executor":0},{"id":21,"duration":31,"executor":1},{"id":51,"duration":52,"executor":0},{"id":41,"duration":29,"executor":1},{"id":9,"duration":76,"executor":1},{"id":58,"duration":70,"executor":2},{"id":4,"duration":57,"executor":2},{"id":26,"duration":67,"executor":0},{"id":35,"duration":83,"executor":2},{"id":42,"duration":50,"executor":2}],"rdds":[125,126,127,132,133,134,135,136],"parents":[36],"accIds":[1785,1804,1805,1806,1807,1808,1809,1810,1811,1812,1813,1814,1815,1816,1817,1818,1822,1823,1824,1825,1828,1829,1830,1832,1833,1834,1843,1953,1954,1955,1956,1957,1958,1959,1962,1964,1965,1966,1967,1968,1969,1970,1971,1972,1973,1974,1975,1976,1977,1978,1979,1980,1981,1982,1983,1984,1985]},{"id":38,"isQueryResult":false,"tasks":[{"id":37,"duration":91,"executor":1},{"id":54,"duration":46,"executor":1},{"id":5,"duration":84,"executor":2},{"id":53,"duration":50,"executor":1},{"id":16,"duration":62,"executor":0},{"id":36,"duration":106,"executor":2},{"id":2,"duration":76,"executor":2},{"id":50,"duration":58,"executor":0},{"id":55,"duration":35,"executor":2},{"id":22,"duration":42,"executor":0},{"id":7,"duration":52,"executor":0},{"id":21,"duration":38,"executor":0},{"id":58,"duration":38,"executor":0},{"id":25,"duration":88,"executor":1},{"id":38,"duration":47,"executor":0},{"id":57,"duration":37,"executor":0},{"id":46,"duration":85,"executor":1},{"id":35,"duration":53,"executor":0},{"id":4,"duration":53,"executor":0},{"id":14,"duration":79,"executor":2},{"id":3,"duration":93,"executor":1},{"id":1,"duration":57,"executor":0},{"id":56,"duration":74,"executor":2},{"id":8,"duration":38,"executor":2},{"id":45,"duration":82,"executor":2},{"id":30,"duration":114,"executor":2},{"id":49,"duration":37,"executor":0},{"id":11,"duration":84,"executor":1},{"id":51,"duration":61,"executor":0},{"id":39,"duration":43,"executor":0},{"id":20,"duration":77,"executor":2},{"id":26,"duration":72,"executor":0},{"id":47,"duration":82,"executor":2},{"id":48,"duration":38,"executor":0},{"id":24,"duration":94,"executor":1},{"id":29,"duration":91,"executor":2},{"id":10,"duration":90,"executor":1},{"id":41,"duration":89,"executor":2},{"id":59,"duration":72,"executor":2},{"id":42,"duration":66,"executor":0},{"id":0,"duration":101,"executor":1},{"id":27,"duration":68,"executor":0},{"id":28,"duration":34,"executor":2},{"id":44,"duration":101,"executor":1},{"id":31,"duration":84,"executor":1},{"id":6,"duration":52,"executor":0},{"id":19,"duration":36,"executor":1},{"id":33,"duration":93,"executor":1},{"id":18,"duration":39,"executor":1},{"id":43,"duration":63,"executor":0},{"id":12,"duration":38,"executor":0},{"id":52,"duration":33,"executor":2},{"id":15,"duration":63,"executor":0},{"id":13,"duration":38,"executor":0},{"id":23,"duration":80,"executor":2},{"id":34,"duration":81,"executor":0},{"id":9,"duration":85,"executor":2},{"id":17,"duration":42,"executor":2},{"id":32,"duration":37,"executor":0},{"id":40,"duration":85,"executor":1}],"rdds":[137,138,139,140,141,142,143,144],"parents":[37],"accIds":[1749,1768,1769,1770,1771,1772,1773,1775,1776,1778,1779,1780,1781,1782,1783,1784,1787,1788,1789,1791,1792,1793,1802,1857,1858,1859,1860,1861,1862,1863,1864,1865,1988,1989,1990,1991,1992,1993,1994,1997,1999,2000,2001,2002,2003,2004,2005,2006,2007,2008,2009,2010,2011,2012,2013,2014,2015,2016,2017,2018,2019,2020]},{"id":39,"isQueryResult":true,"tasks":[{"id":40,"duration":16,"executor":2},{"id":42,"duration":53,"executor":0},{"id":41,"duration":56,"executor":0},{"id":52,"duration":14,"executor":0},{"id":55,"duration":44,"executor":0},{"id":58,"duration":75,"executor":0},{"id":50,"duration":17,"executor":1},{"id":6,"duration":16,"executor":0},{"id":9,"duration":17,"executor":2},{"id":33,"duration":32,"executor":1},{"id":26,"duration":47,"executor":1},{"id":11,"duration":18,"executor":1},{"id":28,"duration":74,"executor":0},{"id":49,"duration":27,"executor":2},{"id":48,"duration":42,"executor":0},{"id":7,"duration":10,"executor":2},{"id":51,"duration":16,"executor":1},{"id":12,"duration":47,"executor":2},{"id":35,"duration":13,"executor":0},{"id":18,"duration":12,"executor":2},{"id":19,"duration":24,"executor":1},{"id":56,"duration":43,"executor":1},{"id":34,"duration":33,"executor":1},{"id":13,"duration":46,"executor":0},{"id":4,"duration":16,"executor":2},{"id":2,"duration":19,"executor":1},{"id":32,"duration":36,"executor":2},{"id":24,"duration":17,"executor":2},{"id":8,"duration":17,"executor":0},{"id":36,"duration":16,"executor":2},{"id":10,"duration":17,"executor":1},{"id":23,"duration":19,"executor":2},{"id":27,"duration":75,"executor":2},{"id":15,"duration":46,"executor":2},{"id":47,"duration":43,"executor":0},{"id":29,"duration":46,"executor":2},{"id":37,"duration":13,"executor":0},{"id":30,"duration":76,"executor":0},{"id":39,"duration":14,"executor":1},{"id":0,"duration":17,"executor":0},{"id":25,"duration":52,"executor":0},{"id":20,"duration":22,"executor":0},{"id":43,"duration":82,"executor":2},{"id":22,"duration":21,"executor":0},{"id":45,"duration":86,"executor":1},{"id":31,"duration":47,"executor":1},{"id":14,"duration":46,"executor":0},{"id":21,"duration":24,"executor":1},{"id":17,"duration":40,"executor":1},{"id":1,"duration":16,"executor":2},{"id":16,"duration":39,"executor":1},{"id":53,"duration":19,"executor":2},{"id":44,"duration":88,"executor":1},{"id":54,"duration":16,"executor":0},{"id":59,"duration":81,"executor":2},{"id":3,"duration":16,"executor":0},{"id":46,"duration":88,"executor":2},{"id":38,"duration":16,"executor":1},{"id":5,"duration":19,"executor":1},{"id":57,"duration":42,"executor":1}],"rdds":[145,146,147,148],"parents":[38],"accIds":[1742,1743,1744,1746,1747,1751,1752,1753,1755,1756,1757,1766,2023,2024,2025,2026,2027,2028,2029,2032,2034,2035,2036,2037,2038,2039,2040,2041,2042,2043,2044,2045,2046,2047,2048,2049,2050]}]},"sqlPlan":{ "nodeName":"TakeOrderedAndProject", "description":"TakeOrderedAndProject(limit=20, orderBy=[revenue#636 DESC NULLS LAST], output=[c_custkey#563L,c_name#564,revenue#636,c_acctbal#568,n_name#581,c_address#565,c_phone#567,c_comment#570])", "metadata":{}, "metrics":[{"metricName":"shuffle records written","value":0,"accId":1740},{"metricName":"local merged chunks fetched","value":0,"accId":1734},{"metricName":"shuffle write time","value":0,"accId":1741},{"metricName":"remote merged bytes read","value":0,"accId":1735},{"metricName":"local merged blocks fetched","value":0,"accId":1732},{"metricName":"corrupt merged block chunks","value":0,"accId":1729},{"metricName":"remote merged reqs duration","value":0,"accId":1738},{"metricName":"remote merged blocks fetched","value":0,"accId":1731},{"metricName":"records read","value":0,"accId":1728},{"metricName":"local bytes read","value":0,"accId":1726},{"metricName":"fetch wait time","value":0,"accId":1727},{"metricName":"remote bytes read","value":0,"accId":1724},{"metricName":"merged fetch fallback count","value":0,"accId":1730},{"metricName":"local blocks read","value":0,"accId":1723},{"metricName":"remote merged chunks fetched","value":0,"accId":1733},{"metricName":"remote blocks read","value":0,"accId":1722},{"metricName":"local merged bytes read","value":0,"accId":1736},{"metricName":"remote reqs duration","value":0,"accId":1737},{"metricName":"remote bytes read to disk","value":0,"accId":1725},{"metricName":"shuffle bytes written","value":0,"accId":1739}], "children":[{ "nodeName":"WholeStageCodegen (9)", "description":"WholeStageCodegen (9)", "metadata":{}, "metrics":[{"metricName":"duration","value":1215,"accId":1742}], "children":[{ "nodeName":"HashAggregate", "description":"HashAggregate(keys=[c_custkey#563L, c_name#564, c_acctbal#568, c_phone#567, n_name#581, c_address#565, c_comment#570], functions=[sum((l_extendedprice#14 * (1 - l_discount#15)))])", "metadata":{}, "metrics":[{"metricName":"spill size","value":0,"accId":1745},{"metricName":"time in aggregation build","value":1028,"accId":1746},{"metricName":"peak memory","value":4042259520,"accId":1744},{"metricName":"number of output rows","value":37967,"accId":1743},{"metricName":"number of sort fallback tasks","value":0,"accId":1748},{"metricName":"avg hash probes per key","value":600,"accId":1747}], "children":[{ "nodeName":"InputAdapter", "description":"InputAdapter", "metadata":{}, "metrics":[], "children":[{ "nodeName":"Exchange", "description":"Exchange hashpartitioning(c_custkey#563L, c_name#564, c_acctbal#568, c_phone#567, n_name#581, c_address#565, c_comment#570, 60), ENSURE_REQUIREMENTS, [plan_id=1013]", "metadata":{}, "metrics":[{"metricName":"shuffle records written","value":48811,"accId":1769},{"metricName":"local merged chunks fetched","value":0,"accId":1763},{"metricName":"shuffle write time","value":739741888,"accId":1770},{"metricName":"remote merged bytes read","value":0,"accId":1764},{"metricName":"local merged blocks fetched","value":0,"accId":1761},{"metricName":"corrupt merged block chunks","value":0,"accId":1758},{"metricName":"remote merged reqs duration","value":0,"accId":1767},{"metricName":"remote merged blocks fetched","value":0,"accId":1760},{"metricName":"records read","value":48811,"accId":1757},{"metricName":"local bytes read","value":2695784,"accId":1755},{"metricName":"fetch wait time","value":674,"accId":1756},{"metricName":"remote bytes read","value":5279315,"accId":1753},{"metricName":"merged fetch fallback count","value":0,"accId":1759},{"metricName":"local blocks read","value":1206,"accId":1752},{"metricName":"remote merged chunks fetched","value":0,"accId":1762},{"metricName":"remote blocks read","value":2394,"accId":1751},{"metricName":"data size","value":12215264,"accId":1749},{"metricName":"local merged bytes read","value":0,"accId":1765},{"metricName":"number of partitions","value":60,"accId":1750},{"metricName":"remote reqs duration","value":1423,"accId":1766},{"metricName":"remote bytes read to disk","value":0,"accId":1754},{"metricName":"shuffle bytes written","value":7975099,"accId":1768}], "children":[{ "nodeName":"WholeStageCodegen (8)", "description":"WholeStageCodegen (8)", "metadata":{}, "metrics":[{"metricName":"duration","value":2476,"accId":1771}], "children":[{ "nodeName":"HashAggregate", "description":"HashAggregate(keys=[c_custkey#563L, c_name#564, c_acctbal#568, c_phone#567, n_name#581, c_address#565, c_comment#570], functions=[partial_sum((l_extendedprice#14 * (1 - l_discount#15)))])", "metadata":{}, "metrics":[{"metricName":"spill size","value":0,"accId":1774},{"metricName":"time in aggregation build","value":1920,"accId":1775},{"metricName":"peak memory","value":4042259520,"accId":1773},{"metricName":"number of output rows","value":48811,"accId":1772},{"metricName":"number of sort fallback tasks","value":0,"accId":1777},{"metricName":"avg hash probes per key","value":600,"accId":1776}], "children":[{ "nodeName":"Project", "description":"Project [c_custkey#563L, c_name#564, c_address#565, c_phone#567, c_acctbal#568, c_comment#570, l_extendedprice#14, l_discount#15, n_name#581]", "metadata":{}, "metrics":[], "children":[{ "nodeName":"BroadcastHashJoin", "description":"BroadcastHashJoin [c_nationkey#566L], [n_nationkey#580L], Inner, BuildRight, false", "metadata":{}, "metrics":[{"metricName":"number of output rows","value":114705,"accId":1778}], "children":[{ "nodeName":"Project", "description":"Project [c_custkey#563L, c_name#564, c_address#565, c_nationkey#566L, c_phone#567, c_acctbal#568, c_comment#570, l_extendedprice#14, l_discount#15]", "metadata":{}, "metrics":[], "children":[{ "nodeName":"SortMergeJoin", "description":"SortMergeJoin [o_orderkey#571L], [l_orderkey#9L], Inner", "metadata":{}, "metrics":[{"metricName":"number of output rows","value":114705,"accId":1779},{"metricName":"spill size","value":0,"accId":1780}], "children":[{ "nodeName":"InputAdapter", "description":"InputAdapter", "metadata":{}, "metrics":[], "children":[{ "nodeName":"WholeStageCodegen (5)", "description":"WholeStageCodegen (5)", "metadata":{}, "metrics":[{"metricName":"duration","value":2192,"accId":1781}], "children":[{ "nodeName":"Sort", "description":"Sort [o_orderkey#571L ASC NULLS FIRST], false, 0", "metadata":{}, "metrics":[{"metricName":"sort time","value":0,"accId":1782},{"metricName":"peak memory","value":4030463040,"accId":1783},{"metricName":"spill size","value":0,"accId":1784}], "children":[{ "nodeName":"InputAdapter", "description":"InputAdapter", "metadata":{}, "metrics":[], "children":[{ "nodeName":"Exchange", "description":"Exchange hashpartitioning(o_orderkey#571L, 60), ENSURE_REQUIREMENTS, [plan_id=989]", "metadata":{}, "metrics":[{"metricName":"shuffle records written","value":57069,"accId":1805},{"metricName":"local merged chunks fetched","value":0,"accId":1799},{"metricName":"shuffle write time","value":846264327,"accId":1806},{"metricName":"remote merged bytes read","value":0,"accId":1800},{"metricName":"local merged blocks fetched","value":0,"accId":1797},{"metricName":"corrupt merged block chunks","value":0,"accId":1794},{"metricName":"remote merged reqs duration","value":0,"accId":1803},{"metricName":"remote merged blocks fetched","value":0,"accId":1796},{"metricName":"records read","value":57069,"accId":1793},{"metricName":"local bytes read","value":2829803,"accId":1791},{"metricName":"fetch wait time","value":387,"accId":1792},{"metricName":"remote bytes read","value":5589968,"accId":1789},{"metricName":"merged fetch fallback count","value":0,"accId":1795},{"metricName":"local blocks read","value":1218,"accId":1788},{"metricName":"remote merged chunks fetched","value":0,"accId":1798},{"metricName":"remote blocks read","value":2382,"accId":1787},{"metricName":"data size","value":12346920,"accId":1785},{"metricName":"local merged bytes read","value":0,"accId":1801},{"metricName":"number of partitions","value":60,"accId":1786},{"metricName":"remote reqs duration","value":1142,"accId":1802},{"metricName":"remote bytes read to disk","value":0,"accId":1790},{"metricName":"shuffle bytes written","value":8419771,"accId":1804}], "children":[{ "nodeName":"WholeStageCodegen (4)", "description":"WholeStageCodegen (4)", "metadata":{}, "metrics":[{"metricName":"duration","value":1742,"accId":1807}], "children":[{ "nodeName":"Project", "description":"Project [c_custkey#563L, c_name#564, c_address#565, c_nationkey#566L, c_phone#567, c_acctbal#568, c_comment#570, o_orderkey#571L]", "metadata":{}, "metrics":[], "children":[{ "nodeName":"SortMergeJoin", "description":"SortMergeJoin [c_custkey#563L], [o_custkey#572L], Inner", "metadata":{}, "metrics":[{"metricName":"number of output rows","value":57069,"accId":1808},{"metricName":"spill size","value":0,"accId":1809}], "children":[{ "nodeName":"InputAdapter", "description":"InputAdapter", "metadata":{}, "metrics":[], "children":[{ "nodeName":"WholeStageCodegen (1)", "description":"WholeStageCodegen (1)", "metadata":{}, "metrics":[{"metricName":"duration","value":664,"accId":1810}], "children":[{ "nodeName":"Sort", "description":"Sort [c_custkey#563L ASC NULLS FIRST], false, 0", "metadata":{}, "metrics":[{"metricName":"sort time","value":0,"accId":1811},{"metricName":"peak memory","value":4034395200,"accId":1812},{"metricName":"spill size","value":0,"accId":1813}], "children":[{ "nodeName":"Filter", "description":"Filter (isnotnull(c_custkey#563L) AND isnotnull(c_nationkey#566L))", "metadata":{}, "metrics":[{"metricName":"number of output rows","value":150000,"accId":1814}], "children":[{ "nodeName":"ColumnarToRow", "description":"ColumnarToRow", "metadata":{}, "metrics":[{"metricName":"number of output rows","value":150000,"accId":1815},{"metricName":"number of input batches","value":60,"accId":1816}], "children":[{ "nodeName":"InputAdapter", "description":"InputAdapter", "metadata":{}, "metrics":[], "children":[{ "nodeName":"Scan parquet spark_catalog.tpch.customer", "description":"FileScan parquet spark_catalog.tpch.customer[c_custkey#563L,c_name#564,c_address#565,c_nationkey#566L,c_phone#567,c_acctbal#568,c_comment#570] Batched: true, Bucketed: true, DataFilters: [isnotnull(c_custkey#563L), isnotnull(c_nationkey#566L)], Format: Parquet, Location: InMemoryFileIndex(1 paths)[file:/data/spark-warehouse/tpch.db/customer], PartitionFilters: [], PushedFilters: [IsNotNull(c_custkey), IsNotNull(c_nationkey)], ReadSchema: struct<c_custkey:bigint,c_name:string,c_address:string,c_nationkey:bigint,c_phone:string,c_acctba..., SelectedBucketsCount: 60 out of 60", "metadata":{"Location":"InMemoryFileIndex(1 paths)[file:/data/spark-warehouse/tpch.db/customer]","ReadSchema":"struct<c_custkey:bigint,c_name:string,c_address:string,c_nationkey:bigint,c_phone:string,c_acctbal:decimal(15,2),c_comment:string>","Format":"Parquet","SelectedBucketsCount":"60 out of 60","Batched":"true","PartitionFilters":"[]","PushedFilters":"[IsNotNull(c_custkey), IsNotNull(c_nationkey)]","DataFilters":"[isnotnull(c_custkey#563L), isnotnull(c_nationkey#566L)]","Bucketed":"true"}, "metrics":[{"metricName":"number of files read","value":60,"accId":1819},{"metricName":"scan time","value":432,"accId":1818},{"metricName":"metadata time","value":0,"accId":1820},{"metricName":"size of files read","value":24717733,"accId":1821},{"metricName":"number of output rows","value":150000,"accId":1817}], "children":[] }] }] }] }] }] }] },{ "nodeName":"InputAdapter", "description":"InputAdapter", "metadata":{}, "metrics":[], "children":[{ "nodeName":"WholeStageCodegen (3)", "description":"WholeStageCodegen (3)", "metadata":{}, "metrics":[{"metricName":"duration","value":2945,"accId":1822}], "children":[{ "nodeName":"Sort", "description":"Sort [o_custkey#572L ASC NULLS FIRST], false, 0", "metadata":{}, "metrics":[{"metricName":"sort time","value":0,"accId":1823},{"metricName":"peak memory","value":4030463040,"accId":1824},{"metricName":"spill size","value":0,"accId":1825}], "children":[{ "nodeName":"InputAdapter", "description":"InputAdapter", "metadata":{}, "metrics":[], "children":[{ "nodeName":"Exchange", "description":"Exchange hashpartitioning(o_custkey#572L, 60), ENSURE_REQUIREMENTS, [plan_id=981]", "metadata":{}, "metrics":[{"metricName":"shuffle records written","value":57069,"accId":1846},{"metricName":"local merged chunks fetched","value":0,"accId":1840},{"metricName":"shuffle write time","value":650936947,"accId":1847},{"metricName":"remote merged bytes read","value":0,"accId":1841},{"metricName":"local merged blocks fetched","value":0,"accId":1838},{"metricName":"corrupt merged block chunks","value":0,"accId":1835},{"metricName":"remote merged reqs duration","value":0,"accId":1844},{"metricName":"remote merged blocks fetched","value":0,"accId":1837},{"metricName":"records read","value":57069,"accId":1834},{"metricName":"local bytes read","value":338111,"accId":1832},{"metricName":"fetch wait time","value":540,"accId":1833},{"metricName":"remote bytes read","value":659701,"accId":1830},{"metricName":"merged fetch fallback count","value":0,"accId":1836},{"metricName":"local blocks read","value":1218,"accId":1829},{"metricName":"remote merged chunks fetched","value":0,"accId":1839},{"metricName":"remote blocks read","value":2382,"accId":1828},{"metricName":"data size","value":1369656,"accId":1826},{"metricName":"local merged bytes read","value":0,"accId":1842},{"metricName":"number of partitions","value":60,"accId":1827},{"metricName":"remote reqs duration","value":1935,"accId":1843},{"metricName":"remote bytes read to disk","value":0,"accId":1831},{"metricName":"shuffle bytes written","value":997812,"accId":1845}], "children":[{ "nodeName":"WholeStageCodegen (2)", "description":"WholeStageCodegen (2)", "metadata":{}, "metrics":[{"metricName":"duration","value":703,"accId":1848}], "children":[{ "nodeName":"Project", "description":"Project [o_orderkey#571L, o_custkey#572L]", "metadata":{}, "metrics":[], "children":[{ "nodeName":"Filter", "description":"Filter ((((isnotnull(o_orderdate#575) AND (o_orderdate#575 >= 1993-10-01)) AND (o_orderdate#575 < 1994-01-01)) AND isnotnull(o_custkey#572L)) AND isnotnull(o_orderkey#571L))", "metadata":{}, "metrics":[{"metricName":"number of output rows","value":57069,"accId":1849}], "children":[{ "nodeName":"ColumnarToRow", "description":"ColumnarToRow", "metadata":{}, "metrics":[{"metricName":"number of output rows","value":1500000,"accId":1850},{"metricName":"number of input batches","value":420,"accId":1851}], "children":[{ "nodeName":"InputAdapter", "description":"InputAdapter", "metadata":{}, "metrics":[], "children":[{ "nodeName":"Scan parquet spark_catalog.tpch.orders", "description":"FileScan parquet spark_catalog.tpch.orders[o_orderkey#571L,o_custkey#572L,o_orderdate#575] Batched: true, Bucketed: false (disabled by query planner), DataFilters: [isnotnull(o_orderdate#575), (o_orderdate#575 >= 1993-10-01), (o_orderdate#575 < 1994-01-01), isn..., Format: Parquet, Location: InMemoryFileIndex(1 paths)[file:/data/spark-warehouse/tpch.db/orders], PartitionFilters: [], PushedFilters: [IsNotNull(o_orderdate), GreaterThanOrEqual(o_orderdate,1993-10-01), LessThan(o_orderdate,1994-01..., ReadSchema: struct<o_orderkey:bigint,o_custkey:bigint,o_orderdate:date>", "metadata":{"Location":"InMemoryFileIndex(1 paths)[file:/data/spark-warehouse/tpch.db/orders]","ReadSchema":"struct<o_orderkey:bigint,o_custkey:bigint,o_orderdate:date>","Format":"Parquet","Batched":"true","PartitionFilters":"[]","PushedFilters":"[IsNotNull(o_orderdate), GreaterThanOrEqual(o_orderdate,1993-10-01), LessThan(o_orderdate,1994-01-01), IsNotNull(o_custkey), IsNotNull(o_orderkey)]","DataFilters":"[isnotnull(o_orderdate#575), (o_orderdate#575 >= 1993-10-01), (o_orderdate#575 < 1994-01-01), isnotnull(o_custkey#572L), isnotnull(o_orderkey#571L)]","Bucketed":"false (disabled by query planner)"}, "metrics":[{"metricName":"number of files read","value":60,"accId":1854},{"metricName":"scan time","value":287,"accId":1853},{"metricName":"metadata time","value":0,"accId":1855},{"metricName":"size of files read","value":121789992,"accId":1856},{"metricName":"number of output rows","value":1500000,"accId":1852}], "children":[] }] }] }] }] }] }] }] }] }] }] }] }] }] }] }] }] }] }] },{ "nodeName":"InputAdapter", "description":"InputAdapter", "metadata":{}, "metrics":[], "children":[{ "nodeName":"WholeStageCodegen (6)", "description":"WholeStageCodegen (6)", "metadata":{}, "metrics":[{"metricName":"duration","value":252,"accId":1857}], "children":[{ "nodeName":"Sort", "description":"Sort [l_orderkey#9L ASC NULLS FIRST], false, 0", "metadata":{}, "metrics":[{"metricName":"sort time","value":89,"accId":1858},{"metricName":"peak memory","value":4089445440,"accId":1859},{"metricName":"spill size","value":0,"accId":1860}], "children":[{ "nodeName":"Project", "description":"Project [l_orderkey#9L, l_extendedprice#14, l_discount#15]", "metadata":{}, "metrics":[], "children":[{ "nodeName":"Filter", "description":"Filter ((isnotnull(l_returnflag#17) AND (l_returnflag#17 = R)) AND isnotnull(l_orderkey#9L))", "metadata":{}, "metrics":[{"metricName":"number of output rows","value":1478870,"accId":1861}], "children":[{ "nodeName":"ColumnarToRow", "description":"ColumnarToRow", "metadata":{}, "metrics":[{"metricName":"number of output rows","value":6001215,"accId":1862},{"metricName":"number of input batches","value":1500,"accId":1863}], "children":[{ "nodeName":"InputAdapter", "description":"InputAdapter", "metadata":{}, "metrics":[], "children":[{ "nodeName":"Scan parquet spark_catalog.tpch.lineitem", "description":"FileScan parquet spark_catalog.tpch.lineitem[l_orderkey#9L,l_extendedprice#14,l_discount#15,l_returnflag#17] Batched: true, Bucketed: true, DataFilters: [isnotnull(l_returnflag#17), (l_returnflag#17 = R), isnotnull(l_orderkey#9L)], Format: Parquet, Location: InMemoryFileIndex(1 paths)[file:/data/spark-warehouse/tpch.db/lineitem], PartitionFilters: [], PushedFilters: [IsNotNull(l_returnflag), EqualTo(l_returnflag,R), IsNotNull(l_orderkey)], ReadSchema: struct<l_orderkey:bigint,l_extendedprice:decimal(15,2),l_discount:decimal(15,2),l_returnflag:string>, SelectedBucketsCount: 60 out of 60", "metadata":{"Location":"InMemoryFileIndex(1 paths)[file:/data/spark-warehouse/tpch.db/lineitem]","ReadSchema":"struct<l_orderkey:bigint,l_extendedprice:decimal(15,2),l_discount:decimal(15,2),l_returnflag:string>","Format":"Parquet","SelectedBucketsCount":"60 out of 60","Batched":"true","PartitionFilters":"[]","PushedFilters":"[IsNotNull(l_returnflag), EqualTo(l_returnflag,R), IsNotNull(l_orderkey)]","DataFilters":"[isnotnull(l_returnflag#17), (l_returnflag#17 = R), isnotnull(l_orderkey#9L)]","Bucketed":"true"}, "metrics":[{"metricName":"number of files read","value":60,"accId":1866},{"metricName":"scan time","value":475,"accId":1865},{"metricName":"metadata time","value":0,"accId":1867},{"metricName":"size of files read","value":365478469,"accId":1868},{"metricName":"number of output rows","value":6001215,"accId":1864}], "children":[] }] }] }] }] }] }] }] }] }] },{ "nodeName":"InputAdapter", "description":"InputAdapter", "metadata":{}, "metrics":[], "children":[{ "nodeName":"BroadcastExchange", "description":"BroadcastExchange HashedRelationBroadcastMode(List(input[0, bigint, false]),false), [plan_id=1007]", "metadata":{}, "metrics":[{"metricName":"time to broadcast","value":0,"accId":1873},{"metricName":"time to build","value":1,"accId":1872},{"metricName":"time to collect","value":42,"accId":1871},{"metricName":"number of output rows","value":25,"accId":1870},{"metricName":"data size","value":1048776,"accId":1869}], "children":[{ "nodeName":"WholeStageCodegen (7)", "description":"WholeStageCodegen (7)", "metadata":{}, "metrics":[{"metricName":"duration","value":8,"accId":1874}], "children":[{ "nodeName":"Filter", "description":"Filter isnotnull(n_nationkey#580L)", "metadata":{}, "metrics":[{"metricName":"number of output rows","value":25,"accId":1875}], "children":[{ "nodeName":"ColumnarToRow", "description":"ColumnarToRow", "metadata":{}, "metrics":[{"metricName":"number of output rows","value":25,"accId":1876},{"metricName":"number of input batches","value":1,"accId":1877}], "children":[{ "nodeName":"InputAdapter", "description":"InputAdapter", "metadata":{}, "metrics":[], "children":[{ "nodeName":"Scan parquet spark_catalog.tpch.nation", "description":"FileScan parquet spark_catalog.tpch.nation[n_nationkey#580L,n_name#581] Batched: true, DataFilters: [isnotnull(n_nationkey#580L)], Format: Parquet, Location: InMemoryFileIndex(1 paths)[file:/data/spark-warehouse/tpch.db/nation], PartitionFilters: [], PushedFilters: [IsNotNull(n_nationkey)], ReadSchema: struct<n_nationkey:bigint,n_name:string>", "metadata":{"Location":"InMemoryFileIndex(1 paths)[file:/data/spark-warehouse/tpch.db/nation]","ReadSchema":"struct<n_nationkey:bigint,n_name:string>","Format":"Parquet","Batched":"true","PartitionFilters":"[]","PushedFilters":"[IsNotNull(n_nationkey)]","DataFilters":"[isnotnull(n_nationkey#580L)]"}, "metrics":[{"metricName":"number of files read","value":1,"accId":1880},{"metricName":"scan time","value":8,"accId":1879},{"metricName":"metadata time","value":0,"accId":1881},{"metricName":"size of files read","value":4008,"accId":1882},{"metricName":"number of output rows","value":25,"accId":1878}], "children":[] }] }] }] }] }] }] }] }] }] }] }] }] }] }] }] }},{"totalTime":1997,"stagePlan":{"stages":[{"id":40,"isQueryResult":false,"tasks":[{"id":0,"duration":15,"executor":0}],"rdds":[149,150,151,152],"parents":[],"accIds":[2210,2211,2212,2213,2214,2215,2219,2220,2221,2222,2223,2250,2251]},{"id":41,"isQueryResult":false,"tasks":[{"id":51,"duration":19,"executor":1},{"id":59,"duration":17,"executor":0},{"id":10,"duration":75,"executor":1},{"id":14,"duration":64,"executor":1},{"id":24,"duration":25,"executor":2},{"id":19,"duration":22,"executor":0},{"id":0,"duration":41,"executor":1},{"id":37,"duration":59,"executor":2},{"id":7,"duration":21,"executor":0},{"id":12,"duration":24,"executor":0},{"id":35,"duration":54,"executor":2},{"id":11,"duration":64,"executor":2},{"id":48,"duration":21,"executor":0},{"id":53,"duration":59,"executor":2},{"id":1,"duration":37,"executor":0},{"id":31,"duration":24,"executor":1},{"id":15,"duration":58,"executor":2},{"id":38,"duration":33,"executor":0},{"id":17,"duration":23,"executor":0},{"id":3,"duration":51,"executor":1},{"id":18,"duration":21,"executor":0},{"id":36,"duration":62,"executor":1},{"id":47,"duration":22,"executor":2},{"id":25,"duration":24,"executor":1},{"id":16,"duration":22,"executor":0},{"id":22,"duration":24,"executor":1},{"id":41,"duration":23,"executor":2},{"id":55,"duration":54,"executor":1},{"id":49,"duration":22,"executor":1},{"id":8,"duration":25,"executor":1},{"id":45,"duration":20,"executor":1},{"id":34,"duration":24,"executor":0},{"id":13,"duration":22,"executor":0},{"id":20,"duration":32,"executor":2},{"id":42,"duration":22,"executor":0},{"id":9,"duration":27,"executor":2},{"id":27,"duration":27,"executor":0},{"id":58,"duration":16,"executor":0},{"id":4,"duration":36,"executor":0},{"id":39,"duration":30,"executor":0},{"id":2,"duration":45,"executor":2},{"id":54,"duration":20,"executor":0},{"id":23,"duration":22,"executor":0},{"id":21,"duration":22,"executor":0},{"id":30,"duration":25,"executor":2},{"id":32,"duration":66,"executor":1},{"id":44,"duration":21,"executor":2},{"id":56,"duration":57,"executor":1},{"id":5,"duration":52,"executor":2},{"id":6,"duration":24,"executor":0},{"id":26,"duration":29,"executor":0},{"id":52,"duration":18,"executor":0},{"id":43,"duration":23,"executor":1},{"id":46,"duration":20,"executor":0},{"id":57,"duration":17,"executor":0},{"id":40,"duration":20,"executor":0},{"id":29,"duration":29,"executor":2},{"id":50,"duration":60,"executor":2},{"id":28,"duration":21,"executor":1},{"id":33,"duration":25,"executor":0}],"rdds":[156,157,158,159],"parents":[],"accIds":[2162,2181,2182,2183,2184,2185,2186,2187,2188,2189,2254,2255,2256,2257,2258,2259,2260,2282,2283,2284,2285,2286]},{"id":42,"isQueryResult":false,"tasks":[{"id":1,"duration":74,"executor":2},{"id":8,"duration":55,"executor":1},{"id":13,"duration":32,"executor":0},{"id":47,"duration":31,"executor":1},{"id":24,"duration":31,"executor":1},{"id":43,"duration":23,"executor":2},{"id":42,"duration":65,"executor":0},{"id":57,"duration":30,"executor":0},{"id":30,"duration":70,"executor":1},{"id":48,"duration":25,"executor":0},{"id":34,"duration":29,"executor":1},{"id":51,"duration":83,"executor":2},{"id":15,"duration":81,"executor":2},{"id":3,"duration":41,"executor":0},{"id":50,"duration":82,"executor":2},{"id":22,"duration":77,"executor":2},{"id":46,"duration":25,"executor":0},{"id":20,"duration":69,"executor":1},{"id":12,"duration":32,"executor":0},{"id":5,"duration":54,"executor":1},{"id":45,"duration":24,"executor":2},{"id":54,"duration":78,"executor":1},{"id":27,"duration":75,"executor":2},{"id":52,"duration":74,"executor":0},{"id":9,"duration":67,"executor":1},{"id":32,"duration":27,"executor":2},{"id":49,"duration":79,"executor":1},{"id":2,"duration":51,"executor":1},{"id":7,"duration":50,"executor":0},{"id":35,"duration":74,"executor":2},{"id":41,"duration":66,"executor":0},{"id":18,"duration":73,"executor":0},{"id":11,"duration":34,"executor":2},{"id":36,"duration":33,"executor":0},{"id":56,"duration":27,"executor":2},{"id":4,"duration":81,"executor":2},{"id":21,"duration":33,"executor":2},{"id":25,"duration":31,"executor":0},{"id":29,"duration":73,"executor":0},{"id":33,"duration":30,"executor":1},{"id":0,"duration":43,"executor":0},{"id":55,"duration":26,"executor":1},{"id":28,"duration":71,"executor":1},{"id":14,"duration":29,"executor":1},{"id":37,"duration":80,"executor":2},{"id":10,"duration":37,"executor":2},{"id":16,"duration":81,"executor":2},{"id":23,"duration":32,"executor":0},{"id":19,"duration":72,"executor":0},{"id":59,"duration":75,"executor":2},{"id":6,"duration":51,"executor":0},{"id":58,"duration":26,"executor":0},{"id":40,"duration":78,"executor":1},{"id":31,"duration":71,"executor":0},{"id":38,"duration":32,"executor":0},{"id":26,"duration":27,"executor":1},{"id":39,"duration":71,"executor":1},{"id":17,"duration":76,"executor":1},{"id":44,"duration":33,"executor":2},{"id":53,"duration":73,"executor":0}],"rdds":[153,154,155,160,161,162,163,164],"parents":[41],"accIds":[2121,2140,2141,2142,2143,2144,2145,2146,2147,2148,2149,2150,2151,2152,2153,2154,2158,2159,2160,2161,2164,2165,2166,2168,2169,2170,2179,2289,2290,2291,2292,2293,2294,2295,2298,2300,2301,2302,2303,2304,2305,2306,2307,2308,2309,2310,2311,2312,2313,2314,2315,2316,2317,2318,2319,2320,2321]},{"id":43,"isQueryResult":false,"tasks":[{"id":40,"duration":35,"executor":2},{"id":57,"duration":65,"executor":0},{"id":50,"duration":33,"executor":1},{"id":13,"duration":36,"executor":0},{"id":14,"duration":80,"executor":1},{"id":9,"duration":78,"executor":1},{"id":33,"duration":35,"executor":0},{"id":2,"duration":108,"executor":2},{"id":43,"duration":47,"executor":0},{"id":18,"duration":35,"executor":2},{"id":34,"duration":77,"executor":2},{"id":41,"duration":81,"executor":2},{"id":54,"duration":93,"executor":2},{"id":15,"duration":82,"executor":1},{"id":27,"duration":65,"executor":0},{"id":30,"duration":39,"executor":1},{"id":26,"duration":64,"executor":0},{"id":11,"duration":89,"executor":2},{"id":53,"duration":82,"executor":1},{"id":42,"duration":78,"executor":1},{"id":12,"duration":36,"executor":0},{"id":56,"duration":148,"executor":2},{"id":6,"duration":69,"executor":0},{"id":39,"duration":35,"executor":1},{"id":55,"duration":77,"executor":1},{"id":20,"duration":35,"executor":1},{"id":4,"duration":65,"executor":1},{"id":19,"duration":87,"executor":2},{"id":10,"duration":83,"executor":2},{"id":24,"duration":37,"executor":0},{"id":7,"duration":69,"executor":0},{"id":23,"duration":79,"executor":1},{"id":5,"duration":120,"executor":2},{"id":35,"duration":83,"executor":2},{"id":29,"duration":34,"executor":2},{"id":25,"duration":77,"executor":1},{"id":44,"duration":44,"executor":0},{"id":58,"duration":64,"executor":0},{"id":36,"duration":82,"executor":1},{"id":28,"duration":35,"executor":2},{"id":38,"duration":69,"executor":0},{"id":3,"duration":62,"executor":0},{"id":49,"duration":46,"executor":2},{"id":51,"duration":36,"executor":0},{"id":22,"duration":37,"executor":0},{"id":31,"duration":83,"executor":1},{"id":16,"duration":60,"executor":0},{"id":52,"duration":36,"executor":0},{"id":21,"duration":80,"executor":2},{"id":1,"duration":66,"executor":1},{"id":0,"duration":63,"executor":0},{"id":45,"duration":92,"executor":1},{"id":47,"duration":48,"executor":0},{"id":37,"duration":70,"executor":0},{"id":8,"duration":68,"executor":1},{"id":17,"duration":61,"executor":0},{"id":32,"duration":36,"executor":0},{"id":48,"duration":47,"executor":0},{"id":59,"duration":33,"executor":1},{"id":46,"duration":93,"executor":2}],"rdds":[165,166,167,168,169,170,171,172],"parents":[42],"accIds":[2085,2104,2105,2106,2107,2108,2109,2111,2112,2114,2115,2116,2117,2118,2119,2120,2123,2124,2125,2127,2128,2129,2138,2193,2194,2195,2196,2197,2198,2199,2200,2201,2324,2325,2326,2327,2328,2329,2333,2335,2336,2337,2338,2339,2340,2341,2342,2343,2344,2345,2346,2347,2348,2349,2350,2351,2352,2353,2354,2355,2356]},{"id":44,"isQueryResult":true,"tasks":[{"id":52,"duration":17,"executor":2},{"id":20,"duration":52,"executor":0},{"id":38,"duration":68,"executor":2},{"id":42,"duration":64,"executor":1},{"id":3,"duration":21,"executor":1},{"id":30,"duration":15,"executor":1},{"id":23,"duration":15,"executor":2},{"id":51,"duration":11,"executor":2},{"id":9,"duration":14,"executor":1},{"id":32,"duration":13,"executor":1},{"id":21,"duration":18,"executor":2},{"id":12,"duration":9,"executor":0},{"id":22,"duration":12,"executor":0},{"id":6,"duration":9,"executor":0},{"id":16,"duration":58,"executor":2},{"id":34,"duration":17,"executor":0},{"id":26,"duration":12,"executor":1},{"id":2,"duration":15,"executor":0},{"id":0,"duration":21,"executor":1},{"id":41,"duration":64,"executor":1},{"id":33,"duration":19,"executor":0},{"id":53,"duration":9,"executor":0},{"id":1,"duration":20,"executor":2},{"id":39,"duration":60,"executor":0},{"id":44,"duration":15,"executor":2},{"id":7,"duration":10,"executor":0},{"id":58,"duration":10,"executor":0},{"id":28,"duration":12,"executor":0},{"id":27,"duration":11,"executor":0},{"id":10,"duration":12,"executor":1},{"id":31,"duration":15,"executor":2},{"id":40,"duration":60,"executor":0},{"id":35,"duration":16,"executor":1},{"id":54,"duration":9,"executor":0},{"id":59,"duration":8,"executor":0},{"id":18,"duration":62,"executor":1},{"id":13,"duration":9,"executor":0},{"id":14,"duration":9,"executor":0},{"id":19,"duration":57,"executor":0},{"id":43,"duration":15,"executor":2},{"id":17,"duration":60,"executor":2},{"id":25,"duration":14,"executor":1},{"id":24,"duration":10,"executor":0},{"id":45,"duration":10,"executor":0},{"id":4,"duration":21,"executor":2},{"id":8,"duration":13,"executor":2},{"id":46,"duration":12,"executor":0},{"id":55,"duration":16,"executor":1},{"id":48,"duration":9,"executor":0},{"id":37,"duration":68,"executor":2},{"id":56,"duration":14,"executor":1},{"id":49,"duration":14,"executor":1},{"id":50,"duration":9,"executor":0},{"id":29,"duration":16,"executor":2},{"id":15,"duration":62,"executor":1},{"id":57,"duration":12,"executor":2},{"id":47,"duration":14,"executor":1},{"id":5,"duration":16,"executor":0},{"id":36,"duration":15,"executor":1},{"id":11,"duration":12,"executor":2}],"rdds":[173,174,175,176],"parents":[43],"accIds":[2078,2079,2080,2082,2083,2087,2088,2089,2091,2092,2093,2102,2359,2360,2361,2362,2363,2364,2365,2368,2370,2371,2372,2373,2374,2375,2376,2377,2378,2379,2380,2381,2382,2383,2384,2385,2386]}]},"sqlPlan":{ "nodeName":"TakeOrderedAndProject", "description":"TakeOrderedAndProject(limit=20, orderBy=[revenue#661 DESC NULLS LAST], output=[c_custkey#563L,c_name#564,revenue#661,c_acctbal#568,n_name#581,c_address#565,c_phone#567,c_comment#570])", "metadata":{}, "metrics":[{"metricName":"shuffle records written","value":0,"accId":2076},{"metricName":"local merged chunks fetched","value":0,"accId":2070},{"metricName":"shuffle write time","value":0,"accId":2077},{"metricName":"remote merged bytes read","value":0,"accId":2071},{"metricName":"local merged blocks fetched","value":0,"accId":2068},{"metricName":"corrupt merged block chunks","value":0,"accId":2065},{"metricName":"remote merged reqs duration","value":0,"accId":2074},{"metricName":"remote merged blocks fetched","value":0,"accId":2067},{"metricName":"records read","value":0,"accId":2064},{"metricName":"local bytes read","value":0,"accId":2062},{"metricName":"fetch wait time","value":0,"accId":2063},{"metricName":"remote bytes read","value":0,"accId":2060},{"metricName":"merged fetch fallback count","value":0,"accId":2066},{"metricName":"local blocks read","value":0,"accId":2059},{"metricName":"remote merged chunks fetched","value":0,"accId":2069},{"metricName":"remote blocks read","value":0,"accId":2058},{"metricName":"local merged bytes read","value":0,"accId":2072},{"metricName":"remote reqs duration","value":0,"accId":2073},{"metricName":"remote bytes read to disk","value":0,"accId":2061},{"metricName":"shuffle bytes written","value":0,"accId":2075}], "children":[{ "nodeName":"WholeStageCodegen (9)", "description":"WholeStageCodegen (9)", "metadata":{}, "metrics":[{"metricName":"duration","value":909,"accId":2078}], "children":[{ "nodeName":"HashAggregate", "description":"HashAggregate(keys=[c_custkey#563L, c_name#564, c_acctbal#568, c_phone#567, n_name#581, c_address#565, c_comment#570], functions=[sum((l_extendedprice#14 * (1 - l_discount#15)))])", "metadata":{}, "metrics":[{"metricName":"spill size","value":0,"accId":2081},{"metricName":"time in aggregation build","value":728,"accId":2082},{"metricName":"peak memory","value":4042259520,"accId":2080},{"metricName":"number of output rows","value":37967,"accId":2079},{"metricName":"number of sort fallback tasks","value":0,"accId":2084},{"metricName":"avg hash probes per key","value":600,"accId":2083}], "children":[{ "nodeName":"InputAdapter", "description":"InputAdapter", "metadata":{}, "metrics":[], "children":[{ "nodeName":"Exchange", "description":"Exchange hashpartitioning(c_custkey#563L, c_name#564, c_acctbal#568, c_phone#567, n_name#581, c_address#565, c_comment#570, 60), ENSURE_REQUIREMENTS, [plan_id=1269]", "metadata":{}, "metrics":[{"metricName":"shuffle records written","value":48811,"accId":2105},{"metricName":"local merged chunks fetched","value":0,"accId":2099},{"metricName":"shuffle write time","value":669147521,"accId":2106},{"metricName":"remote merged bytes read","value":0,"accId":2100},{"metricName":"local merged blocks fetched","value":0,"accId":2097},{"metricName":"corrupt merged block chunks","value":0,"accId":2094},{"metricName":"remote merged reqs duration","value":0,"accId":2103},{"metricName":"remote merged blocks fetched","value":0,"accId":2096},{"metricName":"records read","value":48811,"accId":2093},{"metricName":"local bytes read","value":2733149,"accId":2091},{"metricName":"fetch wait time","value":432,"accId":2092},{"metricName":"remote bytes read","value":5241950,"accId":2089},{"metricName":"merged fetch fallback count","value":0,"accId":2095},{"metricName":"local blocks read","value":1231,"accId":2088},{"metricName":"remote merged chunks fetched","value":0,"accId":2098},{"metricName":"remote blocks read","value":2369,"accId":2087},{"metricName":"data size","value":12215264,"accId":2085},{"metricName":"local merged bytes read","value":0,"accId":2101},{"metricName":"number of partitions","value":60,"accId":2086},{"metricName":"remote reqs duration","value":1238,"accId":2102},{"metricName":"remote bytes read to disk","value":0,"accId":2090},{"metricName":"shuffle bytes written","value":7975099,"accId":2104}], "children":[{ "nodeName":"WholeStageCodegen (8)", "description":"WholeStageCodegen (8)", "metadata":{}, "metrics":[{"metricName":"duration","value":2408,"accId":2107}], "children":[{ "nodeName":"HashAggregate", "description":"HashAggregate(keys=[c_custkey#563L, c_name#564, c_acctbal#568, c_phone#567, n_name#581, c_address#565, c_comment#570], functions=[partial_sum((l_extendedprice#14 * (1 - l_discount#15)))])", "metadata":{}, "metrics":[{"metricName":"spill size","value":0,"accId":2110},{"metricName":"time in aggregation build","value":1821,"accId":2111},{"metricName":"peak memory","value":4042259520,"accId":2109},{"metricName":"number of output rows","value":48811,"accId":2108},{"metricName":"number of sort fallback tasks","value":0,"accId":2113},{"metricName":"avg hash probes per key","value":600,"accId":2112}], "children":[{ "nodeName":"Project", "description":"Project [c_custkey#563L, c_name#564, c_address#565, c_phone#567, c_acctbal#568, c_comment#570, l_extendedprice#14, l_discount#15, n_name#581]", "metadata":{}, "metrics":[], "children":[{ "nodeName":"BroadcastHashJoin", "description":"BroadcastHashJoin [c_nationkey#566L], [n_nationkey#580L], Inner, BuildRight, false", "metadata":{}, "metrics":[{"metricName":"number of output rows","value":114705,"accId":2114}], "children":[{ "nodeName":"Project", "description":"Project [c_custkey#563L, c_name#564, c_address#565, c_nationkey#566L, c_phone#567, c_acctbal#568, c_comment#570, l_extendedprice#14, l_discount#15]", "metadata":{}, "metrics":[], "children":[{ "nodeName":"SortMergeJoin", "description":"SortMergeJoin [o_orderkey#571L], [l_orderkey#9L], Inner", "metadata":{}, "metrics":[{"metricName":"number of output rows","value":114705,"accId":2115},{"metricName":"spill size","value":0,"accId":2116}], "children":[{ "nodeName":"InputAdapter", "description":"InputAdapter", "metadata":{}, "metrics":[], "children":[{ "nodeName":"WholeStageCodegen (5)", "description":"WholeStageCodegen (5)", "metadata":{}, "metrics":[{"metricName":"duration","value":2129,"accId":2117}], "children":[{ "nodeName":"Sort", "description":"Sort [o_orderkey#571L ASC NULLS FIRST], false, 0", "metadata":{}, "metrics":[{"metricName":"sort time","value":0,"accId":2118},{"metricName":"peak memory","value":4030463040,"accId":2119},{"metricName":"spill size","value":0,"accId":2120}], "children":[{ "nodeName":"InputAdapter", "description":"InputAdapter", "metadata":{}, "metrics":[], "children":[{ "nodeName":"Exchange", "description":"Exchange hashpartitioning(o_orderkey#571L, 60), ENSURE_REQUIREMENTS, [plan_id=1245]", "metadata":{}, "metrics":[{"metricName":"shuffle records written","value":57069,"accId":2141},{"metricName":"local merged chunks fetched","value":0,"accId":2135},{"metricName":"shuffle write time","value":817890662,"accId":2142},{"metricName":"remote merged bytes read","value":0,"accId":2136},{"metricName":"local merged blocks fetched","value":0,"accId":2133},{"metricName":"corrupt merged block chunks","value":0,"accId":2130},{"metricName":"remote merged reqs duration","value":0,"accId":2139},{"metricName":"remote merged blocks fetched","value":0,"accId":2132},{"metricName":"records read","value":57069,"accId":2129},{"metricName":"local bytes read","value":2824317,"accId":2127},{"metricName":"fetch wait time","value":368,"accId":2128},{"metricName":"remote bytes read","value":5595454,"accId":2125},{"metricName":"merged fetch fallback count","value":0,"accId":2131},{"metricName":"local blocks read","value":1212,"accId":2124},{"metricName":"remote merged chunks fetched","value":0,"accId":2134},{"metricName":"remote blocks read","value":2388,"accId":2123},{"metricName":"data size","value":12346920,"accId":2121},{"metricName":"local merged bytes read","value":0,"accId":2137},{"metricName":"number of partitions","value":60,"accId":2122},{"metricName":"remote reqs duration","value":1335,"accId":2138},{"metricName":"remote bytes read to disk","value":0,"accId":2126},{"metricName":"shuffle bytes written","value":8419771,"accId":2140}], "children":[{ "nodeName":"WholeStageCodegen (4)", "description":"WholeStageCodegen (4)", "metadata":{}, "metrics":[{"metricName":"duration","value":1482,"accId":2143}], "children":[{ "nodeName":"Project", "description":"Project [c_custkey#563L, c_name#564, c_address#565, c_nationkey#566L, c_phone#567, c_acctbal#568, c_comment#570, o_orderkey#571L]", "metadata":{}, "metrics":[], "children":[{ "nodeName":"SortMergeJoin", "description":"SortMergeJoin [c_custkey#563L], [o_custkey#572L], Inner", "metadata":{}, "metrics":[{"metricName":"number of output rows","value":57069,"accId":2144},{"metricName":"spill size","value":0,"accId":2145}], "children":[{ "nodeName":"InputAdapter", "description":"InputAdapter", "metadata":{}, "metrics":[], "children":[{ "nodeName":"WholeStageCodegen (1)", "description":"WholeStageCodegen (1)", "metadata":{}, "metrics":[{"metricName":"duration","value":413,"accId":2146}], "children":[{ "nodeName":"Sort", "description":"Sort [c_custkey#563L ASC NULLS FIRST], false, 0", "metadata":{}, "metrics":[{"metricName":"sort time","value":0,"accId":2147},{"metricName":"peak memory","value":4034395200,"accId":2148},{"metricName":"spill size","value":0,"accId":2149}], "children":[{ "nodeName":"Filter", "description":"Filter (isnotnull(c_custkey#563L) AND isnotnull(c_nationkey#566L))", "metadata":{}, "metrics":[{"metricName":"number of output rows","value":150000,"accId":2150}], "children":[{ "nodeName":"ColumnarToRow", "description":"ColumnarToRow", "metadata":{}, "metrics":[{"metricName":"number of output rows","value":150000,"accId":2151},{"metricName":"number of input batches","value":60,"accId":2152}], "children":[{ "nodeName":"InputAdapter", "description":"InputAdapter", "metadata":{}, "metrics":[], "children":[{ "nodeName":"Scan parquet spark_catalog.tpch.customer", "description":"FileScan parquet spark_catalog.tpch.customer[c_custkey#563L,c_name#564,c_address#565,c_nationkey#566L,c_phone#567,c_acctbal#568,c_comment#570] Batched: true, Bucketed: true, DataFilters: [isnotnull(c_custkey#563L), isnotnull(c_nationkey#566L)], Format: Parquet, Location: InMemoryFileIndex(1 paths)[file:/data/spark-warehouse/tpch.db/customer], PartitionFilters: [], PushedFilters: [IsNotNull(c_custkey), IsNotNull(c_nationkey)], ReadSchema: struct<c_custkey:bigint,c_name:string,c_address:string,c_nationkey:bigint,c_phone:string,c_acctba..., SelectedBucketsCount: 60 out of 60", "metadata":{"Location":"InMemoryFileIndex(1 paths)[file:/data/spark-warehouse/tpch.db/customer]","ReadSchema":"struct<c_custkey:bigint,c_name:string,c_address:string,c_nationkey:bigint,c_phone:string,c_acctbal:decimal(15,2),c_comment:string>","Format":"Parquet","SelectedBucketsCount":"60 out of 60","Batched":"true","PartitionFilters":"[]","PushedFilters":"[IsNotNull(c_custkey), IsNotNull(c_nationkey)]","DataFilters":"[isnotnull(c_custkey#563L), isnotnull(c_nationkey#566L)]","Bucketed":"true"}, "metrics":[{"metricName":"number of files read","value":60,"accId":2155},{"metricName":"scan time","value":393,"accId":2154},{"metricName":"metadata time","value":0,"accId":2156},{"metricName":"size of files read","value":24717733,"accId":2157},{"metricName":"number of output rows","value":150000,"accId":2153}], "children":[] }] }] }] }] }] }] },{ "nodeName":"InputAdapter", "description":"InputAdapter", "metadata":{}, "metrics":[], "children":[{ "nodeName":"WholeStageCodegen (3)", "description":"WholeStageCodegen (3)", "metadata":{}, "metrics":[{"metricName":"duration","value":2661,"accId":2158}], "children":[{ "nodeName":"Sort", "description":"Sort [o_custkey#572L ASC NULLS FIRST], false, 0", "metadata":{}, "metrics":[{"metricName":"sort time","value":0,"accId":2159},{"metricName":"peak memory","value":4030463040,"accId":2160},{"metricName":"spill size","value":0,"accId":2161}], "children":[{ "nodeName":"InputAdapter", "description":"InputAdapter", "metadata":{}, "metrics":[], "children":[{ "nodeName":"Exchange", "description":"Exchange hashpartitioning(o_custkey#572L, 60), ENSURE_REQUIREMENTS, [plan_id=1237]", "metadata":{}, "metrics":[{"metricName":"shuffle records written","value":57069,"accId":2182},{"metricName":"local merged chunks fetched","value":0,"accId":2176},{"metricName":"shuffle write time","value":740130765,"accId":2183},{"metricName":"remote merged bytes read","value":0,"accId":2177},{"metricName":"local merged blocks fetched","value":0,"accId":2174},{"metricName":"corrupt merged block chunks","value":0,"accId":2171},{"metricName":"remote merged reqs duration","value":0,"accId":2180},{"metricName":"remote merged blocks fetched","value":0,"accId":2173},{"metricName":"records read","value":57069,"accId":2170},{"metricName":"local bytes read","value":336940,"accId":2168},{"metricName":"fetch wait time","value":423,"accId":2169},{"metricName":"remote bytes read","value":660872,"accId":2166},{"metricName":"merged fetch fallback count","value":0,"accId":2172},{"metricName":"local blocks read","value":1221,"accId":2165},{"metricName":"remote merged chunks fetched","value":0,"accId":2175},{"metricName":"remote blocks read","value":2379,"accId":2164},{"metricName":"data size","value":1369656,"accId":2162},{"metricName":"local merged bytes read","value":0,"accId":2178},{"metricName":"number of partitions","value":60,"accId":2163},{"metricName":"remote reqs duration","value":1509,"accId":2179},{"metricName":"remote bytes read to disk","value":0,"accId":2167},{"metricName":"shuffle bytes written","value":997812,"accId":2181}], "children":[{ "nodeName":"WholeStageCodegen (2)", "description":"WholeStageCodegen (2)", "metadata":{}, "metrics":[{"metricName":"duration","value":821,"accId":2184}], "children":[{ "nodeName":"Project", "description":"Project [o_orderkey#571L, o_custkey#572L]", "metadata":{}, "metrics":[], "children":[{ "nodeName":"Filter", "description":"Filter ((((isnotnull(o_orderdate#575) AND (o_orderdate#575 >= 1993-10-01)) AND (o_orderdate#575 < 1994-01-01)) AND isnotnull(o_custkey#572L)) AND isnotnull(o_orderkey#571L))", "metadata":{}, "metrics":[{"metricName":"number of output rows","value":57069,"accId":2185}], "children":[{ "nodeName":"ColumnarToRow", "description":"ColumnarToRow", "metadata":{}, "metrics":[{"metricName":"number of output rows","value":1500000,"accId":2186},{"metricName":"number of input batches","value":420,"accId":2187}], "children":[{ "nodeName":"InputAdapter", "description":"InputAdapter", "metadata":{}, "metrics":[], "children":[{ "nodeName":"Scan parquet spark_catalog.tpch.orders", "description":"FileScan parquet spark_catalog.tpch.orders[o_orderkey#571L,o_custkey#572L,o_orderdate#575] Batched: true, Bucketed: false (disabled by query planner), DataFilters: [isnotnull(o_orderdate#575), (o_orderdate#575 >= 1993-10-01), (o_orderdate#575 < 1994-01-01), isn..., Format: Parquet, Location: InMemoryFileIndex(1 paths)[file:/data/spark-warehouse/tpch.db/orders], PartitionFilters: [], PushedFilters: [IsNotNull(o_orderdate), GreaterThanOrEqual(o_orderdate,1993-10-01), LessThan(o_orderdate,1994-01..., ReadSchema: struct<o_orderkey:bigint,o_custkey:bigint,o_orderdate:date>", "metadata":{"Location":"InMemoryFileIndex(1 paths)[file:/data/spark-warehouse/tpch.db/orders]","ReadSchema":"struct<o_orderkey:bigint,o_custkey:bigint,o_orderdate:date>","Format":"Parquet","Batched":"true","PartitionFilters":"[]","PushedFilters":"[IsNotNull(o_orderdate), GreaterThanOrEqual(o_orderdate,1993-10-01), LessThan(o_orderdate,1994-01-01), IsNotNull(o_custkey), IsNotNull(o_orderkey)]","DataFilters":"[isnotnull(o_orderdate#575), (o_orderdate#575 >= 1993-10-01), (o_orderdate#575 < 1994-01-01), isnotnull(o_custkey#572L), isnotnull(o_orderkey#571L)]","Bucketed":"false (disabled by query planner)"}, "metrics":[{"metricName":"number of files read","value":60,"accId":2190},{"metricName":"scan time","value":328,"accId":2189},{"metricName":"metadata time","value":0,"accId":2191},{"metricName":"size of files read","value":121789992,"accId":2192},{"metricName":"number of output rows","value":1500000,"accId":2188}], "children":[] }] }] }] }] }] }] }] }] }] }] }] }] }] }] }] }] }] }] },{ "nodeName":"InputAdapter", "description":"InputAdapter", "metadata":{}, "metrics":[], "children":[{ "nodeName":"WholeStageCodegen (6)", "description":"WholeStageCodegen (6)", "metadata":{}, "metrics":[{"metricName":"duration","value":136,"accId":2193}], "children":[{ "nodeName":"Sort", "description":"Sort [l_orderkey#9L ASC NULLS FIRST], false, 0", "metadata":{}, "metrics":[{"metricName":"sort time","value":0,"accId":2194},{"metricName":"peak memory","value":4089445440,"accId":2195},{"metricName":"spill size","value":0,"accId":2196}], "children":[{ "nodeName":"Project", "description":"Project [l_orderkey#9L, l_extendedprice#14, l_discount#15]", "metadata":{}, "metrics":[], "children":[{ "nodeName":"Filter", "description":"Filter ((isnotnull(l_returnflag#17) AND (l_returnflag#17 = R)) AND isnotnull(l_orderkey#9L))", "metadata":{}, "metrics":[{"metricName":"number of output rows","value":1478870,"accId":2197}], "children":[{ "nodeName":"ColumnarToRow", "description":"ColumnarToRow", "metadata":{}, "metrics":[{"metricName":"number of output rows","value":6001215,"accId":2198},{"metricName":"number of input batches","value":1500,"accId":2199}], "children":[{ "nodeName":"InputAdapter", "description":"InputAdapter", "metadata":{}, "metrics":[], "children":[{ "nodeName":"Scan parquet spark_catalog.tpch.lineitem", "description":"FileScan parquet spark_catalog.tpch.lineitem[l_orderkey#9L,l_extendedprice#14,l_discount#15,l_returnflag#17] Batched: true, Bucketed: true, DataFilters: [isnotnull(l_returnflag#17), (l_returnflag#17 = R), isnotnull(l_orderkey#9L)], Format: Parquet, Location: InMemoryFileIndex(1 paths)[file:/data/spark-warehouse/tpch.db/lineitem], PartitionFilters: [], PushedFilters: [IsNotNull(l_returnflag), EqualTo(l_returnflag,R), IsNotNull(l_orderkey)], ReadSchema: struct<l_orderkey:bigint,l_extendedprice:decimal(15,2),l_discount:decimal(15,2),l_returnflag:string>, SelectedBucketsCount: 60 out of 60", "metadata":{"Location":"InMemoryFileIndex(1 paths)[file:/data/spark-warehouse/tpch.db/lineitem]","ReadSchema":"struct<l_orderkey:bigint,l_extendedprice:decimal(15,2),l_discount:decimal(15,2),l_returnflag:string>","Format":"Parquet","SelectedBucketsCount":"60 out of 60","Batched":"true","PartitionFilters":"[]","PushedFilters":"[IsNotNull(l_returnflag), EqualTo(l_returnflag,R), IsNotNull(l_orderkey)]","DataFilters":"[isnotnull(l_returnflag#17), (l_returnflag#17 = R), isnotnull(l_orderkey#9L)]","Bucketed":"true"}, "metrics":[{"metricName":"number of files read","value":60,"accId":2202},{"metricName":"scan time","value":353,"accId":2201},{"metricName":"metadata time","value":0,"accId":2203},{"metricName":"size of files read","value":365478469,"accId":2204},{"metricName":"number of output rows","value":6001215,"accId":2200}], "children":[] }] }] }] }] }] }] }] }] }] },{ "nodeName":"InputAdapter", "description":"InputAdapter", "metadata":{}, "metrics":[], "children":[{ "nodeName":"BroadcastExchange", "description":"BroadcastExchange HashedRelationBroadcastMode(List(input[0, bigint, false]),false), [plan_id=1263]", "metadata":{}, "metrics":[{"metricName":"time to broadcast","value":0,"accId":2209},{"metricName":"time to build","value":1,"accId":2208},{"metricName":"time to collect","value":37,"accId":2207},{"metricName":"number of output rows","value":25,"accId":2206},{"metricName":"data size","value":1048776,"accId":2205}], "children":[{ "nodeName":"WholeStageCodegen (7)", "description":"WholeStageCodegen (7)", "metadata":{}, "metrics":[{"metricName":"duration","value":9,"accId":2210}], "children":[{ "nodeName":"Filter", "description":"Filter isnotnull(n_nationkey#580L)", "metadata":{}, "metrics":[{"metricName":"number of output rows","value":25,"accId":2211}], "children":[{ "nodeName":"ColumnarToRow", "description":"ColumnarToRow", "metadata":{}, "metrics":[{"metricName":"number of output rows","value":25,"accId":2212},{"metricName":"number of input batches","value":1,"accId":2213}], "children":[{ "nodeName":"InputAdapter", "description":"InputAdapter", "metadata":{}, "metrics":[], "children":[{ "nodeName":"Scan parquet spark_catalog.tpch.nation", "description":"FileScan parquet spark_catalog.tpch.nation[n_nationkey#580L,n_name#581] Batched: true, DataFilters: [isnotnull(n_nationkey#580L)], Format: Parquet, Location: InMemoryFileIndex(1 paths)[file:/data/spark-warehouse/tpch.db/nation], PartitionFilters: [], PushedFilters: [IsNotNull(n_nationkey)], ReadSchema: struct<n_nationkey:bigint,n_name:string>", "metadata":{"Location":"InMemoryFileIndex(1 paths)[file:/data/spark-warehouse/tpch.db/nation]","ReadSchema":"struct<n_nationkey:bigint,n_name:string>","Format":"Parquet","Batched":"true","PartitionFilters":"[]","PushedFilters":"[IsNotNull(n_nationkey)]","DataFilters":"[isnotnull(n_nationkey#580L)]"}, "metrics":[{"metricName":"number of files read","value":1,"accId":2216},{"metricName":"scan time","value":9,"accId":2215},{"metricName":"metadata time","value":0,"accId":2217},{"metricName":"size of files read","value":4008,"accId":2218},{"metricName":"number of output rows","value":25,"accId":2214}], "children":[] }] }] }] }] }] }] }] }] }] }] }] }] }] }] }] }},{"totalTime":1785,"stagePlan":{"stages":[{"id":45,"isQueryResult":false,"tasks":[{"id":0,"duration":12,"executor":0}],"rdds":[177,178,179,180],"parents":[],"accIds":[2546,2547,2548,2549,2550,2551,2555,2556,2557,2558,2559,2586,2587]},{"id":46,"isQueryResult":false,"tasks":[{"id":50,"duration":18,"executor":1},{"id":31,"duration":47,"executor":2},{"id":38,"duration":16,"executor":0},{"id":37,"duration":15,"executor":0},{"id":21,"duration":20,"executor":0},{"id":24,"duration":21,"executor":1},{"id":46,"duration":16,"executor":1},{"id":12,"duration":19,"executor":0},{"id":5,"duration":38,"executor":1},{"id":9,"duration":26,"executor":1},{"id":55,"duration":61,"executor":1},{"id":3,"duration":27,"executor":0},{"id":57,"duration":63,"executor":1},{"id":28,"duration":19,"executor":0},{"id":10,"duration":26,"executor":1},{"id":22,"duration":18,"executor":0},{"id":11,"duration":27,"executor":2},{"id":6,"duration":19,"executor":0},{"id":49,"duration":27,"executor":2},{"id":35,"duration":51,"executor":1},{"id":52,"duration":16,"executor":0},{"id":33,"duration":18,"executor":0},{"id":47,"duration":21,"executor":2},{"id":42,"duration":19,"executor":2},{"id":41,"duration":20,"executor":2},{"id":23,"duration":19,"executor":1},{"id":19,"duration":27,"executor":2},{"id":59,"duration":23,"executor":0},{"id":36,"duration":17,"executor":0},{"id":15,"duration":19,"executor":0},{"id":58,"duration":55,"executor":2},{"id":2,"duration":38,"executor":1},{"id":39,"duration":18,"executor":0},{"id":8,"duration":21,"executor":2},{"id":54,"duration":19,"executor":0},{"id":20,"duration":21,"executor":2},{"id":51,"duration":19,"executor":1},{"id":48,"duration":22,"executor":0},{"id":30,"duration":49,"executor":1},{"id":53,"duration":65,"executor":2},{"id":45,"duration":20,"executor":1},{"id":18,"duration":25,"executor":1},{"id":27,"duration":19,"executor":0},{"id":26,"duration":20,"executor":2},{"id":1,"duration":34,"executor":2},{"id":40,"duration":19,"executor":1},{"id":16,"duration":19,"executor":0},{"id":4,"duration":38,"executor":2},{"id":32,"duration":53,"executor":2},{"id":17,"duration":20,"executor":1},{"id":14,"duration":20,"executor":2},{"id":43,"duration":15,"executor":0},{"id":0,"duration":27,"executor":0},{"id":44,"duration":24,"executor":0},{"id":25,"duration":23,"executor":2},{"id":7,"duration":18,"executor":0},{"id":29,"duration":20,"executor":1},{"id":34,"duration":18,"executor":0},{"id":56,"duration":16,"executor":0},{"id":13,"duration":18,"executor":0}],"rdds":[184,185,186,187],"parents":[],"accIds":[2498,2517,2518,2519,2520,2521,2522,2523,2524,2525,2590,2591,2592,2593,2594,2595,2596,2618,2619,2620,2621,2622]},{"id":47,"isQueryResult":false,"tasks":[{"id":41,"duration":24,"executor":2},{"id":22,"duration":29,"executor":2},{"id":17,"duration":72,"executor":1},{"id":57,"duration":71,"executor":1},{"id":30,"duration":24,"executor":0},{"id":15,"duration":74,"executor":2},{"id":42,"duration":67,"executor":2},{"id":48,"duration":24,"executor":2},{"id":9,"duration":49,"executor":0},{"id":44,"duration":65,"executor":0},{"id":25,"duration":24,"executor":0},{"id":51,"duration":28,"executor":0},{"id":10,"duration":26,"executor":0},{"id":59,"duration":70,"executor":1},{"id":13,"duration":31,"executor":1},{"id":12,"duration":24,"executor":1},{"id":32,"duration":71,"executor":1},{"id":39,"duration":27,"executor":0},{"id":49,"duration":22,"executor":2},{"id":14,"duration":76,"executor":2},{"id":54,"duration":71,"executor":2},{"id":56,"duration":25,"executor":0},{"id":58,"duration":66,"executor":0},{"id":33,"duration":57,"executor":0},{"id":53,"duration":25,"executor":1},{"id":23,"duration":25,"executor":0},{"id":37,"duration":34,"executor":0},{"id":40,"duration":25,"executor":1},{"id":45,"duration":62,"executor":2},{"id":26,"duration":30,"executor":1},{"id":46,"duration":74,"executor":1},{"id":29,"duration":25,"executor":0},{"id":0,"duration":42,"executor":0},{"id":35,"duration":26,"executor":2},{"id":28,"duration":70,"executor":2},{"id":31,"duration":74,"executor":1},{"id":55,"duration":70,"executor":2},{"id":5,"duration":36,"executor":1},{"id":3,"duration":43,"executor":0},{"id":19,"duration":71,"executor":1},{"id":11,"duration":26,"executor":0},{"id":18,"duration":23,"executor":0},{"id":16,"duration":68,"executor":0},{"id":27,"duration":74,"executor":2},{"id":7,"duration":55,"executor":1},{"id":20,"duration":50,"executor":0},{"id":34,"duration":55,"executor":0},{"id":43,"duration":77,"executor":1},{"id":50,"duration":24,"executor":0},{"id":52,"duration":23,"executor":1},{"id":2,"duration":38,"executor":1},{"id":8,"duration":48,"executor":0},{"id":1,"duration":98,"executor":2},{"id":36,"duration":45,"executor":2},{"id":24,"duration":29,"executor":1},{"id":38,"duration":28,"executor":1},{"id":6,"duration":56,"executor":1},{"id":47,"duration":67,"executor":0},{"id":21,"duration":26,"executor":2},{"id":4,"duration":98,"executor":2}],"rdds":[181,182,183,188,189,190,191,192],"parents":[46],"accIds":[2457,2476,2477,2478,2479,2480,2481,2482,2483,2484,2485,2486,2487,2488,2489,2490,2494,2495,2496,2497,2500,2501,2502,2504,2505,2506,2515,2625,2626,2627,2628,2629,2634,2636,2637,2638,2639,2640,2641,2642,2643,2644,2645,2646,2647,2648,2649,2650,2651,2652,2653,2654,2655,2656,2657]},{"id":48,"isQueryResult":false,"tasks":[{"id":15,"duration":35,"executor":0},{"id":30,"duration":33,"executor":1},{"id":31,"duration":36,"executor":0},{"id":36,"duration":35,"executor":2},{"id":13,"duration":80,"executor":2},{"id":50,"duration":41,"executor":0},{"id":26,"duration":69,"executor":0},{"id":20,"duration":91,"executor":2},{"id":48,"duration":82,"executor":2},{"id":6,"duration":67,"executor":0},{"id":35,"duration":63,"executor":0},{"id":44,"duration":70,"executor":0},{"id":59,"duration":37,"executor":0},{"id":22,"duration":35,"executor":0},{"id":41,"duration":77,"executor":1},{"id":33,"duration":98,"executor":1},{"id":23,"duration":74,"executor":1},{"id":18,"duration":47,"executor":0},{"id":53,"duration":64,"executor":0},{"id":38,"duration":32,"executor":0},{"id":28,"duration":33,"executor":1},{"id":29,"duration":98,"executor":2},{"id":58,"duration":37,"executor":0},{"id":55,"duration":36,"executor":1},{"id":37,"duration":36,"executor":2},{"id":51,"duration":78,"executor":2},{"id":25,"duration":73,"executor":0},{"id":3,"duration":82,"executor":1},{"id":42,"duration":81,"executor":2},{"id":14,"duration":80,"executor":0},{"id":11,"duration":42,"executor":1},{"id":57,"duration":34,"executor":2},{"id":8,"duration":62,"executor":2},{"id":1,"duration":74,"executor":2},{"id":0,"duration":88,"executor":1},{"id":24,"duration":84,"executor":1},{"id":2,"duration":57,"executor":0},{"id":21,"duration":37,"executor":0},{"id":16,"duration":82,"executor":1},{"id":46,"duration":42,"executor":1},{"id":54,"duration":62,"executor":0},{"id":52,"duration":87,"executor":1},{"id":43,"duration":86,"executor":2},{"id":49,"duration":44,"executor":0},{"id":17,"duration":89,"executor":1},{"id":5,"duration":57,"executor":0},{"id":19,"duration":89,"executor":2},{"id":39,"duration":34,"executor":0},{"id":10,"duration":54,"executor":1},{"id":45,"duration":63,"executor":0},{"id":12,"duration":82,"executor":2},{"id":34,"duration":78,"executor":1},{"id":27,"duration":104,"executor":2},{"id":47,"duration":91,"executor":1},{"id":4,"duration":58,"executor":2},{"id":40,"duration":74,"executor":1},{"id":32,"duration":100,"executor":0},{"id":56,"duration":42,"executor":2},{"id":9,"duration":41,"executor":2},{"id":7,"duration":67,"executor":0}],"rdds":[193,194,195,196,197,198,199,200],"parents":[47],"accIds":[2421,2440,2441,2442,2443,2444,2445,2447,2448,2450,2451,2452,2453,2454,2455,2456,2459,2460,2461,2463,2464,2465,2474,2529,2530,2531,2532,2533,2534,2535,2536,2537,2660,2661,2662,2663,2664,2665,2666,2669,2671,2672,2673,2674,2675,2676,2677,2678,2679,2680,2681,2682,2683,2684,2685,2686,2687,2688,2689,2690,2691,2692]},{"id":49,"isQueryResult":true,"tasks":[{"id":28,"duration":69,"executor":1},{"id":40,"duration":10,"executor":0},{"id":16,"duration":14,"executor":1},{"id":33,"duration":14,"executor":1},{"id":21,"duration":11,"executor":1},{"id":22,"duration":10,"executor":2},{"id":24,"duration":11,"executor":0},{"id":57,"duration":11,"executor":2},{"id":29,"duration":70,"executor":1},{"id":23,"duration":10,"executor":1},{"id":7,"duration":10,"executor":0},{"id":53,"duration":63,"executor":0},{"id":14,"duration":10,"executor":2},{"id":4,"duration":21,"executor":1},{"id":2,"duration":24,"executor":2},{"id":19,"duration":11,"executor":0},{"id":58,"duration":16,"executor":1},{"id":37,"duration":9,"executor":0},{"id":35,"duration":12,"executor":2},{"id":56,"duration":13,"executor":1},{"id":9,"duration":10,"executor":0},{"id":3,"duration":22,"executor":0},{"id":55,"duration":9,"executor":0},{"id":42,"duration":22,"executor":1},{"id":20,"duration":10,"executor":2},{"id":59,"duration":14,"executor":0},{"id":10,"duration":11,"executor":2},{"id":25,"duration":10,"executor":0},{"id":41,"duration":20,"executor":2},{"id":32,"duration":10,"executor":2},{"id":54,"duration":11,"executor":2},{"id":50,"duration":65,"executor":2},{"id":43,"duration":22,"executor":2},{"id":15,"duration":11,"executor":1},{"id":18,"duration":10,"executor":0},{"id":1,"duration":20,"executor":1},{"id":11,"duration":10,"executor":2},{"id":0,"duration":21,"executor":0},{"id":27,"duration":70,"executor":2},{"id":52,"duration":63,"executor":1},{"id":31,"duration":65,"executor":0},{"id":49,"duration":65,"executor":1},{"id":8,"duration":14,"executor":1},{"id":39,"duration":9,"executor":0},{"id":12,"duration":11,"executor":0},{"id":45,"duration":18,"executor":0},{"id":44,"duration":11,"executor":1},{"id":51,"duration":59,"executor":0},{"id":13,"duration":11,"executor":0},{"id":5,"duration":28,"executor":2},{"id":30,"duration":65,"executor":0},{"id":48,"duration":62,"executor":2},{"id":46,"duration":17,"executor":0},{"id":34,"duration":10,"executor":0},{"id":36,"duration":13,"executor":1},{"id":47,"duration":12,"executor":1},{"id":26,"duration":66,"executor":2},{"id":17,"duration":10,"executor":2},{"id":6,"duration":16,"executor":1},{"id":38,"duration":10,"executor":2}],"rdds":[201,202,203,204],"parents":[48],"accIds":[2414,2415,2416,2418,2419,2423,2424,2425,2427,2428,2429,2438,2695,2696,2697,2698,2699,2700,2701,2704,2706,2707,2708,2709,2710,2711,2712,2713,2714,2715,2716,2717,2718,2719,2720,2721,2722]}]},"sqlPlan":{ "nodeName":"TakeOrderedAndProject", "description":"TakeOrderedAndProject(limit=20, orderBy=[revenue#686 DESC NULLS LAST], output=[c_custkey#563L,c_name#564,revenue#686,c_acctbal#568,n_name#581,c_address#565,c_phone#567,c_comment#570])", "metadata":{}, "metrics":[{"metricName":"shuffle records written","value":0,"accId":2412},{"metricName":"local merged chunks fetched","value":0,"accId":2406},{"metricName":"shuffle write time","value":0,"accId":2413},{"metricName":"remote merged bytes read","value":0,"accId":2407},{"metricName":"local merged blocks fetched","value":0,"accId":2404},{"metricName":"corrupt merged block chunks","value":0,"accId":2401},{"metricName":"remote merged reqs duration","value":0,"accId":2410},{"metricName":"remote merged blocks fetched","value":0,"accId":2403},{"metricName":"records read","value":0,"accId":2400},{"metricName":"local bytes read","value":0,"accId":2398},{"metricName":"fetch wait time","value":0,"accId":2399},{"metricName":"remote bytes read","value":0,"accId":2396},{"metricName":"merged fetch fallback count","value":0,"accId":2402},{"metricName":"local blocks read","value":0,"accId":2395},{"metricName":"remote merged chunks fetched","value":0,"accId":2405},{"metricName":"remote blocks read","value":0,"accId":2394},{"metricName":"local merged bytes read","value":0,"accId":2408},{"metricName":"remote reqs duration","value":0,"accId":2409},{"metricName":"remote bytes read to disk","value":0,"accId":2397},{"metricName":"shuffle bytes written","value":0,"accId":2411}], "children":[{ "nodeName":"WholeStageCodegen (9)", "description":"WholeStageCodegen (9)", "metadata":{}, "metrics":[{"metricName":"duration","value":991,"accId":2414}], "children":[{ "nodeName":"HashAggregate", "description":"HashAggregate(keys=[c_custkey#563L, c_name#564, c_acctbal#568, c_phone#567, n_name#581, c_address#565, c_comment#570], functions=[sum((l_extendedprice#14 * (1 - l_discount#15)))])", "metadata":{}, "metrics":[{"metricName":"spill size","value":0,"accId":2417},{"metricName":"time in aggregation build","value":822,"accId":2418},{"metricName":"peak memory","value":4177001504,"accId":2416},{"metricName":"number of output rows","value":39226,"accId":2415},{"metricName":"number of sort fallback tasks","value":0,"accId":2420},{"metricName":"avg hash probes per key","value":620,"accId":2419}], "children":[{ "nodeName":"InputAdapter", "description":"InputAdapter", "metadata":{}, "metrics":[], "children":[{ "nodeName":"Exchange", "description":"Exchange hashpartitioning(c_custkey#563L, c_name#564, c_acctbal#568, c_phone#567, n_name#581, c_address#565, c_comment#570, 60), ENSURE_REQUIREMENTS, [plan_id=1525]", "metadata":{}, "metrics":[{"metricName":"shuffle records written","value":48811,"accId":2441},{"metricName":"local merged chunks fetched","value":0,"accId":2435},{"metricName":"shuffle write time","value":874144810,"accId":2442},{"metricName":"remote merged bytes read","value":0,"accId":2436},{"metricName":"local merged blocks fetched","value":0,"accId":2433},{"metricName":"corrupt merged block chunks","value":0,"accId":2430},{"metricName":"remote merged reqs duration","value":0,"accId":2439},{"metricName":"remote merged blocks fetched","value":0,"accId":2432},{"metricName":"records read","value":50417,"accId":2429},{"metricName":"local bytes read","value":2769998,"accId":2427},{"metricName":"fetch wait time","value":516,"accId":2428},{"metricName":"remote bytes read","value":5468537,"accId":2425},{"metricName":"merged fetch fallback count","value":0,"accId":2431},{"metricName":"local blocks read","value":1248,"accId":2424},{"metricName":"remote merged chunks fetched","value":0,"accId":2434},{"metricName":"remote blocks read","value":2472,"accId":2423},{"metricName":"data size","value":12215264,"accId":2421},{"metricName":"local merged bytes read","value":0,"accId":2437},{"metricName":"number of partitions","value":60,"accId":2422},{"metricName":"remote reqs duration","value":1483,"accId":2438},{"metricName":"remote bytes read to disk","value":0,"accId":2426},{"metricName":"shuffle bytes written","value":7975099,"accId":2440}], "children":[{ "nodeName":"WholeStageCodegen (8)", "description":"WholeStageCodegen (8)", "metadata":{}, "metrics":[{"metricName":"duration","value":2282,"accId":2443}], "children":[{ "nodeName":"HashAggregate", "description":"HashAggregate(keys=[c_custkey#563L, c_name#564, c_acctbal#568, c_phone#567, n_name#581, c_address#565, c_comment#570], functions=[partial_sum((l_extendedprice#14 * (1 - l_discount#15)))])", "metadata":{}, "metrics":[{"metricName":"spill size","value":0,"accId":2446},{"metricName":"time in aggregation build","value":1707,"accId":2447},{"metricName":"peak memory","value":4042259520,"accId":2445},{"metricName":"number of output rows","value":48811,"accId":2444},{"metricName":"number of sort fallback tasks","value":0,"accId":2449},{"metricName":"avg hash probes per key","value":600,"accId":2448}], "children":[{ "nodeName":"Project", "description":"Project [c_custkey#563L, c_name#564, c_address#565, c_phone#567, c_acctbal#568, c_comment#570, l_extendedprice#14, l_discount#15, n_name#581]", "metadata":{}, "metrics":[], "children":[{ "nodeName":"BroadcastHashJoin", "description":"BroadcastHashJoin [c_nationkey#566L], [n_nationkey#580L], Inner, BuildRight, false", "metadata":{}, "metrics":[{"metricName":"number of output rows","value":114705,"accId":2450}], "children":[{ "nodeName":"Project", "description":"Project [c_custkey#563L, c_name#564, c_address#565, c_nationkey#566L, c_phone#567, c_acctbal#568, c_comment#570, l_extendedprice#14, l_discount#15]", "metadata":{}, "metrics":[], "children":[{ "nodeName":"SortMergeJoin", "description":"SortMergeJoin [o_orderkey#571L], [l_orderkey#9L], Inner", "metadata":{}, "metrics":[{"metricName":"number of output rows","value":114705,"accId":2451},{"metricName":"spill size","value":0,"accId":2452}], "children":[{ "nodeName":"InputAdapter", "description":"InputAdapter", "metadata":{}, "metrics":[], "children":[{ "nodeName":"WholeStageCodegen (5)", "description":"WholeStageCodegen (5)", "metadata":{}, "metrics":[{"metricName":"duration","value":1960,"accId":2453}], "children":[{ "nodeName":"Sort", "description":"Sort [o_orderkey#571L ASC NULLS FIRST], false, 0", "metadata":{}, "metrics":[{"metricName":"sort time","value":0,"accId":2454},{"metricName":"peak memory","value":4030463040,"accId":2455},{"metricName":"spill size","value":0,"accId":2456}], "children":[{ "nodeName":"InputAdapter", "description":"InputAdapter", "metadata":{}, "metrics":[], "children":[{ "nodeName":"Exchange", "description":"Exchange hashpartitioning(o_orderkey#571L, 60), ENSURE_REQUIREMENTS, [plan_id=1501]", "metadata":{}, "metrics":[{"metricName":"shuffle records written","value":57069,"accId":2477},{"metricName":"local merged chunks fetched","value":0,"accId":2471},{"metricName":"shuffle write time","value":825176610,"accId":2478},{"metricName":"remote merged bytes read","value":0,"accId":2472},{"metricName":"local merged blocks fetched","value":0,"accId":2469},{"metricName":"corrupt merged block chunks","value":0,"accId":2466},{"metricName":"remote merged reqs duration","value":0,"accId":2475},{"metricName":"remote merged blocks fetched","value":0,"accId":2468},{"metricName":"records read","value":57069,"accId":2465},{"metricName":"local bytes read","value":2854060,"accId":2463},{"metricName":"fetch wait time","value":490,"accId":2464},{"metricName":"remote bytes read","value":5565711,"accId":2461},{"metricName":"merged fetch fallback count","value":0,"accId":2467},{"metricName":"local blocks read","value":1218,"accId":2460},{"metricName":"remote merged chunks fetched","value":0,"accId":2470},{"metricName":"remote blocks read","value":2382,"accId":2459},{"metricName":"data size","value":12346920,"accId":2457},{"metricName":"local merged bytes read","value":0,"accId":2473},{"metricName":"number of partitions","value":60,"accId":2458},{"metricName":"remote reqs duration","value":1340,"accId":2474},{"metricName":"remote bytes read to disk","value":0,"accId":2462},{"metricName":"shuffle bytes written","value":8419771,"accId":2476}], "children":[{ "nodeName":"WholeStageCodegen (4)", "description":"WholeStageCodegen (4)", "metadata":{}, "metrics":[{"metricName":"duration","value":1495,"accId":2479}], "children":[{ "nodeName":"Project", "description":"Project [c_custkey#563L, c_name#564, c_address#565, c_nationkey#566L, c_phone#567, c_acctbal#568, c_comment#570, o_orderkey#571L]", "metadata":{}, "metrics":[], "children":[{ "nodeName":"SortMergeJoin", "description":"SortMergeJoin [c_custkey#563L], [o_custkey#572L], Inner", "metadata":{}, "metrics":[{"metricName":"number of output rows","value":57069,"accId":2480},{"metricName":"spill size","value":0,"accId":2481}], "children":[{ "nodeName":"InputAdapter", "description":"InputAdapter", "metadata":{}, "metrics":[], "children":[{ "nodeName":"WholeStageCodegen (1)", "description":"WholeStageCodegen (1)", "metadata":{}, "metrics":[{"metricName":"duration","value":432,"accId":2482}], "children":[{ "nodeName":"Sort", "description":"Sort [c_custkey#563L ASC NULLS FIRST], false, 0", "metadata":{}, "metrics":[{"metricName":"sort time","value":0,"accId":2483},{"metricName":"peak memory","value":4034395200,"accId":2484},{"metricName":"spill size","value":0,"accId":2485}], "children":[{ "nodeName":"Filter", "description":"Filter (isnotnull(c_custkey#563L) AND isnotnull(c_nationkey#566L))", "metadata":{}, "metrics":[{"metricName":"number of output rows","value":150000,"accId":2486}], "children":[{ "nodeName":"ColumnarToRow", "description":"ColumnarToRow", "metadata":{}, "metrics":[{"metricName":"number of output rows","value":150000,"accId":2487},{"metricName":"number of input batches","value":60,"accId":2488}], "children":[{ "nodeName":"InputAdapter", "description":"InputAdapter", "metadata":{}, "metrics":[], "children":[{ "nodeName":"Scan parquet spark_catalog.tpch.customer", "description":"FileScan parquet spark_catalog.tpch.customer[c_custkey#563L,c_name#564,c_address#565,c_nationkey#566L,c_phone#567,c_acctbal#568,c_comment#570] Batched: true, Bucketed: true, DataFilters: [isnotnull(c_custkey#563L), isnotnull(c_nationkey#566L)], Format: Parquet, Location: InMemoryFileIndex(1 paths)[file:/data/spark-warehouse/tpch.db/customer], PartitionFilters: [], PushedFilters: [IsNotNull(c_custkey), IsNotNull(c_nationkey)], ReadSchema: struct<c_custkey:bigint,c_name:string,c_address:string,c_nationkey:bigint,c_phone:string,c_acctba..., SelectedBucketsCount: 60 out of 60", "metadata":{"Location":"InMemoryFileIndex(1 paths)[file:/data/spark-warehouse/tpch.db/customer]","ReadSchema":"struct<c_custkey:bigint,c_name:string,c_address:string,c_nationkey:bigint,c_phone:string,c_acctbal:decimal(15,2),c_comment:string>","Format":"Parquet","SelectedBucketsCount":"60 out of 60","Batched":"true","PartitionFilters":"[]","PushedFilters":"[IsNotNull(c_custkey), IsNotNull(c_nationkey)]","DataFilters":"[isnotnull(c_custkey#563L), isnotnull(c_nationkey#566L)]","Bucketed":"true"}, "metrics":[{"metricName":"number of files read","value":60,"accId":2491},{"metricName":"scan time","value":414,"accId":2490},{"metricName":"metadata time","value":0,"accId":2492},{"metricName":"size of files read","value":24717733,"accId":2493},{"metricName":"number of output rows","value":150000,"accId":2489}], "children":[] }] }] }] }] }] }] },{ "nodeName":"InputAdapter", "description":"InputAdapter", "metadata":{}, "metrics":[], "children":[{ "nodeName":"WholeStageCodegen (3)", "description":"WholeStageCodegen (3)", "metadata":{}, "metrics":[{"metricName":"duration","value":2643,"accId":2494}], "children":[{ "nodeName":"Sort", "description":"Sort [o_custkey#572L ASC NULLS FIRST], false, 0", "metadata":{}, "metrics":[{"metricName":"sort time","value":0,"accId":2495},{"metricName":"peak memory","value":4030463040,"accId":2496},{"metricName":"spill size","value":0,"accId":2497}], "children":[{ "nodeName":"InputAdapter", "description":"InputAdapter", "metadata":{}, "metrics":[], "children":[{ "nodeName":"Exchange", "description":"Exchange hashpartitioning(o_custkey#572L, 60), ENSURE_REQUIREMENTS, [plan_id=1493]", "metadata":{}, "metrics":[{"metricName":"shuffle records written","value":57069,"accId":2518},{"metricName":"local merged chunks fetched","value":0,"accId":2512},{"metricName":"shuffle write time","value":536918611,"accId":2519},{"metricName":"remote merged bytes read","value":0,"accId":2513},{"metricName":"local merged blocks fetched","value":0,"accId":2510},{"metricName":"corrupt merged block chunks","value":0,"accId":2507},{"metricName":"remote merged reqs duration","value":0,"accId":2516},{"metricName":"remote merged blocks fetched","value":0,"accId":2509},{"metricName":"records read","value":57069,"accId":2506},{"metricName":"local bytes read","value":338706,"accId":2504},{"metricName":"fetch wait time","value":461,"accId":2505},{"metricName":"remote bytes read","value":659106,"accId":2502},{"metricName":"merged fetch fallback count","value":0,"accId":2508},{"metricName":"local blocks read","value":1224,"accId":2501},{"metricName":"remote merged chunks fetched","value":0,"accId":2511},{"metricName":"remote blocks read","value":2376,"accId":2500},{"metricName":"data size","value":1369656,"accId":2498},{"metricName":"local merged bytes read","value":0,"accId":2514},{"metricName":"number of partitions","value":60,"accId":2499},{"metricName":"remote reqs duration","value":1633,"accId":2515},{"metricName":"remote bytes read to disk","value":0,"accId":2503},{"metricName":"shuffle bytes written","value":997812,"accId":2517}], "children":[{ "nodeName":"WholeStageCodegen (2)", "description":"WholeStageCodegen (2)", "metadata":{}, "metrics":[{"metricName":"duration","value":678,"accId":2520}], "children":[{ "nodeName":"Project", "description":"Project [o_orderkey#571L, o_custkey#572L]", "metadata":{}, "metrics":[], "children":[{ "nodeName":"Filter", "description":"Filter ((((isnotnull(o_orderdate#575) AND (o_orderdate#575 >= 1993-10-01)) AND (o_orderdate#575 < 1994-01-01)) AND isnotnull(o_custkey#572L)) AND isnotnull(o_orderkey#571L))", "metadata":{}, "metrics":[{"metricName":"number of output rows","value":57069,"accId":2521}], "children":[{ "nodeName":"ColumnarToRow", "description":"ColumnarToRow", "metadata":{}, "metrics":[{"metricName":"number of output rows","value":1500000,"accId":2522},{"metricName":"number of input batches","value":420,"accId":2523}], "children":[{ "nodeName":"InputAdapter", "description":"InputAdapter", "metadata":{}, "metrics":[], "children":[{ "nodeName":"Scan parquet spark_catalog.tpch.orders", "description":"FileScan parquet spark_catalog.tpch.orders[o_orderkey#571L,o_custkey#572L,o_orderdate#575] Batched: true, Bucketed: false (disabled by query planner), DataFilters: [isnotnull(o_orderdate#575), (o_orderdate#575 >= 1993-10-01), (o_orderdate#575 < 1994-01-01), isn..., Format: Parquet, Location: InMemoryFileIndex(1 paths)[file:/data/spark-warehouse/tpch.db/orders], PartitionFilters: [], PushedFilters: [IsNotNull(o_orderdate), GreaterThanOrEqual(o_orderdate,1993-10-01), LessThan(o_orderdate,1994-01..., ReadSchema: struct<o_orderkey:bigint,o_custkey:bigint,o_orderdate:date>", "metadata":{"Location":"InMemoryFileIndex(1 paths)[file:/data/spark-warehouse/tpch.db/orders]","ReadSchema":"struct<o_orderkey:bigint,o_custkey:bigint,o_orderdate:date>","Format":"Parquet","Batched":"true","PartitionFilters":"[]","PushedFilters":"[IsNotNull(o_orderdate), GreaterThanOrEqual(o_orderdate,1993-10-01), LessThan(o_orderdate,1994-01-01), IsNotNull(o_custkey), IsNotNull(o_orderkey)]","DataFilters":"[isnotnull(o_orderdate#575), (o_orderdate#575 >= 1993-10-01), (o_orderdate#575 < 1994-01-01), isnotnull(o_custkey#572L), isnotnull(o_orderkey#571L)]","Bucketed":"false (disabled by query planner)"}, "metrics":[{"metricName":"number of files read","value":60,"accId":2526},{"metricName":"scan time","value":239,"accId":2525},{"metricName":"metadata time","value":0,"accId":2527},{"metricName":"size of files read","value":121789992,"accId":2528},{"metricName":"number of output rows","value":1500000,"accId":2524}], "children":[] }] }] }] }] }] }] }] }] }] }] }] }] }] }] }] }] }] }] },{ "nodeName":"InputAdapter", "description":"InputAdapter", "metadata":{}, "metrics":[], "children":[{ "nodeName":"WholeStageCodegen (6)", "description":"WholeStageCodegen (6)", "metadata":{}, "metrics":[{"metricName":"duration","value":286,"accId":2529}], "children":[{ "nodeName":"Sort", "description":"Sort [l_orderkey#9L ASC NULLS FIRST], false, 0", "metadata":{}, "metrics":[{"metricName":"sort time","value":0,"accId":2530},{"metricName":"peak memory","value":4089445440,"accId":2531},{"metricName":"spill size","value":0,"accId":2532}], "children":[{ "nodeName":"Project", "description":"Project [l_orderkey#9L, l_extendedprice#14, l_discount#15]", "metadata":{}, "metrics":[], "children":[{ "nodeName":"Filter", "description":"Filter ((isnotnull(l_returnflag#17) AND (l_returnflag#17 = R)) AND isnotnull(l_orderkey#9L))", "metadata":{}, "metrics":[{"metricName":"number of output rows","value":1478870,"accId":2533}], "children":[{ "nodeName":"ColumnarToRow", "description":"ColumnarToRow", "metadata":{}, "metrics":[{"metricName":"number of output rows","value":6001215,"accId":2534},{"metricName":"number of input batches","value":1500,"accId":2535}], "children":[{ "nodeName":"InputAdapter", "description":"InputAdapter", "metadata":{}, "metrics":[], "children":[{ "nodeName":"Scan parquet spark_catalog.tpch.lineitem", "description":"FileScan parquet spark_catalog.tpch.lineitem[l_orderkey#9L,l_extendedprice#14,l_discount#15,l_returnflag#17] Batched: true, Bucketed: true, DataFilters: [isnotnull(l_returnflag#17), (l_returnflag#17 = R), isnotnull(l_orderkey#9L)], Format: Parquet, Location: InMemoryFileIndex(1 paths)[file:/data/spark-warehouse/tpch.db/lineitem], PartitionFilters: [], PushedFilters: [IsNotNull(l_returnflag), EqualTo(l_returnflag,R), IsNotNull(l_orderkey)], ReadSchema: struct<l_orderkey:bigint,l_extendedprice:decimal(15,2),l_discount:decimal(15,2),l_returnflag:string>, SelectedBucketsCount: 60 out of 60", "metadata":{"Location":"InMemoryFileIndex(1 paths)[file:/data/spark-warehouse/tpch.db/lineitem]","ReadSchema":"struct<l_orderkey:bigint,l_extendedprice:decimal(15,2),l_discount:decimal(15,2),l_returnflag:string>","Format":"Parquet","SelectedBucketsCount":"60 out of 60","Batched":"true","PartitionFilters":"[]","PushedFilters":"[IsNotNull(l_returnflag), EqualTo(l_returnflag,R), IsNotNull(l_orderkey)]","DataFilters":"[isnotnull(l_returnflag#17), (l_returnflag#17 = R), isnotnull(l_orderkey#9L)]","Bucketed":"true"}, "metrics":[{"metricName":"number of files read","value":60,"accId":2538},{"metricName":"scan time","value":309,"accId":2537},{"metricName":"metadata time","value":0,"accId":2539},{"metricName":"size of files read","value":365478469,"accId":2540},{"metricName":"number of output rows","value":6001215,"accId":2536}], "children":[] }] }] }] }] }] }] }] }] }] },{ "nodeName":"InputAdapter", "description":"InputAdapter", "metadata":{}, "metrics":[], "children":[{ "nodeName":"BroadcastExchange", "description":"BroadcastExchange HashedRelationBroadcastMode(List(input[0, bigint, false]),false), [plan_id=1519]", "metadata":{}, "metrics":[{"metricName":"time to broadcast","value":0,"accId":2545},{"metricName":"time to build","value":1,"accId":2544},{"metricName":"time to collect","value":31,"accId":2543},{"metricName":"number of output rows","value":25,"accId":2542},{"metricName":"data size","value":1048776,"accId":2541}], "children":[{ "nodeName":"WholeStageCodegen (7)", "description":"WholeStageCodegen (7)", "metadata":{}, "metrics":[{"metricName":"duration","value":7,"accId":2546}], "children":[{ "nodeName":"Filter", "description":"Filter isnotnull(n_nationkey#580L)", "metadata":{}, "metrics":[{"metricName":"number of output rows","value":25,"accId":2547}], "children":[{ "nodeName":"ColumnarToRow", "description":"ColumnarToRow", "metadata":{}, "metrics":[{"metricName":"number of output rows","value":25,"accId":2548},{"metricName":"number of input batches","value":1,"accId":2549}], "children":[{ "nodeName":"InputAdapter", "description":"InputAdapter", "metadata":{}, "metrics":[], "children":[{ "nodeName":"Scan parquet spark_catalog.tpch.nation", "description":"FileScan parquet spark_catalog.tpch.nation[n_nationkey#580L,n_name#581] Batched: true, DataFilters: [isnotnull(n_nationkey#580L)], Format: Parquet, Location: InMemoryFileIndex(1 paths)[file:/data/spark-warehouse/tpch.db/nation], PartitionFilters: [], PushedFilters: [IsNotNull(n_nationkey)], ReadSchema: struct<n_nationkey:bigint,n_name:string>", "metadata":{"Location":"InMemoryFileIndex(1 paths)[file:/data/spark-warehouse/tpch.db/nation]","ReadSchema":"struct<n_nationkey:bigint,n_name:string>","Format":"Parquet","Batched":"true","PartitionFilters":"[]","PushedFilters":"[IsNotNull(n_nationkey)]","DataFilters":"[isnotnull(n_nationkey#580L)]"}, "metrics":[{"metricName":"number of files read","value":1,"accId":2552},{"metricName":"scan time","value":7,"accId":2551},{"metricName":"metadata time","value":0,"accId":2553},{"metricName":"size of files read","value":4008,"accId":2554},{"metricName":"number of output rows","value":25,"accId":2550}], "children":[] }] }] }] }] }] }] }] }] }] }] }] }] }] }] }] }}]