[{"totalTime":533,"stagePlan":{"stages":[{"id":81,"isQueryResult":false,"tasks":[{"id":17,"duration":8,"executor":2},{"id":48,"duration":7,"executor":2},{"id":31,"duration":6,"executor":1},{"id":14,"duration":7,"executor":1},{"id":11,"duration":10,"executor":0},{"id":46,"duration":6,"executor":1},{"id":16,"duration":8,"executor":0},{"id":37,"duration":7,"executor":2},{"id":52,"duration":6,"executor":1},{"id":58,"duration":6,"executor":1},{"id":10,"duration":9,"executor":0},{"id":2,"duration":20,"executor":2},{"id":56,"duration":6,"executor":0},{"id":49,"duration":6,"executor":2},{"id":5,"duration":21,"executor":2},{"id":59,"duration":14,"executor":1},{"id":6,"duration":6,"executor":0},{"id":41,"duration":6,"executor":2},{"id":44,"duration":5,"executor":0},{"id":50,"duration":6,"executor":0},{"id":42,"duration":6,"executor":1},{"id":53,"duration":6,"executor":1},{"id":1,"duration":15,"executor":1},{"id":13,"duration":7,"executor":2},{"id":40,"duration":6,"executor":1},{"id":43,"duration":6,"executor":2},{"id":22,"duration":7,"executor":0},{"id":9,"duration":6,"executor":1},{"id":21,"duration":6,"executor":1},{"id":32,"duration":6,"executor":0},{"id":39,"duration":5,"executor":0},{"id":7,"duration":5,"executor":0},{"id":8,"duration":6,"executor":1},{"id":26,"duration":14,"executor":2},{"id":25,"duration":6,"executor":1},{"id":33,"duration":7,"executor":0},{"id":51,"duration":6,"executor":0},{"id":27,"duration":7,"executor":1},{"id":23,"duration":13,"executor":2},{"id":47,"duration":6,"executor":1},{"id":45,"duration":6,"executor":0},{"id":57,"duration":6,"executor":0},{"id":24,"duration":7,"executor":0},{"id":34,"duration":6,"executor":1},{"id":19,"duration":6,"executor":2},{"id":55,"duration":8,"executor":2},{"id":15,"duration":7,"executor":1},{"id":3,"duration":12,"executor":0},{"id":12,"duration":7,"executor":2},{"id":35,"duration":7,"executor":2},{"id":38,"duration":7,"executor":0},{"id":36,"duration":6,"executor":1},{"id":4,"duration":16,"executor":1},{"id":54,"duration":6,"executor":2},{"id":0,"duration":12,"executor":0},{"id":20,"duration":8,"executor":1},{"id":28,"duration":6,"executor":0},{"id":29,"duration":6,"executor":0},{"id":30,"duration":6,"executor":1},{"id":18,"duration":6,"executor":0}],"rdds":[317,318,319,320],"parents":[],"accIds":[4248,4249,4250,4251,4252,4253,4257,4258,4259,4260,4261,4262,4263,4288,4289]},{"id":82,"isQueryResult":false,"tasks":[{"id":33,"duration":9,"executor":1},{"id":20,"duration":10,"executor":1},{"id":47,"duration":9,"executor":1},{"id":0,"duration":51,"executor":0},{"id":48,"duration":30,"executor":0},{"id":12,"duration":14,"executor":0},{"id":31,"duration":16,"executor":2},{"id":41,"duration":16,"executor":2},{"id":23,"duration":27,"executor":2},{"id":30,"duration":9,"executor":1},{"id":16,"duration":15,"executor":2},{"id":10,"duration":16,"executor":1},{"id":35,"duration":9,"executor":1},{"id":46,"duration":27,"executor":2},{"id":5,"duration":88,"executor":2},{"id":1,"duration":72,"executor":1},{"id":39,"duration":9,"executor":1},{"id":13,"duration":19,"executor":1},{"id":54,"duration":42,"executor":2},{"id":50,"duration":21,"executor":1},{"id":55,"duration":42,"executor":2},{"id":22,"duration":17,"executor":0},{"id":14,"duration":16,"executor":0},{"id":43,"duration":8,"executor":1},{"id":56,"duration":12,"executor":0},{"id":7,"duration":8,"executor":0},{"id":32,"duration":16,"executor":2},{"id":36,"duration":9,"executor":1},{"id":27,"duration":12,"executor":0},{"id":19,"duration":17,"executor":0},{"id":9,"duration":21,"executor":0},{"id":58,"duration":31,"executor":1},{"id":26,"duration":19,"executor":1},{"id":37,"duration":25,"executor":0},{"id":40,"duration":16,"executor":2},{"id":17,"duration":11,"executor":1},{"id":49,"duration":27,"executor":0},{"id":34,"duration":12,"executor":0},{"id":25,"duration":18,"executor":1},{"id":44,"duration":9,"executor":1},{"id":2,"duration":88,"executor":2},{"id":8,"duration":20,"executor":0},{"id":3,"duration":51,"executor":0},{"id":21,"duration":11,"executor":1},{"id":28,"duration":12,"executor":0},{"id":42,"duration":10,"executor":1},{"id":53,"duration":10,"executor":1},{"id":24,"duration":26,"executor":2},{"id":38,"duration":23,"executor":0},{"id":4,"duration":72,"executor":1},{"id":59,"duration":34,"executor":1},{"id":51,"duration":17,"executor":1},{"id":52,"duration":10,"executor":1},{"id":18,"duration":10,"executor":0},{"id":15,"duration":16,"executor":2},{"id":29,"duration":14,"executor":0},{"id":45,"duration":28,"executor":2},{"id":57,"duration":10,"executor":0},{"id":6,"duration":11,"executor":0},{"id":11,"duration":10,"executor":1}],"rdds":[321,322,323,324],"parents":[],"accIds":[4205,4224,4225,4226,4227,4228,4231,4234,4235,4236,4237,4238,4239,4292,4293,4294,4295,4296,4297,4301,4320,4321,4322,4323,4324]},{"id":83,"isQueryResult":true,"tasks":[{"id":0,"duration":34,"executor":0}],"rdds":[325,326,327],"parents":[82],"accIds":[4198,4199,4202,4207,4208,4209,4211,4212,4213,4222,4327,4328,4329,4330,4331,4338,4339,4340,4341,4342,4343,4344,4345,4346,4347,4348,4349,4350,4351,4352,4353,4354]}]},"sqlPlan":{ "nodeName":"WholeStageCodegen (3)", "description":"WholeStageCodegen (3)", "metadata":{}, "metrics":[{"metricName":"duration","value":2,"accId":4198}], "children":[{ "nodeName":"HashAggregate", "description":"HashAggregate(keys=[], functions=[sum(CASE WHEN StartsWith(p_type#821, PROMO) THEN (l_extendedprice#14 * (1 - l_discount#15)) ELSE 0.0000 END), sum((l_extendedprice#14 * (1 - l_discount#15)))])", "metadata":{}, "metrics":[{"metricName":"spill size","value":0,"accId":4201},{"metricName":"time in aggregation build","value":1,"accId":4202},{"metricName":"peak memory","value":0,"accId":4200},{"metricName":"number of output rows","value":1,"accId":4199},{"metricName":"number of sort fallback tasks","value":0,"accId":4204},{"metricName":"avg hash probes per key","value":0,"accId":4203}], "children":[{ "nodeName":"InputAdapter", "description":"InputAdapter", "metadata":{}, "metrics":[], "children":[{ "nodeName":"Exchange", "description":"Exchange SinglePartition, ENSURE_REQUIREMENTS, [plan_id=2475]", "metadata":{}, "metrics":[{"metricName":"shuffle records written","value":60,"accId":4225},{"metricName":"local merged chunks fetched","value":0,"accId":4219},{"metricName":"shuffle write time","value":16789006,"accId":4226},{"metricName":"remote merged bytes read","value":0,"accId":4220},{"metricName":"local merged blocks fetched","value":0,"accId":4217},{"metricName":"corrupt merged block chunks","value":0,"accId":4214},{"metricName":"remote merged reqs duration","value":0,"accId":4223},{"metricName":"remote merged blocks fetched","value":0,"accId":4216},{"metricName":"records read","value":60,"accId":4213},{"metricName":"local bytes read","value":2093,"accId":4211},{"metricName":"fetch wait time","value":0,"accId":4212},{"metricName":"remote bytes read","value":3900,"accId":4209},{"metricName":"merged fetch fallback count","value":0,"accId":4215},{"metricName":"local blocks read","value":21,"accId":4208},{"metricName":"remote merged chunks fetched","value":0,"accId":4218},{"metricName":"remote blocks read","value":39,"accId":4207},{"metricName":"data size","value":4320,"accId":4205},{"metricName":"local merged bytes read","value":0,"accId":4221},{"metricName":"number of partitions","value":1,"accId":4206},{"metricName":"remote reqs duration","value":13,"accId":4222},{"metricName":"remote bytes read to disk","value":0,"accId":4210},{"metricName":"shuffle bytes written","value":5993,"accId":4224}], "children":[{ "nodeName":"WholeStageCodegen (2)", "description":"WholeStageCodegen (2)", "metadata":{}, "metrics":[{"metricName":"duration","value":906,"accId":4227}], "children":[{ "nodeName":"HashAggregate", "description":"HashAggregate(keys=[], functions=[partial_sum(CASE WHEN StartsWith(p_type#821, PROMO) THEN (l_extendedprice#14 * (1 - l_discount#15)) ELSE 0.0000 END), partial_sum((l_extendedprice#14 * (1 - l_discount#15)))])", "metadata":{}, "metrics":[{"metricName":"spill size","value":0,"accId":4230},{"metricName":"time in aggregation build","value":641,"accId":4231},{"metricName":"peak memory","value":0,"accId":4229},{"metricName":"number of output rows","value":60,"accId":4228},{"metricName":"number of sort fallback tasks","value":0,"accId":4233},{"metricName":"avg hash probes per key","value":0,"accId":4232}], "children":[{ "nodeName":"Project", "description":"Project [l_extendedprice#14, l_discount#15, p_type#821]", "metadata":{}, "metrics":[], "children":[{ "nodeName":"BroadcastHashJoin", "description":"BroadcastHashJoin [l_partkey#10L], [p_partkey#817L], Inner, BuildRight, false", "metadata":{}, "metrics":[{"metricName":"number of output rows","value":75983,"accId":4234}], "children":[{ "nodeName":"Project", "description":"Project [l_partkey#10L, l_extendedprice#14, l_discount#15]", "metadata":{}, "metrics":[], "children":[{ "nodeName":"Filter", "description":"Filter (((isnotnull(l_shipdate#19) AND (l_shipdate#19 >= 1995-09-01)) AND (l_shipdate#19 < 1995-10-01)) AND isnotnull(l_partkey#10L))", "metadata":{}, "metrics":[{"metricName":"number of output rows","value":75983,"accId":4235}], "children":[{ "nodeName":"ColumnarToRow", "description":"ColumnarToRow", "metadata":{}, "metrics":[{"metricName":"number of output rows","value":6001210,"accId":4236},{"metricName":"number of input batches","value":1500,"accId":4237}], "children":[{ "nodeName":"InputAdapter", "description":"InputAdapter", "metadata":{}, "metrics":[], "children":[{ "nodeName":"Scan parquet spark_catalog.tpch.lineitem", "description":"FileScan parquet spark_catalog.tpch.lineitem[l_partkey#10L,l_extendedprice#14,l_discount#15,l_shipdate#19] Batched: true, Bucketed: false (bucket column(s) not read), DataFilters: [isnotnull(l_shipdate#19), (l_shipdate#19 >= 1995-09-01), (l_shipdate#19 < 1995-10-01), isnotnull..., Format: Parquet, Location: InMemoryFileIndex(1 paths)[file:/data/spark-warehouse/tpch.db/lineitem], PartitionFilters: [], PushedFilters: [IsNotNull(l_shipdate), GreaterThanOrEqual(l_shipdate,1995-09-01), LessThan(l_shipdate,1995-10-01..., ReadSchema: struct<l_partkey:bigint,l_extendedprice:decimal(15,2),l_discount:decimal(15,2),l_shipdate:date>", "metadata":{"Location":"InMemoryFileIndex(1 paths)[file:/data/spark-warehouse/tpch.db/lineitem]","ReadSchema":"struct<l_partkey:bigint,l_extendedprice:decimal(15,2),l_discount:decimal(15,2),l_shipdate:date>","Format":"Parquet","Batched":"true","PartitionFilters":"[]","PushedFilters":"[IsNotNull(l_shipdate), GreaterThanOrEqual(l_shipdate,1995-09-01), LessThan(l_shipdate,1995-10-01), IsNotNull(l_partkey)]","DataFilters":"[isnotnull(l_shipdate#19), (l_shipdate#19 >= 1995-09-01), (l_shipdate#19 < 1995-10-01), isnotnull(l_partkey#10L)]","Bucketed":"false (bucket column(s) not read)"}, "metrics":[{"metricName":"number of files read","value":60,"accId":4240},{"metricName":"scan time","value":392,"accId":4239},{"metricName":"metadata time","value":0,"accId":4241},{"metricName":"size of files read","value":365478469,"accId":4242},{"metricName":"number of output rows","value":6001210,"accId":4238}], "children":[] }] }] }] }] },{ "nodeName":"InputAdapter", "description":"InputAdapter", "metadata":{}, "metrics":[], "children":[{ "nodeName":"BroadcastExchange", "description":"BroadcastExchange HashedRelationBroadcastMode(List(input[0, bigint, false]),false), [plan_id=2469]", "metadata":{}, "metrics":[{"metricName":"time to broadcast","value":24,"accId":4247},{"metricName":"time to build","value":104,"accId":4246},{"metricName":"time to collect","value":104,"accId":4245},{"metricName":"number of output rows","value":200000,"accId":4244},{"metricName":"data size","value":18377216,"accId":4243}], "children":[{ "nodeName":"WholeStageCodegen (1)", "description":"WholeStageCodegen (1)", "metadata":{}, "metrics":[{"metricName":"duration","value":211,"accId":4248}], "children":[{ "nodeName":"Filter", "description":"Filter isnotnull(p_partkey#817L)", "metadata":{}, "metrics":[{"metricName":"number of output rows","value":200000,"accId":4249}], "children":[{ "nodeName":"ColumnarToRow", "description":"ColumnarToRow", "metadata":{}, "metrics":[{"metricName":"number of output rows","value":200000,"accId":4250},{"metricName":"number of input batches","value":60,"accId":4251}], "children":[{ "nodeName":"InputAdapter", "description":"InputAdapter", "metadata":{}, "metrics":[], "children":[{ "nodeName":"Scan parquet spark_catalog.tpch.part", "description":"FileScan parquet spark_catalog.tpch.part[p_partkey#817L,p_type#821] Batched: true, Bucketed: true, DataFilters: [isnotnull(p_partkey#817L)], Format: Parquet, Location: InMemoryFileIndex(1 paths)[file:/data/spark-warehouse/tpch.db/part], PartitionFilters: [], PushedFilters: [IsNotNull(p_partkey)], ReadSchema: struct<p_partkey:bigint,p_type:string>, SelectedBucketsCount: 60 out of 60", "metadata":{"Location":"InMemoryFileIndex(1 paths)[file:/data/spark-warehouse/tpch.db/part]","ReadSchema":"struct<p_partkey:bigint,p_type:string>","Format":"Parquet","SelectedBucketsCount":"60 out of 60","Batched":"true","PartitionFilters":"[]","PushedFilters":"[IsNotNull(p_partkey)]","DataFilters":"[isnotnull(p_partkey#817L)]","Bucketed":"true"}, "metrics":[{"metricName":"number of files read","value":60,"accId":4254},{"metricName":"scan time","value":143,"accId":4253},{"metricName":"metadata time","value":0,"accId":4255},{"metricName":"size of files read","value":15214963,"accId":4256},{"metricName":"number of output rows","value":200000,"accId":4252}], "children":[] }] }] }] }] }] }] }] }] }] }] }] }] }] }] }},{"totalTime":572,"stagePlan":{"stages":[{"id":84,"isQueryResult":false,"tasks":[{"id":5,"duration":19,"executor":0},{"id":12,"duration":5,"executor":2},{"id":10,"duration":9,"executor":0},{"id":21,"duration":18,"executor":1},{"id":7,"duration":6,"executor":1},{"id":11,"duration":8,"executor":0},{"id":44,"duration":5,"executor":2},{"id":24,"duration":14,"executor":1},{"id":59,"duration":6,"executor":0},{"id":27,"duration":7,"executor":1},{"id":57,"duration":6,"executor":2},{"id":13,"duration":6,"executor":1},{"id":38,"duration":7,"executor":2},{"id":45,"duration":11,"executor":0},{"id":0,"duration":18,"executor":2},{"id":23,"duration":14,"executor":2},{"id":2,"duration":19,"executor":0},{"id":39,"duration":6,"executor":2},{"id":19,"duration":6,"executor":2},{"id":22,"duration":14,"executor":2},{"id":18,"duration":6,"executor":2},{"id":20,"duration":19,"executor":1},{"id":43,"duration":8,"executor":2},{"id":53,"duration":10,"executor":0},{"id":34,"duration":7,"executor":0},{"id":30,"duration":10,"executor":0},{"id":40,"duration":7,"executor":0},{"id":16,"duration":23,"executor":0},{"id":52,"duration":5,"executor":1},{"id":29,"duration":8,"executor":1},{"id":32,"duration":6,"executor":1},{"id":4,"duration":19,"executor":1},{"id":9,"duration":7,"executor":2},{"id":33,"duration":6,"executor":2},{"id":6,"duration":6,"executor":2},{"id":14,"duration":5,"executor":2},{"id":25,"duration":7,"executor":2},{"id":51,"duration":6,"executor":0},{"id":50,"duration":6,"executor":1},{"id":31,"duration":7,"executor":2},{"id":55,"duration":9,"executor":1},{"id":1,"duration":18,"executor":1},{"id":37,"duration":6,"executor":1},{"id":36,"duration":9,"executor":0},{"id":35,"duration":8,"executor":1},{"id":42,"duration":8,"executor":1},{"id":26,"duration":6,"executor":2},{"id":17,"duration":22,"executor":0},{"id":46,"duration":7,"executor":0},{"id":47,"duration":5,"executor":1},{"id":56,"duration":7,"executor":0},{"id":41,"duration":6,"executor":1},{"id":3,"duration":19,"executor":2},{"id":48,"duration":11,"executor":2},{"id":58,"duration":24,"executor":2},{"id":28,"duration":7,"executor":0},{"id":54,"duration":12,"executor":1},{"id":49,"duration":12,"executor":2},{"id":8,"duration":7,"executor":1},{"id":15,"duration":5,"executor":1}],"rdds":[328,329,330,331],"parents":[],"accIds":[4412,4413,4414,4415,4416,4417,4421,4422,4423,4424,4425,4426,4452,4453]},{"id":85,"isQueryResult":false,"tasks":[{"id":46,"duration":11,"executor":1},{"id":24,"duration":8,"executor":0},{"id":4,"duration":68,"executor":1},{"id":45,"duration":14,"executor":2},{"id":27,"duration":22,"executor":2},{"id":56,"duration":44,"executor":1},{"id":54,"duration":23,"executor":0},{"id":38,"duration":12,"executor":2},{"id":25,"duration":9,"executor":0},{"id":11,"duration":19,"executor":2},{"id":32,"duration":11,"executor":1},{"id":47,"duration":10,"executor":1},{"id":14,"duration":18,"executor":2},{"id":5,"duration":82,"executor":2},{"id":26,"duration":9,"executor":0},{"id":48,"duration":13,"executor":0},{"id":10,"duration":23,"executor":1},{"id":20,"duration":9,"executor":0},{"id":55,"duration":46,"executor":1},{"id":16,"duration":40,"executor":2},{"id":57,"duration":13,"executor":0},{"id":13,"duration":18,"executor":1},{"id":42,"duration":10,"executor":1},{"id":29,"duration":20,"executor":2},{"id":50,"duration":78,"executor":2},{"id":12,"duration":28,"executor":0},{"id":34,"duration":13,"executor":0},{"id":49,"duration":20,"executor":0},{"id":2,"duration":84,"executor":2},{"id":28,"duration":12,"executor":0},{"id":7,"duration":34,"executor":0},{"id":59,"duration":13,"executor":0},{"id":51,"duration":77,"executor":2},{"id":9,"duration":14,"executor":0},{"id":15,"duration":47,"executor":1},{"id":21,"duration":9,"executor":0},{"id":53,"duration":11,"executor":1},{"id":58,"duration":15,"executor":0},{"id":52,"duration":13,"executor":1},{"id":33,"duration":12,"executor":0},{"id":22,"duration":8,"executor":0},{"id":1,"duration":69,"executor":1},{"id":3,"duration":70,"executor":0},{"id":19,"duration":10,"executor":0},{"id":35,"duration":11,"executor":1},{"id":17,"duration":36,"executor":2},{"id":39,"duration":11,"executor":0},{"id":30,"duration":12,"executor":0},{"id":6,"duration":11,"executor":1},{"id":18,"duration":45,"executor":1},{"id":0,"duration":69,"executor":0},{"id":40,"duration":13,"executor":0},{"id":8,"duration":15,"executor":1},{"id":36,"duration":15,"executor":2},{"id":37,"duration":10,"executor":1},{"id":41,"duration":11,"executor":1},{"id":23,"duration":8,"executor":0},{"id":31,"duration":12,"executor":1},{"id":43,"duration":14,"executor":0},{"id":44,"duration":14,"executor":2}],"rdds":[332,333,334,335],"parents":[],"accIds":[4369,4388,4389,4390,4391,4392,4395,4398,4399,4400,4401,4402,4403,4456,4457,4458,4459,4460,4461,4462,4465,4484,4485,4486,4487,4488]},{"id":86,"isQueryResult":true,"tasks":[{"id":0,"duration":34,"executor":2}],"rdds":[336,337,338],"parents":[85],"accIds":[4362,4363,4366,4371,4372,4373,4375,4376,4377,4386,4491,4492,4493,4494,4495,4496,4502,4503,4504,4505,4506,4507,4508,4509,4510,4511,4512,4513,4514,4515,4516,4517,4518]}]},"sqlPlan":{ "nodeName":"WholeStageCodegen (3)", "description":"WholeStageCodegen (3)", "metadata":{}, "metrics":[{"metricName":"duration","value":1,"accId":4362}], "children":[{ "nodeName":"HashAggregate", "description":"HashAggregate(keys=[], functions=[sum(CASE WHEN StartsWith(p_type#821, PROMO) THEN (l_extendedprice#14 * (1 - l_discount#15)) ELSE 0.0000 END), sum((l_extendedprice#14 * (1 - l_discount#15)))])", "metadata":{}, "metrics":[{"metricName":"spill size","value":0,"accId":4365},{"metricName":"time in aggregation build","value":1,"accId":4366},{"metricName":"peak memory","value":0,"accId":4364},{"metricName":"number of output rows","value":1,"accId":4363},{"metricName":"number of sort fallback tasks","value":0,"accId":4368},{"metricName":"avg hash probes per key","value":0,"accId":4367}], "children":[{ "nodeName":"InputAdapter", "description":"InputAdapter", "metadata":{}, "metrics":[], "children":[{ "nodeName":"Exchange", "description":"Exchange SinglePartition, ENSURE_REQUIREMENTS, [plan_id=2568]", "metadata":{}, "metrics":[{"metricName":"shuffle records written","value":60,"accId":4389},{"metricName":"local merged chunks fetched","value":0,"accId":4383},{"metricName":"shuffle write time","value":39348189,"accId":4390},{"metricName":"remote merged bytes read","value":0,"accId":4384},{"metricName":"local merged blocks fetched","value":0,"accId":4381},{"metricName":"corrupt merged block chunks","value":0,"accId":4378},{"metricName":"remote merged reqs duration","value":0,"accId":4387},{"metricName":"remote merged blocks fetched","value":0,"accId":4380},{"metricName":"records read","value":60,"accId":4377},{"metricName":"local bytes read","value":1400,"accId":4375},{"metricName":"fetch wait time","value":0,"accId":4376},{"metricName":"remote bytes read","value":4593,"accId":4373},{"metricName":"merged fetch fallback count","value":0,"accId":4379},{"metricName":"local blocks read","value":14,"accId":4372},{"metricName":"remote merged chunks fetched","value":0,"accId":4382},{"metricName":"remote blocks read","value":46,"accId":4371},{"metricName":"data size","value":4320,"accId":4369},{"metricName":"local merged bytes read","value":0,"accId":4385},{"metricName":"number of partitions","value":1,"accId":4370},{"metricName":"remote reqs duration","value":7,"accId":4386},{"metricName":"remote bytes read to disk","value":0,"accId":4374},{"metricName":"shuffle bytes written","value":5993,"accId":4388}], "children":[{ "nodeName":"WholeStageCodegen (2)", "description":"WholeStageCodegen (2)", "metadata":{}, "metrics":[{"metricName":"duration","value":902,"accId":4391}], "children":[{ "nodeName":"HashAggregate", "description":"HashAggregate(keys=[], functions=[partial_sum(CASE WHEN StartsWith(p_type#821, PROMO) THEN (l_extendedprice#14 * (1 - l_discount#15)) ELSE 0.0000 END), partial_sum((l_extendedprice#14 * (1 - l_discount#15)))])", "metadata":{}, "metrics":[{"metricName":"spill size","value":0,"accId":4394},{"metricName":"time in aggregation build","value":729,"accId":4395},{"metricName":"peak memory","value":0,"accId":4393},{"metricName":"number of output rows","value":60,"accId":4392},{"metricName":"number of sort fallback tasks","value":0,"accId":4397},{"metricName":"avg hash probes per key","value":0,"accId":4396}], "children":[{ "nodeName":"Project", "description":"Project [l_extendedprice#14, l_discount#15, p_type#821]", "metadata":{}, "metrics":[], "children":[{ "nodeName":"BroadcastHashJoin", "description":"BroadcastHashJoin [l_partkey#10L], [p_partkey#817L], Inner, BuildRight, false", "metadata":{}, "metrics":[{"metricName":"number of output rows","value":75983,"accId":4398}], "children":[{ "nodeName":"Project", "description":"Project [l_partkey#10L, l_extendedprice#14, l_discount#15]", "metadata":{}, "metrics":[], "children":[{ "nodeName":"Filter", "description":"Filter (((isnotnull(l_shipdate#19) AND (l_shipdate#19 >= 1995-09-01)) AND (l_shipdate#19 < 1995-10-01)) AND isnotnull(l_partkey#10L))", "metadata":{}, "metrics":[{"metricName":"number of output rows","value":75983,"accId":4399}], "children":[{ "nodeName":"ColumnarToRow", "description":"ColumnarToRow", "metadata":{}, "metrics":[{"metricName":"number of output rows","value":6001210,"accId":4400},{"metricName":"number of input batches","value":1500,"accId":4401}], "children":[{ "nodeName":"InputAdapter", "description":"InputAdapter", "metadata":{}, "metrics":[], "children":[{ "nodeName":"Scan parquet spark_catalog.tpch.lineitem", "description":"FileScan parquet spark_catalog.tpch.lineitem[l_partkey#10L,l_extendedprice#14,l_discount#15,l_shipdate#19] Batched: true, Bucketed: false (bucket column(s) not read), DataFilters: [isnotnull(l_shipdate#19), (l_shipdate#19 >= 1995-09-01), (l_shipdate#19 < 1995-10-01), isnotnull..., Format: Parquet, Location: InMemoryFileIndex(1 paths)[file:/data/spark-warehouse/tpch.db/lineitem], PartitionFilters: [], PushedFilters: [IsNotNull(l_shipdate), GreaterThanOrEqual(l_shipdate,1995-09-01), LessThan(l_shipdate,1995-10-01..., ReadSchema: struct<l_partkey:bigint,l_extendedprice:decimal(15,2),l_discount:decimal(15,2),l_shipdate:date>", "metadata":{"Location":"InMemoryFileIndex(1 paths)[file:/data/spark-warehouse/tpch.db/lineitem]","ReadSchema":"struct<l_partkey:bigint,l_extendedprice:decimal(15,2),l_discount:decimal(15,2),l_shipdate:date>","Format":"Parquet","Batched":"true","PartitionFilters":"[]","PushedFilters":"[IsNotNull(l_shipdate), GreaterThanOrEqual(l_shipdate,1995-09-01), LessThan(l_shipdate,1995-10-01), IsNotNull(l_partkey)]","DataFilters":"[isnotnull(l_shipdate#19), (l_shipdate#19 >= 1995-09-01), (l_shipdate#19 < 1995-10-01), isnotnull(l_partkey#10L)]","Bucketed":"false (bucket column(s) not read)"}, "metrics":[{"metricName":"number of files read","value":60,"accId":4404},{"metricName":"scan time","value":489,"accId":4403},{"metricName":"metadata time","value":0,"accId":4405},{"metricName":"size of files read","value":365478469,"accId":4406},{"metricName":"number of output rows","value":6001210,"accId":4402}], "children":[] }] }] }] }] },{ "nodeName":"InputAdapter", "description":"InputAdapter", "metadata":{}, "metrics":[], "children":[{ "nodeName":"BroadcastExchange", "description":"BroadcastExchange HashedRelationBroadcastMode(List(input[0, bigint, false]),false), [plan_id=2562]", "metadata":{}, "metrics":[{"metricName":"time to broadcast","value":28,"accId":4411},{"metricName":"time to build","value":83,"accId":4410},{"metricName":"time to collect","value":128,"accId":4409},{"metricName":"number of output rows","value":200000,"accId":4408},{"metricName":"data size","value":18377216,"accId":4407}], "children":[{ "nodeName":"WholeStageCodegen (1)", "description":"WholeStageCodegen (1)", "metadata":{}, "metrics":[{"metricName":"duration","value":235,"accId":4412}], "children":[{ "nodeName":"Filter", "description":"Filter isnotnull(p_partkey#817L)", "metadata":{}, "metrics":[{"metricName":"number of output rows","value":200000,"accId":4413}], "children":[{ "nodeName":"ColumnarToRow", "description":"ColumnarToRow", "metadata":{}, "metrics":[{"metricName":"number of output rows","value":200000,"accId":4414},{"metricName":"number of input batches","value":60,"accId":4415}], "children":[{ "nodeName":"InputAdapter", "description":"InputAdapter", "metadata":{}, "metrics":[], "children":[{ "nodeName":"Scan parquet spark_catalog.tpch.part", "description":"FileScan parquet spark_catalog.tpch.part[p_partkey#817L,p_type#821] Batched: true, Bucketed: true, DataFilters: [isnotnull(p_partkey#817L)], Format: Parquet, Location: InMemoryFileIndex(1 paths)[file:/data/spark-warehouse/tpch.db/part], PartitionFilters: [], PushedFilters: [IsNotNull(p_partkey)], ReadSchema: struct<p_partkey:bigint,p_type:string>, SelectedBucketsCount: 60 out of 60", "metadata":{"Location":"InMemoryFileIndex(1 paths)[file:/data/spark-warehouse/tpch.db/part]","ReadSchema":"struct<p_partkey:bigint,p_type:string>","Format":"Parquet","SelectedBucketsCount":"60 out of 60","Batched":"true","PartitionFilters":"[]","PushedFilters":"[IsNotNull(p_partkey)]","DataFilters":"[isnotnull(p_partkey#817L)]","Bucketed":"true"}, "metrics":[{"metricName":"number of files read","value":60,"accId":4418},{"metricName":"scan time","value":152,"accId":4417},{"metricName":"metadata time","value":0,"accId":4419},{"metricName":"size of files read","value":15214963,"accId":4420},{"metricName":"number of output rows","value":200000,"accId":4416}], "children":[] }] }] }] }] }] }] }] }] }] }] }] }] }] }] }},{"totalTime":502,"stagePlan":{"stages":[{"id":87,"isQueryResult":false,"tasks":[{"id":10,"duration":8,"executor":2},{"id":55,"duration":6,"executor":1},{"id":29,"duration":5,"executor":1},{"id":9,"duration":12,"executor":0},{"id":28,"duration":7,"executor":0},{"id":25,"duration":5,"executor":1},{"id":2,"duration":19,"executor":2},{"id":12,"duration":6,"executor":1},{"id":21,"duration":5,"executor":1},{"id":47,"duration":6,"executor":1},{"id":24,"duration":7,"executor":0},{"id":6,"duration":6,"executor":1},{"id":23,"duration":6,"executor":0},{"id":5,"duration":19,"executor":2},{"id":39,"duration":6,"executor":0},{"id":22,"duration":5,"executor":1},{"id":34,"duration":5,"executor":1},{"id":33,"duration":7,"executor":0},{"id":42,"duration":13,"executor":2},{"id":31,"duration":5,"executor":0},{"id":16,"duration":36,"executor":2},{"id":52,"duration":9,"executor":2},{"id":3,"duration":16,"executor":1},{"id":48,"duration":60,"executor":0},{"id":4,"duration":18,"executor":0},{"id":54,"duration":6,"executor":1},{"id":1,"duration":19,"executor":0},{"id":40,"duration":7,"executor":1},{"id":26,"duration":4,"executor":1},{"id":43,"duration":12,"executor":2},{"id":27,"duration":5,"executor":0},{"id":36,"duration":5,"executor":1},{"id":44,"duration":7,"executor":0},{"id":50,"duration":6,"executor":1},{"id":18,"duration":7,"executor":0},{"id":57,"duration":44,"executor":2},{"id":53,"duration":9,"executor":2},{"id":15,"duration":36,"executor":2},{"id":11,"duration":8,"executor":2},{"id":56,"duration":6,"executor":1},{"id":58,"duration":44,"executor":2},{"id":32,"duration":5,"executor":1},{"id":37,"duration":5,"executor":1},{"id":51,"duration":6,"executor":1},{"id":14,"duration":5,"executor":1},{"id":35,"duration":6,"executor":0},{"id":30,"duration":5,"executor":1},{"id":19,"duration":6,"executor":0},{"id":0,"duration":18,"executor":1},{"id":46,"duration":5,"executor":1},{"id":17,"duration":5,"executor":1},{"id":20,"duration":5,"executor":1},{"id":13,"duration":6,"executor":1},{"id":49,"duration":60,"executor":0},{"id":41,"duration":6,"executor":1},{"id":38,"duration":7,"executor":0},{"id":7,"duration":7,"executor":1},{"id":8,"duration":14,"executor":0},{"id":45,"duration":8,"executor":0},{"id":59,"duration":44,"executor":1}],"rdds":[339,340,341,342],"parents":[],"accIds":[4576,4577,4578,4579,4580,4581,4585,4586,4587,4588,4589,4590,4616,4617]},{"id":88,"isQueryResult":false,"tasks":[{"id":17,"duration":47,"executor":1},{"id":59,"duration":6,"executor":0},{"id":32,"duration":15,"executor":0},{"id":13,"duration":50,"executor":0},{"id":52,"duration":9,"executor":0},{"id":31,"duration":16,"executor":0},{"id":24,"duration":34,"executor":1},{"id":26,"duration":25,"executor":0},{"id":55,"duration":21,"executor":1},{"id":8,"duration":11,"executor":2},{"id":36,"duration":15,"executor":1},{"id":58,"duration":8,"executor":0},{"id":14,"duration":47,"executor":2},{"id":21,"duration":9,"executor":0},{"id":25,"duration":26,"executor":0},{"id":37,"duration":45,"executor":1},{"id":41,"duration":40,"executor":2},{"id":38,"duration":45,"executor":2},{"id":47,"duration":10,"executor":0},{"id":54,"duration":25,"executor":2},{"id":5,"duration":39,"executor":0},{"id":45,"duration":14,"executor":2},{"id":48,"duration":10,"executor":0},{"id":0,"duration":42,"executor":2},{"id":18,"duration":41,"executor":0},{"id":27,"duration":12,"executor":2},{"id":12,"duration":10,"executor":0},{"id":49,"duration":9,"executor":1},{"id":56,"duration":7,"executor":0},{"id":10,"duration":10,"executor":1},{"id":22,"duration":39,"executor":1},{"id":34,"duration":11,"executor":1},{"id":9,"duration":11,"executor":2},{"id":42,"duration":36,"executor":1},{"id":28,"duration":13,"executor":2},{"id":43,"duration":15,"executor":1},{"id":6,"duration":12,"executor":0},{"id":16,"duration":46,"executor":2},{"id":51,"duration":23,"executor":2},{"id":1,"duration":43,"executor":1},{"id":35,"duration":14,"executor":2},{"id":11,"duration":9,"executor":1},{"id":3,"duration":42,"executor":2},{"id":46,"duration":12,"executor":2},{"id":7,"duration":10,"executor":0},{"id":4,"duration":44,"executor":1},{"id":2,"duration":38,"executor":0},{"id":30,"duration":11,"executor":2},{"id":29,"duration":14,"executor":2},{"id":33,"duration":11,"executor":2},{"id":44,"duration":10,"executor":1},{"id":53,"duration":25,"executor":1},{"id":15,"duration":47,"executor":1},{"id":39,"duration":42,"executor":0},{"id":50,"duration":10,"executor":0},{"id":23,"duration":10,"executor":2},{"id":57,"duration":6,"executor":0},{"id":40,"duration":46,"executor":0},{"id":20,"duration":11,"executor":2},{"id":19,"duration":44,"executor":0}],"rdds":[343,344,345,346],"parents":[],"accIds":[4533,4552,4553,4554,4555,4556,4559,4562,4563,4564,4565,4566,4567,4620,4621,4622,4623,4624,4625,4626,4629,4648,4649,4650,4651,4652]},{"id":89,"isQueryResult":true,"tasks":[{"id":0,"duration":10,"executor":2}],"rdds":[347,348,349],"parents":[88],"accIds":[4526,4527,4530,4535,4536,4537,4539,4540,4541,4550,4655,4656,4657,4658,4659,4666,4667,4668,4669,4670,4671,4672,4673,4674,4675,4676,4677,4678,4679,4680,4681,4682]}]},"sqlPlan":{ "nodeName":"WholeStageCodegen (3)", "description":"WholeStageCodegen (3)", "metadata":{}, "metrics":[{"metricName":"duration","value":3,"accId":4526}], "children":[{ "nodeName":"HashAggregate", "description":"HashAggregate(keys=[], functions=[sum(CASE WHEN StartsWith(p_type#821, PROMO) THEN (l_extendedprice#14 * (1 - l_discount#15)) ELSE 0.0000 END), sum((l_extendedprice#14 * (1 - l_discount#15)))])", "metadata":{}, "metrics":[{"metricName":"spill size","value":0,"accId":4529},{"metricName":"time in aggregation build","value":2,"accId":4530},{"metricName":"peak memory","value":0,"accId":4528},{"metricName":"number of output rows","value":1,"accId":4527},{"metricName":"number of sort fallback tasks","value":0,"accId":4532},{"metricName":"avg hash probes per key","value":0,"accId":4531}], "children":[{ "nodeName":"InputAdapter", "description":"InputAdapter", "metadata":{}, "metrics":[], "children":[{ "nodeName":"Exchange", "description":"Exchange SinglePartition, ENSURE_REQUIREMENTS, [plan_id=2661]", "metadata":{}, "metrics":[{"metricName":"shuffle records written","value":60,"accId":4553},{"metricName":"local merged chunks fetched","value":0,"accId":4547},{"metricName":"shuffle write time","value":47207250,"accId":4554},{"metricName":"remote merged bytes read","value":0,"accId":4548},{"metricName":"local merged blocks fetched","value":0,"accId":4545},{"metricName":"corrupt merged block chunks","value":0,"accId":4542},{"metricName":"remote merged reqs duration","value":0,"accId":4551},{"metricName":"remote merged blocks fetched","value":0,"accId":4544},{"metricName":"records read","value":60,"accId":4541},{"metricName":"local bytes read","value":1993,"accId":4539},{"metricName":"fetch wait time","value":0,"accId":4540},{"metricName":"remote bytes read","value":4000,"accId":4537},{"metricName":"merged fetch fallback count","value":0,"accId":4543},{"metricName":"local blocks read","value":20,"accId":4536},{"metricName":"remote merged chunks fetched","value":0,"accId":4546},{"metricName":"remote blocks read","value":40,"accId":4535},{"metricName":"data size","value":4320,"accId":4533},{"metricName":"local merged bytes read","value":0,"accId":4549},{"metricName":"number of partitions","value":1,"accId":4534},{"metricName":"remote reqs duration","value":5,"accId":4550},{"metricName":"remote bytes read to disk","value":0,"accId":4538},{"metricName":"shuffle bytes written","value":5993,"accId":4552}], "children":[{ "nodeName":"WholeStageCodegen (2)", "description":"WholeStageCodegen (2)", "metadata":{}, "metrics":[{"metricName":"duration","value":672,"accId":4555}], "children":[{ "nodeName":"HashAggregate", "description":"HashAggregate(keys=[], functions=[partial_sum(CASE WHEN StartsWith(p_type#821, PROMO) THEN (l_extendedprice#14 * (1 - l_discount#15)) ELSE 0.0000 END), partial_sum((l_extendedprice#14 * (1 - l_discount#15)))])", "metadata":{}, "metrics":[{"metricName":"spill size","value":0,"accId":4558},{"metricName":"time in aggregation build","value":531,"accId":4559},{"metricName":"peak memory","value":0,"accId":4557},{"metricName":"number of output rows","value":60,"accId":4556},{"metricName":"number of sort fallback tasks","value":0,"accId":4561},{"metricName":"avg hash probes per key","value":0,"accId":4560}], "children":[{ "nodeName":"Project", "description":"Project [l_extendedprice#14, l_discount#15, p_type#821]", "metadata":{}, "metrics":[], "children":[{ "nodeName":"BroadcastHashJoin", "description":"BroadcastHashJoin [l_partkey#10L], [p_partkey#817L], Inner, BuildRight, false", "metadata":{}, "metrics":[{"metricName":"number of output rows","value":75983,"accId":4562}], "children":[{ "nodeName":"Project", "description":"Project [l_partkey#10L, l_extendedprice#14, l_discount#15]", "metadata":{}, "metrics":[], "children":[{ "nodeName":"Filter", "description":"Filter (((isnotnull(l_shipdate#19) AND (l_shipdate#19 >= 1995-09-01)) AND (l_shipdate#19 < 1995-10-01)) AND isnotnull(l_partkey#10L))", "metadata":{}, "metrics":[{"metricName":"number of output rows","value":75983,"accId":4563}], "children":[{ "nodeName":"ColumnarToRow", "description":"ColumnarToRow", "metadata":{}, "metrics":[{"metricName":"number of output rows","value":6001210,"accId":4564},{"metricName":"number of input batches","value":1500,"accId":4565}], "children":[{ "nodeName":"InputAdapter", "description":"InputAdapter", "metadata":{}, "metrics":[], "children":[{ "nodeName":"Scan parquet spark_catalog.tpch.lineitem", "description":"FileScan parquet spark_catalog.tpch.lineitem[l_partkey#10L,l_extendedprice#14,l_discount#15,l_shipdate#19] Batched: true, Bucketed: false (bucket column(s) not read), DataFilters: [isnotnull(l_shipdate#19), (l_shipdate#19 >= 1995-09-01), (l_shipdate#19 < 1995-10-01), isnotnull..., Format: Parquet, Location: InMemoryFileIndex(1 paths)[file:/data/spark-warehouse/tpch.db/lineitem], PartitionFilters: [], PushedFilters: [IsNotNull(l_shipdate), GreaterThanOrEqual(l_shipdate,1995-09-01), LessThan(l_shipdate,1995-10-01..., ReadSchema: struct<l_partkey:bigint,l_extendedprice:decimal(15,2),l_discount:decimal(15,2),l_shipdate:date>", "metadata":{"Location":"InMemoryFileIndex(1 paths)[file:/data/spark-warehouse/tpch.db/lineitem]","ReadSchema":"struct<l_partkey:bigint,l_extendedprice:decimal(15,2),l_discount:decimal(15,2),l_shipdate:date>","Format":"Parquet","Batched":"true","PartitionFilters":"[]","PushedFilters":"[IsNotNull(l_shipdate), GreaterThanOrEqual(l_shipdate,1995-09-01), LessThan(l_shipdate,1995-10-01), IsNotNull(l_partkey)]","DataFilters":"[isnotnull(l_shipdate#19), (l_shipdate#19 >= 1995-09-01), (l_shipdate#19 < 1995-10-01), isnotnull(l_partkey#10L)]","Bucketed":"false (bucket column(s) not read)"}, "metrics":[{"metricName":"number of files read","value":60,"accId":4568},{"metricName":"scan time","value":287,"accId":4567},{"metricName":"metadata time","value":0,"accId":4569},{"metricName":"size of files read","value":365478469,"accId":4570},{"metricName":"number of output rows","value":6001210,"accId":4566}], "children":[] }] }] }] }] },{ "nodeName":"InputAdapter", "description":"InputAdapter", "metadata":{}, "metrics":[], "children":[{ "nodeName":"BroadcastExchange", "description":"BroadcastExchange HashedRelationBroadcastMode(List(input[0, bigint, false]),false), [plan_id=2655]", "metadata":{}, "metrics":[{"metricName":"time to broadcast","value":25,"accId":4575},{"metricName":"time to build","value":53,"accId":4574},{"metricName":"time to collect","value":148,"accId":4573},{"metricName":"number of output rows","value":200000,"accId":4572},{"metricName":"data size","value":18377216,"accId":4571}], "children":[{ "nodeName":"WholeStageCodegen (1)", "description":"WholeStageCodegen (1)", "metadata":{}, "metrics":[{"metricName":"duration","value":362,"accId":4576}], "children":[{ "nodeName":"Filter", "description":"Filter isnotnull(p_partkey#817L)", "metadata":{}, "metrics":[{"metricName":"number of output rows","value":200000,"accId":4577}], "children":[{ "nodeName":"ColumnarToRow", "description":"ColumnarToRow", "metadata":{}, "metrics":[{"metricName":"number of output rows","value":200000,"accId":4578},{"metricName":"number of input batches","value":60,"accId":4579}], "children":[{ "nodeName":"InputAdapter", "description":"InputAdapter", "metadata":{}, "metrics":[], "children":[{ "nodeName":"Scan parquet spark_catalog.tpch.part", "description":"FileScan parquet spark_catalog.tpch.part[p_partkey#817L,p_type#821] Batched: true, Bucketed: true, DataFilters: [isnotnull(p_partkey#817L)], Format: Parquet, Location: InMemoryFileIndex(1 paths)[file:/data/spark-warehouse/tpch.db/part], PartitionFilters: [], PushedFilters: [IsNotNull(p_partkey)], ReadSchema: struct<p_partkey:bigint,p_type:string>, SelectedBucketsCount: 60 out of 60", "metadata":{"Location":"InMemoryFileIndex(1 paths)[file:/data/spark-warehouse/tpch.db/part]","ReadSchema":"struct<p_partkey:bigint,p_type:string>","Format":"Parquet","SelectedBucketsCount":"60 out of 60","Batched":"true","PartitionFilters":"[]","PushedFilters":"[IsNotNull(p_partkey)]","DataFilters":"[isnotnull(p_partkey#817L)]","Bucketed":"true"}, "metrics":[{"metricName":"number of files read","value":60,"accId":4582},{"metricName":"scan time","value":285,"accId":4581},{"metricName":"metadata time","value":0,"accId":4583},{"metricName":"size of files read","value":15214963,"accId":4584},{"metricName":"number of output rows","value":200000,"accId":4580}], "children":[] }] }] }] }] }] }] }] }] }] }] }] }] }] }] }}]