[{"totalTime":2565,"stagePlan":{"stages":[{"id":145,"isQueryResult":false,"tasks":[{"id":21,"duration":5,"executor":1},{"id":24,"duration":6,"executor":2},{"id":15,"duration":5,"executor":1},{"id":41,"duration":4,"executor":0},{"id":16,"duration":6,"executor":2},{"id":12,"duration":5,"executor":0},{"id":46,"duration":4,"executor":0},{"id":9,"duration":7,"executor":2},{"id":1,"duration":15,"executor":0},{"id":59,"duration":5,"executor":1},{"id":27,"duration":8,"executor":0},{"id":29,"duration":9,"executor":0},{"id":34,"duration":5,"executor":0},{"id":35,"duration":5,"executor":1},{"id":23,"duration":6,"executor":2},{"id":37,"duration":5,"executor":2},{"id":58,"duration":4,"executor":0},{"id":40,"duration":4,"executor":1},{"id":57,"duration":6,"executor":2},{"id":26,"duration":5,"executor":1},{"id":18,"duration":4,"executor":0},{"id":25,"duration":5,"executor":0},{"id":3,"duration":15,"executor":2},{"id":55,"duration":4,"executor":0},{"id":14,"duration":5,"executor":1},{"id":31,"duration":6,"executor":2},{"id":42,"duration":4,"executor":0},{"id":10,"duration":6,"executor":1},{"id":0,"duration":16,"executor":2},{"id":4,"duration":15,"executor":0},{"id":17,"duration":6,"executor":2},{"id":32,"duration":4,"executor":1},{"id":5,"duration":16,"executor":1},{"id":28,"duration":4,"executor":1},{"id":48,"duration":4,"executor":0},{"id":50,"duration":6,"executor":2},{"id":44,"duration":6,"executor":2},{"id":7,"duration":4,"executor":0},{"id":53,"duration":5,"executor":1},{"id":56,"duration":6,"executor":2},{"id":51,"duration":7,"executor":1},{"id":52,"duration":3,"executor":0},{"id":2,"duration":16,"executor":1},{"id":49,"duration":6,"executor":2},{"id":43,"duration":6,"executor":2},{"id":38,"duration":5,"executor":1},{"id":20,"duration":6,"executor":1},{"id":33,"duration":6,"executor":1},{"id":19,"duration":5,"executor":0},{"id":22,"duration":4,"executor":0},{"id":47,"duration":5,"executor":1},{"id":39,"duration":4,"executor":0},{"id":30,"duration":6,"executor":2},{"id":54,"duration":4,"executor":0},{"id":8,"duration":7,"executor":2},{"id":36,"duration":6,"executor":2},{"id":6,"duration":6,"executor":0},{"id":11,"duration":5,"executor":1},{"id":13,"duration":4,"executor":0},{"id":45,"duration":6,"executor":1}],"rdds":[529,530,531,532],"parents":[],"accIds":[7626,7627,7628,7629,7630,7631,7683,7684,7685,7686,7687,7688,7689,7714,7715]},{"id":146,"isQueryResult":false,"tasks":[{"id":13,"duration":29,"executor":0},{"id":5,"duration":62,"executor":1},{"id":23,"duration":26,"executor":2},{"id":19,"duration":43,"executor":1},{"id":0,"duration":63,"executor":0},{"id":41,"duration":25,"executor":2},{"id":30,"duration":18,"executor":0},{"id":21,"duration":43,"executor":1},{"id":10,"duration":22,"executor":0},{"id":38,"duration":42,"executor":1},{"id":31,"duration":21,"executor":0},{"id":44,"duration":21,"executor":0},{"id":12,"duration":26,"executor":0},{"id":27,"duration":17,"executor":0},{"id":36,"duration":49,"executor":2},{"id":39,"duration":38,"executor":1},{"id":57,"duration":54,"executor":0},{"id":4,"duration":62,"executor":2},{"id":54,"duration":20,"executor":1},{"id":16,"duration":47,"executor":1},{"id":3,"duration":67,"executor":0},{"id":15,"duration":60,"executor":0},{"id":28,"duration":27,"executor":2},{"id":25,"duration":18,"executor":0},{"id":32,"duration":18,"executor":1},{"id":45,"duration":20,"executor":2},{"id":56,"duration":47,"executor":1},{"id":22,"duration":44,"executor":1},{"id":14,"duration":56,"executor":0},{"id":33,"duration":20,"executor":1},{"id":51,"duration":26,"executor":1},{"id":9,"duration":52,"executor":1},{"id":52,"duration":19,"executor":2},{"id":17,"duration":47,"executor":2},{"id":7,"duration":54,"executor":2},{"id":37,"duration":43,"executor":0},{"id":43,"duration":22,"executor":1},{"id":26,"duration":21,"executor":0},{"id":59,"duration":37,"executor":2},{"id":47,"duration":21,"executor":2},{"id":42,"duration":21,"executor":0},{"id":53,"duration":19,"executor":2},{"id":18,"duration":46,"executor":2},{"id":1,"duration":61,"executor":2},{"id":29,"duration":28,"executor":2},{"id":50,"duration":17,"executor":2},{"id":6,"duration":55,"executor":2},{"id":11,"duration":19,"executor":0},{"id":40,"duration":25,"executor":1},{"id":8,"duration":56,"executor":1},{"id":48,"duration":29,"executor":0},{"id":34,"duration":52,"executor":2},{"id":20,"duration":26,"executor":1},{"id":49,"duration":24,"executor":1},{"id":58,"duration":37,"executor":2},{"id":24,"duration":22,"executor":2},{"id":2,"duration":62,"executor":1},{"id":35,"duration":50,"executor":0},{"id":46,"duration":29,"executor":0},{"id":55,"duration":53,"executor":0}],"rdds":[533,534,535,536],"parents":[],"accIds":[7589,7608,7609,7610,7611,7612,7613,7614,7615,7616,7617,7718,7719,7720,7721,7722,7723,7724,7727,7746,7747,7748,7749,7750]},{"id":147,"isQueryResult":false,"tasks":[{"id":41,"duration":65,"executor":0},{"id":38,"duration":68,"executor":2},{"id":0,"duration":129,"executor":1},{"id":50,"duration":65,"executor":0},{"id":51,"duration":63,"executor":2},{"id":36,"duration":67,"executor":1},{"id":46,"duration":65,"executor":0},{"id":55,"duration":73,"executor":1},{"id":30,"duration":66,"executor":1},{"id":39,"duration":67,"executor":2},{"id":54,"duration":75,"executor":1},{"id":35,"duration":66,"executor":0},{"id":58,"duration":62,"executor":0},{"id":32,"duration":67,"executor":2},{"id":2,"duration":84,"executor":2},{"id":22,"duration":77,"executor":1},{"id":42,"duration":68,"executor":1},{"id":7,"duration":81,"executor":2},{"id":5,"duration":77,"executor":0},{"id":15,"duration":66,"executor":2},{"id":16,"duration":102,"executor":1},{"id":28,"duration":65,"executor":0},{"id":4,"duration":82,"executor":0},{"id":59,"duration":68,"executor":0},{"id":45,"duration":69,"executor":2},{"id":37,"duration":72,"executor":1},{"id":17,"duration":103,"executor":1},{"id":31,"duration":70,"executor":1},{"id":8,"duration":65,"executor":0},{"id":18,"duration":68,"executor":0},{"id":27,"duration":63,"executor":2},{"id":23,"duration":67,"executor":0},{"id":21,"duration":113,"executor":2},{"id":6,"duration":69,"executor":0},{"id":9,"duration":81,"executor":2},{"id":14,"duration":68,"executor":2},{"id":52,"duration":63,"executor":2},{"id":13,"duration":68,"executor":0},{"id":24,"duration":63,"executor":0},{"id":29,"duration":64,"executor":0},{"id":1,"duration":86,"executor":2},{"id":40,"duration":65,"executor":0},{"id":20,"duration":114,"executor":2},{"id":44,"duration":69,"executor":2},{"id":19,"duration":65,"executor":0},{"id":49,"duration":72,"executor":1},{"id":53,"duration":72,"executor":0},{"id":48,"duration":66,"executor":1},{"id":56,"duration":67,"executor":2},{"id":57,"duration":64,"executor":2},{"id":26,"duration":64,"executor":2},{"id":33,"duration":68,"executor":2},{"id":43,"duration":71,"executor":1},{"id":11,"duration":87,"executor":1},{"id":34,"duration":68,"executor":0},{"id":10,"duration":84,"executor":1},{"id":3,"duration":102,"executor":1},{"id":47,"duration":67,"executor":0},{"id":25,"duration":84,"executor":1},{"id":12,"duration":69,"executor":0}],"rdds":[539,540,541,542],"parents":[],"accIds":[7646,7665,7666,7667,7668,7669,7670,7672,7673,7675,7676,7677,7678,7679,7753,7754,7755,7756,7757,7758,7762,7781,7782,7783,7784,7785]},{"id":148,"isQueryResult":false,"tasks":[{"id":24,"duration":164,"executor":2},{"id":7,"duration":79,"executor":0},{"id":19,"duration":148,"executor":1},{"id":48,"duration":138,"executor":2},{"id":16,"duration":122,"executor":1},{"id":45,"duration":144,"executor":1},{"id":10,"duration":112,"executor":1},{"id":53,"duration":143,"executor":2},{"id":55,"duration":108,"executor":0},{"id":29,"duration":131,"executor":1},{"id":2,"duration":39,"executor":0},{"id":8,"duration":113,"executor":2},{"id":32,"duration":157,"executor":1},{"id":44,"duration":113,"executor":0},{"id":39,"duration":141,"executor":2},{"id":14,"duration":132,"executor":2},{"id":36,"duration":105,"executor":0},{"id":58,"duration":146,"executor":1},{"id":1,"duration":53,"executor":1},{"id":22,"duration":172,"executor":2},{"id":25,"duration":133,"executor":1},{"id":40,"duration":153,"executor":1},{"id":35,"duration":142,"executor":1},{"id":20,"duration":172,"executor":0},{"id":6,"duration":55,"executor":0},{"id":38,"duration":143,"executor":1},{"id":54,"duration":142,"executor":2},{"id":15,"duration":162,"executor":2},{"id":47,"duration":111,"executor":0},{"id":17,"duration":30,"executor":1},{"id":23,"duration":169,"executor":0},{"id":26,"duration":139,"executor":1},{"id":50,"duration":136,"executor":0},{"id":31,"duration":142,"executor":0},{"id":33,"duration":153,"executor":0},{"id":56,"duration":55,"executor":1},{"id":52,"duration":119,"executor":1},{"id":59,"duration":159,"executor":1},{"id":9,"duration":150,"executor":2},{"id":18,"duration":147,"executor":0},{"id":37,"duration":118,"executor":2},{"id":21,"duration":135,"executor":1},{"id":11,"duration":139,"executor":1},{"id":49,"duration":143,"executor":1},{"id":43,"duration":135,"executor":2},{"id":27,"duration":146,"executor":0},{"id":4,"duration":69,"executor":1},{"id":12,"duration":118,"executor":0},{"id":51,"duration":115,"executor":0},{"id":30,"duration":167,"executor":2},{"id":57,"duration":145,"executor":0},{"id":42,"duration":119,"executor":0},{"id":13,"duration":145,"executor":0},{"id":46,"duration":138,"executor":2},{"id":34,"duration":138,"executor":2},{"id":28,"duration":133,"executor":2},{"id":3,"duration":49,"executor":2},{"id":0,"duration":50,"executor":2},{"id":41,"duration":101,"executor":0},{"id":5,"duration":45,"executor":0}],"rdds":[537,538,543,544,545,546,547],"parents":[146,147],"accIds":[7554,7573,7574,7575,7576,7577,7580,7583,7584,7585,7586,7587,7588,7591,7592,7593,7595,7596,7597,7606,7636,7637,7638,7639,7640,7641,7643,7644,7648,7649,7650,7652,7653,7654,7663,7788,7789,7790,7791,7792,7793,7797,7799,7800,7801,7802,7803,7804,7805,7806,7807,7808,7809,7810,7811,7812,7813,7814,7815,7816,7817,7818]},{"id":149,"isQueryResult":true,"tasks":[{"id":0,"duration":11,"executor":2}],"rdds":[548,549,550],"parents":[148],"accIds":[7547,7548,7551,7556,7557,7558,7560,7561,7562,7571,7823,7824,7825,7826,7827,7834,7835,7836,7837,7838,7839,7840,7841,7842,7843,7844,7845,7846,7847,7848,7849,7850]}]},"sqlPlan":{ "nodeName":"WholeStageCodegen (7)", "description":"WholeStageCodegen (7)", "metadata":{}, "metrics":[{"metricName":"duration","value":3,"accId":7547}], "children":[{ "nodeName":"HashAggregate", "description":"HashAggregate(keys=[], functions=[sum(l_extendedprice#14)])", "metadata":{}, "metrics":[{"metricName":"spill size","value":0,"accId":7550},{"metricName":"time in aggregation build","value":3,"accId":7551},{"metricName":"peak memory","value":0,"accId":7549},{"metricName":"number of output rows","value":1,"accId":7548},{"metricName":"number of sort fallback tasks","value":0,"accId":7553},{"metricName":"avg hash probes per key","value":0,"accId":7552}], "children":[{ "nodeName":"InputAdapter", "description":"InputAdapter", "metadata":{}, "metrics":[], "children":[{ "nodeName":"Exchange", "description":"Exchange SinglePartition, ENSURE_REQUIREMENTS, [plan_id=4271]", "metadata":{}, "metrics":[{"metricName":"shuffle records written","value":60,"accId":7574},{"metricName":"local merged chunks fetched","value":0,"accId":7568},{"metricName":"shuffle write time","value":15930496,"accId":7575},{"metricName":"remote merged bytes read","value":0,"accId":7569},{"metricName":"local merged blocks fetched","value":0,"accId":7566},{"metricName":"corrupt merged block chunks","value":0,"accId":7563},{"metricName":"remote merged reqs duration","value":0,"accId":7572},{"metricName":"remote merged blocks fetched","value":0,"accId":7565},{"metricName":"records read","value":60,"accId":7562},{"metricName":"local bytes read","value":1374,"accId":7560},{"metricName":"fetch wait time","value":0,"accId":7561},{"metricName":"remote bytes read","value":3205,"accId":7558},{"metricName":"merged fetch fallback count","value":0,"accId":7564},{"metricName":"local blocks read","value":18,"accId":7557},{"metricName":"remote merged chunks fetched","value":0,"accId":7567},{"metricName":"remote blocks read","value":42,"accId":7556},{"metricName":"data size","value":2400,"accId":7554},{"metricName":"local merged bytes read","value":0,"accId":7570},{"metricName":"number of partitions","value":1,"accId":7555},{"metricName":"remote reqs duration","value":5,"accId":7571},{"metricName":"remote bytes read to disk","value":0,"accId":7559},{"metricName":"shuffle bytes written","value":4579,"accId":7573}], "children":[{ "nodeName":"WholeStageCodegen (6)", "description":"WholeStageCodegen (6)", "metadata":{}, "metrics":[{"metricName":"duration","value":5456,"accId":7576}], "children":[{ "nodeName":"HashAggregate", "description":"HashAggregate(keys=[], functions=[partial_sum(l_extendedprice#14)])", "metadata":{}, "metrics":[{"metricName":"spill size","value":0,"accId":7579},{"metricName":"time in aggregation build","value":5442,"accId":7580},{"metricName":"peak memory","value":0,"accId":7578},{"metricName":"number of output rows","value":60,"accId":7577},{"metricName":"number of sort fallback tasks","value":0,"accId":7582},{"metricName":"avg hash probes per key","value":0,"accId":7581}], "children":[{ "nodeName":"Project", "description":"Project [l_extendedprice#14]", "metadata":{}, "metrics":[], "children":[{ "nodeName":"SortMergeJoin", "description":"SortMergeJoin [p_partkey#817L], [l_partkey#1414L], Inner, (cast(l_quantity#13 as decimal(21,7)) < (0.2 * avg(l_quantity))#1412)", "metadata":{}, "metrics":[{"metricName":"number of output rows","value":587,"accId":7583},{"metricName":"spill size","value":0,"accId":7584}], "children":[{ "nodeName":"InputAdapter", "description":"InputAdapter", "metadata":{}, "metrics":[], "children":[{ "nodeName":"WholeStageCodegen (3)", "description":"WholeStageCodegen (3)", "metadata":{}, "metrics":[{"metricName":"duration","value":5552,"accId":7585}], "children":[{ "nodeName":"Sort", "description":"Sort [p_partkey#817L ASC NULLS FIRST], false, 0", "metadata":{}, "metrics":[{"metricName":"sort time","value":0,"accId":7586},{"metricName":"peak memory","value":3963419728,"accId":7587},{"metricName":"spill size","value":0,"accId":7588}], "children":[{ "nodeName":"InputAdapter", "description":"InputAdapter", "metadata":{}, "metrics":[], "children":[{ "nodeName":"Exchange", "description":"Exchange hashpartitioning(p_partkey#817L, 60), ENSURE_REQUIREMENTS, [plan_id=4250]", "metadata":{}, "metrics":[{"metricName":"shuffle records written","value":6088,"accId":7609},{"metricName":"local merged chunks fetched","value":0,"accId":7603},{"metricName":"shuffle write time","value":681216490,"accId":7610},{"metricName":"remote merged bytes read","value":0,"accId":7604},{"metricName":"local merged blocks fetched","value":0,"accId":7601},{"metricName":"corrupt merged block chunks","value":0,"accId":7598},{"metricName":"remote merged reqs duration","value":0,"accId":7607},{"metricName":"remote merged blocks fetched","value":0,"accId":7600},{"metricName":"records read","value":6341,"accId":7597},{"metricName":"local bytes read","value":88395,"accId":7595},{"metricName":"fetch wait time","value":2413,"accId":7596},{"metricName":"remote bytes read","value":177723,"accId":7593},{"metricName":"merged fetch fallback count","value":0,"accId":7599},{"metricName":"local blocks read","value":910,"accId":7592},{"metricName":"remote merged chunks fetched","value":0,"accId":7602},{"metricName":"remote blocks read","value":1842,"accId":7591},{"metricName":"data size","value":194816,"accId":7589},{"metricName":"local merged bytes read","value":0,"accId":7605},{"metricName":"number of partitions","value":60,"accId":7590},{"metricName":"remote reqs duration","value":3852,"accId":7606},{"metricName":"remote bytes read to disk","value":0,"accId":7594},{"metricName":"shuffle bytes written","value":256124,"accId":7608}], "children":[{ "nodeName":"WholeStageCodegen (2)", "description":"WholeStageCodegen (2)", "metadata":{}, "metrics":[{"metricName":"duration","value":830,"accId":7611}], "children":[{ "nodeName":"Project", "description":"Project [l_quantity#13, l_extendedprice#14, p_partkey#817L]", "metadata":{}, "metrics":[], "children":[{ "nodeName":"BroadcastHashJoin", "description":"BroadcastHashJoin [l_partkey#10L], [p_partkey#817L], Inner, BuildRight, false", "metadata":{}, "metrics":[{"metricName":"number of output rows","value":6088,"accId":7612}], "children":[{ "nodeName":"Filter", "description":"Filter (isnotnull(l_partkey#10L) AND isnotnull(l_quantity#13))", "metadata":{}, "metrics":[{"metricName":"number of output rows","value":6001215,"accId":7613}], "children":[{ "nodeName":"ColumnarToRow", "description":"ColumnarToRow", "metadata":{}, "metrics":[{"metricName":"number of output rows","value":6001215,"accId":7614},{"metricName":"number of input batches","value":1500,"accId":7615}], "children":[{ "nodeName":"InputAdapter", "description":"InputAdapter", "metadata":{}, "metrics":[], "children":[{ "nodeName":"Scan parquet spark_catalog.tpch.lineitem", "description":"FileScan parquet spark_catalog.tpch.lineitem[l_partkey#10L,l_quantity#13,l_extendedprice#14] Batched: true, Bucketed: false (bucket column(s) not read), DataFilters: [isnotnull(l_partkey#10L), isnotnull(l_quantity#13)], Format: Parquet, Location: InMemoryFileIndex(1 paths)[file:/data/spark-warehouse/tpch.db/lineitem], PartitionFilters: [], PushedFilters: [IsNotNull(l_partkey), IsNotNull(l_quantity)], ReadSchema: struct<l_partkey:bigint,l_quantity:decimal(15,2),l_extendedprice:decimal(15,2)>", "metadata":{"Location":"InMemoryFileIndex(1 paths)[file:/data/spark-warehouse/tpch.db/lineitem]","ReadSchema":"struct<l_partkey:bigint,l_quantity:decimal(15,2),l_extendedprice:decimal(15,2)>","Format":"Parquet","Batched":"true","PartitionFilters":"[]","PushedFilters":"[IsNotNull(l_partkey), IsNotNull(l_quantity)]","DataFilters":"[isnotnull(l_partkey#10L), isnotnull(l_quantity#13)]","Bucketed":"false (bucket column(s) not read)"}, "metrics":[{"metricName":"number of files read","value":60,"accId":7618},{"metricName":"scan time","value":211,"accId":7617},{"metricName":"metadata time","value":0,"accId":7619},{"metricName":"size of files read","value":365478469,"accId":7620},{"metricName":"number of output rows","value":6001215,"accId":7616}], "children":[] }] }] }] },{ "nodeName":"InputAdapter", "description":"InputAdapter", "metadata":{}, "metrics":[], "children":[{ "nodeName":"BroadcastExchange", "description":"BroadcastExchange HashedRelationBroadcastMode(List(input[0, bigint, true]),false), [plan_id=4245]", "metadata":{}, "metrics":[{"metricName":"time to broadcast","value":0,"accId":7625},{"metricName":"time to build","value":2,"accId":7624},{"metricName":"time to collect","value":85,"accId":7623},{"metricName":"number of output rows","value":204,"accId":7622},{"metricName":"data size","value":1056768,"accId":7621}], "children":[{ "nodeName":"WholeStageCodegen (1)", "description":"WholeStageCodegen (1)", "metadata":{}, "metrics":[{"metricName":"duration","value":161,"accId":7626}], "children":[{ "nodeName":"Project", "description":"Project [p_partkey#817L]", "metadata":{}, "metrics":[], "children":[{ "nodeName":"Filter", "description":"Filter ((((isnotnull(p_brand#820) AND isnotnull(p_container#823)) AND (p_brand#820 = Brand#23)) AND (p_container#823 = MED BOX)) AND isnotnull(p_partkey#817L))", "metadata":{}, "metrics":[{"metricName":"number of output rows","value":204,"accId":7627}], "children":[{ "nodeName":"ColumnarToRow", "description":"ColumnarToRow", "metadata":{}, "metrics":[{"metricName":"number of output rows","value":200000,"accId":7628},{"metricName":"number of input batches","value":60,"accId":7629}], "children":[{ "nodeName":"InputAdapter", "description":"InputAdapter", "metadata":{}, "metrics":[], "children":[{ "nodeName":"Scan parquet spark_catalog.tpch.part", "description":"FileScan parquet spark_catalog.tpch.part[p_partkey#817L,p_brand#820,p_container#823] Batched: true, Bucketed: true, DataFilters: [isnotnull(p_brand#820), isnotnull(p_container#823), (p_brand#820 = Brand#23), (p_container#823 =..., Format: Parquet, Location: InMemoryFileIndex(1 paths)[file:/data/spark-warehouse/tpch.db/part], PartitionFilters: [], PushedFilters: [IsNotNull(p_brand), IsNotNull(p_container), EqualTo(p_brand,Brand#23), EqualTo(p_container,MED B..., ReadSchema: struct<p_partkey:bigint,p_brand:string,p_container:string>, SelectedBucketsCount: 60 out of 60", "metadata":{"Location":"InMemoryFileIndex(1 paths)[file:/data/spark-warehouse/tpch.db/part]","ReadSchema":"struct<p_partkey:bigint,p_brand:string,p_container:string>","Format":"Parquet","SelectedBucketsCount":"60 out of 60","Batched":"true","PartitionFilters":"[]","PushedFilters":"[IsNotNull(p_brand), IsNotNull(p_container), EqualTo(p_brand,Brand#23), EqualTo(p_container,MED BOX), IsNotNull(p_partkey)]","DataFilters":"[isnotnull(p_brand#820), isnotnull(p_container#823), (p_brand#820 = Brand#23), (p_container#823 = MED BOX), isnotnull(p_partkey#817L)]","Bucketed":"true"}, "metrics":[{"metricName":"number of files read","value":60,"accId":7632},{"metricName":"scan time","value":135,"accId":7631},{"metricName":"metadata time","value":0,"accId":7633},{"metricName":"size of files read","value":15214963,"accId":7634},{"metricName":"number of output rows","value":200000,"accId":7630}], "children":[] }] }] }] }] }] }] }] }] }] }] }] }] }] }] }] },{ "nodeName":"InputAdapter", "description":"InputAdapter", "metadata":{}, "metrics":[], "children":[{ "nodeName":"WholeStageCodegen (5)", "description":"WholeStageCodegen (5)", "metadata":{}, "metrics":[{"metricName":"duration","value":0,"accId":7635}], "children":[{ "nodeName":"Sort", "description":"Sort [l_partkey#1414L ASC NULLS FIRST], false, 0", "metadata":{}, "metrics":[{"metricName":"sort time","value":0,"accId":7636},{"metricName":"peak memory","value":3899915360,"accId":7637},{"metricName":"spill size","value":0,"accId":7638}], "children":[{ "nodeName":"Filter", "description":"Filter isnotnull((0.2 * avg(l_quantity))#1412)", "metadata":{}, "metrics":[{"metricName":"number of output rows","value":193263,"accId":7639}], "children":[{ "nodeName":"HashAggregate", "description":"HashAggregate(keys=[l_partkey#1414L], functions=[avg(l_quantity#1417)])", "metadata":{}, "metrics":[{"metricName":"spill size","value":0,"accId":7642},{"metricName":"time in aggregation build","value":2684,"accId":7643},{"metricName":"peak memory","value":3907517536,"accId":7641},{"metricName":"number of output rows","value":193263,"accId":7640},{"metricName":"number of sort fallback tasks","value":0,"accId":7645},{"metricName":"avg hash probes per key","value":638,"accId":7644}], "children":[{ "nodeName":"InputAdapter", "description":"InputAdapter", "metadata":{}, "metrics":[], "children":[{ "nodeName":"Exchange", "description":"Exchange hashpartitioning(l_partkey#1414L, 60), ENSURE_REQUIREMENTS, [plan_id=4260]", "metadata":{}, "metrics":[{"metricName":"shuffle records written","value":4722885,"accId":7666},{"metricName":"local merged chunks fetched","value":0,"accId":7660},{"metricName":"shuffle write time","value":560965584,"accId":7667},{"metricName":"remote merged bytes read","value":0,"accId":7661},{"metricName":"local merged blocks fetched","value":0,"accId":7658},{"metricName":"corrupt merged block chunks","value":0,"accId":7655},{"metricName":"remote merged reqs duration","value":0,"accId":7664},{"metricName":"remote merged blocks fetched","value":0,"accId":7657},{"metricName":"records read","value":4635513,"accId":7654},{"metricName":"local bytes read","value":22175651,"accId":7652},{"metricName":"fetch wait time","value":699,"accId":7653},{"metricName":"remote bytes read","value":42271494,"accId":7650},{"metricName":"merged fetch fallback count","value":0,"accId":7656},{"metricName":"local blocks read","value":1236,"accId":7649},{"metricName":"remote merged chunks fetched","value":0,"accId":7659},{"metricName":"remote blocks read","value":2357,"accId":7648},{"metricName":"data size","value":226698480,"accId":7646},{"metricName":"local merged bytes read","value":0,"accId":7662},{"metricName":"number of partitions","value":60,"accId":7647},{"metricName":"remote reqs duration","value":7279,"accId":7663},{"metricName":"remote bytes read to disk","value":0,"accId":7651},{"metricName":"shuffle bytes written","value":64574074,"accId":7665}], "children":[{ "nodeName":"WholeStageCodegen (4)", "description":"WholeStageCodegen (4)", "metadata":{}, "metrics":[{"metricName":"duration","value":3467,"accId":7668}], "children":[{ "nodeName":"HashAggregate", "description":"HashAggregate(keys=[l_partkey#1414L], functions=[partial_avg(l_quantity#1417)])", "metadata":{}, "metrics":[{"metricName":"spill size","value":0,"accId":7671},{"metricName":"time in aggregation build","value":1911,"accId":7672},{"metricName":"peak memory","value":4278189120,"accId":7670},{"metricName":"number of output rows","value":4722885,"accId":7669},{"metricName":"number of sort fallback tasks","value":0,"accId":7674},{"metricName":"avg hash probes per key","value":900,"accId":7673}], "children":[{ "nodeName":"Filter", "description":"Filter isnotnull(l_partkey#1414L)", "metadata":{}, "metrics":[{"metricName":"number of output rows","value":6001215,"accId":7675}], "children":[{ "nodeName":"ColumnarToRow", "description":"ColumnarToRow", "metadata":{}, "metrics":[{"metricName":"number of output rows","value":6001215,"accId":7676},{"metricName":"number of input batches","value":1500,"accId":7677}], "children":[{ "nodeName":"InputAdapter", "description":"InputAdapter", "metadata":{}, "metrics":[], "children":[{ "nodeName":"Scan parquet spark_catalog.tpch.lineitem", "description":"FileScan parquet spark_catalog.tpch.lineitem[l_partkey#1414L,l_quantity#1417] Batched: true, Bucketed: false (bucket column(s) not read), DataFilters: [isnotnull(l_partkey#1414L)], Format: Parquet, Location: InMemoryFileIndex(1 paths)[file:/data/spark-warehouse/tpch.db/lineitem], PartitionFilters: [], PushedFilters: [IsNotNull(l_partkey)], ReadSchema: struct<l_partkey:bigint,l_quantity:decimal(15,2)>", "metadata":{"Location":"InMemoryFileIndex(1 paths)[file:/data/spark-warehouse/tpch.db/lineitem]","ReadSchema":"struct<l_partkey:bigint,l_quantity:decimal(15,2)>","Format":"Parquet","Batched":"true","PartitionFilters":"[]","PushedFilters":"[IsNotNull(l_partkey)]","DataFilters":"[isnotnull(l_partkey#1414L)]","Bucketed":"false (bucket column(s) not read)"}, "metrics":[{"metricName":"number of files read","value":60,"accId":7680},{"metricName":"scan time","value":125,"accId":7679},{"metricName":"metadata time","value":0,"accId":7681},{"metricName":"size of files read","value":365478469,"accId":7682},{"metricName":"number of output rows","value":6001215,"accId":7678}], "children":[] }] }] }] }] }] }] }] }] }] }] }] }] }] }] }] }] }] }] }] }] }},{"totalTime":2534,"stagePlan":{"stages":[{"id":150,"isQueryResult":false,"tasks":[{"id":47,"duration":4,"executor":1},{"id":13,"duration":5,"executor":0},{"id":38,"duration":6,"executor":0},{"id":11,"duration":5,"executor":1},{"id":29,"duration":5,"executor":1},{"id":41,"duration":4,"executor":1},{"id":24,"duration":4,"executor":1},{"id":28,"duration":4,"executor":0},{"id":48,"duration":5,"executor":0},{"id":23,"duration":5,"executor":1},{"id":56,"duration":4,"executor":2},{"id":20,"duration":4,"executor":2},{"id":14,"duration":5,"executor":2},{"id":26,"duration":4,"executor":2},{"id":2,"duration":14,"executor":0},{"id":16,"duration":4,"executor":0},{"id":46,"duration":5,"executor":0},{"id":49,"duration":5,"executor":1},{"id":3,"duration":17,"executor":1},{"id":53,"duration":5,"executor":0},{"id":35,"duration":6,"executor":1},{"id":8,"duration":4,"executor":2},{"id":25,"duration":5,"executor":2},{"id":27,"duration":4,"executor":0},{"id":1,"duration":15,"executor":2},{"id":37,"duration":10,"executor":2},{"id":0,"duration":17,"executor":1},{"id":12,"duration":4,"executor":0},{"id":44,"duration":5,"executor":2},{"id":17,"duration":6,"executor":1},{"id":32,"duration":9,"executor":2},{"id":36,"duration":5,"executor":1},{"id":43,"duration":5,"executor":1},{"id":54,"duration":5,"executor":0},{"id":30,"duration":5,"executor":1},{"id":10,"duration":6,"executor":1},{"id":40,"duration":5,"executor":2},{"id":6,"duration":6,"executor":0},{"id":42,"duration":5,"executor":0},{"id":39,"duration":6,"executor":1},{"id":59,"duration":5,"executor":0},{"id":50,"duration":5,"executor":1},{"id":5,"duration":13,"executor":0},{"id":4,"duration":15,"executor":2},{"id":51,"duration":5,"executor":2},{"id":45,"duration":4,"executor":2},{"id":31,"duration":4,"executor":2},{"id":33,"duration":8,"executor":0},{"id":19,"duration":5,"executor":0},{"id":58,"duration":5,"executor":2},{"id":55,"duration":6,"executor":1},{"id":57,"duration":4,"executor":1},{"id":21,"duration":5,"executor":2},{"id":9,"duration":5,"executor":2},{"id":18,"duration":6,"executor":1},{"id":15,"duration":4,"executor":2},{"id":22,"duration":4,"executor":0},{"id":34,"duration":8,"executor":0},{"id":52,"duration":5,"executor":2},{"id":7,"duration":5,"executor":0}],"rdds":[551,552,553,554],"parents":[],"accIds":[7937,7938,7939,7940,7941,7942,7994,7995,7996,7997,7998,7999,8000,8025,8026]},{"id":151,"isQueryResult":false,"tasks":[{"id":2,"duration":39,"executor":2},{"id":46,"duration":17,"executor":0},{"id":26,"duration":22,"executor":2},{"id":7,"duration":21,"executor":0},{"id":43,"duration":20,"executor":2},{"id":22,"duration":28,"executor":2},{"id":41,"duration":18,"executor":0},{"id":56,"duration":37,"executor":1},{"id":1,"duration":37,"executor":1},{"id":16,"duration":23,"executor":2},{"id":58,"duration":37,"executor":1},{"id":18,"duration":47,"executor":1},{"id":44,"duration":19,"executor":2},{"id":48,"duration":31,"executor":1},{"id":25,"duration":30,"executor":0},{"id":35,"duration":23,"executor":1},{"id":8,"duration":23,"executor":0},{"id":29,"duration":20,"executor":1},{"id":24,"duration":18,"executor":0},{"id":54,"duration":23,"executor":2},{"id":57,"duration":22,"executor":0},{"id":0,"duration":37,"executor":0},{"id":13,"duration":23,"executor":0},{"id":49,"duration":18,"executor":2},{"id":53,"duration":24,"executor":2},{"id":30,"duration":22,"executor":1},{"id":11,"duration":21,"executor":2},{"id":36,"duration":18,"executor":0},{"id":21,"duration":42,"executor":1},{"id":31,"duration":23,"executor":2},{"id":4,"duration":34,"executor":1},{"id":10,"duration":23,"executor":2},{"id":39,"duration":24,"executor":0},{"id":40,"duration":26,"executor":1},{"id":33,"duration":23,"executor":0},{"id":45,"duration":20,"executor":0},{"id":19,"duration":26,"executor":0},{"id":9,"duration":22,"executor":1},{"id":20,"duration":21,"executor":0},{"id":52,"duration":17,"executor":0},{"id":17,"duration":21,"executor":2},{"id":14,"duration":20,"executor":1},{"id":59,"duration":18,"executor":0},{"id":28,"duration":27,"executor":0},{"id":37,"duration":22,"executor":2},{"id":6,"duration":18,"executor":1},{"id":55,"duration":18,"executor":0},{"id":38,"duration":22,"executor":2},{"id":27,"duration":21,"executor":2},{"id":3,"duration":35,"executor":0},{"id":34,"duration":19,"executor":1},{"id":32,"duration":22,"executor":2},{"id":23,"duration":29,"executor":2},{"id":12,"duration":21,"executor":1},{"id":15,"duration":18,"executor":0},{"id":42,"duration":26,"executor":1},{"id":51,"duration":16,"executor":0},{"id":5,"duration":37,"executor":2},{"id":50,"duration":18,"executor":2},{"id":47,"duration":34,"executor":1}],"rdds":[555,556,557,558],"parents":[],"accIds":[7900,7919,7920,7921,7922,7923,7924,7925,7926,7927,7928,8029,8030,8031,8032,8033,8034,8038,8057,8058,8059,8060,8061]},{"id":152,"isQueryResult":false,"tasks":[{"id":27,"duration":80,"executor":1},{"id":38,"duration":66,"executor":0},{"id":42,"duration":70,"executor":1},{"id":49,"duration":79,"executor":1},{"id":2,"duration":97,"executor":0},{"id":56,"duration":70,"executor":1},{"id":12,"duration":61,"executor":0},{"id":10,"duration":73,"executor":2},{"id":21,"duration":65,"executor":1},{"id":4,"duration":123,"executor":1},{"id":34,"duration":86,"executor":1},{"id":30,"duration":79,"executor":2},{"id":29,"duration":82,"executor":1},{"id":23,"duration":68,"executor":1},{"id":15,"duration":65,"executor":1},{"id":11,"duration":76,"executor":2},{"id":17,"duration":72,"executor":1},{"id":57,"duration":63,"executor":0},{"id":46,"duration":63,"executor":2},{"id":45,"duration":63,"executor":0},{"id":7,"duration":63,"executor":0},{"id":50,"duration":62,"executor":0},{"id":43,"duration":70,"executor":1},{"id":52,"duration":71,"executor":2},{"id":35,"duration":66,"executor":2},{"id":13,"duration":65,"executor":0},{"id":48,"duration":66,"executor":1},{"id":9,"duration":84,"executor":1},{"id":22,"duration":64,"executor":0},{"id":16,"duration":78,"executor":2},{"id":41,"duration":64,"executor":2},{"id":25,"duration":62,"executor":2},{"id":0,"duration":150,"executor":2},{"id":58,"duration":64,"executor":2},{"id":59,"duration":62,"executor":2},{"id":36,"duration":64,"executor":2},{"id":37,"duration":89,"executor":1},{"id":40,"duration":65,"executor":2},{"id":20,"duration":65,"executor":0},{"id":18,"duration":82,"executor":2},{"id":55,"duration":64,"executor":0},{"id":47,"duration":70,"executor":2},{"id":31,"duration":68,"executor":2},{"id":44,"duration":64,"executor":0},{"id":19,"duration":67,"executor":0},{"id":28,"duration":67,"executor":0},{"id":33,"duration":67,"executor":0},{"id":3,"duration":77,"executor":0},{"id":1,"duration":152,"executor":2},{"id":8,"duration":80,"executor":1},{"id":5,"duration":119,"executor":1},{"id":39,"duration":64,"executor":0},{"id":32,"duration":67,"executor":0},{"id":54,"duration":76,"executor":1},{"id":26,"duration":63,"executor":0},{"id":53,"duration":70,"executor":2},{"id":51,"duration":65,"executor":0},{"id":24,"duration":66,"executor":2},{"id":6,"duration":64,"executor":0},{"id":14,"duration":69,"executor":0}],"rdds":[561,562,563,564],"parents":[],"accIds":[7957,7976,7977,7978,7979,7980,7981,7983,7984,7986,7987,7988,7989,7990,8064,8065,8066,8067,8068,8069,8073,8092,8093,8094,8095,8096]},{"id":153,"isQueryResult":false,"tasks":[{"id":44,"duration":241,"executor":2},{"id":20,"duration":191,"executor":0},{"id":9,"duration":178,"executor":2},{"id":54,"duration":115,"executor":1},{"id":32,"duration":114,"executor":1},{"id":47,"duration":225,"executor":2},{"id":30,"duration":98,"executor":1},{"id":36,"duration":173,"executor":0},{"id":25,"duration":113,"executor":1},{"id":49,"duration":156,"executor":0},{"id":23,"duration":202,"executor":2},{"id":7,"duration":68,"executor":0},{"id":26,"duration":193,"executor":2},{"id":39,"duration":195,"executor":2},{"id":45,"duration":165,"executor":0},{"id":22,"duration":106,"executor":1},{"id":35,"duration":213,"executor":2},{"id":14,"duration":114,"executor":1},{"id":0,"duration":84,"executor":1},{"id":33,"duration":154,"executor":0},{"id":12,"duration":108,"executor":0},{"id":43,"duration":115,"executor":1},{"id":19,"duration":116,"executor":1},{"id":16,"duration":160,"executor":0},{"id":57,"duration":113,"executor":1},{"id":31,"duration":169,"executor":2},{"id":13,"duration":149,"executor":0},{"id":40,"duration":138,"executor":0},{"id":34,"duration":113,"executor":1},{"id":55,"duration":132,"executor":0},{"id":4,"duration":53,"executor":2},{"id":2,"duration":49,"executor":0},{"id":11,"duration":133,"executor":1},{"id":42,"duration":135,"executor":0},{"id":3,"duration":65,"executor":1},{"id":29,"duration":136,"executor":0},{"id":18,"duration":218,"executor":2},{"id":27,"duration":129,"executor":0},{"id":1,"duration":57,"executor":2},{"id":41,"duration":114,"executor":1},{"id":46,"duration":95,"executor":1},{"id":58,"duration":125,"executor":0},{"id":10,"duration":95,"executor":1},{"id":17,"duration":31,"executor":1},{"id":8,"duration":153,"executor":2},{"id":24,"duration":147,"executor":0},{"id":28,"duration":110,"executor":1},{"id":50,"duration":109,"executor":1},{"id":56,"duration":62,"executor":2},{"id":48,"duration":100,"executor":1},{"id":21,"duration":136,"executor":1},{"id":37,"duration":97,"executor":1},{"id":52,"duration":105,"executor":1},{"id":59,"duration":117,"executor":2},{"id":6,"duration":61,"executor":0},{"id":5,"duration":39,"executor":0},{"id":51,"duration":141,"executor":0},{"id":15,"duration":160,"executor":2},{"id":38,"duration":103,"executor":1},{"id":53,"duration":166,"executor":2}],"rdds":[559,560,565,566,567,568,569],"parents":[151,152],"accIds":[7865,7884,7885,7886,7887,7888,7891,7894,7895,7896,7897,7898,7899,7902,7903,7904,7906,7907,7908,7917,7947,7948,7949,7950,7951,7952,7954,7955,7959,7960,7961,7963,7964,7965,7974,8099,8100,8101,8102,8103,8104,8108,8110,8111,8112,8113,8114,8115,8116,8117,8118,8119,8120,8121,8122,8123,8124,8125,8126,8127,8128,8129]},{"id":154,"isQueryResult":true,"tasks":[{"id":0,"duration":11,"executor":2}],"rdds":[570,571,572],"parents":[153],"accIds":[7858,7859,7862,7867,7868,7869,7871,7872,7873,7882,8134,8135,8136,8137,8138,8145,8146,8147,8148,8149,8150,8151,8152,8153,8154,8155,8156,8157,8158,8159,8160,8161]}]},"sqlPlan":{ "nodeName":"WholeStageCodegen (7)", "description":"WholeStageCodegen (7)", "metadata":{}, "metrics":[{"metricName":"duration","value":2,"accId":7858}], "children":[{ "nodeName":"HashAggregate", "description":"HashAggregate(keys=[], functions=[sum(l_extendedprice#14)])", "metadata":{}, "metrics":[{"metricName":"spill size","value":0,"accId":7861},{"metricName":"time in aggregation build","value":2,"accId":7862},{"metricName":"peak memory","value":0,"accId":7860},{"metricName":"number of output rows","value":1,"accId":7859},{"metricName":"number of sort fallback tasks","value":0,"accId":7864},{"metricName":"avg hash probes per key","value":0,"accId":7863}], "children":[{ "nodeName":"InputAdapter", "description":"InputAdapter", "metadata":{}, "metrics":[], "children":[{ "nodeName":"Exchange", "description":"Exchange SinglePartition, ENSURE_REQUIREMENTS, [plan_id=4468]", "metadata":{}, "metrics":[{"metricName":"shuffle records written","value":60,"accId":7885},{"metricName":"local merged chunks fetched","value":0,"accId":7879},{"metricName":"shuffle write time","value":17534979,"accId":7886},{"metricName":"remote merged bytes read","value":0,"accId":7880},{"metricName":"local merged blocks fetched","value":0,"accId":7877},{"metricName":"corrupt merged block chunks","value":0,"accId":7874},{"metricName":"remote merged reqs duration","value":0,"accId":7883},{"metricName":"remote merged blocks fetched","value":0,"accId":7876},{"metricName":"records read","value":60,"accId":7873},{"metricName":"local bytes read","value":1212,"accId":7871},{"metricName":"fetch wait time","value":0,"accId":7872},{"metricName":"remote bytes read","value":3367,"accId":7869},{"metricName":"merged fetch fallback count","value":0,"accId":7875},{"metricName":"local blocks read","value":16,"accId":7868},{"metricName":"remote merged chunks fetched","value":0,"accId":7878},{"metricName":"remote blocks read","value":44,"accId":7867},{"metricName":"data size","value":2400,"accId":7865},{"metricName":"local merged bytes read","value":0,"accId":7881},{"metricName":"number of partitions","value":1,"accId":7866},{"metricName":"remote reqs duration","value":5,"accId":7882},{"metricName":"remote bytes read to disk","value":0,"accId":7870},{"metricName":"shuffle bytes written","value":4579,"accId":7884}], "children":[{ "nodeName":"WholeStageCodegen (6)", "description":"WholeStageCodegen (6)", "metadata":{}, "metrics":[{"metricName":"duration","value":5661,"accId":7887}], "children":[{ "nodeName":"HashAggregate", "description":"HashAggregate(keys=[], functions=[partial_sum(l_extendedprice#14)])", "metadata":{}, "metrics":[{"metricName":"spill size","value":0,"accId":7890},{"metricName":"time in aggregation build","value":5653,"accId":7891},{"metricName":"peak memory","value":0,"accId":7889},{"metricName":"number of output rows","value":60,"accId":7888},{"metricName":"number of sort fallback tasks","value":0,"accId":7893},{"metricName":"avg hash probes per key","value":0,"accId":7892}], "children":[{ "nodeName":"Project", "description":"Project [l_extendedprice#14]", "metadata":{}, "metrics":[], "children":[{ "nodeName":"SortMergeJoin", "description":"SortMergeJoin [p_partkey#817L], [l_partkey#1454L], Inner, (cast(l_quantity#13 as decimal(21,7)) < (0.2 * avg(l_quantity))#1452)", "metadata":{}, "metrics":[{"metricName":"number of output rows","value":587,"accId":7894},{"metricName":"spill size","value":0,"accId":7895}], "children":[{ "nodeName":"InputAdapter", "description":"InputAdapter", "metadata":{}, "metrics":[], "children":[{ "nodeName":"WholeStageCodegen (3)", "description":"WholeStageCodegen (3)", "metadata":{}, "metrics":[{"metricName":"duration","value":5770,"accId":7896}], "children":[{ "nodeName":"Sort", "description":"Sort [p_partkey#817L ASC NULLS FIRST], false, 0", "metadata":{}, "metrics":[{"metricName":"sort time","value":0,"accId":7897},{"metricName":"peak memory","value":3896245344,"accId":7898},{"metricName":"spill size","value":0,"accId":7899}], "children":[{ "nodeName":"InputAdapter", "description":"InputAdapter", "metadata":{}, "metrics":[], "children":[{ "nodeName":"Exchange", "description":"Exchange hashpartitioning(p_partkey#817L, 60), ENSURE_REQUIREMENTS, [plan_id=4447]", "metadata":{}, "metrics":[{"metricName":"shuffle records written","value":6088,"accId":7920},{"metricName":"local merged chunks fetched","value":0,"accId":7914},{"metricName":"shuffle write time","value":451790938,"accId":7921},{"metricName":"remote merged bytes read","value":0,"accId":7915},{"metricName":"local merged blocks fetched","value":0,"accId":7912},{"metricName":"corrupt merged block chunks","value":0,"accId":7909},{"metricName":"remote merged reqs duration","value":0,"accId":7918},{"metricName":"remote merged blocks fetched","value":0,"accId":7911},{"metricName":"records read","value":6088,"accId":7908},{"metricName":"local bytes read","value":84518,"accId":7906},{"metricName":"fetch wait time","value":2717,"accId":7907},{"metricName":"remote bytes read","value":171606,"accId":7904},{"metricName":"merged fetch fallback count","value":0,"accId":7910},{"metricName":"local blocks read","value":875,"accId":7903},{"metricName":"remote merged chunks fetched","value":0,"accId":7913},{"metricName":"remote blocks read","value":1783,"accId":7902},{"metricName":"data size","value":194816,"accId":7900},{"metricName":"local merged bytes read","value":0,"accId":7916},{"metricName":"number of partitions","value":60,"accId":7901},{"metricName":"remote reqs duration","value":4174,"accId":7917},{"metricName":"remote bytes read to disk","value":0,"accId":7905},{"metricName":"shuffle bytes written","value":256124,"accId":7919}], "children":[{ "nodeName":"WholeStageCodegen (2)", "description":"WholeStageCodegen (2)", "metadata":{}, "metrics":[{"metricName":"duration","value":810,"accId":7922}], "children":[{ "nodeName":"Project", "description":"Project [l_quantity#13, l_extendedprice#14, p_partkey#817L]", "metadata":{}, "metrics":[], "children":[{ "nodeName":"BroadcastHashJoin", "description":"BroadcastHashJoin [l_partkey#10L], [p_partkey#817L], Inner, BuildRight, false", "metadata":{}, "metrics":[{"metricName":"number of output rows","value":6088,"accId":7923}], "children":[{ "nodeName":"Filter", "description":"Filter (isnotnull(l_partkey#10L) AND isnotnull(l_quantity#13))", "metadata":{}, "metrics":[{"metricName":"number of output rows","value":6001215,"accId":7924}], "children":[{ "nodeName":"ColumnarToRow", "description":"ColumnarToRow", "metadata":{}, "metrics":[{"metricName":"number of output rows","value":6001215,"accId":7925},{"metricName":"number of input batches","value":1500,"accId":7926}], "children":[{ "nodeName":"InputAdapter", "description":"InputAdapter", "metadata":{}, "metrics":[], "children":[{ "nodeName":"Scan parquet spark_catalog.tpch.lineitem", "description":"FileScan parquet spark_catalog.tpch.lineitem[l_partkey#10L,l_quantity#13,l_extendedprice#14] Batched: true, Bucketed: false (bucket column(s) not read), DataFilters: [isnotnull(l_partkey#10L), isnotnull(l_quantity#13)], Format: Parquet, Location: InMemoryFileIndex(1 paths)[file:/data/spark-warehouse/tpch.db/lineitem], PartitionFilters: [], PushedFilters: [IsNotNull(l_partkey), IsNotNull(l_quantity)], ReadSchema: struct<l_partkey:bigint,l_quantity:decimal(15,2),l_extendedprice:decimal(15,2)>", "metadata":{"Location":"InMemoryFileIndex(1 paths)[file:/data/spark-warehouse/tpch.db/lineitem]","ReadSchema":"struct<l_partkey:bigint,l_quantity:decimal(15,2),l_extendedprice:decimal(15,2)>","Format":"Parquet","Batched":"true","PartitionFilters":"[]","PushedFilters":"[IsNotNull(l_partkey), IsNotNull(l_quantity)]","DataFilters":"[isnotnull(l_partkey#10L), isnotnull(l_quantity#13)]","Bucketed":"false (bucket column(s) not read)"}, "metrics":[{"metricName":"number of files read","value":60,"accId":7929},{"metricName":"scan time","value":217,"accId":7928},{"metricName":"metadata time","value":0,"accId":7930},{"metricName":"size of files read","value":365478469,"accId":7931},{"metricName":"number of output rows","value":6001215,"accId":7927}], "children":[] }] }] }] },{ "nodeName":"InputAdapter", "description":"InputAdapter", "metadata":{}, "metrics":[], "children":[{ "nodeName":"BroadcastExchange", "description":"BroadcastExchange HashedRelationBroadcastMode(List(input[0, bigint, true]),false), [plan_id=4442]", "metadata":{}, "metrics":[{"metricName":"time to broadcast","value":0,"accId":7936},{"metricName":"time to build","value":1,"accId":7935},{"metricName":"time to collect","value":80,"accId":7934},{"metricName":"number of output rows","value":204,"accId":7933},{"metricName":"data size","value":1056768,"accId":7932}], "children":[{ "nodeName":"WholeStageCodegen (1)", "description":"WholeStageCodegen (1)", "metadata":{}, "metrics":[{"metricName":"duration","value":151,"accId":7937}], "children":[{ "nodeName":"Project", "description":"Project [p_partkey#817L]", "metadata":{}, "metrics":[], "children":[{ "nodeName":"Filter", "description":"Filter ((((isnotnull(p_brand#820) AND isnotnull(p_container#823)) AND (p_brand#820 = Brand#23)) AND (p_container#823 = MED BOX)) AND isnotnull(p_partkey#817L))", "metadata":{}, "metrics":[{"metricName":"number of output rows","value":204,"accId":7938}], "children":[{ "nodeName":"ColumnarToRow", "description":"ColumnarToRow", "metadata":{}, "metrics":[{"metricName":"number of output rows","value":200000,"accId":7939},{"metricName":"number of input batches","value":60,"accId":7940}], "children":[{ "nodeName":"InputAdapter", "description":"InputAdapter", "metadata":{}, "metrics":[], "children":[{ "nodeName":"Scan parquet spark_catalog.tpch.part", "description":"FileScan parquet spark_catalog.tpch.part[p_partkey#817L,p_brand#820,p_container#823] Batched: true, Bucketed: true, DataFilters: [isnotnull(p_brand#820), isnotnull(p_container#823), (p_brand#820 = Brand#23), (p_container#823 =..., Format: Parquet, Location: InMemoryFileIndex(1 paths)[file:/data/spark-warehouse/tpch.db/part], PartitionFilters: [], PushedFilters: [IsNotNull(p_brand), IsNotNull(p_container), EqualTo(p_brand,Brand#23), EqualTo(p_container,MED B..., ReadSchema: struct<p_partkey:bigint,p_brand:string,p_container:string>, SelectedBucketsCount: 60 out of 60", "metadata":{"Location":"InMemoryFileIndex(1 paths)[file:/data/spark-warehouse/tpch.db/part]","ReadSchema":"struct<p_partkey:bigint,p_brand:string,p_container:string>","Format":"Parquet","SelectedBucketsCount":"60 out of 60","Batched":"true","PartitionFilters":"[]","PushedFilters":"[IsNotNull(p_brand), IsNotNull(p_container), EqualTo(p_brand,Brand#23), EqualTo(p_container,MED BOX), IsNotNull(p_partkey)]","DataFilters":"[isnotnull(p_brand#820), isnotnull(p_container#823), (p_brand#820 = Brand#23), (p_container#823 = MED BOX), isnotnull(p_partkey#817L)]","Bucketed":"true"}, "metrics":[{"metricName":"number of files read","value":60,"accId":7943},{"metricName":"scan time","value":131,"accId":7942},{"metricName":"metadata time","value":0,"accId":7944},{"metricName":"size of files read","value":15214963,"accId":7945},{"metricName":"number of output rows","value":200000,"accId":7941}], "children":[] }] }] }] }] }] }] }] }] }] }] }] }] }] }] }] },{ "nodeName":"InputAdapter", "description":"InputAdapter", "metadata":{}, "metrics":[], "children":[{ "nodeName":"WholeStageCodegen (5)", "description":"WholeStageCodegen (5)", "metadata":{}, "metrics":[{"metricName":"duration","value":0,"accId":7946}], "children":[{ "nodeName":"Sort", "description":"Sort [l_partkey#1454L ASC NULLS FIRST], false, 0", "metadata":{}, "metrics":[{"metricName":"sort time","value":0,"accId":7947},{"metricName":"peak memory","value":3899915360,"accId":7948},{"metricName":"spill size","value":0,"accId":7949}], "children":[{ "nodeName":"Filter", "description":"Filter isnotnull((0.2 * avg(l_quantity))#1452)", "metadata":{}, "metrics":[{"metricName":"number of output rows","value":193263,"accId":7950}], "children":[{ "nodeName":"HashAggregate", "description":"HashAggregate(keys=[l_partkey#1454L], functions=[avg(l_quantity#1457)])", "metadata":{}, "metrics":[{"metricName":"spill size","value":0,"accId":7953},{"metricName":"time in aggregation build","value":2553,"accId":7954},{"metricName":"peak memory","value":3907517536,"accId":7952},{"metricName":"number of output rows","value":193263,"accId":7951},{"metricName":"number of sort fallback tasks","value":0,"accId":7956},{"metricName":"avg hash probes per key","value":638,"accId":7955}], "children":[{ "nodeName":"InputAdapter", "description":"InputAdapter", "metadata":{}, "metrics":[], "children":[{ "nodeName":"Exchange", "description":"Exchange hashpartitioning(l_partkey#1454L, 60), ENSURE_REQUIREMENTS, [plan_id=4457]", "metadata":{}, "metrics":[{"metricName":"shuffle records written","value":4738812,"accId":7977},{"metricName":"local merged chunks fetched","value":0,"accId":7971},{"metricName":"shuffle write time","value":544889086,"accId":7978},{"metricName":"remote merged bytes read","value":0,"accId":7972},{"metricName":"local merged blocks fetched","value":0,"accId":7969},{"metricName":"corrupt merged block chunks","value":0,"accId":7966},{"metricName":"remote merged reqs duration","value":0,"accId":7975},{"metricName":"remote merged blocks fetched","value":0,"accId":7968},{"metricName":"records read","value":4563633,"accId":7965},{"metricName":"local bytes read","value":21393428,"accId":7963},{"metricName":"fetch wait time","value":368,"accId":7964},{"metricName":"remote bytes read","value":41749288,"accId":7961},{"metricName":"merged fetch fallback count","value":0,"accId":7967},{"metricName":"local blocks read","value":1192,"accId":7960},{"metricName":"remote merged chunks fetched","value":0,"accId":7970},{"metricName":"remote blocks read","value":2329,"accId":7959},{"metricName":"data size","value":227462880,"accId":7957},{"metricName":"local merged bytes read","value":0,"accId":7973},{"metricName":"number of partitions","value":60,"accId":7958},{"metricName":"remote reqs duration","value":7581,"accId":7974},{"metricName":"remote bytes read to disk","value":0,"accId":7962},{"metricName":"shuffle bytes written","value":64574074,"accId":7976}], "children":[{ "nodeName":"WholeStageCodegen (4)", "description":"WholeStageCodegen (4)", "metadata":{}, "metrics":[{"metricName":"duration","value":3518,"accId":7979}], "children":[{ "nodeName":"HashAggregate", "description":"HashAggregate(keys=[l_partkey#1454L], functions=[partial_avg(l_quantity#1457)])", "metadata":{}, "metrics":[{"metricName":"spill size","value":0,"accId":7982},{"metricName":"time in aggregation build","value":2113,"accId":7983},{"metricName":"peak memory","value":4349492272,"accId":7981},{"metricName":"number of output rows","value":4738793,"accId":7980},{"metricName":"number of sort fallback tasks","value":0,"accId":7985},{"metricName":"avg hash probes per key","value":915,"accId":7984}], "children":[{ "nodeName":"Filter", "description":"Filter isnotnull(l_partkey#1454L)", "metadata":{}, "metrics":[{"metricName":"number of output rows","value":6181123,"accId":7986}], "children":[{ "nodeName":"ColumnarToRow", "description":"ColumnarToRow", "metadata":{}, "metrics":[{"metricName":"number of output rows","value":6183629,"accId":7987},{"metricName":"number of input batches","value":1545,"accId":7988}], "children":[{ "nodeName":"InputAdapter", "description":"InputAdapter", "metadata":{}, "metrics":[], "children":[{ "nodeName":"Scan parquet spark_catalog.tpch.lineitem", "description":"FileScan parquet spark_catalog.tpch.lineitem[l_partkey#1454L,l_quantity#1457] Batched: true, Bucketed: false (bucket column(s) not read), DataFilters: [isnotnull(l_partkey#1454L)], Format: Parquet, Location: InMemoryFileIndex(1 paths)[file:/data/spark-warehouse/tpch.db/lineitem], PartitionFilters: [], PushedFilters: [IsNotNull(l_partkey)], ReadSchema: struct<l_partkey:bigint,l_quantity:decimal(15,2)>", "metadata":{"Location":"InMemoryFileIndex(1 paths)[file:/data/spark-warehouse/tpch.db/lineitem]","ReadSchema":"struct<l_partkey:bigint,l_quantity:decimal(15,2)>","Format":"Parquet","Batched":"true","PartitionFilters":"[]","PushedFilters":"[IsNotNull(l_partkey)]","DataFilters":"[isnotnull(l_partkey#1454L)]","Bucketed":"false (bucket column(s) not read)"}, "metrics":[{"metricName":"number of files read","value":60,"accId":7991},{"metricName":"scan time","value":113,"accId":7990},{"metricName":"metadata time","value":0,"accId":7992},{"metricName":"size of files read","value":365478469,"accId":7993},{"metricName":"number of output rows","value":6183629,"accId":7989}], "children":[] }] }] }] }] }] }] }] }] }] }] }] }] }] }] }] }] }] }] }] }] }},{"totalTime":2433,"stagePlan":{"stages":[{"id":155,"isQueryResult":false,"tasks":[{"id":9,"duration":4,"executor":0},{"id":19,"duration":6,"executor":2},{"id":28,"duration":5,"executor":0},{"id":24,"duration":6,"executor":2},{"id":47,"duration":5,"executor":2},{"id":2,"duration":11,"executor":0},{"id":42,"duration":5,"executor":2},{"id":30,"duration":9,"executor":0},{"id":37,"duration":5,"executor":2},{"id":15,"duration":5,"executor":0},{"id":33,"duration":6,"executor":1},{"id":3,"duration":16,"executor":1},{"id":49,"duration":5,"executor":0},{"id":8,"duration":4,"executor":0},{"id":46,"duration":5,"executor":1},{"id":1,"duration":16,"executor":2},{"id":35,"duration":5,"executor":1},{"id":22,"duration":5,"executor":1},{"id":40,"duration":5,"executor":1},{"id":32,"duration":5,"executor":2},{"id":13,"duration":6,"executor":1},{"id":0,"duration":17,"executor":1},{"id":5,"duration":11,"executor":0},{"id":12,"duration":5,"executor":2},{"id":25,"duration":6,"executor":2},{"id":54,"duration":6,"executor":2},{"id":34,"duration":9,"executor":0},{"id":48,"duration":5,"executor":2},{"id":55,"duration":5,"executor":0},{"id":6,"duration":5,"executor":0},{"id":57,"duration":5,"executor":0},{"id":58,"duration":5,"executor":1},{"id":56,"duration":6,"executor":1},{"id":16,"duration":7,"executor":2},{"id":14,"duration":4,"executor":0},{"id":52,"duration":5,"executor":1},{"id":4,"duration":16,"executor":2},{"id":7,"duration":4,"executor":0},{"id":45,"duration":5,"executor":0},{"id":10,"duration":6,"executor":2},{"id":18,"duration":5,"executor":1},{"id":26,"duration":4,"executor":0},{"id":44,"duration":6,"executor":1},{"id":59,"duration":5,"executor":2},{"id":50,"duration":6,"executor":1},{"id":51,"duration":5,"executor":0},{"id":31,"duration":5,"executor":2},{"id":53,"duration":5,"executor":2},{"id":29,"duration":5,"executor":1},{"id":39,"duration":5,"executor":0},{"id":41,"duration":5,"executor":2},{"id":43,"duration":5,"executor":0},{"id":17,"duration":6,"executor":1},{"id":11,"duration":6,"executor":1},{"id":21,"duration":4,"executor":0},{"id":38,"duration":6,"executor":1},{"id":20,"duration":4,"executor":0},{"id":27,"duration":7,"executor":1},{"id":23,"duration":5,"executor":0},{"id":36,"duration":5,"executor":2}],"rdds":[573,574,575,576],"parents":[],"accIds":[8248,8249,8250,8251,8252,8253,8305,8306,8307,8308,8309,8310,8336,8337]},{"id":156,"isQueryResult":false,"tasks":[{"id":0,"duration":92,"executor":1},{"id":40,"duration":66,"executor":0},{"id":12,"duration":71,"executor":0},{"id":1,"duration":93,"executor":2},{"id":7,"duration":68,"executor":0},{"id":57,"duration":75,"executor":1},{"id":54,"duration":64,"executor":2},{"id":24,"duration":66,"executor":2},{"id":52,"duration":66,"executor":0},{"id":53,"duration":66,"executor":0},{"id":28,"duration":71,"executor":0},{"id":55,"duration":64,"executor":2},{"id":16,"duration":66,"executor":0},{"id":29,"duration":70,"executor":0},{"id":41,"duration":65,"executor":0},{"id":9,"duration":136,"executor":2},{"id":42,"duration":67,"executor":2},{"id":31,"duration":64,"executor":2},{"id":33,"duration":70,"executor":1},{"id":36,"duration":69,"executor":2},{"id":59,"duration":63,"executor":0},{"id":39,"duration":70,"executor":1},{"id":6,"duration":68,"executor":0},{"id":23,"duration":67,"executor":0},{"id":47,"duration":65,"executor":0},{"id":13,"duration":72,"executor":0},{"id":56,"duration":78,"executor":1},{"id":45,"duration":73,"executor":1},{"id":50,"duration":88,"executor":1},{"id":4,"duration":93,"executor":2},{"id":32,"duration":71,"executor":1},{"id":5,"duration":87,"executor":0},{"id":44,"duration":71,"executor":1},{"id":43,"duration":64,"executor":2},{"id":20,"duration":65,"executor":1},{"id":15,"duration":66,"executor":1},{"id":8,"duration":90,"executor":1},{"id":14,"duration":68,"executor":1},{"id":26,"duration":66,"executor":1},{"id":46,"duration":65,"executor":0},{"id":11,"duration":84,"executor":1},{"id":30,"duration":67,"executor":2},{"id":58,"duration":62,"executor":0},{"id":49,"duration":63,"executor":2},{"id":48,"duration":64,"executor":2},{"id":21,"duration":64,"executor":1},{"id":34,"duration":67,"executor":0},{"id":37,"duration":69,"executor":2},{"id":3,"duration":93,"executor":1},{"id":35,"duration":66,"executor":0},{"id":2,"duration":89,"executor":0},{"id":22,"duration":65,"executor":0},{"id":17,"duration":72,"executor":2},{"id":10,"duration":136,"executor":2},{"id":19,"duration":66,"executor":0},{"id":18,"duration":71,"executor":2},{"id":27,"duration":65,"executor":1},{"id":38,"duration":72,"executor":1},{"id":51,"duration":90,"executor":1},{"id":25,"duration":68,"executor":2}],"rdds":[583,584,585,586],"parents":[],"accIds":[8268,8287,8288,8289,8290,8291,8292,8294,8295,8297,8298,8299,8300,8301,8340,8341,8342,8343,8344,8345,8349,8368,8369,8370,8371,8372]},{"id":157,"isQueryResult":false,"tasks":[{"id":14,"duration":17,"executor":2},{"id":57,"duration":15,"executor":0},{"id":19,"duration":17,"executor":1},{"id":48,"duration":58,"executor":2},{"id":24,"duration":23,"executor":1},{"id":32,"duration":16,"executor":2},{"id":2,"duration":16,"executor":2},{"id":30,"duration":18,"executor":0},{"id":51,"duration":16,"executor":1},{"id":46,"duration":17,"executor":1},{"id":7,"duration":25,"executor":1},{"id":58,"duration":14,"executor":0},{"id":12,"duration":16,"executor":1},{"id":16,"duration":17,"executor":0},{"id":59,"duration":13,"executor":0},{"id":43,"duration":17,"executor":2},{"id":50,"duration":15,"executor":0},{"id":52,"duration":15,"executor":1},{"id":23,"duration":24,"executor":1},{"id":49,"duration":14,"executor":0},{"id":0,"duration":58,"executor":2},{"id":34,"duration":17,"executor":1},{"id":4,"duration":23,"executor":0},{"id":56,"duration":27,"executor":1},{"id":22,"duration":16,"executor":0},{"id":9,"duration":19,"executor":2},{"id":44,"duration":25,"executor":0},{"id":18,"duration":16,"executor":1},{"id":10,"duration":16,"executor":0},{"id":25,"duration":15,"executor":0},{"id":29,"duration":17,"executor":1},{"id":6,"duration":21,"executor":0},{"id":3,"duration":18,"executor":2},{"id":31,"duration":20,"executor":0},{"id":37,"duration":16,"executor":2},{"id":13,"duration":16,"executor":1},{"id":20,"duration":42,"executor":2},{"id":26,"duration":15,"executor":0},{"id":36,"duration":16,"executor":0},{"id":53,"duration":15,"executor":0},{"id":55,"duration":28,"executor":1},{"id":33,"duration":19,"executor":2},{"id":45,"duration":16,"executor":1},{"id":41,"duration":16,"executor":1},{"id":5,"duration":27,"executor":1},{"id":8,"duration":16,"executor":2},{"id":17,"duration":16,"executor":0},{"id":47,"duration":53,"executor":2},{"id":54,"duration":14,"executor":0},{"id":21,"duration":14,"executor":0},{"id":28,"duration":17,"executor":1},{"id":39,"duration":17,"executor":1},{"id":27,"duration":19,"executor":2},{"id":42,"duration":25,"executor":0},{"id":35,"duration":17,"executor":1},{"id":1,"duration":58,"executor":2},{"id":11,"duration":16,"executor":0},{"id":40,"duration":19,"executor":2},{"id":15,"duration":44,"executor":2},{"id":38,"duration":16,"executor":0}],"rdds":[577,578,579,580],"parents":[],"accIds":[8211,8230,8231,8232,8233,8234,8235,8236,8237,8238,8239,8375,8376,8377,8378,8379,8380,8384,8403,8404,8405,8406,8407]},{"id":158,"isQueryResult":false,"tasks":[{"id":49,"duration":126,"executor":2},{"id":31,"duration":109,"executor":0},{"id":26,"duration":125,"executor":0},{"id":23,"duration":123,"executor":0},{"id":11,"duration":108,"executor":2},{"id":48,"duration":165,"executor":1},{"id":4,"duration":37,"executor":0},{"id":19,"duration":122,"executor":0},{"id":3,"duration":56,"executor":1},{"id":34,"duration":158,"executor":1},{"id":7,"duration":73,"executor":0},{"id":56,"duration":59,"executor":1},{"id":35,"duration":155,"executor":2},{"id":43,"duration":125,"executor":0},{"id":32,"duration":141,"executor":2},{"id":20,"duration":177,"executor":1},{"id":14,"duration":107,"executor":0},{"id":57,"duration":126,"executor":2},{"id":24,"duration":166,"executor":1},{"id":29,"duration":110,"executor":0},{"id":41,"duration":126,"executor":0},{"id":53,"duration":169,"executor":1},{"id":45,"duration":118,"executor":2},{"id":1,"duration":47,"executor":0},{"id":12,"duration":147,"executor":2},{"id":16,"duration":153,"executor":2},{"id":17,"duration":8,"executor":0},{"id":33,"duration":130,"executor":0},{"id":30,"duration":169,"executor":1},{"id":37,"duration":133,"executor":2},{"id":39,"duration":105,"executor":0},{"id":55,"duration":124,"executor":0},{"id":46,"duration":125,"executor":2},{"id":2,"duration":87,"executor":2},{"id":47,"duration":126,"executor":0},{"id":6,"duration":48,"executor":0},{"id":21,"duration":149,"executor":0},{"id":25,"duration":143,"executor":2},{"id":0,"duration":80,"executor":1},{"id":40,"duration":165,"executor":1},{"id":42,"duration":109,"executor":2},{"id":38,"duration":156,"executor":1},{"id":8,"duration":145,"executor":1},{"id":15,"duration":180,"executor":1},{"id":51,"duration":124,"executor":2},{"id":59,"duration":158,"executor":1},{"id":5,"duration":92,"executor":2},{"id":27,"duration":175,"executor":1},{"id":28,"duration":143,"executor":2},{"id":18,"duration":171,"executor":2},{"id":50,"duration":126,"executor":0},{"id":36,"duration":110,"executor":0},{"id":10,"duration":87,"executor":0},{"id":13,"duration":117,"executor":0},{"id":54,"duration":122,"executor":2},{"id":58,"duration":125,"executor":0},{"id":44,"duration":179,"executor":1},{"id":52,"duration":123,"executor":0},{"id":22,"duration":128,"executor":2},{"id":9,"duration":177,"executor":1}],"rdds":[581,582,587,588,589,590,591],"parents":[156,157],"accIds":[8176,8195,8196,8197,8198,8199,8202,8205,8206,8207,8208,8209,8210,8213,8214,8215,8217,8218,8219,8228,8258,8259,8260,8261,8262,8263,8265,8266,8270,8271,8272,8274,8275,8276,8285,8410,8411,8412,8413,8414,8415,8416,8419,8421,8422,8423,8424,8425,8426,8427,8428,8429,8430,8431,8432,8433,8434,8435,8436,8437,8438,8439,8440]},{"id":159,"isQueryResult":true,"tasks":[{"id":0,"duration":8,"executor":0}],"rdds":[592,593,594],"parents":[158],"accIds":[8169,8170,8173,8178,8179,8180,8182,8183,8184,8193,8445,8446,8447,8448,8449,8456,8457,8458,8459,8460,8461,8462,8463,8464,8465,8466,8467,8468,8469,8470,8471,8472]}]},"sqlPlan":{ "nodeName":"WholeStageCodegen (7)", "description":"WholeStageCodegen (7)", "metadata":{}, "metrics":[{"metricName":"duration","value":2,"accId":8169}], "children":[{ "nodeName":"HashAggregate", "description":"HashAggregate(keys=[], functions=[sum(l_extendedprice#14)])", "metadata":{}, "metrics":[{"metricName":"spill size","value":0,"accId":8172},{"metricName":"time in aggregation build","value":2,"accId":8173},{"metricName":"peak memory","value":0,"accId":8171},{"metricName":"number of output rows","value":1,"accId":8170},{"metricName":"number of sort fallback tasks","value":0,"accId":8175},{"metricName":"avg hash probes per key","value":0,"accId":8174}], "children":[{ "nodeName":"InputAdapter", "description":"InputAdapter", "metadata":{}, "metrics":[], "children":[{ "nodeName":"Exchange", "description":"Exchange SinglePartition, ENSURE_REQUIREMENTS, [plan_id=4665]", "metadata":{}, "metrics":[{"metricName":"shuffle records written","value":60,"accId":8196},{"metricName":"local merged chunks fetched","value":0,"accId":8190},{"metricName":"shuffle write time","value":17473825,"accId":8197},{"metricName":"remote merged bytes read","value":0,"accId":8191},{"metricName":"local merged blocks fetched","value":0,"accId":8188},{"metricName":"corrupt merged block chunks","value":0,"accId":8185},{"metricName":"remote merged reqs duration","value":0,"accId":8194},{"metricName":"remote merged blocks fetched","value":0,"accId":8187},{"metricName":"records read","value":60,"accId":8184},{"metricName":"local bytes read","value":1838,"accId":8182},{"metricName":"fetch wait time","value":0,"accId":8183},{"metricName":"remote bytes read","value":2741,"accId":8180},{"metricName":"merged fetch fallback count","value":0,"accId":8186},{"metricName":"local blocks read","value":24,"accId":8179},{"metricName":"remote merged chunks fetched","value":0,"accId":8189},{"metricName":"remote blocks read","value":36,"accId":8178},{"metricName":"data size","value":2400,"accId":8176},{"metricName":"local merged bytes read","value":0,"accId":8192},{"metricName":"number of partitions","value":1,"accId":8177},{"metricName":"remote reqs duration","value":3,"accId":8193},{"metricName":"remote bytes read to disk","value":0,"accId":8181},{"metricName":"shuffle bytes written","value":4579,"accId":8195}], "children":[{ "nodeName":"WholeStageCodegen (6)", "description":"WholeStageCodegen (6)", "metadata":{}, "metrics":[{"metricName":"duration","value":6046,"accId":8198}], "children":[{ "nodeName":"HashAggregate", "description":"HashAggregate(keys=[], functions=[partial_sum(l_extendedprice#14)])", "metadata":{}, "metrics":[{"metricName":"spill size","value":0,"accId":8201},{"metricName":"time in aggregation build","value":6039,"accId":8202},{"metricName":"peak memory","value":0,"accId":8200},{"metricName":"number of output rows","value":60,"accId":8199},{"metricName":"number of sort fallback tasks","value":0,"accId":8204},{"metricName":"avg hash probes per key","value":0,"accId":8203}], "children":[{ "nodeName":"Project", "description":"Project [l_extendedprice#14]", "metadata":{}, "metrics":[], "children":[{ "nodeName":"SortMergeJoin", "description":"SortMergeJoin [p_partkey#817L], [l_partkey#1494L], Inner, (cast(l_quantity#13 as decimal(21,7)) < (0.2 * avg(l_quantity))#1492)", "metadata":{}, "metrics":[{"metricName":"number of output rows","value":587,"accId":8205},{"metricName":"spill size","value":0,"accId":8206}], "children":[{ "nodeName":"InputAdapter", "description":"InputAdapter", "metadata":{}, "metrics":[], "children":[{ "nodeName":"WholeStageCodegen (3)", "description":"WholeStageCodegen (3)", "metadata":{}, "metrics":[{"metricName":"duration","value":6153,"accId":8207}], "children":[{ "nodeName":"Sort", "description":"Sort [p_partkey#817L ASC NULLS FIRST], false, 0", "metadata":{}, "metrics":[{"metricName":"sort time","value":0,"accId":8208},{"metricName":"peak memory","value":3896245344,"accId":8209},{"metricName":"spill size","value":0,"accId":8210}], "children":[{ "nodeName":"InputAdapter", "description":"InputAdapter", "metadata":{}, "metrics":[], "children":[{ "nodeName":"Exchange", "description":"Exchange hashpartitioning(p_partkey#817L, 60), ENSURE_REQUIREMENTS, [plan_id=4644]", "metadata":{}, "metrics":[{"metricName":"shuffle records written","value":6088,"accId":8231},{"metricName":"local merged chunks fetched","value":0,"accId":8225},{"metricName":"shuffle write time","value":408341062,"accId":8232},{"metricName":"remote merged bytes read","value":0,"accId":8226},{"metricName":"local merged blocks fetched","value":0,"accId":8223},{"metricName":"corrupt merged block chunks","value":0,"accId":8220},{"metricName":"remote merged reqs duration","value":0,"accId":8229},{"metricName":"remote merged blocks fetched","value":0,"accId":8222},{"metricName":"records read","value":6088,"accId":8219},{"metricName":"local bytes read","value":87573,"accId":8217},{"metricName":"fetch wait time","value":2998,"accId":8218},{"metricName":"remote bytes read","value":168551,"accId":8215},{"metricName":"merged fetch fallback count","value":0,"accId":8221},{"metricName":"local blocks read","value":904,"accId":8214},{"metricName":"remote merged chunks fetched","value":0,"accId":8224},{"metricName":"remote blocks read","value":1754,"accId":8213},{"metricName":"data size","value":194816,"accId":8211},{"metricName":"local merged bytes read","value":0,"accId":8227},{"metricName":"number of partitions","value":60,"accId":8212},{"metricName":"remote reqs duration","value":4218,"accId":8228},{"metricName":"remote bytes read to disk","value":0,"accId":8216},{"metricName":"shuffle bytes written","value":256124,"accId":8230}], "children":[{ "nodeName":"WholeStageCodegen (2)", "description":"WholeStageCodegen (2)", "metadata":{}, "metrics":[{"metricName":"duration","value":622,"accId":8233}], "children":[{ "nodeName":"Project", "description":"Project [l_quantity#13, l_extendedprice#14, p_partkey#817L]", "metadata":{}, "metrics":[], "children":[{ "nodeName":"BroadcastHashJoin", "description":"BroadcastHashJoin [l_partkey#10L], [p_partkey#817L], Inner, BuildRight, false", "metadata":{}, "metrics":[{"metricName":"number of output rows","value":6088,"accId":8234}], "children":[{ "nodeName":"Filter", "description":"Filter (isnotnull(l_partkey#10L) AND isnotnull(l_quantity#13))", "metadata":{}, "metrics":[{"metricName":"number of output rows","value":6001215,"accId":8235}], "children":[{ "nodeName":"ColumnarToRow", "description":"ColumnarToRow", "metadata":{}, "metrics":[{"metricName":"number of output rows","value":6001215,"accId":8236},{"metricName":"number of input batches","value":1500,"accId":8237}], "children":[{ "nodeName":"InputAdapter", "description":"InputAdapter", "metadata":{}, "metrics":[], "children":[{ "nodeName":"Scan parquet spark_catalog.tpch.lineitem", "description":"FileScan parquet spark_catalog.tpch.lineitem[l_partkey#10L,l_quantity#13,l_extendedprice#14] Batched: true, Bucketed: false (bucket column(s) not read), DataFilters: [isnotnull(l_partkey#10L), isnotnull(l_quantity#13)], Format: Parquet, Location: InMemoryFileIndex(1 paths)[file:/data/spark-warehouse/tpch.db/lineitem], PartitionFilters: [], PushedFilters: [IsNotNull(l_partkey), IsNotNull(l_quantity)], ReadSchema: struct<l_partkey:bigint,l_quantity:decimal(15,2),l_extendedprice:decimal(15,2)>", "metadata":{"Location":"InMemoryFileIndex(1 paths)[file:/data/spark-warehouse/tpch.db/lineitem]","ReadSchema":"struct<l_partkey:bigint,l_quantity:decimal(15,2),l_extendedprice:decimal(15,2)>","Format":"Parquet","Batched":"true","PartitionFilters":"[]","PushedFilters":"[IsNotNull(l_partkey), IsNotNull(l_quantity)]","DataFilters":"[isnotnull(l_partkey#10L), isnotnull(l_quantity#13)]","Bucketed":"false (bucket column(s) not read)"}, "metrics":[{"metricName":"number of files read","value":60,"accId":8240},{"metricName":"scan time","value":173,"accId":8239},{"metricName":"metadata time","value":0,"accId":8241},{"metricName":"size of files read","value":365478469,"accId":8242},{"metricName":"number of output rows","value":6001215,"accId":8238}], "children":[] }] }] }] },{ "nodeName":"InputAdapter", "description":"InputAdapter", "metadata":{}, "metrics":[], "children":[{ "nodeName":"BroadcastExchange", "description":"BroadcastExchange HashedRelationBroadcastMode(List(input[0, bigint, true]),false), [plan_id=4639]", "metadata":{}, "metrics":[{"metricName":"time to broadcast","value":0,"accId":8247},{"metricName":"time to build","value":1,"accId":8246},{"metricName":"time to collect","value":82,"accId":8245},{"metricName":"number of output rows","value":204,"accId":8244},{"metricName":"data size","value":1056768,"accId":8243}], "children":[{ "nodeName":"WholeStageCodegen (1)", "description":"WholeStageCodegen (1)", "metadata":{}, "metrics":[{"metricName":"duration","value":161,"accId":8248}], "children":[{ "nodeName":"Project", "description":"Project [p_partkey#817L]", "metadata":{}, "metrics":[], "children":[{ "nodeName":"Filter", "description":"Filter ((((isnotnull(p_brand#820) AND isnotnull(p_container#823)) AND (p_brand#820 = Brand#23)) AND (p_container#823 = MED BOX)) AND isnotnull(p_partkey#817L))", "metadata":{}, "metrics":[{"metricName":"number of output rows","value":204,"accId":8249}], "children":[{ "nodeName":"ColumnarToRow", "description":"ColumnarToRow", "metadata":{}, "metrics":[{"metricName":"number of output rows","value":200000,"accId":8250},{"metricName":"number of input batches","value":60,"accId":8251}], "children":[{ "nodeName":"InputAdapter", "description":"InputAdapter", "metadata":{}, "metrics":[], "children":[{ "nodeName":"Scan parquet spark_catalog.tpch.part", "description":"FileScan parquet spark_catalog.tpch.part[p_partkey#817L,p_brand#820,p_container#823] Batched: true, Bucketed: true, DataFilters: [isnotnull(p_brand#820), isnotnull(p_container#823), (p_brand#820 = Brand#23), (p_container#823 =..., Format: Parquet, Location: InMemoryFileIndex(1 paths)[file:/data/spark-warehouse/tpch.db/part], PartitionFilters: [], PushedFilters: [IsNotNull(p_brand), IsNotNull(p_container), EqualTo(p_brand,Brand#23), EqualTo(p_container,MED B..., ReadSchema: struct<p_partkey:bigint,p_brand:string,p_container:string>, SelectedBucketsCount: 60 out of 60", "metadata":{"Location":"InMemoryFileIndex(1 paths)[file:/data/spark-warehouse/tpch.db/part]","ReadSchema":"struct<p_partkey:bigint,p_brand:string,p_container:string>","Format":"Parquet","SelectedBucketsCount":"60 out of 60","Batched":"true","PartitionFilters":"[]","PushedFilters":"[IsNotNull(p_brand), IsNotNull(p_container), EqualTo(p_brand,Brand#23), EqualTo(p_container,MED BOX), IsNotNull(p_partkey)]","DataFilters":"[isnotnull(p_brand#820), isnotnull(p_container#823), (p_brand#820 = Brand#23), (p_container#823 = MED BOX), isnotnull(p_partkey#817L)]","Bucketed":"true"}, "metrics":[{"metricName":"number of files read","value":60,"accId":8254},{"metricName":"scan time","value":150,"accId":8253},{"metricName":"metadata time","value":0,"accId":8255},{"metricName":"size of files read","value":15214963,"accId":8256},{"metricName":"number of output rows","value":200000,"accId":8252}], "children":[] }] }] }] }] }] }] }] }] }] }] }] }] }] }] }] },{ "nodeName":"InputAdapter", "description":"InputAdapter", "metadata":{}, "metrics":[], "children":[{ "nodeName":"WholeStageCodegen (5)", "description":"WholeStageCodegen (5)", "metadata":{}, "metrics":[{"metricName":"duration","value":0,"accId":8257}], "children":[{ "nodeName":"Sort", "description":"Sort [l_partkey#1494L ASC NULLS FIRST], false, 0", "metadata":{}, "metrics":[{"metricName":"sort time","value":0,"accId":8258},{"metricName":"peak memory","value":3899915360,"accId":8259},{"metricName":"spill size","value":0,"accId":8260}], "children":[{ "nodeName":"Filter", "description":"Filter isnotnull((0.2 * avg(l_quantity))#1492)", "metadata":{}, "metrics":[{"metricName":"number of output rows","value":193263,"accId":8261}], "children":[{ "nodeName":"HashAggregate", "description":"HashAggregate(keys=[l_partkey#1494L], functions=[avg(l_quantity#1497)])", "metadata":{}, "metrics":[{"metricName":"spill size","value":0,"accId":8264},{"metricName":"time in aggregation build","value":2673,"accId":8265},{"metricName":"peak memory","value":3907517536,"accId":8263},{"metricName":"number of output rows","value":193263,"accId":8262},{"metricName":"number of sort fallback tasks","value":0,"accId":8267},{"metricName":"avg hash probes per key","value":638,"accId":8266}], "children":[{ "nodeName":"InputAdapter", "description":"InputAdapter", "metadata":{}, "metrics":[], "children":[{ "nodeName":"Exchange", "description":"Exchange hashpartitioning(l_partkey#1494L, 60), ENSURE_REQUIREMENTS, [plan_id=4654]", "metadata":{}, "metrics":[{"metricName":"shuffle records written","value":4722885,"accId":8288},{"metricName":"local merged chunks fetched","value":0,"accId":8282},{"metricName":"shuffle write time","value":595057129,"accId":8289},{"metricName":"remote merged bytes read","value":0,"accId":8283},{"metricName":"local merged blocks fetched","value":0,"accId":8280},{"metricName":"corrupt merged block chunks","value":0,"accId":8277},{"metricName":"remote merged reqs duration","value":0,"accId":8286},{"metricName":"remote merged blocks fetched","value":0,"accId":8279},{"metricName":"records read","value":4563633,"accId":8276},{"metricName":"local bytes read","value":21681649,"accId":8274},{"metricName":"fetch wait time","value":411,"accId":8275},{"metricName":"remote bytes read","value":41471210,"accId":8272},{"metricName":"merged fetch fallback count","value":0,"accId":8278},{"metricName":"local blocks read","value":1210,"accId":8271},{"metricName":"remote merged chunks fetched","value":0,"accId":8281},{"metricName":"remote blocks read","value":2312,"accId":8270},{"metricName":"data size","value":226698480,"accId":8268},{"metricName":"local merged bytes read","value":0,"accId":8284},{"metricName":"number of partitions","value":60,"accId":8269},{"metricName":"remote reqs duration","value":7472,"accId":8285},{"metricName":"remote bytes read to disk","value":0,"accId":8273},{"metricName":"shuffle bytes written","value":64574074,"accId":8287}], "children":[{ "nodeName":"WholeStageCodegen (4)", "description":"WholeStageCodegen (4)", "metadata":{}, "metrics":[{"metricName":"duration","value":3419,"accId":8290}], "children":[{ "nodeName":"HashAggregate", "description":"HashAggregate(keys=[l_partkey#1494L], functions=[partial_avg(l_quantity#1497)])", "metadata":{}, "metrics":[{"metricName":"spill size","value":0,"accId":8293},{"metricName":"time in aggregation build","value":1892,"accId":8294},{"metricName":"peak memory","value":4278189120,"accId":8292},{"metricName":"number of output rows","value":4722885,"accId":8291},{"metricName":"number of sort fallback tasks","value":0,"accId":8296},{"metricName":"avg hash probes per key","value":900,"accId":8295}], "children":[{ "nodeName":"Filter", "description":"Filter isnotnull(l_partkey#1494L)", "metadata":{}, "metrics":[{"metricName":"number of output rows","value":6001215,"accId":8297}], "children":[{ "nodeName":"ColumnarToRow", "description":"ColumnarToRow", "metadata":{}, "metrics":[{"metricName":"number of output rows","value":6001215,"accId":8298},{"metricName":"number of input batches","value":1500,"accId":8299}], "children":[{ "nodeName":"InputAdapter", "description":"InputAdapter", "metadata":{}, "metrics":[], "children":[{ "nodeName":"Scan parquet spark_catalog.tpch.lineitem", "description":"FileScan parquet spark_catalog.tpch.lineitem[l_partkey#1494L,l_quantity#1497] Batched: true, Bucketed: false (bucket column(s) not read), DataFilters: [isnotnull(l_partkey#1494L)], Format: Parquet, Location: InMemoryFileIndex(1 paths)[file:/data/spark-warehouse/tpch.db/lineitem], PartitionFilters: [], PushedFilters: [IsNotNull(l_partkey)], ReadSchema: struct<l_partkey:bigint,l_quantity:decimal(15,2)>", "metadata":{"Location":"InMemoryFileIndex(1 paths)[file:/data/spark-warehouse/tpch.db/lineitem]","ReadSchema":"struct<l_partkey:bigint,l_quantity:decimal(15,2)>","Format":"Parquet","Batched":"true","PartitionFilters":"[]","PushedFilters":"[IsNotNull(l_partkey)]","DataFilters":"[isnotnull(l_partkey#1494L)]","Bucketed":"false (bucket column(s) not read)"}, "metrics":[{"metricName":"number of files read","value":60,"accId":8302},{"metricName":"scan time","value":130,"accId":8301},{"metricName":"metadata time","value":0,"accId":8303},{"metricName":"size of files read","value":365478469,"accId":8304},{"metricName":"number of output rows","value":6001215,"accId":8300}], "children":[] }] }] }] }] }] }] }] }] }] }] }] }] }] }] }] }] }] }] }] }] }}]