[{"totalTime":1616,"stagePlan":{"stages":[{"id":164,"isQueryResult":false,"tasks":[{"id":43,"duration":4,"executor":2},{"id":44,"duration":4,"executor":0},{"id":37,"duration":4,"executor":2},{"id":40,"duration":3,"executor":0},{"id":11,"duration":3,"executor":0},{"id":51,"duration":4,"executor":0},{"id":27,"duration":4,"executor":0},{"id":49,"duration":5,"executor":2},{"id":18,"duration":4,"executor":2},{"id":39,"duration":6,"executor":1},{"id":14,"duration":5,"executor":1},{"id":22,"duration":6,"executor":1},{"id":56,"duration":5,"executor":2},{"id":58,"duration":4,"executor":0},{"id":54,"duration":6,"executor":1},{"id":35,"duration":4,"executor":2},{"id":33,"duration":3,"executor":0},{"id":25,"duration":4,"executor":2},{"id":23,"duration":6,"executor":1},{"id":17,"duration":3,"executor":0},{"id":38,"duration":6,"executor":1},{"id":47,"duration":3,"executor":0},{"id":3,"duration":19,"executor":2},{"id":46,"duration":5,"executor":1},{"id":28,"duration":4,"executor":0},{"id":15,"duration":5,"executor":1},{"id":24,"duration":4,"executor":2},{"id":42,"duration":5,"executor":2},{"id":30,"duration":5,"executor":1},{"id":34,"duration":4,"executor":0},{"id":10,"duration":5,"executor":0},{"id":55,"duration":5,"executor":2},{"id":50,"duration":3,"executor":0},{"id":45,"duration":5,"executor":1},{"id":32,"duration":4,"executor":2},{"id":41,"duration":4,"executor":0},{"id":9,"duration":6,"executor":1},{"id":26,"duration":3,"executor":0},{"id":59,"duration":3,"executor":0},{"id":57,"duration":3,"executor":0},{"id":36,"duration":4,"executor":0},{"id":12,"duration":4,"executor":2},{"id":52,"duration":3,"executor":0},{"id":4,"duration":14,"executor":1},{"id":48,"duration":5,"executor":2},{"id":7,"duration":3,"executor":0},{"id":5,"duration":14,"executor":0},{"id":0,"duration":19,"executor":2},{"id":19,"duration":4,"executor":2},{"id":16,"duration":3,"executor":0},{"id":13,"duration":4,"executor":2},{"id":8,"duration":6,"executor":1},{"id":6,"duration":4,"executor":0},{"id":21,"duration":4,"executor":0},{"id":29,"duration":6,"executor":1},{"id":1,"duration":14,"executor":1},{"id":53,"duration":6,"executor":1},{"id":2,"duration":14,"executor":0},{"id":31,"duration":4,"executor":2},{"id":20,"duration":3,"executor":0}],"rdds":[643,644,645,646],"parents":[],"accIds":[8918,8919,8920,8921,8922,8923,9004,9005,9006,9007,9008,9009,9035,9036]},{"id":165,"isQueryResult":true,"tasks":[{"id":50,"duration":45,"executor":1},{"id":57,"duration":52,"executor":0},{"id":41,"duration":40,"executor":1},{"id":27,"duration":100,"executor":0},{"id":33,"duration":129,"executor":1},{"id":39,"duration":113,"executor":2},{"id":14,"duration":53,"executor":0},{"id":45,"duration":197,"executor":2},{"id":31,"duration":106,"executor":0},{"id":11,"duration":170,"executor":1},{"id":24,"duration":205,"executor":2},{"id":35,"duration":50,"executor":0},{"id":52,"duration":52,"executor":0},{"id":9,"duration":86,"executor":0},{"id":40,"duration":107,"executor":0},{"id":44,"duration":97,"executor":0},{"id":4,"duration":231,"executor":0},{"id":16,"duration":42,"executor":1},{"id":10,"duration":121,"executor":0},{"id":34,"duration":123,"executor":1},{"id":18,"duration":113,"executor":0},{"id":3,"duration":391,"executor":1},{"id":5,"duration":580,"executor":2},{"id":26,"duration":213,"executor":2},{"id":32,"duration":45,"executor":0},{"id":0,"duration":541,"executor":1},{"id":54,"duration":45,"executor":0},{"id":19,"duration":131,"executor":2},{"id":55,"duration":44,"executor":0},{"id":51,"duration":105,"executor":1},{"id":22,"duration":121,"executor":1},{"id":58,"duration":95,"executor":0},{"id":38,"duration":97,"executor":0},{"id":48,"duration":93,"executor":0},{"id":46,"duration":237,"executor":2},{"id":21,"duration":111,"executor":0},{"id":37,"duration":49,"executor":0},{"id":12,"duration":239,"executor":2},{"id":15,"duration":114,"executor":0},{"id":20,"duration":104,"executor":1},{"id":13,"duration":48,"executor":0},{"id":49,"duration":96,"executor":0},{"id":28,"duration":62,"executor":0},{"id":6,"duration":70,"executor":0},{"id":53,"duration":104,"executor":1},{"id":42,"duration":88,"executor":1},{"id":23,"duration":50,"executor":0},{"id":56,"duration":109,"executor":2},{"id":1,"duration":235,"executor":0},{"id":2,"duration":436,"executor":2},{"id":25,"duration":106,"executor":1},{"id":8,"duration":169,"executor":0},{"id":36,"duration":139,"executor":2},{"id":43,"duration":116,"executor":1},{"id":30,"duration":56,"executor":1},{"id":59,"duration":116,"executor":1},{"id":17,"duration":99,"executor":1},{"id":29,"duration":54,"executor":1},{"id":47,"duration":101,"executor":1},{"id":7,"duration":69,"executor":0}],"rdds":[647,648,649,650,651,652,653,654,655,656,657,658,659,660,661,662,663,664,665,666],"parents":[],"accIds":[8896,8897,8898,8900,8901,8903,8904,8906,8907,8909,8910,8911,8912,8927,8928,8930,8931,8932,8933,8934,8935,8936,8937,8941,8942,8943,8944,8945,8946,8947,8949,8950,8952,8953,8955,8956,8958,8959,8960,8961,8965,8966,8967,8969,8970,8971,8972,8973,8974,8975,8976,8980,8981,8982,8983,8984,8985,8986,8988,8989,8991,8992,8994,8995,8997,8998,8999,9000,9039,9040,9041,9042,9043,9044,9045,9048,9070,9071]}]},"sqlPlan":{ "nodeName":"TakeOrderedAndProject", "description":"TakeOrderedAndProject(limit=100, orderBy=[o_totalprice#574 DESC NULLS LAST,o_orderdate#575 ASC NULLS FIRST], output=[c_name#564,c_custkey#563L,o_orderkey#571L,o_orderdate#575,o_totalprice#574,sum(l_quantity)#1633])", "metadata":{}, "metrics":[{"metricName":"shuffle records written","value":0,"accId":8894},{"metricName":"local merged chunks fetched","value":0,"accId":8888},{"metricName":"shuffle write time","value":0,"accId":8895},{"metricName":"remote merged bytes read","value":0,"accId":8889},{"metricName":"local merged blocks fetched","value":0,"accId":8886},{"metricName":"corrupt merged block chunks","value":0,"accId":8883},{"metricName":"remote merged reqs duration","value":0,"accId":8892},{"metricName":"remote merged blocks fetched","value":0,"accId":8885},{"metricName":"records read","value":0,"accId":8882},{"metricName":"local bytes read","value":0,"accId":8880},{"metricName":"fetch wait time","value":0,"accId":8881},{"metricName":"remote bytes read","value":0,"accId":8878},{"metricName":"merged fetch fallback count","value":0,"accId":8884},{"metricName":"local blocks read","value":0,"accId":8877},{"metricName":"remote merged chunks fetched","value":0,"accId":8887},{"metricName":"remote blocks read","value":0,"accId":8876},{"metricName":"local merged bytes read","value":0,"accId":8890},{"metricName":"remote reqs duration","value":0,"accId":8891},{"metricName":"remote bytes read to disk","value":0,"accId":8879},{"metricName":"shuffle bytes written","value":0,"accId":8893}], "children":[{ "nodeName":"WholeStageCodegen (8)", "description":"WholeStageCodegen (8)", "metadata":{}, "metrics":[{"metricName":"duration","value":10818,"accId":8896}], "children":[{ "nodeName":"HashAggregate", "description":"HashAggregate(keys=[c_name#564, c_custkey#563L, o_orderkey#571L, o_orderdate#575, o_totalprice#574], functions=[sum(l_quantity#13)])", "metadata":{}, "metrics":[{"metricName":"spill size","value":0,"accId":8899},{"metricName":"time in aggregation build","value":6057,"accId":8900},{"metricName":"peak memory","value":2364538320,"accId":8898},{"metricName":"number of output rows","value":57,"accId":8897},{"metricName":"number of sort fallback tasks","value":0,"accId":8902},{"metricName":"avg hash probes per key","value":350,"accId":8901}], "children":[{ "nodeName":"HashAggregate", "description":"HashAggregate(keys=[c_name#564, c_custkey#563L, o_orderkey#571L, o_orderdate#575, o_totalprice#574], functions=[partial_sum(l_quantity#13)])", "metadata":{}, "metrics":[{"metricName":"spill size","value":0,"accId":8905},{"metricName":"time in aggregation build","value":6020,"accId":8906},{"metricName":"peak memory","value":2364538320,"accId":8904},{"metricName":"number of output rows","value":57,"accId":8903},{"metricName":"number of sort fallback tasks","value":0,"accId":8908},{"metricName":"avg hash probes per key","value":350,"accId":8907}], "children":[{ "nodeName":"Project", "description":"Project [c_custkey#563L, c_name#564, o_orderkey#571L, o_totalprice#574, o_orderdate#575, l_quantity#13]", "metadata":{}, "metrics":[], "children":[{ "nodeName":"SortMergeJoin", "description":"SortMergeJoin [o_orderkey#571L], [l_orderkey#9L], Inner", "metadata":{}, "metrics":[{"metricName":"number of output rows","value":399,"accId":8909},{"metricName":"spill size","value":0,"accId":8910}], "children":[{ "nodeName":"InputAdapter", "description":"InputAdapter", "metadata":{}, "metrics":[], "children":[{ "nodeName":"WholeStageCodegen (4)", "description":"WholeStageCodegen (4)", "metadata":{}, "metrics":[{"metricName":"duration","value":7357,"accId":8911}], "children":[{ "nodeName":"Project", "description":"Project [c_custkey#563L, c_name#564, o_orderkey#571L, o_totalprice#574, o_orderdate#575]", "metadata":{}, "metrics":[], "children":[{ "nodeName":"BroadcastHashJoin", "description":"BroadcastHashJoin [c_custkey#563L], [o_custkey#572L], Inner, BuildLeft, false", "metadata":{}, "metrics":[{"metricName":"number of output rows","value":58,"accId":8912}], "children":[{ "nodeName":"InputAdapter", "description":"InputAdapter", "metadata":{}, "metrics":[], "children":[{ "nodeName":"BroadcastExchange", "description":"BroadcastExchange HashedRelationBroadcastMode(List(input[0, bigint, false]),false), [plan_id=5297]", "metadata":{}, "metrics":[{"metricName":"time to broadcast","value":14,"accId":8917},{"metricName":"time to build","value":46,"accId":8916},{"metricName":"time to collect","value":71,"accId":8915},{"metricName":"number of output rows","value":150000,"accId":8914},{"metricName":"data size","value":17977216,"accId":8913}], "children":[{ "nodeName":"WholeStageCodegen (1)", "description":"WholeStageCodegen (1)", "metadata":{}, "metrics":[{"metricName":"duration","value":132,"accId":8918}], "children":[{ "nodeName":"Filter", "description":"Filter isnotnull(c_custkey#563L)", "metadata":{}, "metrics":[{"metricName":"number of output rows","value":150000,"accId":8919}], "children":[{ "nodeName":"ColumnarToRow", "description":"ColumnarToRow", "metadata":{}, "metrics":[{"metricName":"number of output rows","value":150000,"accId":8920},{"metricName":"number of input batches","value":60,"accId":8921}], "children":[{ "nodeName":"InputAdapter", "description":"InputAdapter", "metadata":{}, "metrics":[], "children":[{ "nodeName":"Scan parquet spark_catalog.tpch.customer", "description":"FileScan parquet spark_catalog.tpch.customer[c_custkey#563L,c_name#564] Batched: true, Bucketed: true, DataFilters: [isnotnull(c_custkey#563L)], Format: Parquet, Location: InMemoryFileIndex(1 paths)[file:/data/spark-warehouse/tpch.db/customer], PartitionFilters: [], PushedFilters: [IsNotNull(c_custkey)], ReadSchema: struct<c_custkey:bigint,c_name:string>, SelectedBucketsCount: 60 out of 60", "metadata":{"Location":"InMemoryFileIndex(1 paths)[file:/data/spark-warehouse/tpch.db/customer]","ReadSchema":"struct<c_custkey:bigint,c_name:string>","Format":"Parquet","SelectedBucketsCount":"60 out of 60","Batched":"true","PartitionFilters":"[]","PushedFilters":"[IsNotNull(c_custkey)]","DataFilters":"[isnotnull(c_custkey#563L)]","Bucketed":"true"}, "metrics":[{"metricName":"number of files read","value":60,"accId":8924},{"metricName":"scan time","value":105,"accId":8923},{"metricName":"metadata time","value":0,"accId":8925},{"metricName":"size of files read","value":24717733,"accId":8926},{"metricName":"number of output rows","value":150000,"accId":8922}], "children":[] }] }] }] }] }] }] },{ "nodeName":"SortMergeJoin", "description":"SortMergeJoin [o_orderkey#571L], [l_orderkey#1616L], LeftSemi", "metadata":{}, "metrics":[{"metricName":"number of output rows","value":58,"accId":8927},{"metricName":"spill size","value":0,"accId":8928}], "children":[{ "nodeName":"InputAdapter", "description":"InputAdapter", "metadata":{}, "metrics":[], "children":[{ "nodeName":"WholeStageCodegen (2)", "description":"WholeStageCodegen (2)", "metadata":{}, "metrics":[{"metricName":"duration","value":0,"accId":8929}], "children":[{ "nodeName":"Sort", "description":"Sort [o_orderkey#571L ASC NULLS FIRST], false, 0", "metadata":{}, "metrics":[{"metricName":"sort time","value":31,"accId":8930},{"metricName":"peak memory","value":4225760288,"accId":8931},{"metricName":"spill size","value":0,"accId":8932}], "children":[{ "nodeName":"Filter", "description":"Filter (isnotnull(o_custkey#572L) AND isnotnull(o_orderkey#571L))", "metadata":{}, "metrics":[{"metricName":"number of output rows","value":1550215,"accId":8933}], "children":[{ "nodeName":"ColumnarToRow", "description":"ColumnarToRow", "metadata":{}, "metrics":[{"metricName":"number of output rows","value":1550215,"accId":8934},{"metricName":"number of input batches","value":434,"accId":8935}], "children":[{ "nodeName":"InputAdapter", "description":"InputAdapter", "metadata":{}, "metrics":[], "children":[{ "nodeName":"Scan parquet spark_catalog.tpch.orders", "description":"FileScan parquet spark_catalog.tpch.orders[o_orderkey#571L,o_custkey#572L,o_totalprice#574,o_orderdate#575] Batched: true, Bucketed: true, DataFilters: [isnotnull(o_custkey#572L), isnotnull(o_orderkey#571L)], Format: Parquet, Location: InMemoryFileIndex(1 paths)[file:/data/spark-warehouse/tpch.db/orders], PartitionFilters: [], PushedFilters: [IsNotNull(o_custkey), IsNotNull(o_orderkey)], ReadSchema: struct<o_orderkey:bigint,o_custkey:bigint,o_totalprice:decimal(15,2),o_orderdate:date>, SelectedBucketsCount: 60 out of 60", "metadata":{"Location":"InMemoryFileIndex(1 paths)[file:/data/spark-warehouse/tpch.db/orders]","ReadSchema":"struct<o_orderkey:bigint,o_custkey:bigint,o_totalprice:decimal(15,2),o_orderdate:date>","Format":"Parquet","SelectedBucketsCount":"60 out of 60","Batched":"true","PartitionFilters":"[]","PushedFilters":"[IsNotNull(o_custkey), IsNotNull(o_orderkey)]","DataFilters":"[isnotnull(o_custkey#572L), isnotnull(o_orderkey#571L)]","Bucketed":"true"}, "metrics":[{"metricName":"number of files read","value":60,"accId":8938},{"metricName":"scan time","value":256,"accId":8937},{"metricName":"metadata time","value":0,"accId":8939},{"metricName":"size of files read","value":121789992,"accId":8940},{"metricName":"number of output rows","value":1550215,"accId":8936}], "children":[] }] }] }] }] }] }] },{ "nodeName":"InputAdapter", "description":"InputAdapter", "metadata":{}, "metrics":[], "children":[{ "nodeName":"WholeStageCodegen (3)", "description":"WholeStageCodegen (3)", "metadata":{}, "metrics":[{"metricName":"duration","value":11691,"accId":8941}], "children":[{ "nodeName":"Sort", "description":"Sort [l_orderkey#1616L ASC NULLS FIRST], false, 0", "metadata":{}, "metrics":[{"metricName":"sort time","value":0,"accId":8942},{"metricName":"peak memory","value":2419916224,"accId":8943},{"metricName":"spill size","value":0,"accId":8944}], "children":[{ "nodeName":"Project", "description":"Project [l_orderkey#1616L]", "metadata":{}, "metrics":[], "children":[{ "nodeName":"Filter", "description":"Filter (isnotnull(sum(l_quantity#13)#1615) AND (sum(l_quantity#13)#1615 > 300.00))", "metadata":{}, "metrics":[{"metricName":"number of output rows","value":58,"accId":8945}], "children":[{ "nodeName":"HashAggregate", "description":"HashAggregate(keys=[l_orderkey#1616L], functions=[sum(l_quantity#1620)])", "metadata":{}, "metrics":[{"metricName":"spill size","value":0,"accId":8948},{"metricName":"time in aggregation build","value":2810,"accId":8949},{"metricName":"peak memory","value":4157602864,"accId":8947},{"metricName":"number of output rows","value":1525222,"accId":8946},{"metricName":"number of sort fallback tasks","value":0,"accId":8951},{"metricName":"avg hash probes per key","value":915,"accId":8950}], "children":[{ "nodeName":"HashAggregate", "description":"HashAggregate(keys=[l_orderkey#1616L], functions=[partial_sum(l_quantity#1620)])", "metadata":{}, "metrics":[{"metricName":"spill size","value":0,"accId":8954},{"metricName":"time in aggregation build","value":2129,"accId":8955},{"metricName":"peak memory","value":4225760288,"accId":8953},{"metricName":"number of output rows","value":1549792,"accId":8952},{"metricName":"number of sort fallback tasks","value":0,"accId":8957},{"metricName":"avg hash probes per key","value":930,"accId":8956}], "children":[{ "nodeName":"ColumnarToRow", "description":"ColumnarToRow", "metadata":{}, "metrics":[{"metricName":"number of output rows","value":6202718,"accId":8958},{"metricName":"number of input batches","value":1550,"accId":8959}], "children":[{ "nodeName":"InputAdapter", "description":"InputAdapter", "metadata":{}, "metrics":[], "children":[{ "nodeName":"Scan parquet spark_catalog.tpch.lineitem", "description":"FileScan parquet spark_catalog.tpch.lineitem[l_orderkey#1616L,l_quantity#1620] Batched: true, Bucketed: true, DataFilters: [], Format: Parquet, Location: InMemoryFileIndex(1 paths)[file:/data/spark-warehouse/tpch.db/lineitem], PartitionFilters: [], PushedFilters: [], ReadSchema: struct<l_orderkey:bigint,l_quantity:decimal(15,2)>, SelectedBucketsCount: 60 out of 60", "metadata":{"Location":"InMemoryFileIndex(1 paths)[file:/data/spark-warehouse/tpch.db/lineitem]","ReadSchema":"struct<l_orderkey:bigint,l_quantity:decimal(15,2)>","Format":"Parquet","SelectedBucketsCount":"60 out of 60","Batched":"true","PartitionFilters":"[]","PushedFilters":"[]","DataFilters":"[]","Bucketed":"true"}, "metrics":[{"metricName":"number of files read","value":60,"accId":8962},{"metricName":"scan time","value":150,"accId":8961},{"metricName":"metadata time","value":0,"accId":8963},{"metricName":"size of files read","value":365478469,"accId":8964},{"metricName":"number of output rows","value":6202718,"accId":8960}], "children":[] }] }] }] }] }] }] }] }] }] }] }] }] }] }] },{ "nodeName":"InputAdapter", "description":"InputAdapter", "metadata":{}, "metrics":[], "children":[{ "nodeName":"WholeStageCodegen (7)", "description":"WholeStageCodegen (7)", "metadata":{}, "metrics":[{"metricName":"duration","value":4675,"accId":8965}], "children":[{ "nodeName":"SortMergeJoin", "description":"SortMergeJoin [l_orderkey#9L], [l_orderkey#1616L], LeftSemi", "metadata":{}, "metrics":[{"metricName":"number of output rows","value":399,"accId":8966},{"metricName":"spill size","value":0,"accId":8967}], "children":[{ "nodeName":"InputAdapter", "description":"InputAdapter", "metadata":{}, "metrics":[], "children":[{ "nodeName":"WholeStageCodegen (5)", "description":"WholeStageCodegen (5)", "metadata":{}, "metrics":[{"metricName":"duration","value":0,"accId":8968}], "children":[{ "nodeName":"Sort", "description":"Sort [l_orderkey#9L ASC NULLS FIRST], false, 0", "metadata":{}, "metrics":[{"metricName":"sort time","value":78,"accId":8969},{"metricName":"peak memory","value":2566913472,"accId":8970},{"metricName":"spill size","value":0,"accId":8971}], "children":[{ "nodeName":"Filter", "description":"Filter isnotnull(l_orderkey#9L)", "metadata":{}, "metrics":[{"metricName":"number of output rows","value":3599945,"accId":8972}], "children":[{ "nodeName":"ColumnarToRow", "description":"ColumnarToRow", "metadata":{}, "metrics":[{"metricName":"number of output rows","value":3599945,"accId":8973},{"metricName":"number of input batches","value":900,"accId":8974}], "children":[{ "nodeName":"InputAdapter", "description":"InputAdapter", "metadata":{}, "metrics":[], "children":[{ "nodeName":"Scan parquet spark_catalog.tpch.lineitem", "description":"FileScan parquet spark_catalog.tpch.lineitem[l_orderkey#9L,l_quantity#13] Batched: true, Bucketed: true, DataFilters: [isnotnull(l_orderkey#9L)], Format: Parquet, Location: InMemoryFileIndex(1 paths)[file:/data/spark-warehouse/tpch.db/lineitem], PartitionFilters: [], PushedFilters: [IsNotNull(l_orderkey)], ReadSchema: struct<l_orderkey:bigint,l_quantity:decimal(15,2)>, SelectedBucketsCount: 60 out of 60", "metadata":{"Location":"InMemoryFileIndex(1 paths)[file:/data/spark-warehouse/tpch.db/lineitem]","ReadSchema":"struct<l_orderkey:bigint,l_quantity:decimal(15,2)>","Format":"Parquet","SelectedBucketsCount":"60 out of 60","Batched":"true","PartitionFilters":"[]","PushedFilters":"[IsNotNull(l_orderkey)]","DataFilters":"[isnotnull(l_orderkey#9L)]","Bucketed":"true"}, "metrics":[{"metricName":"number of files read","value":60,"accId":8977},{"metricName":"scan time","value":184,"accId":8976},{"metricName":"metadata time","value":0,"accId":8978},{"metricName":"size of files read","value":365478469,"accId":8979},{"metricName":"number of output rows","value":3599945,"accId":8975}], "children":[] }] }] }] }] }] }] },{ "nodeName":"InputAdapter", "description":"InputAdapter", "metadata":{}, "metrics":[], "children":[{ "nodeName":"WholeStageCodegen (6)", "description":"WholeStageCodegen (6)", "metadata":{}, "metrics":[{"metricName":"duration","value":9385,"accId":8980}], "children":[{ "nodeName":"Sort", "description":"Sort [l_orderkey#1616L ASC NULLS FIRST], false, 0", "metadata":{}, "metrics":[{"metricName":"sort time","value":0,"accId":8981},{"metricName":"peak memory","value":2351103440,"accId":8982},{"metricName":"spill size","value":0,"accId":8983}], "children":[{ "nodeName":"Project", "description":"Project [l_orderkey#1616L]", "metadata":{}, "metrics":[], "children":[{ "nodeName":"Filter", "description":"Filter (isnotnull(sum(l_quantity#13)#1615) AND (sum(l_quantity#13)#1615 > 300.00))", "metadata":{}, "metrics":[{"metricName":"number of output rows","value":57,"accId":8984}], "children":[{ "nodeName":"HashAggregate", "description":"HashAggregate(keys=[l_orderkey#1616L], functions=[sum(l_quantity#1620)])", "metadata":{}, "metrics":[{"metricName":"spill size","value":0,"accId":8987},{"metricName":"time in aggregation build","value":1504,"accId":8988},{"metricName":"peak memory","value":2385509840,"accId":8986},{"metricName":"number of output rows","value":874596,"accId":8985},{"metricName":"number of sort fallback tasks","value":0,"accId":8990},{"metricName":"avg hash probes per key","value":525,"accId":8989}], "children":[{ "nodeName":"HashAggregate", "description":"HashAggregate(keys=[l_orderkey#1616L], functions=[partial_sum(l_quantity#1620)])", "metadata":{}, "metrics":[{"metricName":"spill size","value":0,"accId":8993},{"metricName":"time in aggregation build","value":1118,"accId":8994},{"metricName":"peak memory","value":2385509840,"accId":8992},{"metricName":"number of output rows","value":874596,"accId":8991},{"metricName":"number of sort fallback tasks","value":0,"accId":8996},{"metricName":"avg hash probes per key","value":525,"accId":8995}], "children":[{ "nodeName":"ColumnarToRow", "description":"ColumnarToRow", "metadata":{}, "metrics":[{"metricName":"number of output rows","value":3531432,"accId":8997},{"metricName":"number of input batches","value":883,"accId":8998}], "children":[{ "nodeName":"InputAdapter", "description":"InputAdapter", "metadata":{}, "metrics":[], "children":[{ "nodeName":"Scan parquet spark_catalog.tpch.lineitem", "description":"FileScan parquet spark_catalog.tpch.lineitem[l_orderkey#1616L,l_quantity#1620] Batched: true, Bucketed: true, DataFilters: [], Format: Parquet, Location: InMemoryFileIndex(1 paths)[file:/data/spark-warehouse/tpch.db/lineitem], PartitionFilters: [], PushedFilters: [], ReadSchema: struct<l_orderkey:bigint,l_quantity:decimal(15,2)>, SelectedBucketsCount: 60 out of 60", "metadata":{"Location":"InMemoryFileIndex(1 paths)[file:/data/spark-warehouse/tpch.db/lineitem]","ReadSchema":"struct<l_orderkey:bigint,l_quantity:decimal(15,2)>","Format":"Parquet","SelectedBucketsCount":"60 out of 60","Batched":"true","PartitionFilters":"[]","PushedFilters":"[]","DataFilters":"[]","Bucketed":"true"}, "metrics":[{"metricName":"number of files read","value":60,"accId":9001},{"metricName":"scan time","value":234,"accId":9000},{"metricName":"metadata time","value":0,"accId":9002},{"metricName":"size of files read","value":365478469,"accId":9003},{"metricName":"number of output rows","value":3531432,"accId":8999}], "children":[] }] }] }] }] }] }] }] }] }] }] }] }] }] }] }] }] }] }] }},{"totalTime":1689,"stagePlan":{"stages":[{"id":166,"isQueryResult":false,"tasks":[{"id":45,"duration":5,"executor":1},{"id":52,"duration":5,"executor":0},{"id":50,"duration":6,"executor":1},{"id":0,"duration":11,"executor":0},{"id":5,"duration":19,"executor":2},{"id":23,"duration":5,"executor":0},{"id":24,"duration":5,"executor":2},{"id":1,"duration":15,"executor":1},{"id":6,"duration":7,"executor":0},{"id":28,"duration":5,"executor":0},{"id":20,"duration":6,"executor":1},{"id":18,"duration":5,"executor":2},{"id":21,"duration":5,"executor":2},{"id":57,"duration":4,"executor":1},{"id":51,"duration":5,"executor":1},{"id":37,"duration":5,"executor":2},{"id":58,"duration":14,"executor":0},{"id":9,"duration":5,"executor":1},{"id":33,"duration":5,"executor":1},{"id":19,"duration":6,"executor":1},{"id":29,"duration":5,"executor":0},{"id":17,"duration":5,"executor":0},{"id":3,"duration":11,"executor":0},{"id":43,"duration":5,"executor":2},{"id":44,"duration":5,"executor":1},{"id":25,"duration":5,"executor":2},{"id":22,"duration":5,"executor":0},{"id":4,"duration":15,"executor":1},{"id":15,"duration":5,"executor":1},{"id":31,"duration":5,"executor":2},{"id":32,"duration":5,"executor":1},{"id":12,"duration":6,"executor":2},{"id":8,"duration":5,"executor":1},{"id":26,"duration":6,"executor":1},{"id":34,"duration":6,"executor":0},{"id":10,"duration":5,"executor":0},{"id":13,"duration":5,"executor":2},{"id":30,"duration":7,"executor":2},{"id":59,"duration":23,"executor":2},{"id":7,"duration":7,"executor":0},{"id":40,"duration":6,"executor":0},{"id":41,"duration":4,"executor":0},{"id":55,"duration":5,"executor":1},{"id":27,"duration":6,"executor":1},{"id":39,"duration":5,"executor":1},{"id":14,"duration":5,"executor":1},{"id":35,"duration":5,"executor":0},{"id":16,"duration":5,"executor":0},{"id":56,"duration":24,"executor":2},{"id":42,"duration":4,"executor":2},{"id":47,"duration":5,"executor":0},{"id":48,"duration":4,"executor":2},{"id":54,"duration":4,"executor":2},{"id":11,"duration":5,"executor":0},{"id":46,"duration":5,"executor":0},{"id":53,"duration":15,"executor":0},{"id":49,"duration":6,"executor":2},{"id":38,"duration":6,"executor":1},{"id":2,"duration":20,"executor":2},{"id":36,"duration":6,"executor":2}],"rdds":[667,668,669,670],"parents":[],"accIds":[9116,9117,9118,9119,9120,9121,9202,9203,9204,9205,9206,9207,9208,9233,9234]},{"id":167,"isQueryResult":true,"tasks":[{"id":0,"duration":468,"executor":1},{"id":15,"duration":127,"executor":0},{"id":12,"duration":125,"executor":0},{"id":27,"duration":156,"executor":0},{"id":35,"duration":63,"executor":0},{"id":56,"duration":146,"executor":2},{"id":50,"duration":101,"executor":0},{"id":19,"duration":62,"executor":0},{"id":54,"duration":66,"executor":0},{"id":31,"duration":117,"executor":1},{"id":52,"duration":44,"executor":1},{"id":49,"duration":228,"executor":2},{"id":22,"duration":121,"executor":0},{"id":18,"duration":153,"executor":1},{"id":4,"duration":211,"executor":0},{"id":25,"duration":101,"executor":1},{"id":5,"duration":571,"executor":2},{"id":16,"duration":53,"executor":1},{"id":3,"duration":392,"executor":1},{"id":8,"duration":126,"executor":0},{"id":2,"duration":413,"executor":2},{"id":38,"duration":128,"executor":0},{"id":39,"duration":63,"executor":0},{"id":20,"duration":143,"executor":1},{"id":47,"duration":87,"executor":1},{"id":53,"duration":97,"executor":1},{"id":14,"duration":54,"executor":1},{"id":42,"duration":138,"executor":1},{"id":44,"duration":254,"executor":2},{"id":34,"duration":89,"executor":1},{"id":41,"duration":41,"executor":1},{"id":21,"duration":255,"executor":2},{"id":43,"duration":125,"executor":0},{"id":55,"duration":58,"executor":1},{"id":59,"duration":82,"executor":0},{"id":6,"duration":68,"executor":0},{"id":32,"duration":82,"executor":2},{"id":51,"duration":82,"executor":1},{"id":1,"duration":214,"executor":0},{"id":36,"duration":59,"executor":0},{"id":23,"duration":61,"executor":0},{"id":48,"duration":162,"executor":0},{"id":30,"duration":63,"executor":0},{"id":13,"duration":101,"executor":2},{"id":33,"duration":304,"executor":2},{"id":46,"duration":133,"executor":1},{"id":40,"duration":139,"executor":1},{"id":10,"duration":141,"executor":0},{"id":24,"duration":133,"executor":0},{"id":29,"duration":68,"executor":1},{"id":57,"duration":67,"executor":0},{"id":7,"duration":60,"executor":0},{"id":37,"duration":118,"executor":2},{"id":58,"duration":110,"executor":1},{"id":9,"duration":68,"executor":0},{"id":26,"duration":124,"executor":1},{"id":17,"duration":220,"executor":2},{"id":45,"duration":128,"executor":0},{"id":28,"duration":106,"executor":2},{"id":11,"duration":103,"executor":1}],"rdds":[671,672,673,674,675,676,677,678,679,680,681,682,683,684,685,686,687,688,689,690],"parents":[],"accIds":[9094,9095,9096,9098,9099,9101,9102,9104,9105,9107,9108,9109,9110,9125,9126,9128,9129,9130,9131,9132,9133,9134,9135,9139,9140,9141,9142,9143,9144,9145,9147,9148,9150,9151,9153,9154,9156,9157,9158,9159,9163,9164,9165,9167,9168,9169,9170,9171,9172,9173,9174,9178,9179,9180,9181,9182,9183,9184,9186,9187,9189,9190,9192,9193,9195,9196,9197,9198,9237,9238,9239,9240,9241,9242,9243,9246,9268,9269]}]},"sqlPlan":{ "nodeName":"TakeOrderedAndProject", "description":"TakeOrderedAndProject(limit=100, orderBy=[o_totalprice#574 DESC NULLS LAST,o_orderdate#575 ASC NULLS FIRST], output=[c_name#564,c_custkey#563L,o_orderkey#571L,o_orderdate#575,o_totalprice#574,sum(l_quantity)#1675])", "metadata":{}, "metrics":[{"metricName":"shuffle records written","value":0,"accId":9092},{"metricName":"local merged chunks fetched","value":0,"accId":9086},{"metricName":"shuffle write time","value":0,"accId":9093},{"metricName":"remote merged bytes read","value":0,"accId":9087},{"metricName":"local merged blocks fetched","value":0,"accId":9084},{"metricName":"corrupt merged block chunks","value":0,"accId":9081},{"metricName":"remote merged reqs duration","value":0,"accId":9090},{"metricName":"remote merged blocks fetched","value":0,"accId":9083},{"metricName":"records read","value":0,"accId":9080},{"metricName":"local bytes read","value":0,"accId":9078},{"metricName":"fetch wait time","value":0,"accId":9079},{"metricName":"remote bytes read","value":0,"accId":9076},{"metricName":"merged fetch fallback count","value":0,"accId":9082},{"metricName":"local blocks read","value":0,"accId":9075},{"metricName":"remote merged chunks fetched","value":0,"accId":9085},{"metricName":"remote blocks read","value":0,"accId":9074},{"metricName":"local merged bytes read","value":0,"accId":9088},{"metricName":"remote reqs duration","value":0,"accId":9089},{"metricName":"remote bytes read to disk","value":0,"accId":9077},{"metricName":"shuffle bytes written","value":0,"accId":9091}], "children":[{ "nodeName":"WholeStageCodegen (8)", "description":"WholeStageCodegen (8)", "metadata":{}, "metrics":[{"metricName":"duration","value":11646,"accId":9094}], "children":[{ "nodeName":"HashAggregate", "description":"HashAggregate(keys=[c_name#564, c_custkey#563L, o_orderkey#571L, o_orderdate#575, o_totalprice#574], functions=[sum(l_quantity#13)])", "metadata":{}, "metrics":[{"metricName":"spill size","value":0,"accId":9097},{"metricName":"time in aggregation build","value":6648,"accId":9098},{"metricName":"peak memory","value":2364538320,"accId":9096},{"metricName":"number of output rows","value":57,"accId":9095},{"metricName":"number of sort fallback tasks","value":0,"accId":9100},{"metricName":"avg hash probes per key","value":350,"accId":9099}], "children":[{ "nodeName":"HashAggregate", "description":"HashAggregate(keys=[c_name#564, c_custkey#563L, o_orderkey#571L, o_orderdate#575, o_totalprice#574], functions=[partial_sum(l_quantity#13)])", "metadata":{}, "metrics":[{"metricName":"spill size","value":0,"accId":9103},{"metricName":"time in aggregation build","value":6591,"accId":9104},{"metricName":"peak memory","value":2364538320,"accId":9102},{"metricName":"number of output rows","value":57,"accId":9101},{"metricName":"number of sort fallback tasks","value":0,"accId":9106},{"metricName":"avg hash probes per key","value":350,"accId":9105}], "children":[{ "nodeName":"Project", "description":"Project [c_custkey#563L, c_name#564, o_orderkey#571L, o_totalprice#574, o_orderdate#575, l_quantity#13]", "metadata":{}, "metrics":[], "children":[{ "nodeName":"SortMergeJoin", "description":"SortMergeJoin [o_orderkey#571L], [l_orderkey#9L], Inner", "metadata":{}, "metrics":[{"metricName":"number of output rows","value":399,"accId":9107},{"metricName":"spill size","value":0,"accId":9108}], "children":[{ "nodeName":"InputAdapter", "description":"InputAdapter", "metadata":{}, "metrics":[], "children":[{ "nodeName":"WholeStageCodegen (4)", "description":"WholeStageCodegen (4)", "metadata":{}, "metrics":[{"metricName":"duration","value":7792,"accId":9109}], "children":[{ "nodeName":"Project", "description":"Project [c_custkey#563L, c_name#564, o_orderkey#571L, o_totalprice#574, o_orderdate#575]", "metadata":{}, "metrics":[], "children":[{ "nodeName":"BroadcastHashJoin", "description":"BroadcastHashJoin [c_custkey#563L], [o_custkey#572L], Inner, BuildLeft, false", "metadata":{}, "metrics":[{"metricName":"number of output rows","value":57,"accId":9110}], "children":[{ "nodeName":"InputAdapter", "description":"InputAdapter", "metadata":{}, "metrics":[], "children":[{ "nodeName":"BroadcastExchange", "description":"BroadcastExchange HashedRelationBroadcastMode(List(input[0, bigint, false]),false), [plan_id=5506]", "metadata":{}, "metrics":[{"metricName":"time to broadcast","value":14,"accId":9115},{"metricName":"time to build","value":30,"accId":9114},{"metricName":"time to collect","value":97,"accId":9113},{"metricName":"number of output rows","value":150000,"accId":9112},{"metricName":"data size","value":17977216,"accId":9111}], "children":[{ "nodeName":"WholeStageCodegen (1)", "description":"WholeStageCodegen (1)", "metadata":{}, "metrics":[{"metricName":"duration","value":153,"accId":9116}], "children":[{ "nodeName":"Filter", "description":"Filter isnotnull(c_custkey#563L)", "metadata":{}, "metrics":[{"metricName":"number of output rows","value":150000,"accId":9117}], "children":[{ "nodeName":"ColumnarToRow", "description":"ColumnarToRow", "metadata":{}, "metrics":[{"metricName":"number of output rows","value":150000,"accId":9118},{"metricName":"number of input batches","value":60,"accId":9119}], "children":[{ "nodeName":"InputAdapter", "description":"InputAdapter", "metadata":{}, "metrics":[], "children":[{ "nodeName":"Scan parquet spark_catalog.tpch.customer", "description":"FileScan parquet spark_catalog.tpch.customer[c_custkey#563L,c_name#564] Batched: true, Bucketed: true, DataFilters: [isnotnull(c_custkey#563L)], Format: Parquet, Location: InMemoryFileIndex(1 paths)[file:/data/spark-warehouse/tpch.db/customer], PartitionFilters: [], PushedFilters: [IsNotNull(c_custkey)], ReadSchema: struct<c_custkey:bigint,c_name:string>, SelectedBucketsCount: 60 out of 60", "metadata":{"Location":"InMemoryFileIndex(1 paths)[file:/data/spark-warehouse/tpch.db/customer]","ReadSchema":"struct<c_custkey:bigint,c_name:string>","Format":"Parquet","SelectedBucketsCount":"60 out of 60","Batched":"true","PartitionFilters":"[]","PushedFilters":"[IsNotNull(c_custkey)]","DataFilters":"[isnotnull(c_custkey#563L)]","Bucketed":"true"}, "metrics":[{"metricName":"number of files read","value":60,"accId":9122},{"metricName":"scan time","value":108,"accId":9121},{"metricName":"metadata time","value":0,"accId":9123},{"metricName":"size of files read","value":24717733,"accId":9124},{"metricName":"number of output rows","value":150000,"accId":9120}], "children":[] }] }] }] }] }] }] },{ "nodeName":"SortMergeJoin", "description":"SortMergeJoin [o_orderkey#571L], [l_orderkey#1658L], LeftSemi", "metadata":{}, "metrics":[{"metricName":"number of output rows","value":57,"accId":9125},{"metricName":"spill size","value":0,"accId":9126}], "children":[{ "nodeName":"InputAdapter", "description":"InputAdapter", "metadata":{}, "metrics":[], "children":[{ "nodeName":"WholeStageCodegen (2)", "description":"WholeStageCodegen (2)", "metadata":{}, "metrics":[{"metricName":"duration","value":0,"accId":9127}], "children":[{ "nodeName":"Sort", "description":"Sort [o_orderkey#571L ASC NULLS FIRST], false, 0", "metadata":{}, "metrics":[{"metricName":"sort time","value":19,"accId":9128},{"metricName":"peak memory","value":4089445440,"accId":9129},{"metricName":"spill size","value":0,"accId":9130}], "children":[{ "nodeName":"Filter", "description":"Filter (isnotnull(o_custkey#572L) AND isnotnull(o_orderkey#571L))", "metadata":{}, "metrics":[{"metricName":"number of output rows","value":1500000,"accId":9131}], "children":[{ "nodeName":"ColumnarToRow", "description":"ColumnarToRow", "metadata":{}, "metrics":[{"metricName":"number of output rows","value":1500000,"accId":9132},{"metricName":"number of input batches","value":420,"accId":9133}], "children":[{ "nodeName":"InputAdapter", "description":"InputAdapter", "metadata":{}, "metrics":[], "children":[{ "nodeName":"Scan parquet spark_catalog.tpch.orders", "description":"FileScan parquet spark_catalog.tpch.orders[o_orderkey#571L,o_custkey#572L,o_totalprice#574,o_orderdate#575] Batched: true, Bucketed: true, DataFilters: [isnotnull(o_custkey#572L), isnotnull(o_orderkey#571L)], Format: Parquet, Location: InMemoryFileIndex(1 paths)[file:/data/spark-warehouse/tpch.db/orders], PartitionFilters: [], PushedFilters: [IsNotNull(o_custkey), IsNotNull(o_orderkey)], ReadSchema: struct<o_orderkey:bigint,o_custkey:bigint,o_totalprice:decimal(15,2),o_orderdate:date>, SelectedBucketsCount: 60 out of 60", "metadata":{"Location":"InMemoryFileIndex(1 paths)[file:/data/spark-warehouse/tpch.db/orders]","ReadSchema":"struct<o_orderkey:bigint,o_custkey:bigint,o_totalprice:decimal(15,2),o_orderdate:date>","Format":"Parquet","SelectedBucketsCount":"60 out of 60","Batched":"true","PartitionFilters":"[]","PushedFilters":"[IsNotNull(o_custkey), IsNotNull(o_orderkey)]","DataFilters":"[isnotnull(o_custkey#572L), isnotnull(o_orderkey#571L)]","Bucketed":"true"}, "metrics":[{"metricName":"number of files read","value":60,"accId":9136},{"metricName":"scan time","value":366,"accId":9135},{"metricName":"metadata time","value":0,"accId":9137},{"metricName":"size of files read","value":121789992,"accId":9138},{"metricName":"number of output rows","value":1500000,"accId":9134}], "children":[] }] }] }] }] }] }] },{ "nodeName":"InputAdapter", "description":"InputAdapter", "metadata":{}, "metrics":[], "children":[{ "nodeName":"WholeStageCodegen (3)", "description":"WholeStageCodegen (3)", "metadata":{}, "metrics":[{"metricName":"duration","value":12240,"accId":9139}], "children":[{ "nodeName":"Sort", "description":"Sort [l_orderkey#1658L ASC NULLS FIRST], false, 0", "metadata":{}, "metrics":[{"metricName":"sort time","value":0,"accId":9140},{"metricName":"peak memory","value":2352741840,"accId":9141},{"metricName":"spill size","value":0,"accId":9142}], "children":[{ "nodeName":"Project", "description":"Project [l_orderkey#1658L]", "metadata":{}, "metrics":[], "children":[{ "nodeName":"Filter", "description":"Filter (isnotnull(sum(l_quantity#13)#1657) AND (sum(l_quantity#13)#1657 > 300.00))", "metadata":{}, "metrics":[{"metricName":"number of output rows","value":57,"accId":9143}], "children":[{ "nodeName":"HashAggregate", "description":"HashAggregate(keys=[l_orderkey#1658L], functions=[sum(l_quantity#1662)])", "metadata":{}, "metrics":[{"metricName":"spill size","value":0,"accId":9146},{"metricName":"time in aggregation build","value":3121,"accId":9147},{"metricName":"peak memory","value":4089445440,"accId":9145},{"metricName":"number of output rows","value":1500000,"accId":9144},{"metricName":"number of sort fallback tasks","value":0,"accId":9149},{"metricName":"avg hash probes per key","value":900,"accId":9148}], "children":[{ "nodeName":"HashAggregate", "description":"HashAggregate(keys=[l_orderkey#1658L], functions=[partial_sum(l_quantity#1662)])", "metadata":{}, "metrics":[{"metricName":"spill size","value":0,"accId":9152},{"metricName":"time in aggregation build","value":2204,"accId":9153},{"metricName":"peak memory","value":4089445440,"accId":9151},{"metricName":"number of output rows","value":1500000,"accId":9150},{"metricName":"number of sort fallback tasks","value":0,"accId":9155},{"metricName":"avg hash probes per key","value":900,"accId":9154}], "children":[{ "nodeName":"ColumnarToRow", "description":"ColumnarToRow", "metadata":{}, "metrics":[{"metricName":"number of output rows","value":6001215,"accId":9156},{"metricName":"number of input batches","value":1500,"accId":9157}], "children":[{ "nodeName":"InputAdapter", "description":"InputAdapter", "metadata":{}, "metrics":[], "children":[{ "nodeName":"Scan parquet spark_catalog.tpch.lineitem", "description":"FileScan parquet spark_catalog.tpch.lineitem[l_orderkey#1658L,l_quantity#1662] Batched: true, Bucketed: true, DataFilters: [], Format: Parquet, Location: InMemoryFileIndex(1 paths)[file:/data/spark-warehouse/tpch.db/lineitem], PartitionFilters: [], PushedFilters: [], ReadSchema: struct<l_orderkey:bigint,l_quantity:decimal(15,2)>, SelectedBucketsCount: 60 out of 60", "metadata":{"Location":"InMemoryFileIndex(1 paths)[file:/data/spark-warehouse/tpch.db/lineitem]","ReadSchema":"struct<l_orderkey:bigint,l_quantity:decimal(15,2)>","Format":"Parquet","SelectedBucketsCount":"60 out of 60","Batched":"true","PartitionFilters":"[]","PushedFilters":"[]","DataFilters":"[]","Bucketed":"true"}, "metrics":[{"metricName":"number of files read","value":60,"accId":9160},{"metricName":"scan time","value":192,"accId":9159},{"metricName":"metadata time","value":0,"accId":9161},{"metricName":"size of files read","value":365478469,"accId":9162},{"metricName":"number of output rows","value":6001215,"accId":9158}], "children":[] }] }] }] }] }] }] }] }] }] }] }] }] }] }] },{ "nodeName":"InputAdapter", "description":"InputAdapter", "metadata":{}, "metrics":[], "children":[{ "nodeName":"WholeStageCodegen (7)", "description":"WholeStageCodegen (7)", "metadata":{}, "metrics":[{"metricName":"duration","value":4948,"accId":9163}], "children":[{ "nodeName":"SortMergeJoin", "description":"SortMergeJoin [l_orderkey#9L], [l_orderkey#1658L], LeftSemi", "metadata":{}, "metrics":[{"metricName":"number of output rows","value":399,"accId":9164},{"metricName":"spill size","value":0,"accId":9165}], "children":[{ "nodeName":"InputAdapter", "description":"InputAdapter", "metadata":{}, "metrics":[], "children":[{ "nodeName":"WholeStageCodegen (5)", "description":"WholeStageCodegen (5)", "metadata":{}, "metrics":[{"metricName":"duration","value":0,"accId":9166}], "children":[{ "nodeName":"Sort", "description":"Sort [l_orderkey#9L ASC NULLS FIRST], false, 0", "metadata":{}, "metrics":[{"metricName":"sort time","value":75,"accId":9167},{"metricName":"peak memory","value":2495610320,"accId":9168},{"metricName":"spill size","value":0,"accId":9169}], "children":[{ "nodeName":"Filter", "description":"Filter isnotnull(l_orderkey#9L)", "metadata":{}, "metrics":[{"metricName":"number of output rows","value":3498664,"accId":9170}], "children":[{ "nodeName":"ColumnarToRow", "description":"ColumnarToRow", "metadata":{}, "metrics":[{"metricName":"number of output rows","value":3498664,"accId":9171},{"metricName":"number of input batches","value":875,"accId":9172}], "children":[{ "nodeName":"InputAdapter", "description":"InputAdapter", "metadata":{}, "metrics":[], "children":[{ "nodeName":"Scan parquet spark_catalog.tpch.lineitem", "description":"FileScan parquet spark_catalog.tpch.lineitem[l_orderkey#9L,l_quantity#13] Batched: true, Bucketed: true, DataFilters: [isnotnull(l_orderkey#9L)], Format: Parquet, Location: InMemoryFileIndex(1 paths)[file:/data/spark-warehouse/tpch.db/lineitem], PartitionFilters: [], PushedFilters: [IsNotNull(l_orderkey)], ReadSchema: struct<l_orderkey:bigint,l_quantity:decimal(15,2)>, SelectedBucketsCount: 60 out of 60", "metadata":{"Location":"InMemoryFileIndex(1 paths)[file:/data/spark-warehouse/tpch.db/lineitem]","ReadSchema":"struct<l_orderkey:bigint,l_quantity:decimal(15,2)>","Format":"Parquet","SelectedBucketsCount":"60 out of 60","Batched":"true","PartitionFilters":"[]","PushedFilters":"[IsNotNull(l_orderkey)]","DataFilters":"[isnotnull(l_orderkey#9L)]","Bucketed":"true"}, "metrics":[{"metricName":"number of files read","value":60,"accId":9175},{"metricName":"scan time","value":101,"accId":9174},{"metricName":"metadata time","value":0,"accId":9176},{"metricName":"size of files read","value":365478469,"accId":9177},{"metricName":"number of output rows","value":3498664,"accId":9173}], "children":[] }] }] }] }] }] }] },{ "nodeName":"InputAdapter", "description":"InputAdapter", "metadata":{}, "metrics":[], "children":[{ "nodeName":"WholeStageCodegen (6)", "description":"WholeStageCodegen (6)", "metadata":{}, "metrics":[{"metricName":"duration","value":9920,"accId":9178}], "children":[{ "nodeName":"Sort", "description":"Sort [l_orderkey#1658L ASC NULLS FIRST], false, 0", "metadata":{}, "metrics":[{"metricName":"sort time","value":0,"accId":9179},{"metricName":"peak memory","value":2351103440,"accId":9180},{"metricName":"spill size","value":0,"accId":9181}], "children":[{ "nodeName":"Project", "description":"Project [l_orderkey#1658L]", "metadata":{}, "metrics":[], "children":[{ "nodeName":"Filter", "description":"Filter (isnotnull(sum(l_quantity#13)#1657) AND (sum(l_quantity#13)#1657 > 300.00))", "metadata":{}, "metrics":[{"metricName":"number of output rows","value":57,"accId":9182}], "children":[{ "nodeName":"HashAggregate", "description":"HashAggregate(keys=[l_orderkey#1658L], functions=[sum(l_quantity#1662)])", "metadata":{}, "metrics":[{"metricName":"spill size","value":0,"accId":9185},{"metricName":"time in aggregation build","value":1720,"accId":9186},{"metricName":"peak memory","value":2385509840,"accId":9184},{"metricName":"number of output rows","value":874596,"accId":9183},{"metricName":"number of sort fallback tasks","value":0,"accId":9188},{"metricName":"avg hash probes per key","value":525,"accId":9187}], "children":[{ "nodeName":"HashAggregate", "description":"HashAggregate(keys=[l_orderkey#1658L], functions=[partial_sum(l_quantity#1662)])", "metadata":{}, "metrics":[{"metricName":"spill size","value":0,"accId":9191},{"metricName":"time in aggregation build","value":1391,"accId":9192},{"metricName":"peak memory","value":2385509840,"accId":9190},{"metricName":"number of output rows","value":874596,"accId":9189},{"metricName":"number of sort fallback tasks","value":0,"accId":9194},{"metricName":"avg hash probes per key","value":525,"accId":9193}], "children":[{ "nodeName":"ColumnarToRow", "description":"ColumnarToRow", "metadata":{}, "metrics":[{"metricName":"number of output rows","value":3498664,"accId":9195},{"metricName":"number of input batches","value":875,"accId":9196}], "children":[{ "nodeName":"InputAdapter", "description":"InputAdapter", "metadata":{}, "metrics":[], "children":[{ "nodeName":"Scan parquet spark_catalog.tpch.lineitem", "description":"FileScan parquet spark_catalog.tpch.lineitem[l_orderkey#1658L,l_quantity#1662] Batched: true, Bucketed: true, DataFilters: [], Format: Parquet, Location: InMemoryFileIndex(1 paths)[file:/data/spark-warehouse/tpch.db/lineitem], PartitionFilters: [], PushedFilters: [], ReadSchema: struct<l_orderkey:bigint,l_quantity:decimal(15,2)>, SelectedBucketsCount: 60 out of 60", "metadata":{"Location":"InMemoryFileIndex(1 paths)[file:/data/spark-warehouse/tpch.db/lineitem]","ReadSchema":"struct<l_orderkey:bigint,l_quantity:decimal(15,2)>","Format":"Parquet","SelectedBucketsCount":"60 out of 60","Batched":"true","PartitionFilters":"[]","PushedFilters":"[]","DataFilters":"[]","Bucketed":"true"}, "metrics":[{"metricName":"number of files read","value":60,"accId":9199},{"metricName":"scan time","value":319,"accId":9198},{"metricName":"metadata time","value":0,"accId":9200},{"metricName":"size of files read","value":365478469,"accId":9201},{"metricName":"number of output rows","value":3498664,"accId":9197}], "children":[] }] }] }] }] }] }] }] }] }] }] }] }] }] }] }] }] }] }] }},{"totalTime":1402,"stagePlan":{"stages":[{"id":168,"isQueryResult":false,"tasks":[{"id":8,"duration":5,"executor":1},{"id":18,"duration":5,"executor":2},{"id":52,"duration":5,"executor":2},{"id":7,"duration":4,"executor":0},{"id":25,"duration":5,"executor":1},{"id":56,"duration":4,"executor":0},{"id":13,"duration":5,"executor":2},{"id":28,"duration":4,"executor":1},{"id":48,"duration":4,"executor":0},{"id":4,"duration":18,"executor":2},{"id":29,"duration":4,"executor":0},{"id":24,"duration":3,"executor":0},{"id":37,"duration":5,"executor":1},{"id":38,"duration":5,"executor":2},{"id":3,"duration":10,"executor":0},{"id":22,"duration":5,"executor":1},{"id":44,"duration":4,"executor":0},{"id":23,"duration":5,"executor":0},{"id":12,"duration":5,"executor":2},{"id":11,"duration":5,"executor":0},{"id":57,"duration":4,"executor":2},{"id":46,"duration":5,"executor":2},{"id":43,"duration":5,"executor":2},{"id":32,"duration":5,"executor":2},{"id":5,"duration":14,"executor":1},{"id":50,"duration":5,"executor":2},{"id":20,"duration":5,"executor":2},{"id":59,"duration":5,"executor":2},{"id":30,"duration":4,"executor":0},{"id":21,"duration":4,"executor":0},{"id":55,"duration":5,"executor":1},{"id":31,"duration":4,"executor":1},{"id":15,"duration":5,"executor":0},{"id":26,"duration":4,"executor":2},{"id":10,"duration":4,"executor":0},{"id":14,"duration":4,"executor":1},{"id":36,"duration":7,"executor":0},{"id":33,"duration":5,"executor":2},{"id":17,"duration":4,"executor":0},{"id":45,"duration":5,"executor":1},{"id":19,"duration":4,"executor":1},{"id":47,"duration":4,"executor":0},{"id":6,"duration":4,"executor":0},{"id":54,"duration":3,"executor":0},{"id":35,"duration":4,"executor":1},{"id":2,"duration":15,"executor":1},{"id":39,"duration":4,"executor":2},{"id":40,"duration":4,"executor":1},{"id":16,"duration":5,"executor":1},{"id":49,"duration":4,"executor":1},{"id":41,"duration":5,"executor":0},{"id":42,"duration":4,"executor":1},{"id":9,"duration":4,"executor":1},{"id":53,"duration":4,"executor":0},{"id":1,"duration":18,"executor":2},{"id":58,"duration":5,"executor":1},{"id":34,"duration":6,"executor":0},{"id":51,"duration":4,"executor":1},{"id":27,"duration":4,"executor":2},{"id":0,"duration":11,"executor":0}],"rdds":[691,692,693,694],"parents":[],"accIds":[9314,9315,9316,9317,9318,9319,9400,9401,9402,9403,9404,9405,9406,9431,9432]},{"id":169,"isQueryResult":true,"tasks":[{"id":53,"duration":90,"executor":1},{"id":52,"duration":38,"executor":0},{"id":30,"duration":43,"executor":0},{"id":49,"duration":80,"executor":1},{"id":3,"duration":417,"executor":2},{"id":24,"duration":103,"executor":1},{"id":46,"duration":92,"executor":1},{"id":28,"duration":43,"executor":0},{"id":18,"duration":91,"executor":1},{"id":12,"duration":90,"executor":0},{"id":38,"duration":286,"executor":2},{"id":48,"duration":78,"executor":0},{"id":13,"duration":52,"executor":0},{"id":59,"duration":164,"executor":2},{"id":11,"duration":85,"executor":0},{"id":9,"duration":57,"executor":0},{"id":39,"duration":39,"executor":0},{"id":44,"duration":85,"executor":1},{"id":50,"duration":39,"executor":0},{"id":54,"duration":42,"executor":0},{"id":1,"duration":138,"executor":0},{"id":7,"duration":37,"executor":0},{"id":41,"duration":41,"executor":1},{"id":19,"duration":41,"executor":0},{"id":58,"duration":78,"executor":1},{"id":8,"duration":97,"executor":0},{"id":32,"duration":39,"executor":0},{"id":45,"duration":226,"executor":2},{"id":21,"duration":89,"executor":0},{"id":10,"duration":81,"executor":0},{"id":6,"duration":44,"executor":0},{"id":42,"duration":83,"executor":0},{"id":35,"duration":39,"executor":0},{"id":40,"duration":85,"executor":1},{"id":16,"duration":40,"executor":0},{"id":0,"duration":544,"executor":2},{"id":47,"duration":77,"executor":0},{"id":29,"duration":125,"executor":2},{"id":25,"duration":289,"executor":2},{"id":34,"duration":90,"executor":1},{"id":37,"duration":39,"executor":0},{"id":43,"duration":83,"executor":0},{"id":4,"duration":138,"executor":0},{"id":23,"duration":45,"executor":1},{"id":2,"duration":381,"executor":1},{"id":17,"duration":201,"executor":2},{"id":5,"duration":450,"executor":1},{"id":51,"duration":88,"executor":1},{"id":14,"duration":50,"executor":1},{"id":15,"duration":81,"executor":0},{"id":20,"duration":88,"executor":1},{"id":31,"duration":86,"executor":1},{"id":22,"duration":81,"executor":0},{"id":33,"duration":81,"executor":0},{"id":27,"duration":88,"executor":0},{"id":36,"duration":40,"executor":1},{"id":56,"duration":40,"executor":0},{"id":55,"duration":40,"executor":0},{"id":26,"duration":110,"executor":1},{"id":57,"duration":38,"executor":0}],"rdds":[695,696,697,698,699,700,701,702,703,704,705,706,707,708,709,710,711,712,713,714],"parents":[],"accIds":[9292,9293,9294,9296,9297,9299,9300,9302,9303,9305,9306,9307,9308,9323,9324,9326,9327,9328,9329,9330,9331,9332,9333,9337,9338,9339,9340,9341,9342,9343,9345,9346,9348,9349,9351,9352,9354,9355,9356,9357,9361,9362,9363,9365,9366,9367,9368,9369,9370,9371,9372,9376,9377,9378,9379,9380,9381,9382,9384,9385,9387,9388,9390,9391,9393,9394,9395,9396,9435,9436,9437,9438,9439,9440,9441,9444,9466,9467]}]},"sqlPlan":{ "nodeName":"TakeOrderedAndProject", "description":"TakeOrderedAndProject(limit=100, orderBy=[o_totalprice#574 DESC NULLS LAST,o_orderdate#575 ASC NULLS FIRST], output=[c_name#564,c_custkey#563L,o_orderkey#571L,o_orderdate#575,o_totalprice#574,sum(l_quantity)#1717])", "metadata":{}, "metrics":[{"metricName":"shuffle records written","value":0,"accId":9290},{"metricName":"local merged chunks fetched","value":0,"accId":9284},{"metricName":"shuffle write time","value":0,"accId":9291},{"metricName":"remote merged bytes read","value":0,"accId":9285},{"metricName":"local merged blocks fetched","value":0,"accId":9282},{"metricName":"corrupt merged block chunks","value":0,"accId":9279},{"metricName":"remote merged reqs duration","value":0,"accId":9288},{"metricName":"remote merged blocks fetched","value":0,"accId":9281},{"metricName":"records read","value":0,"accId":9278},{"metricName":"local bytes read","value":0,"accId":9276},{"metricName":"fetch wait time","value":0,"accId":9277},{"metricName":"remote bytes read","value":0,"accId":9274},{"metricName":"merged fetch fallback count","value":0,"accId":9280},{"metricName":"local blocks read","value":0,"accId":9273},{"metricName":"remote merged chunks fetched","value":0,"accId":9283},{"metricName":"remote blocks read","value":0,"accId":9272},{"metricName":"local merged bytes read","value":0,"accId":9286},{"metricName":"remote reqs duration","value":0,"accId":9287},{"metricName":"remote bytes read to disk","value":0,"accId":9275},{"metricName":"shuffle bytes written","value":0,"accId":9289}], "children":[{ "nodeName":"WholeStageCodegen (8)", "description":"WholeStageCodegen (8)", "metadata":{}, "metrics":[{"metricName":"duration","value":8578,"accId":9292}], "children":[{ "nodeName":"HashAggregate", "description":"HashAggregate(keys=[c_name#564, c_custkey#563L, o_orderkey#571L, o_orderdate#575, o_totalprice#574], functions=[sum(l_quantity#13)])", "metadata":{}, "metrics":[{"metricName":"spill size","value":0,"accId":9295},{"metricName":"time in aggregation build","value":4764,"accId":9296},{"metricName":"peak memory","value":2364538320,"accId":9294},{"metricName":"number of output rows","value":57,"accId":9293},{"metricName":"number of sort fallback tasks","value":0,"accId":9298},{"metricName":"avg hash probes per key","value":350,"accId":9297}], "children":[{ "nodeName":"HashAggregate", "description":"HashAggregate(keys=[c_name#564, c_custkey#563L, o_orderkey#571L, o_orderdate#575, o_totalprice#574], functions=[partial_sum(l_quantity#13)])", "metadata":{}, "metrics":[{"metricName":"spill size","value":0,"accId":9301},{"metricName":"time in aggregation build","value":4729,"accId":9302},{"metricName":"peak memory","value":2364538320,"accId":9300},{"metricName":"number of output rows","value":57,"accId":9299},{"metricName":"number of sort fallback tasks","value":0,"accId":9304},{"metricName":"avg hash probes per key","value":350,"accId":9303}], "children":[{ "nodeName":"Project", "description":"Project [c_custkey#563L, c_name#564, o_orderkey#571L, o_totalprice#574, o_orderdate#575, l_quantity#13]", "metadata":{}, "metrics":[], "children":[{ "nodeName":"SortMergeJoin", "description":"SortMergeJoin [o_orderkey#571L], [l_orderkey#9L], Inner", "metadata":{}, "metrics":[{"metricName":"number of output rows","value":399,"accId":9305},{"metricName":"spill size","value":0,"accId":9306}], "children":[{ "nodeName":"InputAdapter", "description":"InputAdapter", "metadata":{}, "metrics":[], "children":[{ "nodeName":"WholeStageCodegen (4)", "description":"WholeStageCodegen (4)", "metadata":{}, "metrics":[{"metricName":"duration","value":6116,"accId":9307}], "children":[{ "nodeName":"Project", "description":"Project [c_custkey#563L, c_name#564, o_orderkey#571L, o_totalprice#574, o_orderdate#575]", "metadata":{}, "metrics":[], "children":[{ "nodeName":"BroadcastHashJoin", "description":"BroadcastHashJoin [c_custkey#563L], [o_custkey#572L], Inner, BuildLeft, false", "metadata":{}, "metrics":[{"metricName":"number of output rows","value":57,"accId":9308}], "children":[{ "nodeName":"InputAdapter", "description":"InputAdapter", "metadata":{}, "metrics":[], "children":[{ "nodeName":"BroadcastExchange", "description":"BroadcastExchange HashedRelationBroadcastMode(List(input[0, bigint, false]),false), [plan_id=5715]", "metadata":{}, "metrics":[{"metricName":"time to broadcast","value":15,"accId":9313},{"metricName":"time to build","value":35,"accId":9312},{"metricName":"time to collect","value":71,"accId":9311},{"metricName":"number of output rows","value":150000,"accId":9310},{"metricName":"data size","value":17977216,"accId":9309}], "children":[{ "nodeName":"WholeStageCodegen (1)", "description":"WholeStageCodegen (1)", "metadata":{}, "metrics":[{"metricName":"duration","value":140,"accId":9314}], "children":[{ "nodeName":"Filter", "description":"Filter isnotnull(c_custkey#563L)", "metadata":{}, "metrics":[{"metricName":"number of output rows","value":150000,"accId":9315}], "children":[{ "nodeName":"ColumnarToRow", "description":"ColumnarToRow", "metadata":{}, "metrics":[{"metricName":"number of output rows","value":150000,"accId":9316},{"metricName":"number of input batches","value":60,"accId":9317}], "children":[{ "nodeName":"InputAdapter", "description":"InputAdapter", "metadata":{}, "metrics":[], "children":[{ "nodeName":"Scan parquet spark_catalog.tpch.customer", "description":"FileScan parquet spark_catalog.tpch.customer[c_custkey#563L,c_name#564] Batched: true, Bucketed: true, DataFilters: [isnotnull(c_custkey#563L)], Format: Parquet, Location: InMemoryFileIndex(1 paths)[file:/data/spark-warehouse/tpch.db/customer], PartitionFilters: [], PushedFilters: [IsNotNull(c_custkey)], ReadSchema: struct<c_custkey:bigint,c_name:string>, SelectedBucketsCount: 60 out of 60", "metadata":{"Location":"InMemoryFileIndex(1 paths)[file:/data/spark-warehouse/tpch.db/customer]","ReadSchema":"struct<c_custkey:bigint,c_name:string>","Format":"Parquet","SelectedBucketsCount":"60 out of 60","Batched":"true","PartitionFilters":"[]","PushedFilters":"[IsNotNull(c_custkey)]","DataFilters":"[isnotnull(c_custkey#563L)]","Bucketed":"true"}, "metrics":[{"metricName":"number of files read","value":60,"accId":9320},{"metricName":"scan time","value":97,"accId":9319},{"metricName":"metadata time","value":0,"accId":9321},{"metricName":"size of files read","value":24717733,"accId":9322},{"metricName":"number of output rows","value":150000,"accId":9318}], "children":[] }] }] }] }] }] }] },{ "nodeName":"SortMergeJoin", "description":"SortMergeJoin [o_orderkey#571L], [l_orderkey#1700L], LeftSemi", "metadata":{}, "metrics":[{"metricName":"number of output rows","value":57,"accId":9323},{"metricName":"spill size","value":0,"accId":9324}], "children":[{ "nodeName":"InputAdapter", "description":"InputAdapter", "metadata":{}, "metrics":[], "children":[{ "nodeName":"WholeStageCodegen (2)", "description":"WholeStageCodegen (2)", "metadata":{}, "metrics":[{"metricName":"duration","value":0,"accId":9325}], "children":[{ "nodeName":"Sort", "description":"Sort [o_orderkey#571L ASC NULLS FIRST], false, 0", "metadata":{}, "metrics":[{"metricName":"sort time","value":30,"accId":9326},{"metricName":"peak memory","value":4089445440,"accId":9327},{"metricName":"spill size","value":0,"accId":9328}], "children":[{ "nodeName":"Filter", "description":"Filter (isnotnull(o_custkey#572L) AND isnotnull(o_orderkey#571L))", "metadata":{}, "metrics":[{"metricName":"number of output rows","value":1500000,"accId":9329}], "children":[{ "nodeName":"ColumnarToRow", "description":"ColumnarToRow", "metadata":{}, "metrics":[{"metricName":"number of output rows","value":1500000,"accId":9330},{"metricName":"number of input batches","value":420,"accId":9331}], "children":[{ "nodeName":"InputAdapter", "description":"InputAdapter", "metadata":{}, "metrics":[], "children":[{ "nodeName":"Scan parquet spark_catalog.tpch.orders", "description":"FileScan parquet spark_catalog.tpch.orders[o_orderkey#571L,o_custkey#572L,o_totalprice#574,o_orderdate#575] Batched: true, Bucketed: true, DataFilters: [isnotnull(o_custkey#572L), isnotnull(o_orderkey#571L)], Format: Parquet, Location: InMemoryFileIndex(1 paths)[file:/data/spark-warehouse/tpch.db/orders], PartitionFilters: [], PushedFilters: [IsNotNull(o_custkey), IsNotNull(o_orderkey)], ReadSchema: struct<o_orderkey:bigint,o_custkey:bigint,o_totalprice:decimal(15,2),o_orderdate:date>, SelectedBucketsCount: 60 out of 60", "metadata":{"Location":"InMemoryFileIndex(1 paths)[file:/data/spark-warehouse/tpch.db/orders]","ReadSchema":"struct<o_orderkey:bigint,o_custkey:bigint,o_totalprice:decimal(15,2),o_orderdate:date>","Format":"Parquet","SelectedBucketsCount":"60 out of 60","Batched":"true","PartitionFilters":"[]","PushedFilters":"[IsNotNull(o_custkey), IsNotNull(o_orderkey)]","DataFilters":"[isnotnull(o_custkey#572L), isnotnull(o_orderkey#571L)]","Bucketed":"true"}, "metrics":[{"metricName":"number of files read","value":60,"accId":9334},{"metricName":"scan time","value":118,"accId":9333},{"metricName":"metadata time","value":0,"accId":9335},{"metricName":"size of files read","value":121789992,"accId":9336},{"metricName":"number of output rows","value":1500000,"accId":9332}], "children":[] }] }] }] }] }] }] },{ "nodeName":"InputAdapter", "description":"InputAdapter", "metadata":{}, "metrics":[], "children":[{ "nodeName":"WholeStageCodegen (3)", "description":"WholeStageCodegen (3)", "metadata":{}, "metrics":[{"metricName":"duration","value":9867,"accId":9337}], "children":[{ "nodeName":"Sort", "description":"Sort [l_orderkey#1700L ASC NULLS FIRST], false, 0", "metadata":{}, "metrics":[{"metricName":"sort time","value":0,"accId":9338},{"metricName":"peak memory","value":2352741840,"accId":9339},{"metricName":"spill size","value":0,"accId":9340}], "children":[{ "nodeName":"Project", "description":"Project [l_orderkey#1700L]", "metadata":{}, "metrics":[], "children":[{ "nodeName":"Filter", "description":"Filter (isnotnull(sum(l_quantity#13)#1699) AND (sum(l_quantity#13)#1699 > 300.00))", "metadata":{}, "metrics":[{"metricName":"number of output rows","value":57,"accId":9341}], "children":[{ "nodeName":"HashAggregate", "description":"HashAggregate(keys=[l_orderkey#1700L], functions=[sum(l_quantity#1704)])", "metadata":{}, "metrics":[{"metricName":"spill size","value":0,"accId":9344},{"metricName":"time in aggregation build","value":2144,"accId":9345},{"metricName":"peak memory","value":4089445440,"accId":9343},{"metricName":"number of output rows","value":1500000,"accId":9342},{"metricName":"number of sort fallback tasks","value":0,"accId":9347},{"metricName":"avg hash probes per key","value":900,"accId":9346}], "children":[{ "nodeName":"HashAggregate", "description":"HashAggregate(keys=[l_orderkey#1700L], functions=[partial_sum(l_quantity#1704)])", "metadata":{}, "metrics":[{"metricName":"spill size","value":0,"accId":9350},{"metricName":"time in aggregation build","value":1554,"accId":9351},{"metricName":"peak memory","value":4089445440,"accId":9349},{"metricName":"number of output rows","value":1500000,"accId":9348},{"metricName":"number of sort fallback tasks","value":0,"accId":9353},{"metricName":"avg hash probes per key","value":900,"accId":9352}], "children":[{ "nodeName":"ColumnarToRow", "description":"ColumnarToRow", "metadata":{}, "metrics":[{"metricName":"number of output rows","value":6001215,"accId":9354},{"metricName":"number of input batches","value":1500,"accId":9355}], "children":[{ "nodeName":"InputAdapter", "description":"InputAdapter", "metadata":{}, "metrics":[], "children":[{ "nodeName":"Scan parquet spark_catalog.tpch.lineitem", "description":"FileScan parquet spark_catalog.tpch.lineitem[l_orderkey#1700L,l_quantity#1704] Batched: true, Bucketed: true, DataFilters: [], Format: Parquet, Location: InMemoryFileIndex(1 paths)[file:/data/spark-warehouse/tpch.db/lineitem], PartitionFilters: [], PushedFilters: [], ReadSchema: struct<l_orderkey:bigint,l_quantity:decimal(15,2)>, SelectedBucketsCount: 60 out of 60", "metadata":{"Location":"InMemoryFileIndex(1 paths)[file:/data/spark-warehouse/tpch.db/lineitem]","ReadSchema":"struct<l_orderkey:bigint,l_quantity:decimal(15,2)>","Format":"Parquet","SelectedBucketsCount":"60 out of 60","Batched":"true","PartitionFilters":"[]","PushedFilters":"[]","DataFilters":"[]","Bucketed":"true"}, "metrics":[{"metricName":"number of files read","value":60,"accId":9358},{"metricName":"scan time","value":108,"accId":9357},{"metricName":"metadata time","value":0,"accId":9359},{"metricName":"size of files read","value":365478469,"accId":9360},{"metricName":"number of output rows","value":6001215,"accId":9356}], "children":[] }] }] }] }] }] }] }] }] }] }] }] }] }] }] },{ "nodeName":"InputAdapter", "description":"InputAdapter", "metadata":{}, "metrics":[], "children":[{ "nodeName":"WholeStageCodegen (7)", "description":"WholeStageCodegen (7)", "metadata":{}, "metrics":[{"metricName":"duration","value":3772,"accId":9361}], "children":[{ "nodeName":"SortMergeJoin", "description":"SortMergeJoin [l_orderkey#9L], [l_orderkey#1700L], LeftSemi", "metadata":{}, "metrics":[{"metricName":"number of output rows","value":399,"accId":9362},{"metricName":"spill size","value":0,"accId":9363}], "children":[{ "nodeName":"InputAdapter", "description":"InputAdapter", "metadata":{}, "metrics":[], "children":[{ "nodeName":"WholeStageCodegen (5)", "description":"WholeStageCodegen (5)", "metadata":{}, "metrics":[{"metricName":"duration","value":0,"accId":9364}], "children":[{ "nodeName":"Sort", "description":"Sort [l_orderkey#9L ASC NULLS FIRST], false, 0", "metadata":{}, "metrics":[{"metricName":"sort time","value":96,"accId":9365},{"metricName":"peak memory","value":2495610320,"accId":9366},{"metricName":"spill size","value":0,"accId":9367}], "children":[{ "nodeName":"Filter", "description":"Filter isnotnull(l_orderkey#9L)", "metadata":{}, "metrics":[{"metricName":"number of output rows","value":3498664,"accId":9368}], "children":[{ "nodeName":"ColumnarToRow", "description":"ColumnarToRow", "metadata":{}, "metrics":[{"metricName":"number of output rows","value":3498664,"accId":9369},{"metricName":"number of input batches","value":875,"accId":9370}], "children":[{ "nodeName":"InputAdapter", "description":"InputAdapter", "metadata":{}, "metrics":[], "children":[{ "nodeName":"Scan parquet spark_catalog.tpch.lineitem", "description":"FileScan parquet spark_catalog.tpch.lineitem[l_orderkey#9L,l_quantity#13] Batched: true, Bucketed: true, DataFilters: [isnotnull(l_orderkey#9L)], Format: Parquet, Location: InMemoryFileIndex(1 paths)[file:/data/spark-warehouse/tpch.db/lineitem], PartitionFilters: [], PushedFilters: [IsNotNull(l_orderkey)], ReadSchema: struct<l_orderkey:bigint,l_quantity:decimal(15,2)>, SelectedBucketsCount: 60 out of 60", "metadata":{"Location":"InMemoryFileIndex(1 paths)[file:/data/spark-warehouse/tpch.db/lineitem]","ReadSchema":"struct<l_orderkey:bigint,l_quantity:decimal(15,2)>","Format":"Parquet","SelectedBucketsCount":"60 out of 60","Batched":"true","PartitionFilters":"[]","PushedFilters":"[IsNotNull(l_orderkey)]","DataFilters":"[isnotnull(l_orderkey#9L)]","Bucketed":"true"}, "metrics":[{"metricName":"number of files read","value":60,"accId":9373},{"metricName":"scan time","value":87,"accId":9372},{"metricName":"metadata time","value":0,"accId":9374},{"metricName":"size of files read","value":365478469,"accId":9375},{"metricName":"number of output rows","value":3498664,"accId":9371}], "children":[] }] }] }] }] }] }] },{ "nodeName":"InputAdapter", "description":"InputAdapter", "metadata":{}, "metrics":[], "children":[{ "nodeName":"WholeStageCodegen (6)", "description":"WholeStageCodegen (6)", "metadata":{}, "metrics":[{"metricName":"duration","value":7555,"accId":9376}], "children":[{ "nodeName":"Sort", "description":"Sort [l_orderkey#1700L ASC NULLS FIRST], false, 0", "metadata":{}, "metrics":[{"metricName":"sort time","value":0,"accId":9377},{"metricName":"peak memory","value":2351103440,"accId":9378},{"metricName":"spill size","value":0,"accId":9379}], "children":[{ "nodeName":"Project", "description":"Project [l_orderkey#1700L]", "metadata":{}, "metrics":[], "children":[{ "nodeName":"Filter", "description":"Filter (isnotnull(sum(l_quantity#13)#1699) AND (sum(l_quantity#13)#1699 > 300.00))", "metadata":{}, "metrics":[{"metricName":"number of output rows","value":57,"accId":9380}], "children":[{ "nodeName":"HashAggregate", "description":"HashAggregate(keys=[l_orderkey#1700L], functions=[sum(l_quantity#1704)])", "metadata":{}, "metrics":[{"metricName":"spill size","value":0,"accId":9383},{"metricName":"time in aggregation build","value":1267,"accId":9384},{"metricName":"peak memory","value":2385509840,"accId":9382},{"metricName":"number of output rows","value":874596,"accId":9381},{"metricName":"number of sort fallback tasks","value":0,"accId":9386},{"metricName":"avg hash probes per key","value":525,"accId":9385}], "children":[{ "nodeName":"HashAggregate", "description":"HashAggregate(keys=[l_orderkey#1700L], functions=[partial_sum(l_quantity#1704)])", "metadata":{}, "metrics":[{"metricName":"spill size","value":0,"accId":9389},{"metricName":"time in aggregation build","value":917,"accId":9390},{"metricName":"peak memory","value":2385509840,"accId":9388},{"metricName":"number of output rows","value":874596,"accId":9387},{"metricName":"number of sort fallback tasks","value":0,"accId":9392},{"metricName":"avg hash probes per key","value":525,"accId":9391}], "children":[{ "nodeName":"ColumnarToRow", "description":"ColumnarToRow", "metadata":{}, "metrics":[{"metricName":"number of output rows","value":3498664,"accId":9393},{"metricName":"number of input batches","value":875,"accId":9394}], "children":[{ "nodeName":"InputAdapter", "description":"InputAdapter", "metadata":{}, "metrics":[], "children":[{ "nodeName":"Scan parquet spark_catalog.tpch.lineitem", "description":"FileScan parquet spark_catalog.tpch.lineitem[l_orderkey#1700L,l_quantity#1704] Batched: true, Bucketed: true, DataFilters: [], Format: Parquet, Location: InMemoryFileIndex(1 paths)[file:/data/spark-warehouse/tpch.db/lineitem], PartitionFilters: [], PushedFilters: [], ReadSchema: struct<l_orderkey:bigint,l_quantity:decimal(15,2)>, SelectedBucketsCount: 60 out of 60", "metadata":{"Location":"InMemoryFileIndex(1 paths)[file:/data/spark-warehouse/tpch.db/lineitem]","ReadSchema":"struct<l_orderkey:bigint,l_quantity:decimal(15,2)>","Format":"Parquet","SelectedBucketsCount":"60 out of 60","Batched":"true","PartitionFilters":"[]","PushedFilters":"[]","DataFilters":"[]","Bucketed":"true"}, "metrics":[{"metricName":"number of files read","value":60,"accId":9397},{"metricName":"scan time","value":76,"accId":9396},{"metricName":"metadata time","value":0,"accId":9398},{"metricName":"size of files read","value":365478469,"accId":9399},{"metricName":"number of output rows","value":3498664,"accId":9395}], "children":[] }] }] }] }] }] }] }] }] }] }] }] }] }] }] }] }] }] }] }}]