[{"totalTime":594,"stagePlan":{"stages":[{"id":280,"isQueryResult":false,"tasks":[{"id":32,"duration":33,"executor":0},{"id":29,"duration":27,"executor":2},{"id":39,"duration":25,"executor":1},{"id":26,"duration":30,"executor":0},{"id":11,"duration":48,"executor":0},{"id":42,"duration":20,"executor":1},{"id":47,"duration":25,"executor":2},{"id":36,"duration":28,"executor":0},{"id":12,"duration":38,"executor":0},{"id":30,"duration":36,"executor":0},{"id":38,"duration":19,"executor":2},{"id":45,"duration":20,"executor":1},{"id":20,"duration":40,"executor":0},{"id":50,"duration":22,"executor":1},{"id":52,"duration":48,"executor":2},{"id":21,"duration":34,"executor":2},{"id":24,"duration":31,"executor":0},{"id":51,"duration":36,"executor":0},{"id":57,"duration":24,"executor":0},{"id":55,"duration":20,"executor":1},{"id":25,"duration":31,"executor":1},{"id":5,"duration":43,"executor":0},{"id":56,"duration":30,"executor":1},{"id":23,"duration":34,"executor":2},{"id":27,"duration":30,"executor":2},{"id":10,"duration":24,"executor":2},{"id":7,"duration":40,"executor":0},{"id":28,"duration":61,"executor":1},{"id":18,"duration":41,"executor":0},{"id":53,"duration":44,"executor":2},{"id":14,"duration":23,"executor":2},{"id":35,"duration":46,"executor":0},{"id":33,"duration":31,"executor":2},{"id":44,"duration":32,"executor":0},{"id":48,"duration":24,"executor":1},{"id":58,"duration":32,"executor":1},{"id":2,"duration":45,"executor":0},{"id":4,"duration":105,"executor":1},{"id":15,"duration":95,"executor":1},{"id":46,"duration":24,"executor":2},{"id":3,"duration":54,"executor":2},{"id":54,"duration":19,"executor":1},{"id":43,"duration":24,"executor":0},{"id":19,"duration":42,"executor":2},{"id":17,"duration":42,"executor":2},{"id":41,"duration":20,"executor":2},{"id":9,"duration":39,"executor":2},{"id":13,"duration":26,"executor":2},{"id":22,"duration":26,"executor":0},{"id":34,"duration":30,"executor":2},{"id":40,"duration":21,"executor":2},{"id":37,"duration":19,"executor":2},{"id":1,"duration":104,"executor":1},{"id":16,"duration":84,"executor":1},{"id":31,"duration":56,"executor":1},{"id":59,"duration":26,"executor":0},{"id":0,"duration":50,"executor":2},{"id":6,"duration":39,"executor":0},{"id":8,"duration":28,"executor":2},{"id":49,"duration":37,"executor":0}],"rdds":[1216,1217,1218,1219,1220,1221,1222,1223,1224],"parents":[],"accIds":[15224,15243,15244,15245,15246,15247,15248,15250,15253,15254,15255,15256,15257,15258,15259,15260,15261,15262,15263,15267,15268,15269,15270,15271,15272,15273,15274,15275,15279,15280,15281,15282,15283,15284,15285,15288,15307,15308,15309,15310,15311]},{"id":281,"isQueryResult":false,"tasks":[{"id":41,"duration":4,"executor":2},{"id":42,"duration":3,"executor":2},{"id":18,"duration":3,"executor":0},{"id":25,"duration":3,"executor":2},{"id":27,"duration":3,"executor":2},{"id":59,"duration":3,"executor":0},{"id":6,"duration":4,"executor":0},{"id":17,"duration":2,"executor":2},{"id":38,"duration":3,"executor":1},{"id":31,"duration":3,"executor":2},{"id":4,"duration":3,"executor":2},{"id":50,"duration":3,"executor":2},{"id":39,"duration":4,"executor":1},{"id":7,"duration":3,"executor":2},{"id":13,"duration":3,"executor":2},{"id":36,"duration":7,"executor":0},{"id":14,"duration":3,"executor":2},{"id":33,"duration":9,"executor":0},{"id":29,"duration":3,"executor":2},{"id":35,"duration":5,"executor":2},{"id":47,"duration":4,"executor":0},{"id":53,"duration":4,"executor":0},{"id":20,"duration":3,"executor":0},{"id":49,"duration":4,"executor":2},{"id":40,"duration":3,"executor":2},{"id":9,"duration":3,"executor":2},{"id":0,"duration":16,"executor":0},{"id":34,"duration":4,"executor":1},{"id":11,"duration":3,"executor":0},{"id":22,"duration":3,"executor":0},{"id":52,"duration":3,"executor":1},{"id":16,"duration":18,"executor":0},{"id":57,"duration":4,"executor":1},{"id":24,"duration":3,"executor":0},{"id":8,"duration":3,"executor":0},{"id":46,"duration":35,"executor":1},{"id":32,"duration":5,"executor":1},{"id":58,"duration":4,"executor":1},{"id":45,"duration":18,"executor":2},{"id":23,"duration":3,"executor":2},{"id":54,"duration":4,"executor":2},{"id":21,"duration":3,"executor":2},{"id":44,"duration":4,"executor":1},{"id":10,"duration":3,"executor":2},{"id":5,"duration":35,"executor":1},{"id":1,"duration":7,"executor":2},{"id":37,"duration":3,"executor":2},{"id":43,"duration":4,"executor":1},{"id":26,"duration":3,"executor":0},{"id":55,"duration":3,"executor":2},{"id":56,"duration":5,"executor":0},{"id":3,"duration":4,"executor":2},{"id":48,"duration":5,"executor":0},{"id":51,"duration":3,"executor":1},{"id":2,"duration":4,"executor":2},{"id":12,"duration":3,"executor":0},{"id":19,"duration":3,"executor":2},{"id":15,"duration":3,"executor":0},{"id":28,"duration":3,"executor":0},{"id":30,"duration":3,"executor":0}],"rdds":[1225,1226,1227,1228,1229],"parents":[280],"accIds":[15217,15218,15219,15221,15222,15226,15227,15228,15230,15231,15232,15241,15314,15315,15316,15317,15318,15319,15320,15323,15325,15326,15327,15328,15329,15330,15331,15332,15333,15334,15335,15336,15337,15338,15339,15340,15341]},{"id":283,"isQueryResult":false,"tasks":[{"id":42,"duration":4,"executor":1},{"id":19,"duration":5,"executor":2},{"id":43,"duration":5,"executor":2},{"id":38,"duration":4,"executor":2},{"id":20,"duration":4,"executor":1},{"id":6,"duration":6,"executor":0},{"id":34,"duration":20,"executor":2},{"id":25,"duration":5,"executor":1},{"id":47,"duration":5,"executor":1},{"id":1,"duration":8,"executor":1},{"id":45,"duration":18,"executor":1},{"id":30,"duration":29,"executor":0},{"id":9,"duration":4,"executor":2},{"id":27,"duration":4,"executor":1},{"id":58,"duration":3,"executor":1},{"id":36,"duration":19,"executor":1},{"id":13,"duration":5,"executor":0},{"id":33,"duration":4,"executor":1},{"id":17,"duration":4,"executor":1},{"id":50,"duration":4,"executor":2},{"id":46,"duration":20,"executor":2},{"id":35,"duration":19,"executor":1},{"id":16,"duration":21,"executor":0},{"id":24,"duration":5,"executor":0},{"id":5,"duration":19,"executor":2},{"id":54,"duration":6,"executor":0},{"id":55,"duration":4,"executor":1},{"id":41,"duration":6,"executor":0},{"id":10,"duration":5,"executor":1},{"id":23,"duration":6,"executor":2},{"id":57,"duration":4,"executor":0},{"id":4,"duration":4,"executor":1},{"id":32,"duration":4,"executor":2},{"id":53,"duration":6,"executor":2},{"id":59,"duration":4,"executor":1},{"id":3,"duration":4,"executor":1},{"id":56,"duration":5,"executor":2},{"id":49,"duration":3,"executor":1},{"id":48,"duration":5,"executor":0},{"id":12,"duration":7,"executor":1},{"id":2,"duration":5,"executor":1},{"id":28,"duration":30,"executor":0},{"id":0,"duration":18,"executor":0},{"id":15,"duration":4,"executor":2},{"id":11,"duration":6,"executor":0},{"id":22,"duration":4,"executor":1},{"id":14,"duration":6,"executor":2},{"id":26,"duration":5,"executor":2},{"id":18,"duration":6,"executor":0},{"id":29,"duration":5,"executor":2},{"id":8,"duration":7,"executor":2},{"id":37,"duration":23,"executor":2},{"id":52,"duration":5,"executor":0},{"id":51,"duration":5,"executor":1},{"id":39,"duration":4,"executor":1},{"id":31,"duration":4,"executor":1},{"id":44,"duration":6,"executor":2},{"id":40,"duration":5,"executor":1},{"id":7,"duration":6,"executor":1},{"id":21,"duration":6,"executor":0}],"rdds":[1225,1226,1230],"parents":[282],"accIds":[15195,15214,15215,15216,15217,15218,15219,15221,15222,15226,15227,15228,15230,15231,15232,15241,15349,15350,15351,15352,15353,15354,15355,15358,15360,15361,15362,15363,15364,15365,15366,15367,15368,15369,15370,15371,15372,15373,15374,15375,15376,15377,15378,15379]},{"id":284,"isQueryResult":true,"tasks":[{"id":4,"duration":9,"executor":1},{"id":3,"duration":4,"executor":2},{"id":1,"duration":8,"executor":0},{"id":2,"duration":8,"executor":2},{"id":0,"duration":9,"executor":2}],"rdds":[1231,1232,1233],"parents":[283],"accIds":[15191,15192,15193,15194,15198,15201,15202,15203,15384,15385,15386,15387,15388,15393,15395,15396,15397,15398,15399,15400,15401,15402,15403,15404,15405,15406,15407,15408,15409,15410,15411]}]},"sqlPlan":{ "nodeName":"WholeStageCodegen (5)", "description":"WholeStageCodegen (5)", "metadata":{}, "metrics":[{"metricName":"duration","value":0,"accId":15191}], "children":[{ "nodeName":"Sort", "description":"Sort [o_orderpriority#576 ASC NULLS FIRST], true, 0", "metadata":{}, "metrics":[{"metricName":"sort time","value":0,"accId":15192},{"metricName":"peak memory","value":335871920,"accId":15193},{"metricName":"spill size","value":0,"accId":15194}], "children":[{ "nodeName":"InputAdapter", "description":"InputAdapter", "metadata":{}, "metrics":[], "children":[{ "nodeName":"Exchange", "description":"Exchange rangepartitioning(o_orderpriority#576 ASC NULLS FIRST, 60), ENSURE_REQUIREMENTS, [plan_id=10509]", "metadata":{}, "metrics":[{"metricName":"shuffle records written","value":5,"accId":15215},{"metricName":"local merged chunks fetched","value":0,"accId":15209},{"metricName":"shuffle write time","value":2042201,"accId":15216},{"metricName":"remote merged bytes read","value":0,"accId":15210},{"metricName":"local merged blocks fetched","value":0,"accId":15207},{"metricName":"corrupt merged block chunks","value":0,"accId":15204},{"metricName":"remote merged reqs duration","value":0,"accId":15213},{"metricName":"remote merged blocks fetched","value":0,"accId":15206},{"metricName":"records read","value":5,"accId":15203},{"metricName":"local bytes read","value":369,"accId":15201},{"metricName":"fetch wait time","value":0,"accId":15202},{"metricName":"remote bytes read","value":0,"accId":15199},{"metricName":"merged fetch fallback count","value":0,"accId":15205},{"metricName":"local blocks read","value":5,"accId":15198},{"metricName":"remote merged chunks fetched","value":0,"accId":15208},{"metricName":"remote blocks read","value":0,"accId":15197},{"metricName":"data size","value":168,"accId":15195},{"metricName":"local merged bytes read","value":0,"accId":15211},{"metricName":"number of partitions","value":5,"accId":15196},{"metricName":"remote reqs duration","value":0,"accId":15212},{"metricName":"remote bytes read to disk","value":0,"accId":15200},{"metricName":"shuffle bytes written","value":369,"accId":15214}], "children":[{ "nodeName":"WholeStageCodegen (4)", "description":"WholeStageCodegen (4)", "metadata":{}, "metrics":[{"metricName":"duration","value":144,"accId":15217}], "children":[{ "nodeName":"HashAggregate", "description":"HashAggregate(keys=[o_orderpriority#576], functions=[count(1)])", "metadata":{}, "metrics":[{"metricName":"spill size","value":0,"accId":15220},{"metricName":"time in aggregation build","value":90,"accId":15221},{"metricName":"peak memory","value":568328064,"accId":15219},{"metricName":"number of output rows","value":10,"accId":15218},{"metricName":"number of sort fallback tasks","value":0,"accId":15223},{"metricName":"avg hash probes per key","value":80,"accId":15222}], "children":[{ "nodeName":"InputAdapter", "description":"InputAdapter", "metadata":{}, "metrics":[], "children":[{ "nodeName":"Exchange", "description":"Exchange hashpartitioning(o_orderpriority#576, 60), ENSURE_REQUIREMENTS, [plan_id=10505]", "metadata":{}, "metrics":[{"metricName":"shuffle records written","value":300,"accId":15244},{"metricName":"local merged chunks fetched","value":0,"accId":15238},{"metricName":"shuffle write time","value":157864887,"accId":15245},{"metricName":"remote merged bytes read","value":0,"accId":15239},{"metricName":"local merged blocks fetched","value":0,"accId":15236},{"metricName":"corrupt merged block chunks","value":0,"accId":15233},{"metricName":"remote merged reqs duration","value":0,"accId":15242},{"metricName":"remote merged blocks fetched","value":0,"accId":15235},{"metricName":"records read","value":600,"accId":15232},{"metricName":"local bytes read","value":12640,"accId":15230},{"metricName":"fetch wait time","value":68,"accId":15231},{"metricName":"remote bytes read","value":25616,"accId":15228},{"metricName":"merged fetch fallback count","value":0,"accId":15234},{"metricName":"local blocks read","value":159,"accId":15227},{"metricName":"remote merged chunks fetched","value":0,"accId":15237},{"metricName":"remote blocks read","value":321,"accId":15226},{"metricName":"data size","value":10080,"accId":15224},{"metricName":"local merged bytes read","value":0,"accId":15240},{"metricName":"number of partitions","value":60,"accId":15225},{"metricName":"remote reqs duration","value":140,"accId":15241},{"metricName":"remote bytes read to disk","value":0,"accId":15229},{"metricName":"shuffle bytes written","value":19128,"accId":15243}], "children":[{ "nodeName":"WholeStageCodegen (3)", "description":"WholeStageCodegen (3)", "metadata":{}, "metrics":[{"metricName":"duration","value":1765,"accId":15246}], "children":[{ "nodeName":"HashAggregate", "description":"HashAggregate(keys=[o_orderpriority#576], functions=[partial_count(1)])", "metadata":{}, "metrics":[{"metricName":"spill size","value":0,"accId":15249},{"metricName":"time in aggregation build","value":1557,"accId":15250},{"metricName":"peak memory","value":15728640,"accId":15248},{"metricName":"number of output rows","value":300,"accId":15247},{"metricName":"number of sort fallback tasks","value":0,"accId":15252},{"metricName":"avg hash probes per key","value":0,"accId":15251}], "children":[{ "nodeName":"Project", "description":"Project [o_orderpriority#576]", "metadata":{}, "metrics":[], "children":[{ "nodeName":"SortMergeJoin", "description":"SortMergeJoin [o_orderkey#571L], [l_orderkey#9L], LeftSemi", "metadata":{}, "metrics":[{"metricName":"number of output rows","value":52523,"accId":15253},{"metricName":"spill size","value":0,"accId":15254}], "children":[{ "nodeName":"InputAdapter", "description":"InputAdapter", "metadata":{}, "metrics":[], "children":[{ "nodeName":"WholeStageCodegen (1)", "description":"WholeStageCodegen (1)", "metadata":{}, "metrics":[{"metricName":"duration","value":1698,"accId":15255}], "children":[{ "nodeName":"Sort", "description":"Sort [o_orderkey#571L ASC NULLS FIRST], false, 0", "metadata":{}, "metrics":[{"metricName":"sort time","value":0,"accId":15256},{"metricName":"peak memory","value":4030463040,"accId":15257},{"metricName":"spill size","value":0,"accId":15258}], "children":[{ "nodeName":"Project", "description":"Project [o_orderkey#571L, o_orderpriority#576]", "metadata":{}, "metrics":[], "children":[{ "nodeName":"Filter", "description":"Filter ((isnotnull(o_orderdate#575) AND (o_orderdate#575 >= 1993-07-01)) AND (o_orderdate#575 < 1993-10-01))", "metadata":{}, "metrics":[{"metricName":"number of output rows","value":57218,"accId":15259}], "children":[{ "nodeName":"ColumnarToRow", "description":"ColumnarToRow", "metadata":{}, "metrics":[{"metricName":"number of output rows","value":1500000,"accId":15260},{"metricName":"number of input batches","value":420,"accId":15261}], "children":[{ "nodeName":"InputAdapter", "description":"InputAdapter", "metadata":{}, "metrics":[], "children":[{ "nodeName":"Scan parquet spark_catalog.tpch.orders", "description":"FileScan parquet spark_catalog.tpch.orders[o_orderkey#571L,o_orderdate#575,o_orderpriority#576] Batched: true, Bucketed: true, DataFilters: [isnotnull(o_orderdate#575), (o_orderdate#575 >= 1993-07-01), (o_orderdate#575 < 1993-10-01)], Format: Parquet, Location: InMemoryFileIndex(1 paths)[file:/data/spark-warehouse/tpch.db/orders], PartitionFilters: [], PushedFilters: [IsNotNull(o_orderdate), GreaterThanOrEqual(o_orderdate,1993-07-01), LessThan(o_orderdate,1993-10..., ReadSchema: struct<o_orderkey:bigint,o_orderdate:date,o_orderpriority:string>, SelectedBucketsCount: 60 out of 60", "metadata":{"Location":"InMemoryFileIndex(1 paths)[file:/data/spark-warehouse/tpch.db/orders]","ReadSchema":"struct<o_orderkey:bigint,o_orderdate:date,o_orderpriority:string>","Format":"Parquet","SelectedBucketsCount":"60 out of 60","Batched":"true","PartitionFilters":"[]","PushedFilters":"[IsNotNull(o_orderdate), GreaterThanOrEqual(o_orderdate,1993-07-01), LessThan(o_orderdate,1993-10-01)]","DataFilters":"[isnotnull(o_orderdate#575), (o_orderdate#575 >= 1993-07-01), (o_orderdate#575 < 1993-10-01)]","Bucketed":"true"}, "metrics":[{"metricName":"number of files read","value":60,"accId":15264},{"metricName":"scan time","value":172,"accId":15263},{"metricName":"metadata time","value":0,"accId":15265},{"metricName":"size of files read","value":121789992,"accId":15266},{"metricName":"number of output rows","value":1500000,"accId":15262}], "children":[] }] }] }] }] }] }] }] },{ "nodeName":"InputAdapter", "description":"InputAdapter", "metadata":{}, "metrics":[], "children":[{ "nodeName":"WholeStageCodegen (2)", "description":"WholeStageCodegen (2)", "metadata":{}, "metrics":[{"metricName":"duration","value":105,"accId":15267}], "children":[{ "nodeName":"Sort", "description":"Sort [l_orderkey#9L ASC NULLS FIRST], false, 0", "metadata":{}, "metrics":[{"metricName":"sort time","value":76,"accId":15268},{"metricName":"peak memory","value":4152360000,"accId":15269},{"metricName":"spill size","value":0,"accId":15270}], "children":[{ "nodeName":"Project", "description":"Project [l_orderkey#9L]", "metadata":{}, "metrics":[], "children":[{ "nodeName":"Filter", "description":"Filter ((isnotnull(l_commitdate#20) AND isnotnull(l_receiptdate#21)) AND (l_commitdate#20 < l_receiptdate#21))", "metadata":{}, "metrics":[{"metricName":"number of output rows","value":3793296,"accId":15271}], "children":[{ "nodeName":"ColumnarToRow", "description":"ColumnarToRow", "metadata":{}, "metrics":[{"metricName":"number of output rows","value":6001215,"accId":15272},{"metricName":"number of input batches","value":1500,"accId":15273}], "children":[{ "nodeName":"InputAdapter", "description":"InputAdapter", "metadata":{}, "metrics":[], "children":[{ "nodeName":"Scan parquet spark_catalog.tpch.lineitem", "description":"FileScan parquet spark_catalog.tpch.lineitem[l_orderkey#9L,l_commitdate#20,l_receiptdate#21] Batched: true, Bucketed: true, DataFilters: [isnotnull(l_commitdate#20), isnotnull(l_receiptdate#21), (l_commitdate#20 < l_receiptdate#21)], Format: Parquet, Location: InMemoryFileIndex(1 paths)[file:/data/spark-warehouse/tpch.db/lineitem], PartitionFilters: [], PushedFilters: [IsNotNull(l_commitdate), IsNotNull(l_receiptdate)], ReadSchema: struct<l_orderkey:bigint,l_commitdate:date,l_receiptdate:date>, SelectedBucketsCount: 60 out of 60", "metadata":{"Location":"InMemoryFileIndex(1 paths)[file:/data/spark-warehouse/tpch.db/lineitem]","ReadSchema":"struct<l_orderkey:bigint,l_commitdate:date,l_receiptdate:date>","Format":"Parquet","SelectedBucketsCount":"60 out of 60","Batched":"true","PartitionFilters":"[]","PushedFilters":"[IsNotNull(l_commitdate), IsNotNull(l_receiptdate)]","DataFilters":"[isnotnull(l_commitdate#20), isnotnull(l_receiptdate#21), (l_commitdate#20 < l_receiptdate#21)]","Bucketed":"true"}, "metrics":[{"metricName":"number of files read","value":60,"accId":15276},{"metricName":"scan time","value":197,"accId":15275},{"metricName":"metadata time","value":0,"accId":15277},{"metricName":"size of files read","value":365478469,"accId":15278},{"metricName":"number of output rows","value":6001215,"accId":15274}], "children":[] }] }] }] }] }] }] }] }] }] }] }] }] }] }] }] }] }] }] }] }},{"totalTime":581,"stagePlan":{"stages":[{"id":285,"isQueryResult":false,"tasks":[{"id":37,"duration":19,"executor":2},{"id":56,"duration":19,"executor":2},{"id":43,"duration":19,"executor":2},{"id":30,"duration":49,"executor":1},{"id":46,"duration":35,"executor":0},{"id":7,"duration":25,"executor":0},{"id":27,"duration":37,"executor":0},{"id":33,"duration":26,"executor":0},{"id":4,"duration":40,"executor":0},{"id":25,"duration":50,"executor":1},{"id":38,"duration":24,"executor":1},{"id":54,"duration":24,"executor":0},{"id":6,"duration":26,"executor":2},{"id":14,"duration":39,"executor":0},{"id":50,"duration":37,"executor":1},{"id":5,"duration":40,"executor":2},{"id":40,"duration":28,"executor":0},{"id":10,"duration":32,"executor":1},{"id":11,"duration":39,"executor":1},{"id":51,"duration":25,"executor":2},{"id":52,"duration":23,"executor":2},{"id":55,"duration":20,"executor":2},{"id":53,"duration":23,"executor":0},{"id":44,"duration":23,"executor":1},{"id":18,"duration":26,"executor":2},{"id":48,"duration":18,"executor":2},{"id":13,"duration":39,"executor":0},{"id":31,"duration":23,"executor":2},{"id":19,"duration":23,"executor":2},{"id":49,"duration":41,"executor":1},{"id":12,"duration":27,"executor":2},{"id":42,"duration":23,"executor":1},{"id":20,"duration":33,"executor":0},{"id":22,"duration":23,"executor":2},{"id":1,"duration":40,"executor":0},{"id":32,"duration":22,"executor":2},{"id":16,"duration":49,"executor":1},{"id":8,"duration":25,"executor":0},{"id":0,"duration":42,"executor":1},{"id":59,"duration":27,"executor":0},{"id":45,"duration":35,"executor":0},{"id":26,"duration":37,"executor":0},{"id":57,"duration":26,"executor":1},{"id":21,"duration":33,"executor":0},{"id":2,"duration":39,"executor":2},{"id":24,"duration":28,"executor":1},{"id":3,"duration":45,"executor":1},{"id":9,"duration":30,"executor":2},{"id":28,"duration":33,"executor":2},{"id":23,"duration":26,"executor":2},{"id":41,"duration":18,"executor":2},{"id":39,"duration":28,"executor":0},{"id":35,"duration":28,"executor":1},{"id":58,"duration":23,"executor":1},{"id":17,"duration":51,"executor":1},{"id":34,"duration":26,"executor":0},{"id":15,"duration":22,"executor":2},{"id":29,"duration":26,"executor":2},{"id":47,"duration":19,"executor":2},{"id":36,"duration":22,"executor":2}],"rdds":[1234,1235,1236,1237,1238,1239,1240,1241,1242],"parents":[],"accIds":[15452,15471,15472,15473,15474,15475,15476,15478,15481,15482,15483,15484,15485,15486,15487,15488,15489,15490,15491,15495,15496,15497,15498,15499,15500,15501,15502,15503,15507,15508,15509,15510,15511,15512,15516,15535,15536,15537,15538,15539]},{"id":286,"isQueryResult":false,"tasks":[{"id":31,"duration":3,"executor":2},{"id":16,"duration":11,"executor":2},{"id":34,"duration":5,"executor":1},{"id":15,"duration":4,"executor":2},{"id":50,"duration":5,"executor":0},{"id":43,"duration":5,"executor":0},{"id":55,"duration":3,"executor":0},{"id":27,"duration":3,"executor":2},{"id":33,"duration":4,"executor":1},{"id":51,"duration":3,"executor":0},{"id":38,"duration":6,"executor":1},{"id":13,"duration":4,"executor":2},{"id":10,"duration":5,"executor":1},{"id":11,"duration":3,"executor":0},{"id":59,"duration":3,"executor":0},{"id":21,"duration":16,"executor":0},{"id":22,"duration":3,"executor":2},{"id":41,"duration":5,"executor":0},{"id":44,"duration":19,"executor":1},{"id":2,"duration":5,"executor":2},{"id":37,"duration":6,"executor":0},{"id":49,"duration":4,"executor":2},{"id":4,"duration":5,"executor":2},{"id":29,"duration":3,"executor":2},{"id":9,"duration":3,"executor":2},{"id":30,"duration":4,"executor":1},{"id":36,"duration":4,"executor":2},{"id":35,"duration":5,"executor":2},{"id":17,"duration":4,"executor":1},{"id":7,"duration":4,"executor":0},{"id":58,"duration":5,"executor":2},{"id":45,"duration":12,"executor":0},{"id":54,"duration":4,"executor":0},{"id":23,"duration":5,"executor":1},{"id":46,"duration":13,"executor":1},{"id":32,"duration":3,"executor":2},{"id":12,"duration":4,"executor":1},{"id":28,"duration":4,"executor":1},{"id":20,"duration":3,"executor":2},{"id":14,"duration":4,"executor":0},{"id":56,"duration":5,"executor":2},{"id":3,"duration":4,"executor":0},{"id":25,"duration":3,"executor":1},{"id":19,"duration":5,"executor":1},{"id":57,"duration":5,"executor":0},{"id":47,"duration":6,"executor":2},{"id":26,"duration":3,"executor":2},{"id":18,"duration":15,"executor":0},{"id":48,"duration":18,"executor":1},{"id":8,"duration":4,"executor":0},{"id":6,"duration":4,"executor":1},{"id":40,"duration":4,"executor":1},{"id":1,"duration":8,"executor":0},{"id":39,"duration":6,"executor":2},{"id":5,"duration":12,"executor":1},{"id":42,"duration":4,"executor":2},{"id":0,"duration":8,"executor":2},{"id":24,"duration":3,"executor":2},{"id":53,"duration":5,"executor":2},{"id":52,"duration":4,"executor":2}],"rdds":[1243,1244,1245,1246,1247],"parents":[285],"accIds":[15445,15446,15447,15449,15450,15454,15455,15456,15458,15459,15460,15469,15542,15543,15544,15545,15546,15547,15548,15551,15553,15554,15555,15556,15557,15558,15559,15560,15561,15562,15563,15564,15565,15566,15567,15568,15569]},{"id":288,"isQueryResult":false,"tasks":[{"id":52,"duration":4,"executor":1},{"id":10,"duration":6,"executor":1},{"id":25,"duration":4,"executor":0},{"id":46,"duration":18,"executor":0},{"id":8,"duration":4,"executor":1},{"id":31,"duration":12,"executor":0},{"id":17,"duration":5,"executor":0},{"id":9,"duration":5,"executor":0},{"id":35,"duration":3,"executor":2},{"id":11,"duration":4,"executor":0},{"id":32,"duration":4,"executor":2},{"id":30,"duration":4,"executor":2},{"id":2,"duration":5,"executor":2},{"id":38,"duration":5,"executor":1},{"id":26,"duration":4,"executor":2},{"id":29,"duration":6,"executor":2},{"id":45,"duration":12,"executor":1},{"id":44,"duration":15,"executor":0},{"id":12,"duration":5,"executor":2},{"id":20,"duration":6,"executor":2},{"id":24,"duration":5,"executor":2},{"id":1,"duration":11,"executor":1},{"id":34,"duration":4,"executor":2},{"id":37,"duration":8,"executor":2},{"id":48,"duration":9,"executor":2},{"id":27,"duration":6,"executor":0},{"id":59,"duration":21,"executor":1},{"id":36,"duration":5,"executor":2},{"id":21,"duration":4,"executor":0},{"id":42,"duration":5,"executor":1},{"id":33,"duration":15,"executor":0},{"id":50,"duration":5,"executor":1},{"id":23,"duration":4,"executor":2},{"id":40,"duration":6,"executor":1},{"id":43,"duration":5,"executor":2},{"id":56,"duration":5,"executor":2},{"id":5,"duration":17,"executor":0},{"id":15,"duration":26,"executor":1},{"id":4,"duration":5,"executor":1},{"id":13,"duration":5,"executor":2},{"id":28,"duration":4,"executor":0},{"id":53,"duration":5,"executor":1},{"id":55,"duration":4,"executor":2},{"id":14,"duration":4,"executor":0},{"id":47,"duration":15,"executor":0},{"id":41,"duration":5,"executor":0},{"id":16,"duration":13,"executor":2},{"id":54,"duration":5,"executor":1},{"id":6,"duration":5,"executor":2},{"id":3,"duration":6,"executor":1},{"id":18,"duration":26,"executor":1},{"id":19,"duration":4,"executor":2},{"id":0,"duration":9,"executor":2},{"id":58,"duration":5,"executor":2},{"id":51,"duration":8,"executor":2},{"id":22,"duration":5,"executor":0},{"id":7,"duration":4,"executor":2},{"id":57,"duration":20,"executor":1},{"id":39,"duration":6,"executor":2},{"id":49,"duration":5,"executor":1}],"rdds":[1243,1244,1248],"parents":[287],"accIds":[15423,15442,15443,15444,15445,15446,15447,15449,15450,15454,15455,15456,15458,15459,15460,15469,15577,15578,15579,15580,15581,15582,15583,15586,15588,15589,15590,15591,15592,15593,15594,15595,15596,15597,15598,15599,15600,15601,15602,15603,15604,15605,15606,15607]},{"id":289,"isQueryResult":true,"tasks":[{"id":2,"duration":11,"executor":0},{"id":0,"duration":11,"executor":0},{"id":3,"duration":4,"executor":0},{"id":1,"duration":10,"executor":2},{"id":4,"duration":8,"executor":1}],"rdds":[1249,1250,1251],"parents":[288],"accIds":[15419,15420,15421,15422,15426,15429,15430,15431,15612,15613,15614,15615,15616,15617,15621,15623,15624,15625,15626,15627,15628,15629,15630,15631,15632,15633,15634,15635,15636,15637,15638,15639]}]},"sqlPlan":{ "nodeName":"WholeStageCodegen (5)", "description":"WholeStageCodegen (5)", "metadata":{}, "metrics":[{"metricName":"duration","value":0,"accId":15419}], "children":[{ "nodeName":"Sort", "description":"Sort [o_orderpriority#576 ASC NULLS FIRST], true, 0", "metadata":{}, "metrics":[{"metricName":"sort time","value":0,"accId":15420},{"metricName":"peak memory","value":335871920,"accId":15421},{"metricName":"spill size","value":0,"accId":15422}], "children":[{ "nodeName":"InputAdapter", "description":"InputAdapter", "metadata":{}, "metrics":[], "children":[{ "nodeName":"Exchange", "description":"Exchange rangepartitioning(o_orderpriority#576 ASC NULLS FIRST, 60), ENSURE_REQUIREMENTS, [plan_id=10633]", "metadata":{}, "metrics":[{"metricName":"shuffle records written","value":5,"accId":15443},{"metricName":"local merged chunks fetched","value":0,"accId":15437},{"metricName":"shuffle write time","value":1780479,"accId":15444},{"metricName":"remote merged bytes read","value":0,"accId":15438},{"metricName":"local merged blocks fetched","value":0,"accId":15435},{"metricName":"corrupt merged block chunks","value":0,"accId":15432},{"metricName":"remote merged reqs duration","value":0,"accId":15441},{"metricName":"remote merged blocks fetched","value":0,"accId":15434},{"metricName":"records read","value":5,"accId":15431},{"metricName":"local bytes read","value":369,"accId":15429},{"metricName":"fetch wait time","value":0,"accId":15430},{"metricName":"remote bytes read","value":0,"accId":15427},{"metricName":"merged fetch fallback count","value":0,"accId":15433},{"metricName":"local blocks read","value":5,"accId":15426},{"metricName":"remote merged chunks fetched","value":0,"accId":15436},{"metricName":"remote blocks read","value":0,"accId":15425},{"metricName":"data size","value":168,"accId":15423},{"metricName":"local merged bytes read","value":0,"accId":15439},{"metricName":"number of partitions","value":5,"accId":15424},{"metricName":"remote reqs duration","value":0,"accId":15440},{"metricName":"remote bytes read to disk","value":0,"accId":15428},{"metricName":"shuffle bytes written","value":369,"accId":15442}], "children":[{ "nodeName":"WholeStageCodegen (4)", "description":"WholeStageCodegen (4)", "metadata":{}, "metrics":[{"metricName":"duration","value":91,"accId":15445}], "children":[{ "nodeName":"HashAggregate", "description":"HashAggregate(keys=[o_orderpriority#576], functions=[count(1)])", "metadata":{}, "metrics":[{"metricName":"spill size","value":0,"accId":15448},{"metricName":"time in aggregation build","value":25,"accId":15449},{"metricName":"peak memory","value":568328064,"accId":15447},{"metricName":"number of output rows","value":10,"accId":15446},{"metricName":"number of sort fallback tasks","value":0,"accId":15451},{"metricName":"avg hash probes per key","value":80,"accId":15450}], "children":[{ "nodeName":"InputAdapter", "description":"InputAdapter", "metadata":{}, "metrics":[], "children":[{ "nodeName":"Exchange", "description":"Exchange hashpartitioning(o_orderpriority#576, 60), ENSURE_REQUIREMENTS, [plan_id=10629]", "metadata":{}, "metrics":[{"metricName":"shuffle records written","value":305,"accId":15472},{"metricName":"local merged chunks fetched","value":0,"accId":15466},{"metricName":"shuffle write time","value":138670665,"accId":15473},{"metricName":"remote merged bytes read","value":0,"accId":15467},{"metricName":"local merged blocks fetched","value":0,"accId":15464},{"metricName":"corrupt merged block chunks","value":0,"accId":15461},{"metricName":"remote merged reqs duration","value":0,"accId":15470},{"metricName":"remote merged blocks fetched","value":0,"accId":15463},{"metricName":"records read","value":600,"accId":15460},{"metricName":"local bytes read","value":12340,"accId":15458},{"metricName":"fetch wait time","value":5,"accId":15459},{"metricName":"remote bytes read","value":25916,"accId":15456},{"metricName":"merged fetch fallback count","value":0,"accId":15462},{"metricName":"local blocks read","value":156,"accId":15455},{"metricName":"remote merged chunks fetched","value":0,"accId":15465},{"metricName":"remote blocks read","value":324,"accId":15454},{"metricName":"data size","value":10248,"accId":15452},{"metricName":"local merged bytes read","value":0,"accId":15468},{"metricName":"number of partitions","value":60,"accId":15453},{"metricName":"remote reqs duration","value":64,"accId":15469},{"metricName":"remote bytes read to disk","value":0,"accId":15457},{"metricName":"shuffle bytes written","value":19445,"accId":15471}], "children":[{ "nodeName":"WholeStageCodegen (3)", "description":"WholeStageCodegen (3)", "metadata":{}, "metrics":[{"metricName":"duration","value":1346,"accId":15474}], "children":[{ "nodeName":"HashAggregate", "description":"HashAggregate(keys=[o_orderpriority#576], functions=[partial_count(1)])", "metadata":{}, "metrics":[{"metricName":"spill size","value":0,"accId":15477},{"metricName":"time in aggregation build","value":1169,"accId":15478},{"metricName":"peak memory","value":15990784,"accId":15476},{"metricName":"number of output rows","value":305,"accId":15475},{"metricName":"number of sort fallback tasks","value":0,"accId":15480},{"metricName":"avg hash probes per key","value":0,"accId":15479}], "children":[{ "nodeName":"Project", "description":"Project [o_orderpriority#576]", "metadata":{}, "metrics":[], "children":[{ "nodeName":"SortMergeJoin", "description":"SortMergeJoin [o_orderkey#571L], [l_orderkey#9L], LeftSemi", "metadata":{}, "metrics":[{"metricName":"number of output rows","value":53391,"accId":15481},{"metricName":"spill size","value":0,"accId":15482}], "children":[{ "nodeName":"InputAdapter", "description":"InputAdapter", "metadata":{}, "metrics":[], "children":[{ "nodeName":"WholeStageCodegen (1)", "description":"WholeStageCodegen (1)", "metadata":{}, "metrics":[{"metricName":"duration","value":1344,"accId":15483}], "children":[{ "nodeName":"Sort", "description":"Sort [o_orderkey#571L ASC NULLS FIRST], false, 0", "metadata":{}, "metrics":[{"metricName":"sort time","value":0,"accId":15484},{"metricName":"peak memory","value":4164811808,"accId":15485},{"metricName":"spill size","value":0,"accId":15486}], "children":[{ "nodeName":"Project", "description":"Project [o_orderkey#571L, o_orderpriority#576]", "metadata":{}, "metrics":[], "children":[{ "nodeName":"Filter", "description":"Filter ((isnotnull(o_orderdate#575) AND (o_orderdate#575 >= 1993-07-01)) AND (o_orderdate#575 < 1993-10-01))", "metadata":{}, "metrics":[{"metricName":"number of output rows","value":59054,"accId":15487}], "children":[{ "nodeName":"ColumnarToRow", "description":"ColumnarToRow", "metadata":{}, "metrics":[{"metricName":"number of output rows","value":1549815,"accId":15488},{"metricName":"number of input batches","value":434,"accId":15489}], "children":[{ "nodeName":"InputAdapter", "description":"InputAdapter", "metadata":{}, "metrics":[], "children":[{ "nodeName":"Scan parquet spark_catalog.tpch.orders", "description":"FileScan parquet spark_catalog.tpch.orders[o_orderkey#571L,o_orderdate#575,o_orderpriority#576] Batched: true, Bucketed: true, DataFilters: [isnotnull(o_orderdate#575), (o_orderdate#575 >= 1993-07-01), (o_orderdate#575 < 1993-10-01)], Format: Parquet, Location: InMemoryFileIndex(1 paths)[file:/data/spark-warehouse/tpch.db/orders], PartitionFilters: [], PushedFilters: [IsNotNull(o_orderdate), GreaterThanOrEqual(o_orderdate,1993-07-01), LessThan(o_orderdate,1993-10..., ReadSchema: struct<o_orderkey:bigint,o_orderdate:date,o_orderpriority:string>, SelectedBucketsCount: 60 out of 60", "metadata":{"Location":"InMemoryFileIndex(1 paths)[file:/data/spark-warehouse/tpch.db/orders]","ReadSchema":"struct<o_orderkey:bigint,o_orderdate:date,o_orderpriority:string>","Format":"Parquet","SelectedBucketsCount":"60 out of 60","Batched":"true","PartitionFilters":"[]","PushedFilters":"[IsNotNull(o_orderdate), GreaterThanOrEqual(o_orderdate,1993-07-01), LessThan(o_orderdate,1993-10-01)]","DataFilters":"[isnotnull(o_orderdate#575), (o_orderdate#575 >= 1993-07-01), (o_orderdate#575 < 1993-10-01)]","Bucketed":"true"}, "metrics":[{"metricName":"number of files read","value":60,"accId":15492},{"metricName":"scan time","value":139,"accId":15491},{"metricName":"metadata time","value":0,"accId":15493},{"metricName":"size of files read","value":121789992,"accId":15494},{"metricName":"number of output rows","value":1549815,"accId":15490}], "children":[] }] }] }] }] }] }] }] },{ "nodeName":"InputAdapter", "description":"InputAdapter", "metadata":{}, "metrics":[], "children":[{ "nodeName":"WholeStageCodegen (2)", "description":"WholeStageCodegen (2)", "metadata":{}, "metrics":[{"metricName":"duration","value":45,"accId":15495}], "children":[{ "nodeName":"Sort", "description":"Sort [l_orderkey#9L ASC NULLS FIRST], false, 0", "metadata":{}, "metrics":[{"metricName":"sort time","value":65,"accId":15496},{"metricName":"peak memory","value":4221566000,"accId":15497},{"metricName":"spill size","value":0,"accId":15498}], "children":[{ "nodeName":"Project", "description":"Project [l_orderkey#9L]", "metadata":{}, "metrics":[], "children":[{ "nodeName":"Filter", "description":"Filter ((isnotnull(l_commitdate#20) AND isnotnull(l_receiptdate#21)) AND (l_commitdate#20 < l_receiptdate#21))", "metadata":{}, "metrics":[{"metricName":"number of output rows","value":3856271,"accId":15499}], "children":[{ "nodeName":"ColumnarToRow", "description":"ColumnarToRow", "metadata":{}, "metrics":[{"metricName":"number of output rows","value":6100737,"accId":15500},{"metricName":"number of input batches","value":1525,"accId":15501}], "children":[{ "nodeName":"InputAdapter", "description":"InputAdapter", "metadata":{}, "metrics":[], "children":[{ "nodeName":"Scan parquet spark_catalog.tpch.lineitem", "description":"FileScan parquet spark_catalog.tpch.lineitem[l_orderkey#9L,l_commitdate#20,l_receiptdate#21] Batched: true, Bucketed: true, DataFilters: [isnotnull(l_commitdate#20), isnotnull(l_receiptdate#21), (l_commitdate#20 < l_receiptdate#21)], Format: Parquet, Location: InMemoryFileIndex(1 paths)[file:/data/spark-warehouse/tpch.db/lineitem], PartitionFilters: [], PushedFilters: [IsNotNull(l_commitdate), IsNotNull(l_receiptdate)], ReadSchema: struct<l_orderkey:bigint,l_commitdate:date,l_receiptdate:date>, SelectedBucketsCount: 60 out of 60", "metadata":{"Location":"InMemoryFileIndex(1 paths)[file:/data/spark-warehouse/tpch.db/lineitem]","ReadSchema":"struct<l_orderkey:bigint,l_commitdate:date,l_receiptdate:date>","Format":"Parquet","SelectedBucketsCount":"60 out of 60","Batched":"true","PartitionFilters":"[]","PushedFilters":"[IsNotNull(l_commitdate), IsNotNull(l_receiptdate)]","DataFilters":"[isnotnull(l_commitdate#20), isnotnull(l_receiptdate#21), (l_commitdate#20 < l_receiptdate#21)]","Bucketed":"true"}, "metrics":[{"metricName":"number of files read","value":60,"accId":15504},{"metricName":"scan time","value":172,"accId":15503},{"metricName":"metadata time","value":0,"accId":15505},{"metricName":"size of files read","value":365478469,"accId":15506},{"metricName":"number of output rows","value":6100737,"accId":15502}], "children":[] }] }] }] }] }] }] }] }] }] }] }] }] }] }] }] }] }] }] }] }},{"totalTime":594,"stagePlan":{"stages":[{"id":290,"isQueryResult":false,"tasks":[{"id":25,"duration":28,"executor":2},{"id":40,"duration":20,"executor":1},{"id":29,"duration":27,"executor":0},{"id":16,"duration":27,"executor":2},{"id":9,"duration":39,"executor":1},{"id":47,"duration":34,"executor":2},{"id":2,"duration":59,"executor":2},{"id":0,"duration":46,"executor":0},{"id":28,"duration":26,"executor":0},{"id":1,"duration":58,"executor":1},{"id":10,"duration":36,"executor":2},{"id":41,"duration":25,"executor":2},{"id":22,"duration":23,"executor":2},{"id":5,"duration":59,"executor":2},{"id":30,"duration":23,"executor":2},{"id":51,"duration":25,"executor":2},{"id":46,"duration":27,"executor":0},{"id":26,"duration":23,"executor":0},{"id":13,"duration":27,"executor":1},{"id":39,"duration":20,"executor":1},{"id":44,"duration":68,"executor":1},{"id":19,"duration":38,"executor":0},{"id":15,"duration":27,"executor":2},{"id":42,"duration":33,"executor":0},{"id":56,"duration":92,"executor":1},{"id":20,"duration":39,"executor":0},{"id":27,"duration":28,"executor":2},{"id":17,"duration":25,"executor":1},{"id":31,"duration":22,"executor":2},{"id":48,"duration":36,"executor":2},{"id":24,"duration":53,"executor":1},{"id":33,"duration":24,"executor":1},{"id":7,"duration":27,"executor":1},{"id":55,"duration":45,"executor":1},{"id":14,"duration":30,"executor":0},{"id":45,"duration":70,"executor":1},{"id":50,"duration":24,"executor":0},{"id":21,"duration":23,"executor":2},{"id":23,"duration":56,"executor":1},{"id":49,"duration":27,"executor":0},{"id":18,"duration":27,"executor":1},{"id":34,"duration":23,"executor":1},{"id":35,"duration":24,"executor":0},{"id":11,"duration":28,"executor":2},{"id":54,"duration":34,"executor":0},{"id":43,"duration":23,"executor":2},{"id":4,"duration":45,"executor":1},{"id":37,"duration":22,"executor":2},{"id":36,"duration":24,"executor":2},{"id":53,"duration":25,"executor":2},{"id":59,"duration":23,"executor":0},{"id":6,"duration":27,"executor":0},{"id":58,"duration":19,"executor":2},{"id":3,"duration":40,"executor":0},{"id":52,"duration":32,"executor":0},{"id":32,"duration":28,"executor":0},{"id":8,"duration":35,"executor":0},{"id":57,"duration":21,"executor":2},{"id":12,"duration":33,"executor":0},{"id":38,"duration":34,"executor":0}],"rdds":[1252,1253,1254,1255,1256,1257,1258,1259,1260],"parents":[],"accIds":[15680,15699,15700,15701,15702,15703,15704,15706,15709,15710,15711,15712,15713,15714,15715,15716,15717,15718,15719,15723,15724,15725,15726,15727,15728,15729,15730,15731,15735,15736,15737,15738,15739,15740,15741,15744,15763,15764,15765,15766,15767]},{"id":291,"isQueryResult":false,"tasks":[{"id":26,"duration":6,"executor":0},{"id":3,"duration":5,"executor":2},{"id":49,"duration":4,"executor":1},{"id":24,"duration":4,"executor":1},{"id":18,"duration":4,"executor":1},{"id":42,"duration":3,"executor":0},{"id":5,"duration":13,"executor":1},{"id":44,"duration":4,"executor":2},{"id":58,"duration":4,"executor":0},{"id":25,"duration":4,"executor":2},{"id":54,"duration":5,"executor":0},{"id":1,"duration":9,"executor":2},{"id":35,"duration":4,"executor":1},{"id":27,"duration":3,"executor":0},{"id":14,"duration":4,"executor":2},{"id":29,"duration":4,"executor":1},{"id":47,"duration":4,"executor":2},{"id":36,"duration":4,"executor":1},{"id":20,"duration":5,"executor":2},{"id":51,"duration":4,"executor":2},{"id":38,"duration":3,"executor":0},{"id":33,"duration":6,"executor":0},{"id":17,"duration":4,"executor":0},{"id":39,"duration":4,"executor":2},{"id":32,"duration":4,"executor":0},{"id":50,"duration":4,"executor":0},{"id":31,"duration":4,"executor":2},{"id":55,"duration":4,"executor":1},{"id":6,"duration":9,"executor":0},{"id":37,"duration":4,"executor":2},{"id":13,"duration":4,"executor":2},{"id":28,"duration":4,"executor":2},{"id":56,"duration":4,"executor":1},{"id":46,"duration":17,"executor":1},{"id":2,"duration":8,"executor":0},{"id":15,"duration":6,"executor":0},{"id":4,"duration":5,"executor":2},{"id":59,"duration":5,"executor":2},{"id":34,"duration":4,"executor":2},{"id":40,"duration":4,"executor":1},{"id":52,"duration":4,"executor":0},{"id":7,"duration":4,"executor":1},{"id":45,"duration":11,"executor":2},{"id":19,"duration":4,"executor":1},{"id":21,"duration":4,"executor":2},{"id":43,"duration":6,"executor":0},{"id":0,"duration":8,"executor":0},{"id":30,"duration":4,"executor":1},{"id":16,"duration":12,"executor":0},{"id":41,"duration":4,"executor":1},{"id":8,"duration":4,"executor":2},{"id":12,"duration":4,"executor":1},{"id":22,"duration":3,"executor":0},{"id":23,"duration":4,"executor":1},{"id":10,"duration":4,"executor":0},{"id":53,"duration":5,"executor":2},{"id":57,"duration":5,"executor":2},{"id":9,"duration":5,"executor":2},{"id":48,"duration":5,"executor":1},{"id":11,"duration":5,"executor":1}],"rdds":[1261,1262,1263,1264,1265],"parents":[290],"accIds":[15673,15674,15675,15677,15678,15682,15683,15684,15686,15687,15688,15697,15770,15771,15772,15773,15774,15775,15776,15779,15781,15782,15783,15784,15785,15786,15787,15788,15789,15790,15791,15792,15793,15794,15795,15796,15797]},{"id":293,"isQueryResult":false,"tasks":[{"id":13,"duration":5,"executor":2},{"id":30,"duration":3,"executor":1},{"id":52,"duration":4,"executor":1},{"id":1,"duration":8,"executor":0},{"id":3,"duration":5,"executor":0},{"id":4,"duration":5,"executor":2},{"id":21,"duration":4,"executor":2},{"id":43,"duration":5,"executor":0},{"id":59,"duration":4,"executor":2},{"id":18,"duration":4,"executor":1},{"id":32,"duration":4,"executor":2},{"id":50,"duration":4,"executor":1},{"id":24,"duration":5,"executor":0},{"id":46,"duration":13,"executor":1},{"id":39,"duration":4,"executor":2},{"id":15,"duration":8,"executor":0},{"id":5,"duration":12,"executor":1},{"id":40,"duration":6,"executor":0},{"id":11,"duration":4,"executor":1},{"id":37,"duration":4,"executor":1},{"id":57,"duration":5,"executor":1},{"id":36,"duration":5,"executor":0},{"id":48,"duration":3,"executor":1},{"id":23,"duration":4,"executor":1},{"id":34,"duration":5,"executor":2},{"id":44,"duration":4,"executor":2},{"id":17,"duration":5,"executor":1},{"id":51,"duration":4,"executor":0},{"id":27,"duration":5,"executor":2},{"id":54,"duration":4,"executor":2},{"id":58,"duration":4,"executor":0},{"id":6,"duration":4,"executor":1},{"id":31,"duration":4,"executor":1},{"id":42,"duration":4,"executor":1},{"id":22,"duration":4,"executor":1},{"id":41,"duration":3,"executor":1},{"id":33,"duration":6,"executor":0},{"id":55,"duration":3,"executor":0},{"id":45,"duration":13,"executor":0},{"id":12,"duration":6,"executor":2},{"id":19,"duration":8,"executor":0},{"id":29,"duration":5,"executor":0},{"id":38,"duration":5,"executor":2},{"id":14,"duration":5,"executor":0},{"id":49,"duration":4,"executor":0},{"id":47,"duration":4,"executor":2},{"id":0,"duration":8,"executor":2},{"id":53,"duration":5,"executor":2},{"id":8,"duration":5,"executor":2},{"id":10,"duration":5,"executor":1},{"id":2,"duration":5,"executor":2},{"id":25,"duration":5,"executor":2},{"id":16,"duration":12,"executor":2},{"id":9,"duration":5,"executor":0},{"id":56,"duration":4,"executor":1},{"id":35,"duration":4,"executor":1},{"id":7,"duration":6,"executor":0},{"id":20,"duration":5,"executor":2},{"id":26,"duration":3,"executor":1},{"id":28,"duration":3,"executor":1}],"rdds":[1261,1262,1266],"parents":[292],"accIds":[15651,15670,15671,15672,15673,15674,15675,15677,15678,15682,15683,15684,15686,15687,15688,15697,15805,15806,15807,15808,15809,15810,15811,15814,15816,15817,15818,15819,15820,15821,15822,15823,15824,15825,15826,15827,15828,15829,15830,15831,15832,15833,15834,15835]},{"id":294,"isQueryResult":true,"tasks":[{"id":2,"duration":34,"executor":1},{"id":4,"duration":41,"executor":0},{"id":3,"duration":5,"executor":1},{"id":0,"duration":33,"executor":1},{"id":1,"duration":34,"executor":2}],"rdds":[1267,1268,1269],"parents":[293],"accIds":[15647,15648,15649,15650,15654,15657,15658,15659,15840,15841,15842,15843,15844,15845,15846,15849,15851,15852,15853,15854,15855,15856,15857,15858,15859,15860,15861,15862,15863,15864,15865,15866,15867]}]},"sqlPlan":{ "nodeName":"WholeStageCodegen (5)", "description":"WholeStageCodegen (5)", "metadata":{}, "metrics":[{"metricName":"duration","value":0,"accId":15647}], "children":[{ "nodeName":"Sort", "description":"Sort [o_orderpriority#576 ASC NULLS FIRST], true, 0", "metadata":{}, "metrics":[{"metricName":"sort time","value":0,"accId":15648},{"metricName":"peak memory","value":335871920,"accId":15649},{"metricName":"spill size","value":0,"accId":15650}], "children":[{ "nodeName":"InputAdapter", "description":"InputAdapter", "metadata":{}, "metrics":[], "children":[{ "nodeName":"Exchange", "description":"Exchange rangepartitioning(o_orderpriority#576 ASC NULLS FIRST, 60), ENSURE_REQUIREMENTS, [plan_id=10757]", "metadata":{}, "metrics":[{"metricName":"shuffle records written","value":5,"accId":15671},{"metricName":"local merged chunks fetched","value":0,"accId":15665},{"metricName":"shuffle write time","value":1655132,"accId":15672},{"metricName":"remote merged bytes read","value":0,"accId":15666},{"metricName":"local merged blocks fetched","value":0,"accId":15663},{"metricName":"corrupt merged block chunks","value":0,"accId":15660},{"metricName":"remote merged reqs duration","value":0,"accId":15669},{"metricName":"remote merged blocks fetched","value":0,"accId":15662},{"metricName":"records read","value":5,"accId":15659},{"metricName":"local bytes read","value":369,"accId":15657},{"metricName":"fetch wait time","value":0,"accId":15658},{"metricName":"remote bytes read","value":0,"accId":15655},{"metricName":"merged fetch fallback count","value":0,"accId":15661},{"metricName":"local blocks read","value":5,"accId":15654},{"metricName":"remote merged chunks fetched","value":0,"accId":15664},{"metricName":"remote blocks read","value":0,"accId":15653},{"metricName":"data size","value":168,"accId":15651},{"metricName":"local merged bytes read","value":0,"accId":15667},{"metricName":"number of partitions","value":5,"accId":15652},{"metricName":"remote reqs duration","value":0,"accId":15668},{"metricName":"remote bytes read to disk","value":0,"accId":15656},{"metricName":"shuffle bytes written","value":369,"accId":15670}], "children":[{ "nodeName":"WholeStageCodegen (4)", "description":"WholeStageCodegen (4)", "metadata":{}, "metrics":[{"metricName":"duration","value":34,"accId":15673}], "children":[{ "nodeName":"HashAggregate", "description":"HashAggregate(keys=[o_orderpriority#576], functions=[count(1)])", "metadata":{}, "metrics":[{"metricName":"spill size","value":0,"accId":15676},{"metricName":"time in aggregation build","value":19,"accId":15677},{"metricName":"peak memory","value":568328064,"accId":15675},{"metricName":"number of output rows","value":10,"accId":15674},{"metricName":"number of sort fallback tasks","value":0,"accId":15679},{"metricName":"avg hash probes per key","value":80,"accId":15678}], "children":[{ "nodeName":"InputAdapter", "description":"InputAdapter", "metadata":{}, "metrics":[], "children":[{ "nodeName":"Exchange", "description":"Exchange hashpartitioning(o_orderpriority#576, 60), ENSURE_REQUIREMENTS, [plan_id=10753]", "metadata":{}, "metrics":[{"metricName":"shuffle records written","value":300,"accId":15700},{"metricName":"local merged chunks fetched","value":0,"accId":15694},{"metricName":"shuffle write time","value":175225096,"accId":15701},{"metricName":"remote merged bytes read","value":0,"accId":15695},{"metricName":"local merged blocks fetched","value":0,"accId":15692},{"metricName":"corrupt merged block chunks","value":0,"accId":15689},{"metricName":"remote merged reqs duration","value":0,"accId":15698},{"metricName":"remote merged blocks fetched","value":0,"accId":15691},{"metricName":"records read","value":600,"accId":15688},{"metricName":"local bytes read","value":12112,"accId":15686},{"metricName":"fetch wait time","value":1,"accId":15687},{"metricName":"remote bytes read","value":26144,"accId":15684},{"metricName":"merged fetch fallback count","value":0,"accId":15690},{"metricName":"local blocks read","value":154,"accId":15683},{"metricName":"remote merged chunks fetched","value":0,"accId":15693},{"metricName":"remote blocks read","value":326,"accId":15682},{"metricName":"data size","value":10080,"accId":15680},{"metricName":"local merged bytes read","value":0,"accId":15696},{"metricName":"number of partitions","value":60,"accId":15681},{"metricName":"remote reqs duration","value":55,"accId":15697},{"metricName":"remote bytes read to disk","value":0,"accId":15685},{"metricName":"shuffle bytes written","value":19128,"accId":15699}], "children":[{ "nodeName":"WholeStageCodegen (3)", "description":"WholeStageCodegen (3)", "metadata":{}, "metrics":[{"metricName":"duration","value":1527,"accId":15702}], "children":[{ "nodeName":"HashAggregate", "description":"HashAggregate(keys=[o_orderpriority#576], functions=[partial_count(1)])", "metadata":{}, "metrics":[{"metricName":"spill size","value":0,"accId":15705},{"metricName":"time in aggregation build","value":1342,"accId":15706},{"metricName":"peak memory","value":15728640,"accId":15704},{"metricName":"number of output rows","value":300,"accId":15703},{"metricName":"number of sort fallback tasks","value":0,"accId":15708},{"metricName":"avg hash probes per key","value":0,"accId":15707}], "children":[{ "nodeName":"Project", "description":"Project [o_orderpriority#576]", "metadata":{}, "metrics":[], "children":[{ "nodeName":"SortMergeJoin", "description":"SortMergeJoin [o_orderkey#571L], [l_orderkey#9L], LeftSemi", "metadata":{}, "metrics":[{"metricName":"number of output rows","value":52523,"accId":15709},{"metricName":"spill size","value":0,"accId":15710}], "children":[{ "nodeName":"InputAdapter", "description":"InputAdapter", "metadata":{}, "metrics":[], "children":[{ "nodeName":"WholeStageCodegen (1)", "description":"WholeStageCodegen (1)", "metadata":{}, "metrics":[{"metricName":"duration","value":1487,"accId":15711}], "children":[{ "nodeName":"Sort", "description":"Sort [o_orderkey#571L ASC NULLS FIRST], false, 0", "metadata":{}, "metrics":[{"metricName":"sort time","value":0,"accId":15712},{"metricName":"peak memory","value":4030463040,"accId":15713},{"metricName":"spill size","value":0,"accId":15714}], "children":[{ "nodeName":"Project", "description":"Project [o_orderkey#571L, o_orderpriority#576]", "metadata":{}, "metrics":[], "children":[{ "nodeName":"Filter", "description":"Filter ((isnotnull(o_orderdate#575) AND (o_orderdate#575 >= 1993-07-01)) AND (o_orderdate#575 < 1993-10-01))", "metadata":{}, "metrics":[{"metricName":"number of output rows","value":57218,"accId":15715}], "children":[{ "nodeName":"ColumnarToRow", "description":"ColumnarToRow", "metadata":{}, "metrics":[{"metricName":"number of output rows","value":1500000,"accId":15716},{"metricName":"number of input batches","value":420,"accId":15717}], "children":[{ "nodeName":"InputAdapter", "description":"InputAdapter", "metadata":{}, "metrics":[], "children":[{ "nodeName":"Scan parquet spark_catalog.tpch.orders", "description":"FileScan parquet spark_catalog.tpch.orders[o_orderkey#571L,o_orderdate#575,o_orderpriority#576] Batched: true, Bucketed: true, DataFilters: [isnotnull(o_orderdate#575), (o_orderdate#575 >= 1993-07-01), (o_orderdate#575 < 1993-10-01)], Format: Parquet, Location: InMemoryFileIndex(1 paths)[file:/data/spark-warehouse/tpch.db/orders], PartitionFilters: [], PushedFilters: [IsNotNull(o_orderdate), GreaterThanOrEqual(o_orderdate,1993-07-01), LessThan(o_orderdate,1993-10..., ReadSchema: struct<o_orderkey:bigint,o_orderdate:date,o_orderpriority:string>, SelectedBucketsCount: 60 out of 60", "metadata":{"Location":"InMemoryFileIndex(1 paths)[file:/data/spark-warehouse/tpch.db/orders]","ReadSchema":"struct<o_orderkey:bigint,o_orderdate:date,o_orderpriority:string>","Format":"Parquet","SelectedBucketsCount":"60 out of 60","Batched":"true","PartitionFilters":"[]","PushedFilters":"[IsNotNull(o_orderdate), GreaterThanOrEqual(o_orderdate,1993-07-01), LessThan(o_orderdate,1993-10-01)]","DataFilters":"[isnotnull(o_orderdate#575), (o_orderdate#575 >= 1993-07-01), (o_orderdate#575 < 1993-10-01)]","Bucketed":"true"}, "metrics":[{"metricName":"number of files read","value":60,"accId":15720},{"metricName":"scan time","value":129,"accId":15719},{"metricName":"metadata time","value":0,"accId":15721},{"metricName":"size of files read","value":121789992,"accId":15722},{"metricName":"number of output rows","value":1500000,"accId":15718}], "children":[] }] }] }] }] }] }] }] },{ "nodeName":"InputAdapter", "description":"InputAdapter", "metadata":{}, "metrics":[], "children":[{ "nodeName":"WholeStageCodegen (2)", "description":"WholeStageCodegen (2)", "metadata":{}, "metrics":[{"metricName":"duration","value":35,"accId":15723}], "children":[{ "nodeName":"Sort", "description":"Sort [l_orderkey#9L ASC NULLS FIRST], false, 0", "metadata":{}, "metrics":[{"metricName":"sort time","value":110,"accId":15724},{"metricName":"peak memory","value":4152360000,"accId":15725},{"metricName":"spill size","value":0,"accId":15726}], "children":[{ "nodeName":"Project", "description":"Project [l_orderkey#9L]", "metadata":{}, "metrics":[], "children":[{ "nodeName":"Filter", "description":"Filter ((isnotnull(l_commitdate#20) AND isnotnull(l_receiptdate#21)) AND (l_commitdate#20 < l_receiptdate#21))", "metadata":{}, "metrics":[{"metricName":"number of output rows","value":3793296,"accId":15727}], "children":[{ "nodeName":"ColumnarToRow", "description":"ColumnarToRow", "metadata":{}, "metrics":[{"metricName":"number of output rows","value":6001215,"accId":15728},{"metricName":"number of input batches","value":1500,"accId":15729}], "children":[{ "nodeName":"InputAdapter", "description":"InputAdapter", "metadata":{}, "metrics":[], "children":[{ "nodeName":"Scan parquet spark_catalog.tpch.lineitem", "description":"FileScan parquet spark_catalog.tpch.lineitem[l_orderkey#9L,l_commitdate#20,l_receiptdate#21] Batched: true, Bucketed: true, DataFilters: [isnotnull(l_commitdate#20), isnotnull(l_receiptdate#21), (l_commitdate#20 < l_receiptdate#21)], Format: Parquet, Location: InMemoryFileIndex(1 paths)[file:/data/spark-warehouse/tpch.db/lineitem], PartitionFilters: [], PushedFilters: [IsNotNull(l_commitdate), IsNotNull(l_receiptdate)], ReadSchema: struct<l_orderkey:bigint,l_commitdate:date,l_receiptdate:date>, SelectedBucketsCount: 60 out of 60", "metadata":{"Location":"InMemoryFileIndex(1 paths)[file:/data/spark-warehouse/tpch.db/lineitem]","ReadSchema":"struct<l_orderkey:bigint,l_commitdate:date,l_receiptdate:date>","Format":"Parquet","SelectedBucketsCount":"60 out of 60","Batched":"true","PartitionFilters":"[]","PushedFilters":"[IsNotNull(l_commitdate), IsNotNull(l_receiptdate)]","DataFilters":"[isnotnull(l_commitdate#20), isnotnull(l_receiptdate#21), (l_commitdate#20 < l_receiptdate#21)]","Bucketed":"true"}, "metrics":[{"metricName":"number of files read","value":60,"accId":15732},{"metricName":"scan time","value":210,"accId":15731},{"metricName":"metadata time","value":0,"accId":15733},{"metricName":"size of files read","value":365478469,"accId":15734},{"metricName":"number of output rows","value":6001215,"accId":15730}], "children":[] }] }] }] }] }] }] }] }] }] }] }] }] }] }] }] }] }] }] }] }}]