{"cluster":{"nodes":[{"nCores":72, "memorySize":192, "networkSpeed":100, "networkLatency":0.00025}, {"nCores":72, "memorySize":192, "networkSpeed":100, "networkLatency":0.00025}, {"nCores":72, "memorySize":192, "networkSpeed":100, "networkLatency":0.00025}, {"nCores":72, "memorySize":192, "networkSpeed":100, "networkLatency":0.00025}, {"nCores":72, "memorySize":192, "networkSpeed":100, "networkLatency":0.00025}, {"nCores":72, "memorySize":192, "networkSpeed":100, "networkLatency":0.00025}, {"nCores":72, "memorySize":192, "networkSpeed":100, "networkLatency":0.00025}, {"nCores":72, "memorySize":192, "networkSpeed":100, "networkLatency":0.00025}, {"nCores":0, "memorySize":1e+06, "networkSpeed":1e+06, "networkLatency":0.1}], "storageService":true}, "plan":{"dataUnits":[{"name":"intermediate_0", "id":0, "estimatedCard":1, "isIntermediate":true, "attributes":[{"name":"sum()", "dataUnitId":0, "attributeIndex":0, "size":16}], "partitionLayout":{"type":"hashpartitioned", "nPartitions":128, "attributes":[{"name":"l_orderkey", "dataUnitId":1, "attributeIndex":0, "size":4}]}}, {"name":"lineitem", "id":1, "estimatedCard":6001215, "isIntermediate":false, "attributes":[{"name":"l_orderkey", "dataUnitId":1, "attributeIndex":0, "size":4}, {"name":"l_partkey", "dataUnitId":1, "attributeIndex":1, "size":4}, {"name":"l_suppkey", "dataUnitId":1, "attributeIndex":2, "size":4}, {"name":"l_linenumber", "dataUnitId":1, "attributeIndex":3, "size":4}, {"name":"l_quantity", "dataUnitId":1, "attributeIndex":4, "size":8}, {"name":"l_extendedprice", "dataUnitId":1, "attributeIndex":5, "size":8}, {"name":"l_discount", "dataUnitId":1, "attributeIndex":6, "size":8}, {"name":"l_tax", "dataUnitId":1, "attributeIndex":7, "size":8}, {"name":"l_returnflag", "dataUnitId":1, "attributeIndex":8, "size":1}, {"name":"l_linestatus", "dataUnitId":1, "attributeIndex":9, "size":1}, {"name":"l_shipdate", "dataUnitId":1, "attributeIndex":10, "size":32}, {"name":"l_commitdate", "dataUnitId":1, "attributeIndex":11, "size":32}, {"name":"l_receiptdate", "dataUnitId":1, "attributeIndex":12, "size":32}, {"name":"l_shipinstruct", "dataUnitId":1, "attributeIndex":13, "size":1}, {"name":"l_shipmode", "dataUnitId":1, "attributeIndex":14, "size":1}, {"name":"l_comment", "dataUnitId":1, "attributeIndex":15, "size":10}], "partitionLayout":{"type":"hashpartitioned", "nPartitions":128, "attributes":[{"name":"l_orderkey", "dataUnitId":1, "attributeIndex":0, "size":4}]}}, {"name":"intermediate_1", "id":2, "estimatedCard":1, "isIntermediate":true, "attributes":[{"name":"sum()", "dataUnitId":2, "attributeIndex":0, "size":16}], "partitionLayout":{"type":"singlenode", "nPartitions":1, "attributes":[]}}, {"name":"intermediate_0_shuffled", "id":3, "estimatedCard":1, "isIntermediate":true, "attributes":[{"name":"sum()", "dataUnitId":0, "attributeIndex":0, "size":16}], "partitionLayout":{"type":"singlenode", "nPartitions":1, "attributes":[]}}], "pipelines":[{"id":0, "scan":1, "output":0, "estimatedLoad":1.18340143623331657e-10, "requiredData":[]}, {"id":1, "scan":3, "output":2, "estimatedLoad":1.11209639796182229e-06, "requiredData":[]}], "shuffleStages":[{"from":0, "to":3}], "dependencyOrder":[0, 1]}, "tasks":[{"k":1, "v":[{"pipelineId":1, "scannedPartition":{"dataUnitId":3, "partitionIndex":0}, "requiredPartitions":[], "outputPartition":{"dataUnitId":2, "partitionIndex":0}, "broadcast":false}]}, {"k":0, "v":[{"pipelineId":0, "scannedPartition":{"dataUnitId":1, "partitionIndex":0}, "requiredPartitions":[], "outputPartition":{"dataUnitId":0, "partitionIndex":0}, "broadcast":false}, {"pipelineId":0, "scannedPartition":{"dataUnitId":1, "partitionIndex":1}, "requiredPartitions":[], "outputPartition":{"dataUnitId":0, "partitionIndex":1}, "broadcast":false}, {"pipelineId":0, "scannedPartition":{"dataUnitId":1, "partitionIndex":2}, "requiredPartitions":[], "outputPartition":{"dataUnitId":0, "partitionIndex":2}, "broadcast":false}, {"pipelineId":0, "scannedPartition":{"dataUnitId":1, "partitionIndex":3}, "requiredPartitions":[], "outputPartition":{"dataUnitId":0, "partitionIndex":3}, "broadcast":false}, {"pipelineId":0, "scannedPartition":{"dataUnitId":1, "partitionIndex":4}, "requiredPartitions":[], "outputPartition":{"dataUnitId":0, "partitionIndex":4}, "broadcast":false}, {"pipelineId":0, "scannedPartition":{"dataUnitId":1, "partitionIndex":5}, "requiredPartitions":[], "outputPartition":{"dataUnitId":0, "partitionIndex":5}, "broadcast":false}, {"pipelineId":0, "scannedPartition":{"dataUnitId":1, "partitionIndex":6}, "requiredPartitions":[], "outputPartition":{"dataUnitId":0, "partitionIndex":6}, "broadcast":false}, {"pipelineId":0, "scannedPartition":{"dataUnitId":1, "partitionIndex":7}, "requiredPartitions":[], "outputPartition":{"dataUnitId":0, "partitionIndex":7}, "broadcast":false}, {"pipelineId":0, "scannedPartition":{"dataUnitId":1, "partitionIndex":8}, "requiredPartitions":[], "outputPartition":{"dataUnitId":0, "partitionIndex":8}, "broadcast":false}, {"pipelineId":0, "scannedPartition":{"dataUnitId":1, "partitionIndex":9}, "requiredPartitions":[], "outputPartition":{"dataUnitId":0, "partitionIndex":9}, "broadcast":false}, {"pipelineId":0, "scannedPartition":{"dataUnitId":1, "partitionIndex":10}, "requiredPartitions":[], "outputPartition":{"dataUnitId":0, "partitionIndex":10}, "broadcast":false}, {"pipelineId":0, "scannedPartition":{"dataUnitId":1, "partitionIndex":11}, "requiredPartitions":[], "outputPartition":{"dataUnitId":0, "partitionIndex":11}, "broadcast":false}, {"pipelineId":0, "scannedPartition":{"dataUnitId":1, "partitionIndex":12}, "requiredPartitions":[], "outputPartition":{"dataUnitId":0, "partitionIndex":12}, "broadcast":false}, {"pipelineId":0, "scannedPartition":{"dataUnitId":1, "partitionIndex":13}, "requiredPartitions":[], "outputPartition":{"dataUnitId":0, "partitionIndex":13}, "broadcast":false}, {"pipelineId":0, "scannedPartition":{"dataUnitId":1, "partitionIndex":14}, "requiredPartitions":[], "outputPartition":{"dataUnitId":0, "partitionIndex":14}, "broadcast":false}, {"pipelineId":0, "scannedPartition":{"dataUnitId":1, "partitionIndex":15}, "requiredPartitions":[], "outputPartition":{"dataUnitId":0, "partitionIndex":15}, "broadcast":false}, {"pipelineId":0, "scannedPartition":{"dataUnitId":1, "partitionIndex":16}, "requiredPartitions":[], "outputPartition":{"dataUnitId":0, "partitionIndex":16}, "broadcast":false}, {"pipelineId":0, "scannedPartition":{"dataUnitId":1, "partitionIndex":17}, "requiredPartitions":[], "outputPartition":{"dataUnitId":0, "partitionIndex":17}, "broadcast":false}, {"pipelineId":0, "scannedPartition":{"dataUnitId":1, "partitionIndex":18}, "requiredPartitions":[], "outputPartition":{"dataUnitId":0, "partitionIndex":18}, "broadcast":false}, {"pipelineId":0, "scannedPartition":{"dataUnitId":1, "partitionIndex":19}, "requiredPartitions":[], "outputPartition":{"dataUnitId":0, "partitionIndex":19}, "broadcast":false}, {"pipelineId":0, "scannedPartition":{"dataUnitId":1, "partitionIndex":20}, "requiredPartitions":[], "outputPartition":{"dataUnitId":0, "partitionIndex":20}, "broadcast":false}, {"pipelineId":0, "scannedPartition":{"dataUnitId":1, "partitionIndex":21}, "requiredPartitions":[], "outputPartition":{"dataUnitId":0, "partitionIndex":21}, "broadcast":false}, {"pipelineId":0, "scannedPartition":{"dataUnitId":1, "partitionIndex":22}, "requiredPartitions":[], "outputPartition":{"dataUnitId":0, "partitionIndex":22}, "broadcast":false}, {"pipelineId":0, "scannedPartition":{"dataUnitId":1, "partitionIndex":23}, "requiredPartitions":[], "outputPartition":{"dataUnitId":0, "partitionIndex":23}, "broadcast":false}, {"pipelineId":0, "scannedPartition":{"dataUnitId":1, "partitionIndex":24}, "requiredPartitions":[], "outputPartition":{"dataUnitId":0, "partitionIndex":24}, "broadcast":false}, {"pipelineId":0, "scannedPartition":{"dataUnitId":1, "partitionIndex":25}, "requiredPartitions":[], "outputPartition":{"dataUnitId":0, "partitionIndex":25}, "broadcast":false}, {"pipelineId":0, "scannedPartition":{"dataUnitId":1, "partitionIndex":26}, "requiredPartitions":[], "outputPartition":{"dataUnitId":0, "partitionIndex":26}, "broadcast":false}, {"pipelineId":0, "scannedPartition":{"dataUnitId":1, "partitionIndex":27}, "requiredPartitions":[], "outputPartition":{"dataUnitId":0, "partitionIndex":27}, "broadcast":false}, {"pipelineId":0, "scannedPartition":{"dataUnitId":1, "partitionIndex":28}, "requiredPartitions":[], "outputPartition":{"dataUnitId":0, "partitionIndex":28}, "broadcast":false}, {"pipelineId":0, "scannedPartition":{"dataUnitId":1, "partitionIndex":29}, "requiredPartitions":[], "outputPartition":{"dataUnitId":0, "partitionIndex":29}, "broadcast":false}, {"pipelineId":0, "scannedPartition":{"dataUnitId":1, "partitionIndex":30}, "requiredPartitions":[], "outputPartition":{"dataUnitId":0, "partitionIndex":30}, "broadcast":false}, {"pipelineId":0, "scannedPartition":{"dataUnitId":1, "partitionIndex":31}, "requiredPartitions":[], "outputPartition":{"dataUnitId":0, "partitionIndex":31}, "broadcast":false}, {"pipelineId":0, "scannedPartition":{"dataUnitId":1, "partitionIndex":32}, "requiredPartitions":[], "outputPartition":{"dataUnitId":0, "partitionIndex":32}, "broadcast":false}, {"pipelineId":0, "scannedPartition":{"dataUnitId":1, "partitionIndex":33}, "requiredPartitions":[], "outputPartition":{"dataUnitId":0, "partitionIndex":33}, "broadcast":false}, {"pipelineId":0, "scannedPartition":{"dataUnitId":1, "partitionIndex":34}, "requiredPartitions":[], "outputPartition":{"dataUnitId":0, "partitionIndex":34}, "broadcast":false}, {"pipelineId":0, "scannedPartition":{"dataUnitId":1, "partitionIndex":35}, "requiredPartitions":[], "outputPartition":{"dataUnitId":0, "partitionIndex":35}, "broadcast":false}, {"pipelineId":0, "scannedPartition":{"dataUnitId":1, "partitionIndex":36}, "requiredPartitions":[], "outputPartition":{"dataUnitId":0, "partitionIndex":36}, "broadcast":false}, {"pipelineId":0, "scannedPartition":{"dataUnitId":1, "partitionIndex":37}, "requiredPartitions":[], "outputPartition":{"dataUnitId":0, "partitionIndex":37}, "broadcast":false}, {"pipelineId":0, "scannedPartition":{"dataUnitId":1, "partitionIndex":38}, "requiredPartitions":[], "outputPartition":{"dataUnitId":0, "partitionIndex":38}, "broadcast":false}, {"pipelineId":0, "scannedPartition":{"dataUnitId":1, "partitionIndex":39}, "requiredPartitions":[], "outputPartition":{"dataUnitId":0, "partitionIndex":39}, "broadcast":false}, {"pipelineId":0, "scannedPartition":{"dataUnitId":1, "partitionIndex":40}, "requiredPartitions":[], "outputPartition":{"dataUnitId":0, "partitionIndex":40}, "broadcast":false}, {"pipelineId":0, "scannedPartition":{"dataUnitId":1, "partitionIndex":41}, "requiredPartitions":[], "outputPartition":{"dataUnitId":0, "partitionIndex":41}, "broadcast":false}, {"pipelineId":0, "scannedPartition":{"dataUnitId":1, "partitionIndex":42}, "requiredPartitions":[], "outputPartition":{"dataUnitId":0, "partitionIndex":42}, "broadcast":false}, {"pipelineId":0, "scannedPartition":{"dataUnitId":1, "partitionIndex":43}, "requiredPartitions":[], "outputPartition":{"dataUnitId":0, "partitionIndex":43}, "broadcast":false}, {"pipelineId":0, "scannedPartition":{"dataUnitId":1, "partitionIndex":44}, "requiredPartitions":[], "outputPartition":{"dataUnitId":0, "partitionIndex":44}, "broadcast":false}, {"pipelineId":0, "scannedPartition":{"dataUnitId":1, "partitionIndex":45}, "requiredPartitions":[], "outputPartition":{"dataUnitId":0, "partitionIndex":45}, "broadcast":false}, {"pipelineId":0, "scannedPartition":{"dataUnitId":1, "partitionIndex":46}, "requiredPartitions":[], "outputPartition":{"dataUnitId":0, "partitionIndex":46}, "broadcast":false}, {"pipelineId":0, "scannedPartition":{"dataUnitId":1, "partitionIndex":47}, "requiredPartitions":[], "outputPartition":{"dataUnitId":0, "partitionIndex":47}, "broadcast":false}, {"pipelineId":0, "scannedPartition":{"dataUnitId":1, "partitionIndex":48}, "requiredPartitions":[], "outputPartition":{"dataUnitId":0, "partitionIndex":48}, "broadcast":false}, {"pipelineId":0, "scannedPartition":{"dataUnitId":1, "partitionIndex":49}, "requiredPartitions":[], "outputPartition":{"dataUnitId":0, "partitionIndex":49}, "broadcast":false}, {"pipelineId":0, "scannedPartition":{"dataUnitId":1, "partitionIndex":50}, "requiredPartitions":[], "outputPartition":{"dataUnitId":0, "partitionIndex":50}, "broadcast":false}, {"pipelineId":0, "scannedPartition":{"dataUnitId":1, "partitionIndex":51}, "requiredPartitions":[], "outputPartition":{"dataUnitId":0, "partitionIndex":51}, "broadcast":false}, {"pipelineId":0, "scannedPartition":{"dataUnitId":1, "partitionIndex":52}, "requiredPartitions":[], "outputPartition":{"dataUnitId":0, "partitionIndex":52}, "broadcast":false}, {"pipelineId":0, "scannedPartition":{"dataUnitId":1, "partitionIndex":53}, "requiredPartitions":[], "outputPartition":{"dataUnitId":0, "partitionIndex":53}, "broadcast":false}, {"pipelineId":0, "scannedPartition":{"dataUnitId":1, "partitionIndex":54}, "requiredPartitions":[], "outputPartition":{"dataUnitId":0, "partitionIndex":54}, "broadcast":false}, {"pipelineId":0, "scannedPartition":{"dataUnitId":1, "partitionIndex":55}, "requiredPartitions":[], "outputPartition":{"dataUnitId":0, "partitionIndex":55}, "broadcast":false}, {"pipelineId":0, "scannedPartition":{"dataUnitId":1, "partitionIndex":56}, "requiredPartitions":[], "outputPartition":{"dataUnitId":0, "partitionIndex":56}, "broadcast":false}, {"pipelineId":0, "scannedPartition":{"dataUnitId":1, "partitionIndex":57}, "requiredPartitions":[], "outputPartition":{"dataUnitId":0, "partitionIndex":57}, "broadcast":false}, {"pipelineId":0, "scannedPartition":{"dataUnitId":1, "partitionIndex":58}, "requiredPartitions":[], "outputPartition":{"dataUnitId":0, "partitionIndex":58}, "broadcast":false}, {"pipelineId":0, "scannedPartition":{"dataUnitId":1, "partitionIndex":59}, "requiredPartitions":[], "outputPartition":{"dataUnitId":0, "partitionIndex":59}, "broadcast":false}, {"pipelineId":0, "scannedPartition":{"dataUnitId":1, "partitionIndex":60}, "requiredPartitions":[], "outputPartition":{"dataUnitId":0, "partitionIndex":60}, "broadcast":false}, {"pipelineId":0, "scannedPartition":{"dataUnitId":1, "partitionIndex":61}, "requiredPartitions":[], "outputPartition":{"dataUnitId":0, "partitionIndex":61}, "broadcast":false}, {"pipelineId":0, "scannedPartition":{"dataUnitId":1, "partitionIndex":62}, "requiredPartitions":[], "outputPartition":{"dataUnitId":0, "partitionIndex":62}, "broadcast":false}, {"pipelineId":0, "scannedPartition":{"dataUnitId":1, "partitionIndex":63}, "requiredPartitions":[], "outputPartition":{"dataUnitId":0, "partitionIndex":63}, "broadcast":false}, {"pipelineId":0, "scannedPartition":{"dataUnitId":1, "partitionIndex":64}, "requiredPartitions":[], "outputPartition":{"dataUnitId":0, "partitionIndex":64}, "broadcast":false}, {"pipelineId":0, "scannedPartition":{"dataUnitId":1, "partitionIndex":65}, "requiredPartitions":[], "outputPartition":{"dataUnitId":0, "partitionIndex":65}, "broadcast":false}, {"pipelineId":0, "scannedPartition":{"dataUnitId":1, "partitionIndex":66}, "requiredPartitions":[], "outputPartition":{"dataUnitId":0, "partitionIndex":66}, "broadcast":false}, {"pipelineId":0, "scannedPartition":{"dataUnitId":1, "partitionIndex":67}, "requiredPartitions":[], "outputPartition":{"dataUnitId":0, "partitionIndex":67}, "broadcast":false}, {"pipelineId":0, "scannedPartition":{"dataUnitId":1, "partitionIndex":68}, "requiredPartitions":[], "outputPartition":{"dataUnitId":0, "partitionIndex":68}, "broadcast":false}, {"pipelineId":0, "scannedPartition":{"dataUnitId":1, "partitionIndex":69}, "requiredPartitions":[], "outputPartition":{"dataUnitId":0, "partitionIndex":69}, "broadcast":false}, {"pipelineId":0, "scannedPartition":{"dataUnitId":1, "partitionIndex":70}, "requiredPartitions":[], "outputPartition":{"dataUnitId":0, "partitionIndex":70}, "broadcast":false}, {"pipelineId":0, "scannedPartition":{"dataUnitId":1, "partitionIndex":71}, "requiredPartitions":[], "outputPartition":{"dataUnitId":0, "partitionIndex":71}, "broadcast":false}, {"pipelineId":0, "scannedPartition":{"dataUnitId":1, "partitionIndex":72}, "requiredPartitions":[], "outputPartition":{"dataUnitId":0, "partitionIndex":72}, "broadcast":false}, {"pipelineId":0, "scannedPartition":{"dataUnitId":1, "partitionIndex":73}, "requiredPartitions":[], "outputPartition":{"dataUnitId":0, "partitionIndex":73}, "broadcast":false}, {"pipelineId":0, "scannedPartition":{"dataUnitId":1, "partitionIndex":74}, "requiredPartitions":[], "outputPartition":{"dataUnitId":0, "partitionIndex":74}, "broadcast":false}, {"pipelineId":0, "scannedPartition":{"dataUnitId":1, "partitionIndex":75}, "requiredPartitions":[], "outputPartition":{"dataUnitId":0, "partitionIndex":75}, "broadcast":false}, {"pipelineId":0, "scannedPartition":{"dataUnitId":1, "partitionIndex":76}, "requiredPartitions":[], "outputPartition":{"dataUnitId":0, "partitionIndex":76}, "broadcast":false}, {"pipelineId":0, "scannedPartition":{"dataUnitId":1, "partitionIndex":77}, "requiredPartitions":[], "outputPartition":{"dataUnitId":0, "partitionIndex":77}, "broadcast":false}, {"pipelineId":0, "scannedPartition":{"dataUnitId":1, "partitionIndex":78}, "requiredPartitions":[], "outputPartition":{"dataUnitId":0, "partitionIndex":78}, "broadcast":false}, {"pipelineId":0, "scannedPartition":{"dataUnitId":1, "partitionIndex":79}, "requiredPartitions":[], "outputPartition":{"dataUnitId":0, "partitionIndex":79}, "broadcast":false}, {"pipelineId":0, "scannedPartition":{"dataUnitId":1, "partitionIndex":80}, "requiredPartitions":[], "outputPartition":{"dataUnitId":0, "partitionIndex":80}, "broadcast":false}, {"pipelineId":0, "scannedPartition":{"dataUnitId":1, "partitionIndex":81}, "requiredPartitions":[], "outputPartition":{"dataUnitId":0, "partitionIndex":81}, "broadcast":false}, {"pipelineId":0, "scannedPartition":{"dataUnitId":1, "partitionIndex":82}, "requiredPartitions":[], "outputPartition":{"dataUnitId":0, "partitionIndex":82}, "broadcast":false}, {"pipelineId":0, "scannedPartition":{"dataUnitId":1, "partitionIndex":83}, "requiredPartitions":[], "outputPartition":{"dataUnitId":0, "partitionIndex":83}, "broadcast":false}, {"pipelineId":0, "scannedPartition":{"dataUnitId":1, "partitionIndex":84}, "requiredPartitions":[], "outputPartition":{"dataUnitId":0, "partitionIndex":84}, "broadcast":false}, {"pipelineId":0, "scannedPartition":{"dataUnitId":1, "partitionIndex":85}, "requiredPartitions":[], "outputPartition":{"dataUnitId":0, "partitionIndex":85}, "broadcast":false}, {"pipelineId":0, "scannedPartition":{"dataUnitId":1, "partitionIndex":86}, "requiredPartitions":[], "outputPartition":{"dataUnitId":0, "partitionIndex":86}, "broadcast":false}, {"pipelineId":0, "scannedPartition":{"dataUnitId":1, "partitionIndex":87}, "requiredPartitions":[], "outputPartition":{"dataUnitId":0, "partitionIndex":87}, "broadcast":false}, {"pipelineId":0, "scannedPartition":{"dataUnitId":1, "partitionIndex":88}, "requiredPartitions":[], "outputPartition":{"dataUnitId":0, "partitionIndex":88}, "broadcast":false}, {"pipelineId":0, "scannedPartition":{"dataUnitId":1, "partitionIndex":89}, "requiredPartitions":[], "outputPartition":{"dataUnitId":0, "partitionIndex":89}, "broadcast":false}, {"pipelineId":0, "scannedPartition":{"dataUnitId":1, "partitionIndex":90}, "requiredPartitions":[], "outputPartition":{"dataUnitId":0, "partitionIndex":90}, "broadcast":false}, {"pipelineId":0, "scannedPartition":{"dataUnitId":1, "partitionIndex":91}, "requiredPartitions":[], "outputPartition":{"dataUnitId":0, "partitionIndex":91}, "broadcast":false}, {"pipelineId":0, "scannedPartition":{"dataUnitId":1, "partitionIndex":92}, "requiredPartitions":[], "outputPartition":{"dataUnitId":0, "partitionIndex":92}, "broadcast":false}, {"pipelineId":0, "scannedPartition":{"dataUnitId":1, "partitionIndex":93}, "requiredPartitions":[], "outputPartition":{"dataUnitId":0, "partitionIndex":93}, "broadcast":false}, {"pipelineId":0, "scannedPartition":{"dataUnitId":1, "partitionIndex":94}, "requiredPartitions":[], "outputPartition":{"dataUnitId":0, "partitionIndex":94}, "broadcast":false}, {"pipelineId":0, "scannedPartition":{"dataUnitId":1, "partitionIndex":95}, "requiredPartitions":[], "outputPartition":{"dataUnitId":0, "partitionIndex":95}, "broadcast":false}, {"pipelineId":0, "scannedPartition":{"dataUnitId":1, "partitionIndex":96}, "requiredPartitions":[], "outputPartition":{"dataUnitId":0, "partitionIndex":96}, "broadcast":false}, {"pipelineId":0, "scannedPartition":{"dataUnitId":1, "partitionIndex":97}, "requiredPartitions":[], "outputPartition":{"dataUnitId":0, "partitionIndex":97}, "broadcast":false}, {"pipelineId":0, "scannedPartition":{"dataUnitId":1, "partitionIndex":98}, "requiredPartitions":[], "outputPartition":{"dataUnitId":0, "partitionIndex":98}, "broadcast":false}, {"pipelineId":0, "scannedPartition":{"dataUnitId":1, "partitionIndex":99}, "requiredPartitions":[], "outputPartition":{"dataUnitId":0, "partitionIndex":99}, "broadcast":false}, {"pipelineId":0, "scannedPartition":{"dataUnitId":1, "partitionIndex":100}, "requiredPartitions":[], "outputPartition":{"dataUnitId":0, "partitionIndex":100}, "broadcast":false}, {"pipelineId":0, "scannedPartition":{"dataUnitId":1, "partitionIndex":101}, "requiredPartitions":[], "outputPartition":{"dataUnitId":0, "partitionIndex":101}, "broadcast":false}, {"pipelineId":0, "scannedPartition":{"dataUnitId":1, "partitionIndex":102}, "requiredPartitions":[], "outputPartition":{"dataUnitId":0, "partitionIndex":102}, "broadcast":false}, {"pipelineId":0, "scannedPartition":{"dataUnitId":1, "partitionIndex":103}, "requiredPartitions":[], "outputPartition":{"dataUnitId":0, "partitionIndex":103}, "broadcast":false}, {"pipelineId":0, "scannedPartition":{"dataUnitId":1, "partitionIndex":104}, "requiredPartitions":[], "outputPartition":{"dataUnitId":0, "partitionIndex":104}, "broadcast":false}, {"pipelineId":0, "scannedPartition":{"dataUnitId":1, "partitionIndex":105}, "requiredPartitions":[], "outputPartition":{"dataUnitId":0, "partitionIndex":105}, "broadcast":false}, {"pipelineId":0, "scannedPartition":{"dataUnitId":1, "partitionIndex":106}, "requiredPartitions":[], "outputPartition":{"dataUnitId":0, "partitionIndex":106}, "broadcast":false}, {"pipelineId":0, "scannedPartition":{"dataUnitId":1, "partitionIndex":107}, "requiredPartitions":[], "outputPartition":{"dataUnitId":0, "partitionIndex":107}, "broadcast":false}, {"pipelineId":0, "scannedPartition":{"dataUnitId":1, "partitionIndex":108}, "requiredPartitions":[], "outputPartition":{"dataUnitId":0, "partitionIndex":108}, "broadcast":false}, {"pipelineId":0, "scannedPartition":{"dataUnitId":1, "partitionIndex":109}, "requiredPartitions":[], "outputPartition":{"dataUnitId":0, "partitionIndex":109}, "broadcast":false}, {"pipelineId":0, "scannedPartition":{"dataUnitId":1, "partitionIndex":110}, "requiredPartitions":[], "outputPartition":{"dataUnitId":0, "partitionIndex":110}, "broadcast":false}, {"pipelineId":0, "scannedPartition":{"dataUnitId":1, "partitionIndex":111}, "requiredPartitions":[], "outputPartition":{"dataUnitId":0, "partitionIndex":111}, "broadcast":false}, {"pipelineId":0, "scannedPartition":{"dataUnitId":1, "partitionIndex":112}, "requiredPartitions":[], "outputPartition":{"dataUnitId":0, "partitionIndex":112}, "broadcast":false}, {"pipelineId":0, "scannedPartition":{"dataUnitId":1, "partitionIndex":113}, "requiredPartitions":[], "outputPartition":{"dataUnitId":0, "partitionIndex":113}, "broadcast":false}, {"pipelineId":0, "scannedPartition":{"dataUnitId":1, "partitionIndex":114}, "requiredPartitions":[], "outputPartition":{"dataUnitId":0, "partitionIndex":114}, "broadcast":false}, {"pipelineId":0, "scannedPartition":{"dataUnitId":1, "partitionIndex":115}, "requiredPartitions":[], "outputPartition":{"dataUnitId":0, "partitionIndex":115}, "broadcast":false}, {"pipelineId":0, "scannedPartition":{"dataUnitId":1, "partitionIndex":116}, "requiredPartitions":[], "outputPartition":{"dataUnitId":0, "partitionIndex":116}, "broadcast":false}, {"pipelineId":0, "scannedPartition":{"dataUnitId":1, "partitionIndex":117}, "requiredPartitions":[], "outputPartition":{"dataUnitId":0, "partitionIndex":117}, "broadcast":false}, {"pipelineId":0, "scannedPartition":{"dataUnitId":1, "partitionIndex":118}, "requiredPartitions":[], "outputPartition":{"dataUnitId":0, "partitionIndex":118}, "broadcast":false}, {"pipelineId":0, "scannedPartition":{"dataUnitId":1, "partitionIndex":119}, "requiredPartitions":[], "outputPartition":{"dataUnitId":0, "partitionIndex":119}, "broadcast":false}, {"pipelineId":0, "scannedPartition":{"dataUnitId":1, "partitionIndex":120}, "requiredPartitions":[], "outputPartition":{"dataUnitId":0, "partitionIndex":120}, "broadcast":false}, {"pipelineId":0, "scannedPartition":{"dataUnitId":1, "partitionIndex":121}, "requiredPartitions":[], "outputPartition":{"dataUnitId":0, "partitionIndex":121}, "broadcast":false}, {"pipelineId":0, "scannedPartition":{"dataUnitId":1, "partitionIndex":122}, "requiredPartitions":[], "outputPartition":{"dataUnitId":0, "partitionIndex":122}, "broadcast":false}, {"pipelineId":0, "scannedPartition":{"dataUnitId":1, "partitionIndex":123}, "requiredPartitions":[], "outputPartition":{"dataUnitId":0, "partitionIndex":123}, "broadcast":false}, {"pipelineId":0, "scannedPartition":{"dataUnitId":1, "partitionIndex":124}, "requiredPartitions":[], "outputPartition":{"dataUnitId":0, "partitionIndex":124}, "broadcast":false}, {"pipelineId":0, "scannedPartition":{"dataUnitId":1, "partitionIndex":125}, "requiredPartitions":[], "outputPartition":{"dataUnitId":0, "partitionIndex":125}, "broadcast":false}, {"pipelineId":0, "scannedPartition":{"dataUnitId":1, "partitionIndex":126}, "requiredPartitions":[], "outputPartition":{"dataUnitId":0, "partitionIndex":126}, "broadcast":false}, {"pipelineId":0, "scannedPartition":{"dataUnitId":1, "partitionIndex":127}, "requiredPartitions":[], "outputPartition":{"dataUnitId":0, "partitionIndex":127}, "broadcast":false}]}], "broadcastTasks":[], "initialPartitioning":{"owningNode":[{"k":{"dataUnitId":1, "partitionIndex":127}, "v":7}, {"k":{"dataUnitId":1, "partitionIndex":57}, "v":1}, {"k":{"dataUnitId":1, "partitionIndex":6}, "v":6}, {"k":{"dataUnitId":1, "partitionIndex":52}, "v":4}, {"k":{"dataUnitId":1, "partitionIndex":122}, "v":2}, {"k":{"dataUnitId":1, "partitionIndex":123}, "v":3}, {"k":{"dataUnitId":1, "partitionIndex":10}, "v":2}, {"k":{"dataUnitId":1, "partitionIndex":44}, "v":4}, {"k":{"dataUnitId":1, "partitionIndex":43}, "v":3}, {"k":{"dataUnitId":1, "partitionIndex":103}, "v":7}, {"k":{"dataUnitId":1, "partitionIndex":58}, "v":2}, {"k":{"dataUnitId":1, "partitionIndex":0}, "v":0}, {"k":{"dataUnitId":1, "partitionIndex":112}, "v":0}, {"k":{"dataUnitId":1, "partitionIndex":56}, "v":0}, {"k":{"dataUnitId":1, "partitionIndex":49}, "v":1}, {"k":{"dataUnitId":1, "partitionIndex":41}, "v":1}, {"k":{"dataUnitId":1, "partitionIndex":72}, "v":0}, {"k":{"dataUnitId":1, "partitionIndex":18}, "v":2}, {"k":{"dataUnitId":1, "partitionIndex":54}, "v":6}, {"k":{"dataUnitId":1, "partitionIndex":88}, "v":0}, {"k":{"dataUnitId":1, "partitionIndex":36}, "v":4}, {"k":{"dataUnitId":1, "partitionIndex":35}, "v":3}, {"k":{"dataUnitId":1, "partitionIndex":32}, "v":0}, {"k":{"dataUnitId":1, "partitionIndex":28}, "v":4}, {"k":{"dataUnitId":1, "partitionIndex":9}, "v":1}, {"k":{"dataUnitId":1, "partitionIndex":61}, "v":5}, {"k":{"dataUnitId":1, "partitionIndex":3}, "v":3}, {"k":{"dataUnitId":1, "partitionIndex":86}, "v":6}, {"k":{"dataUnitId":1, "partitionIndex":118}, "v":6}, {"k":{"dataUnitId":1, "partitionIndex":8}, "v":0}, {"k":{"dataUnitId":1, "partitionIndex":73}, "v":1}, {"k":{"dataUnitId":1, "partitionIndex":26}, "v":2}, {"k":{"dataUnitId":1, "partitionIndex":59}, "v":3}, {"k":{"dataUnitId":1, "partitionIndex":53}, "v":5}, {"k":{"dataUnitId":1, "partitionIndex":38}, "v":6}, {"k":{"dataUnitId":1, "partitionIndex":5}, "v":5}, {"k":{"dataUnitId":1, "partitionIndex":50}, "v":2}, {"k":{"dataUnitId":1, "partitionIndex":48}, "v":0}, {"k":{"dataUnitId":1, "partitionIndex":7}, "v":7}, {"k":{"dataUnitId":1, "partitionIndex":15}, "v":7}, {"k":{"dataUnitId":1, "partitionIndex":2}, "v":2}, {"k":{"dataUnitId":1, "partitionIndex":62}, "v":6}, {"k":{"dataUnitId":1, "partitionIndex":11}, "v":3}, {"k":{"dataUnitId":1, "partitionIndex":98}, "v":2}, {"k":{"dataUnitId":1, "partitionIndex":97}, "v":1}, {"k":{"dataUnitId":1, "partitionIndex":1}, "v":1}, {"k":{"dataUnitId":1, "partitionIndex":108}, "v":4}, {"k":{"dataUnitId":1, "partitionIndex":29}, "v":5}, {"k":{"dataUnitId":1, "partitionIndex":47}, "v":7}, {"k":{"dataUnitId":1, "partitionIndex":96}, "v":0}, {"k":{"dataUnitId":1, "partitionIndex":27}, "v":3}, {"k":{"dataUnitId":1, "partitionIndex":64}, "v":0}, {"k":{"dataUnitId":1, "partitionIndex":21}, "v":5}, {"k":{"dataUnitId":1, "partitionIndex":13}, "v":5}, {"k":{"dataUnitId":1, "partitionIndex":14}, "v":6}, {"k":{"dataUnitId":1, "partitionIndex":46}, "v":6}, {"k":{"dataUnitId":1, "partitionIndex":16}, "v":0}, {"k":{"dataUnitId":1, "partitionIndex":31}, "v":7}, {"k":{"dataUnitId":1, "partitionIndex":17}, "v":1}, {"k":{"dataUnitId":1, "partitionIndex":20}, "v":4}, {"k":{"dataUnitId":1, "partitionIndex":51}, "v":3}, {"k":{"dataUnitId":1, "partitionIndex":42}, "v":2}, {"k":{"dataUnitId":1, "partitionIndex":55}, "v":7}, {"k":{"dataUnitId":1, "partitionIndex":65}, "v":1}, {"k":{"dataUnitId":1, "partitionIndex":39}, "v":7}, {"k":{"dataUnitId":1, "partitionIndex":25}, "v":1}, {"k":{"dataUnitId":1, "partitionIndex":107}, "v":3}, {"k":{"dataUnitId":1, "partitionIndex":19}, "v":3}, {"k":{"dataUnitId":1, "partitionIndex":67}, "v":3}, {"k":{"dataUnitId":1, "partitionIndex":24}, "v":0}, {"k":{"dataUnitId":1, "partitionIndex":89}, "v":1}, {"k":{"dataUnitId":1, "partitionIndex":60}, "v":4}, {"k":{"dataUnitId":1, "partitionIndex":23}, "v":7}, {"k":{"dataUnitId":1, "partitionIndex":66}, "v":2}, {"k":{"dataUnitId":1, "partitionIndex":63}, "v":7}, {"k":{"dataUnitId":1, "partitionIndex":90}, "v":2}, {"k":{"dataUnitId":1, "partitionIndex":68}, "v":4}, {"k":{"dataUnitId":1, "partitionIndex":69}, "v":5}, {"k":{"dataUnitId":1, "partitionIndex":70}, "v":6}, {"k":{"dataUnitId":1, "partitionIndex":37}, "v":5}, {"k":{"dataUnitId":1, "partitionIndex":33}, "v":1}, {"k":{"dataUnitId":1, "partitionIndex":12}, "v":4}, {"k":{"dataUnitId":1, "partitionIndex":126}, "v":6}, {"k":{"dataUnitId":1, "partitionIndex":82}, "v":2}, {"k":{"dataUnitId":1, "partitionIndex":71}, "v":7}, {"k":{"dataUnitId":1, "partitionIndex":74}, "v":2}, {"k":{"dataUnitId":1, "partitionIndex":93}, "v":5}, {"k":{"dataUnitId":1, "partitionIndex":124}, "v":4}, {"k":{"dataUnitId":1, "partitionIndex":75}, "v":3}, {"k":{"dataUnitId":1, "partitionIndex":22}, "v":6}, {"k":{"dataUnitId":1, "partitionIndex":80}, "v":0}, {"k":{"dataUnitId":1, "partitionIndex":77}, "v":5}, {"k":{"dataUnitId":1, "partitionIndex":40}, "v":0}, {"k":{"dataUnitId":1, "partitionIndex":78}, "v":6}, {"k":{"dataUnitId":1, "partitionIndex":79}, "v":7}, {"k":{"dataUnitId":1, "partitionIndex":81}, "v":1}, {"k":{"dataUnitId":1, "partitionIndex":83}, "v":3}, {"k":{"dataUnitId":1, "partitionIndex":84}, "v":4}, {"k":{"dataUnitId":1, "partitionIndex":4}, "v":4}, {"k":{"dataUnitId":1, "partitionIndex":85}, "v":5}, {"k":{"dataUnitId":1, "partitionIndex":117}, "v":5}, {"k":{"dataUnitId":1, "partitionIndex":87}, "v":7}, {"k":{"dataUnitId":1, "partitionIndex":91}, "v":3}, {"k":{"dataUnitId":1, "partitionIndex":92}, "v":4}, {"k":{"dataUnitId":1, "partitionIndex":109}, "v":5}, {"k":{"dataUnitId":1, "partitionIndex":94}, "v":6}, {"k":{"dataUnitId":1, "partitionIndex":95}, "v":7}, {"k":{"dataUnitId":1, "partitionIndex":45}, "v":5}, {"k":{"dataUnitId":1, "partitionIndex":99}, "v":3}, {"k":{"dataUnitId":1, "partitionIndex":76}, "v":4}, {"k":{"dataUnitId":1, "partitionIndex":120}, "v":0}, {"k":{"dataUnitId":1, "partitionIndex":30}, "v":6}, {"k":{"dataUnitId":1, "partitionIndex":100}, "v":4}, {"k":{"dataUnitId":1, "partitionIndex":101}, "v":5}, {"k":{"dataUnitId":1, "partitionIndex":102}, "v":6}, {"k":{"dataUnitId":1, "partitionIndex":34}, "v":2}, {"k":{"dataUnitId":1, "partitionIndex":119}, "v":7}, {"k":{"dataUnitId":1, "partitionIndex":104}, "v":0}, {"k":{"dataUnitId":1, "partitionIndex":125}, "v":5}, {"k":{"dataUnitId":1, "partitionIndex":105}, "v":1}, {"k":{"dataUnitId":1, "partitionIndex":106}, "v":2}, {"k":{"dataUnitId":1, "partitionIndex":111}, "v":7}, {"k":{"dataUnitId":1, "partitionIndex":113}, "v":1}, {"k":{"dataUnitId":1, "partitionIndex":114}, "v":2}, {"k":{"dataUnitId":1, "partitionIndex":115}, "v":3}, {"k":{"dataUnitId":1, "partitionIndex":110}, "v":6}, {"k":{"dataUnitId":1, "partitionIndex":116}, "v":4}, {"k":{"dataUnitId":1, "partitionIndex":121}, "v":1}], "cachingNodes":[{"k":{"dataUnitId":1, "partitionIndex":127}, "v":[8]}, {"k":{"dataUnitId":1, "partitionIndex":57}, "v":[8]}, {"k":{"dataUnitId":1, "partitionIndex":6}, "v":[8]}, {"k":{"dataUnitId":1, "partitionIndex":52}, "v":[8]}, {"k":{"dataUnitId":1, "partitionIndex":122}, "v":[8]}, {"k":{"dataUnitId":1, "partitionIndex":123}, "v":[8]}, {"k":{"dataUnitId":1, "partitionIndex":10}, "v":[8]}, {"k":{"dataUnitId":1, "partitionIndex":44}, "v":[8]}, {"k":{"dataUnitId":1, "partitionIndex":43}, "v":[8]}, {"k":{"dataUnitId":1, "partitionIndex":103}, "v":[8]}, {"k":{"dataUnitId":1, "partitionIndex":58}, "v":[8]}, {"k":{"dataUnitId":1, "partitionIndex":0}, "v":[8]}, {"k":{"dataUnitId":1, "partitionIndex":112}, "v":[8]}, {"k":{"dataUnitId":1, "partitionIndex":56}, "v":[8]}, {"k":{"dataUnitId":1, "partitionIndex":49}, "v":[8]}, {"k":{"dataUnitId":1, "partitionIndex":41}, "v":[8]}, {"k":{"dataUnitId":1, "partitionIndex":72}, "v":[8]}, {"k":{"dataUnitId":1, "partitionIndex":18}, "v":[8]}, {"k":{"dataUnitId":1, "partitionIndex":54}, "v":[8]}, {"k":{"dataUnitId":1, "partitionIndex":88}, "v":[8]}, {"k":{"dataUnitId":1, "partitionIndex":36}, "v":[8]}, {"k":{"dataUnitId":1, "partitionIndex":35}, "v":[8]}, {"k":{"dataUnitId":1, "partitionIndex":32}, "v":[8]}, {"k":{"dataUnitId":1, "partitionIndex":28}, "v":[8]}, {"k":{"dataUnitId":1, "partitionIndex":9}, "v":[8]}, {"k":{"dataUnitId":1, "partitionIndex":61}, "v":[8]}, {"k":{"dataUnitId":1, "partitionIndex":3}, "v":[8]}, {"k":{"dataUnitId":1, "partitionIndex":86}, "v":[8]}, {"k":{"dataUnitId":1, "partitionIndex":118}, "v":[8]}, {"k":{"dataUnitId":1, "partitionIndex":8}, "v":[8]}, {"k":{"dataUnitId":1, "partitionIndex":73}, "v":[8]}, {"k":{"dataUnitId":1, "partitionIndex":26}, "v":[8]}, {"k":{"dataUnitId":1, "partitionIndex":59}, "v":[8]}, {"k":{"dataUnitId":1, "partitionIndex":53}, "v":[8]}, {"k":{"dataUnitId":1, "partitionIndex":38}, "v":[8]}, {"k":{"dataUnitId":1, "partitionIndex":5}, "v":[8]}, {"k":{"dataUnitId":1, "partitionIndex":50}, "v":[8]}, {"k":{"dataUnitId":1, "partitionIndex":48}, "v":[8]}, {"k":{"dataUnitId":1, "partitionIndex":7}, "v":[8]}, {"k":{"dataUnitId":1, "partitionIndex":15}, "v":[8]}, {"k":{"dataUnitId":1, "partitionIndex":2}, "v":[8]}, {"k":{"dataUnitId":1, "partitionIndex":62}, "v":[8]}, {"k":{"dataUnitId":1, "partitionIndex":11}, "v":[8]}, {"k":{"dataUnitId":1, "partitionIndex":98}, "v":[8]}, {"k":{"dataUnitId":1, "partitionIndex":97}, "v":[8]}, {"k":{"dataUnitId":1, "partitionIndex":1}, "v":[8]}, {"k":{"dataUnitId":1, "partitionIndex":108}, "v":[8]}, {"k":{"dataUnitId":1, "partitionIndex":29}, "v":[8]}, {"k":{"dataUnitId":1, "partitionIndex":47}, "v":[8]}, {"k":{"dataUnitId":1, "partitionIndex":96}, "v":[8]}, {"k":{"dataUnitId":1, "partitionIndex":27}, "v":[8]}, {"k":{"dataUnitId":1, "partitionIndex":64}, "v":[8]}, {"k":{"dataUnitId":1, "partitionIndex":21}, "v":[8]}, {"k":{"dataUnitId":1, "partitionIndex":13}, "v":[8]}, {"k":{"dataUnitId":1, "partitionIndex":14}, "v":[8]}, {"k":{"dataUnitId":1, "partitionIndex":46}, "v":[8]}, {"k":{"dataUnitId":1, "partitionIndex":16}, "v":[8]}, {"k":{"dataUnitId":1, "partitionIndex":31}, "v":[8]}, {"k":{"dataUnitId":1, "partitionIndex":17}, "v":[8]}, {"k":{"dataUnitId":1, "partitionIndex":20}, "v":[8]}, {"k":{"dataUnitId":1, "partitionIndex":51}, "v":[8]}, {"k":{"dataUnitId":1, "partitionIndex":42}, "v":[8]}, {"k":{"dataUnitId":1, "partitionIndex":55}, "v":[8]}, {"k":{"dataUnitId":1, "partitionIndex":65}, "v":[8]}, {"k":{"dataUnitId":1, "partitionIndex":39}, "v":[8]}, {"k":{"dataUnitId":1, "partitionIndex":25}, "v":[8]}, {"k":{"dataUnitId":1, "partitionIndex":107}, "v":[8]}, {"k":{"dataUnitId":1, "partitionIndex":19}, "v":[8]}, {"k":{"dataUnitId":1, "partitionIndex":67}, "v":[8]}, {"k":{"dataUnitId":1, "partitionIndex":24}, "v":[8]}, {"k":{"dataUnitId":1, "partitionIndex":89}, "v":[8]}, {"k":{"dataUnitId":1, "partitionIndex":60}, "v":[8]}, {"k":{"dataUnitId":1, "partitionIndex":23}, "v":[8]}, {"k":{"dataUnitId":1, "partitionIndex":66}, "v":[8]}, {"k":{"dataUnitId":1, "partitionIndex":63}, "v":[8]}, {"k":{"dataUnitId":1, "partitionIndex":90}, "v":[8]}, {"k":{"dataUnitId":1, "partitionIndex":68}, "v":[8]}, {"k":{"dataUnitId":1, "partitionIndex":69}, "v":[8]}, {"k":{"dataUnitId":1, "partitionIndex":70}, "v":[8]}, {"k":{"dataUnitId":1, "partitionIndex":37}, "v":[8]}, {"k":{"dataUnitId":1, "partitionIndex":33}, "v":[8]}, {"k":{"dataUnitId":1, "partitionIndex":12}, "v":[8]}, {"k":{"dataUnitId":1, "partitionIndex":126}, "v":[8]}, {"k":{"dataUnitId":1, "partitionIndex":82}, "v":[8]}, {"k":{"dataUnitId":1, "partitionIndex":71}, "v":[8]}, {"k":{"dataUnitId":1, "partitionIndex":74}, "v":[8]}, {"k":{"dataUnitId":1, "partitionIndex":93}, "v":[8]}, {"k":{"dataUnitId":1, "partitionIndex":124}, "v":[8]}, {"k":{"dataUnitId":1, "partitionIndex":75}, "v":[8]}, {"k":{"dataUnitId":1, "partitionIndex":22}, "v":[8]}, {"k":{"dataUnitId":1, "partitionIndex":80}, "v":[8]}, {"k":{"dataUnitId":1, "partitionIndex":77}, "v":[8]}, {"k":{"dataUnitId":1, "partitionIndex":40}, "v":[8]}, {"k":{"dataUnitId":1, "partitionIndex":78}, "v":[8]}, {"k":{"dataUnitId":1, "partitionIndex":79}, "v":[8]}, {"k":{"dataUnitId":1, "partitionIndex":81}, "v":[8]}, {"k":{"dataUnitId":1, "partitionIndex":83}, "v":[8]}, {"k":{"dataUnitId":1, "partitionIndex":84}, "v":[8]}, {"k":{"dataUnitId":1, "partitionIndex":4}, "v":[8]}, {"k":{"dataUnitId":1, "partitionIndex":85}, "v":[8]}, {"k":{"dataUnitId":1, "partitionIndex":117}, "v":[8]}, {"k":{"dataUnitId":1, "partitionIndex":87}, "v":[8]}, {"k":{"dataUnitId":1, "partitionIndex":91}, "v":[8]}, {"k":{"dataUnitId":1, "partitionIndex":92}, "v":[8]}, {"k":{"dataUnitId":1, "partitionIndex":109}, "v":[8]}, {"k":{"dataUnitId":1, "partitionIndex":94}, "v":[8]}, {"k":{"dataUnitId":1, "partitionIndex":95}, "v":[8]}, {"k":{"dataUnitId":1, "partitionIndex":45}, "v":[8]}, {"k":{"dataUnitId":1, "partitionIndex":99}, "v":[8]}, {"k":{"dataUnitId":1, "partitionIndex":76}, "v":[8]}, {"k":{"dataUnitId":1, "partitionIndex":120}, "v":[8]}, {"k":{"dataUnitId":1, "partitionIndex":30}, "v":[8]}, {"k":{"dataUnitId":1, "partitionIndex":100}, "v":[8]}, {"k":{"dataUnitId":1, "partitionIndex":101}, "v":[8]}, {"k":{"dataUnitId":1, "partitionIndex":102}, "v":[8]}, {"k":{"dataUnitId":1, "partitionIndex":34}, "v":[8]}, {"k":{"dataUnitId":1, "partitionIndex":119}, "v":[8]}, {"k":{"dataUnitId":1, "partitionIndex":104}, "v":[8]}, {"k":{"dataUnitId":1, "partitionIndex":125}, "v":[8]}, {"k":{"dataUnitId":1, "partitionIndex":105}, "v":[8]}, {"k":{"dataUnitId":1, "partitionIndex":106}, "v":[8]}, {"k":{"dataUnitId":1, "partitionIndex":111}, "v":[8]}, {"k":{"dataUnitId":1, "partitionIndex":113}, "v":[8]}, {"k":{"dataUnitId":1, "partitionIndex":114}, "v":[8]}, {"k":{"dataUnitId":1, "partitionIndex":115}, "v":[8]}, {"k":{"dataUnitId":1, "partitionIndex":110}, "v":[8]}, {"k":{"dataUnitId":1, "partitionIndex":116}, "v":[8]}, {"k":{"dataUnitId":1, "partitionIndex":121}, "v":[8]}], "nNodes":9}, "name":"c5n18xlargex8_rrall_128_q6", "resultNode":0, "nParallelTasks":10000}