{"cluster":{"nodes":[{"nCores":72, "memorySize":192, "networkSpeed":100, "networkLatency":0.00025}, {"nCores":72, "memorySize":192, "networkSpeed":100, "networkLatency":0.00025}, {"nCores":72, "memorySize":192, "networkSpeed":100, "networkLatency":0.00025}, {"nCores":72, "memorySize":192, "networkSpeed":100, "networkLatency":0.00025}, {"nCores":72, "memorySize":192, "networkSpeed":100, "networkLatency":0.00025}, {"nCores":72, "memorySize":192, "networkSpeed":100, "networkLatency":0.00025}, {"nCores":72, "memorySize":192, "networkSpeed":100, "networkLatency":0.00025}, {"nCores":72, "memorySize":192, "networkSpeed":100, "networkLatency":0.00025}, {"nCores":0, "memorySize":1e+06, "networkSpeed":1e+06, "networkLatency":0.1}], "storageService":true}, "plan":{"dataUnits":[{"name":"intermediate_0", "id":0, "estimatedCard":1, "isIntermediate":true, "attributes":[{"name":"s_suppkey", "dataUnitId":0, "attributeIndex":0, "size":4}, {"name":"s_nationkey", "dataUnitId":0, "attributeIndex":1, "size":4}, {"name":"n_nationkey", "dataUnitId":0, "attributeIndex":2, "size":4}], "partitionLayout":{"type":"broadcast", "nPartitions":1, "attributes":[]}}, {"name":"nation", "id":1, "estimatedCard":25, "isIntermediate":false, "attributes":[{"name":"n_nationkey", "dataUnitId":1, "attributeIndex":0, "size":4}, {"name":"n_name", "dataUnitId":1, "attributeIndex":1, "size":1}, {"name":"n_regionkey", "dataUnitId":1, "attributeIndex":2, "size":4}, {"name":"n_comment", "dataUnitId":1, "attributeIndex":3, "size":10}], "partitionLayout":{"type":"broadcast", "nPartitions":1, "attributes":[]}}, {"name":"intermediate_1", "id":2, "estimatedCard":401.574373245239258, "isIntermediate":true, "attributes":[{"name":"s_suppkey", "dataUnitId":2, "attributeIndex":0, "size":4}, {"name":"s_nationkey", "dataUnitId":2, "attributeIndex":1, "size":4}, {"name":"n_nationkey", "dataUnitId":2, "attributeIndex":2, "size":4}], "partitionLayout":{"type":"hashpartitioned", "nPartitions":8, "attributes":[{"name":"s_suppkey", "dataUnitId":2, "attributeIndex":0, "size":4}]}}, {"name":"supplier", "id":3, "estimatedCard":10000, "isIntermediate":false, "attributes":[{"name":"s_suppkey", "dataUnitId":3, "attributeIndex":0, "size":4}, {"name":"s_name", "dataUnitId":3, "attributeIndex":1, "size":1}, {"name":"s_address", "dataUnitId":3, "attributeIndex":2, "size":10}, {"name":"s_nationkey", "dataUnitId":3, "attributeIndex":3, "size":4}, {"name":"s_phone", "dataUnitId":3, "attributeIndex":4, "size":1}, {"name":"s_acctbal", "dataUnitId":3, "attributeIndex":5, "size":8}, {"name":"s_comment", "dataUnitId":3, "attributeIndex":6, "size":10}], "partitionLayout":{"type":"hashpartitioned", "nPartitions":8, "attributes":[{"name":"s_suppkey", "dataUnitId":3, "attributeIndex":0, "size":4}]}}, {"name":"intermediate_2", "id":4, "estimatedCard":401.574373245239258, "isIntermediate":true, "attributes":[{"name":"ps_partkey", "dataUnitId":4, "attributeIndex":0, "size":4}, {"name":"ps_suppkey", "dataUnitId":4, "attributeIndex":1, "size":4}, {"name":"ps_availqty", "dataUnitId":4, "attributeIndex":2, "size":4}, {"name":"ps_supplycost", "dataUnitId":4, "attributeIndex":3, "size":8}, {"name":"s_suppkey", "dataUnitId":4, "attributeIndex":4, "size":4}, {"name":"s_nationkey", "dataUnitId":4, "attributeIndex":5, "size":4}, {"name":"n_nationkey", "dataUnitId":4, "attributeIndex":6, "size":4}], "partitionLayout":{"type":"broadcast", "nPartitions":1, "attributes":[]}}, {"name":"intermediate_1_shuffled", "id":5, "estimatedCard":401.574373245239258, "isIntermediate":true, "attributes":[{"name":"s_suppkey", "dataUnitId":2, "attributeIndex":0, "size":4}, {"name":"s_nationkey", "dataUnitId":2, "attributeIndex":1, "size":4}, {"name":"n_nationkey", "dataUnitId":2, "attributeIndex":2, "size":4}], "partitionLayout":{"type":"broadcast", "nPartitions":1, "attributes":[]}}, {"name":"intermediate_3", "id":6, "estimatedCard":32492.5685341356293, "isIntermediate":true, "attributes":[{"name":"ps_partkey", "dataUnitId":6, "attributeIndex":0, "size":4}, {"name":"ps_suppkey", "dataUnitId":6, "attributeIndex":1, "size":4}, {"name":"ps_availqty", "dataUnitId":6, "attributeIndex":2, "size":4}, {"name":"ps_supplycost", "dataUnitId":6, "attributeIndex":3, "size":8}, {"name":"s_suppkey", "dataUnitId":6, "attributeIndex":4, "size":4}, {"name":"s_nationkey", "dataUnitId":6, "attributeIndex":5, "size":4}, {"name":"n_nationkey", "dataUnitId":6, "attributeIndex":6, "size":4}], "partitionLayout":{"type":"hashpartitioned", "nPartitions":8, "attributes":[{"name":"ps_partkey", "dataUnitId":6, "attributeIndex":0, "size":4}]}}, {"name":"partsupp", "id":7, "estimatedCard":800000, "isIntermediate":false, "attributes":[{"name":"ps_partkey", "dataUnitId":7, "attributeIndex":0, "size":4}, {"name":"ps_suppkey", "dataUnitId":7, "attributeIndex":1, "size":4}, {"name":"ps_availqty", "dataUnitId":7, "attributeIndex":2, "size":4}, {"name":"ps_supplycost", "dataUnitId":7, "attributeIndex":3, "size":8}, {"name":"ps_comment", "dataUnitId":7, "attributeIndex":4, "size":10}], "partitionLayout":{"type":"hashpartitioned", "nPartitions":8, "attributes":[{"name":"ps_partkey", "dataUnitId":7, "attributeIndex":0, "size":4}]}}, {"name":"intermediate_4", "id":8, "estimatedCard":29243.3116807220686, "isIntermediate":true, "attributes":[{"name":"ps_partkey", "dataUnitId":8, "attributeIndex":0, "size":4}, {"name":"sum()", "dataUnitId":8, "attributeIndex":1, "size":16}], "partitionLayout":{"type":"singlenode", "nPartitions":1, "attributes":[]}}, {"name":"intermediate_3_shuffled", "id":9, "estimatedCard":32492.5685341356293, "isIntermediate":true, "attributes":[{"name":"ps_partkey", "dataUnitId":6, "attributeIndex":0, "size":4}, {"name":"ps_suppkey", "dataUnitId":6, "attributeIndex":1, "size":4}, {"name":"ps_availqty", "dataUnitId":6, "attributeIndex":2, "size":4}, {"name":"ps_supplycost", "dataUnitId":6, "attributeIndex":3, "size":8}, {"name":"s_suppkey", "dataUnitId":6, "attributeIndex":4, "size":4}, {"name":"s_nationkey", "dataUnitId":6, "attributeIndex":5, "size":4}, {"name":"n_nationkey", "dataUnitId":6, "attributeIndex":6, "size":4}], "partitionLayout":{"type":"singlenode", "nPartitions":1, "attributes":[]}}, {"name":"intermediate_5", "id":10, "estimatedCard":1, "isIntermediate":true, "attributes":[{"name":"sum()", "dataUnitId":10, "attributeIndex":0, "size":16}], "partitionLayout":{"type":"singlenode", "nPartitions":1, "attributes":[]}}, {"name":"intermediate_6", "id":11, "estimatedCard":1, "isIntermediate":true, "attributes":[{"name":"ps_partkey", "dataUnitId":11, "attributeIndex":0, "size":4}, {"name":"sum()", "dataUnitId":11, "attributeIndex":1, "size":16}, {"name":"sum()", "dataUnitId":11, "attributeIndex":2, "size":16}], "partitionLayout":{"type":"singlenode", "nPartitions":1, "attributes":[]}}, {"name":"intermediate_7", "id":12, "estimatedCard":7713.82509407573707, "isIntermediate":true, "attributes":[{"name":"ps_partkey", "dataUnitId":12, "attributeIndex":0, "size":4}, {"name":"sum()", "dataUnitId":12, "attributeIndex":1, "size":16}, {"name":"sum()", "dataUnitId":12, "attributeIndex":2, "size":16}], "partitionLayout":{"type":"singlenode", "nPartitions":1, "attributes":[]}}, {"name":"intermediate_8", "id":13, "estimatedCard":7713.82509407573707, "isIntermediate":true, "attributes":[{"name":"ps_partkey", "dataUnitId":13, "attributeIndex":0, "size":4}, {"name":"sum()", "dataUnitId":13, "attributeIndex":1, "size":16}, {"name":"sum()", "dataUnitId":13, "attributeIndex":2, "size":16}], "partitionLayout":{"type":"singlenode", "nPartitions":1, "attributes":[]}}], "pipelines":[{"id":0, "scan":1, "output":0, "estimatedLoad":1.89806798708372074e-07, "requiredData":[]}, {"id":1, "scan":3, "output":2, "estimatedLoad":4.23058812592103479e-09, "requiredData":[0]}, {"id":2, "scan":5, "output":4, "estimatedLoad":5.19838954091044864e-08, "requiredData":[]}, {"id":3, "scan":7, "output":6, "estimatedLoad":3.02786701311974552e-10, "requiredData":[4]}, {"id":4, "scan":9, "output":8, "estimatedLoad":2.05537200273720255e-06, "requiredData":[]}, {"id":5, "scan":9, "output":10, "estimatedLoad":4.78503698639140047e-09, "requiredData":[]}, {"id":6, "scan":10, "output":11, "estimatedLoad":1.37757296388917794e-06, "requiredData":[]}, {"id":7, "scan":8, "output":12, "estimatedLoad":3.33576598581564623e-08, "requiredData":[11]}, {"id":8, "scan":12, "output":13, "estimatedLoad":2.90022580136294143e-06, "requiredData":[]}], "shuffleStages":[{"from":6, "to":9}, {"from":2, "to":5}], "dependencyOrder":[0, 1, 2, 3, 4, 5, 6, 7, 8]}, "tasks":[{"k":8, "v":[{"pipelineId":8, "scannedPartition":{"dataUnitId":12, "partitionIndex":0}, "requiredPartitions":[], "outputPartition":{"dataUnitId":13, "partitionIndex":0}, "broadcast":false}]}, {"k":7, "v":[{"pipelineId":7, "scannedPartition":{"dataUnitId":8, "partitionIndex":0}, "requiredPartitions":[{"dataUnitId":11, "partitionIndex":0}], "outputPartition":{"dataUnitId":12, "partitionIndex":0}, "broadcast":false}]}, {"k":6, "v":[{"pipelineId":6, "scannedPartition":{"dataUnitId":10, "partitionIndex":0}, "requiredPartitions":[], "outputPartition":{"dataUnitId":11, "partitionIndex":0}, "broadcast":false}]}, {"k":5, "v":[{"pipelineId":5, "scannedPartition":{"dataUnitId":9, "partitionIndex":0}, "requiredPartitions":[], "outputPartition":{"dataUnitId":10, "partitionIndex":0}, "broadcast":false}]}, {"k":4, "v":[{"pipelineId":4, "scannedPartition":{"dataUnitId":9, "partitionIndex":0}, "requiredPartitions":[], "outputPartition":{"dataUnitId":8, "partitionIndex":0}, "broadcast":false}]}, {"k":3, "v":[{"pipelineId":3, "scannedPartition":{"dataUnitId":7, "partitionIndex":0}, "requiredPartitions":[{"dataUnitId":4, "partitionIndex":0}], "outputPartition":{"dataUnitId":6, "partitionIndex":0}, "broadcast":false}, {"pipelineId":3, "scannedPartition":{"dataUnitId":7, "partitionIndex":1}, "requiredPartitions":[{"dataUnitId":4, "partitionIndex":0}], "outputPartition":{"dataUnitId":6, "partitionIndex":1}, "broadcast":false}, {"pipelineId":3, "scannedPartition":{"dataUnitId":7, "partitionIndex":2}, "requiredPartitions":[{"dataUnitId":4, "partitionIndex":0}], "outputPartition":{"dataUnitId":6, "partitionIndex":2}, "broadcast":false}, {"pipelineId":3, "scannedPartition":{"dataUnitId":7, "partitionIndex":3}, "requiredPartitions":[{"dataUnitId":4, "partitionIndex":0}], "outputPartition":{"dataUnitId":6, "partitionIndex":3}, "broadcast":false}, {"pipelineId":3, "scannedPartition":{"dataUnitId":7, "partitionIndex":4}, "requiredPartitions":[{"dataUnitId":4, "partitionIndex":0}], "outputPartition":{"dataUnitId":6, "partitionIndex":4}, "broadcast":false}, {"pipelineId":3, "scannedPartition":{"dataUnitId":7, "partitionIndex":5}, "requiredPartitions":[{"dataUnitId":4, "partitionIndex":0}], "outputPartition":{"dataUnitId":6, "partitionIndex":5}, "broadcast":false}, {"pipelineId":3, "scannedPartition":{"dataUnitId":7, "partitionIndex":6}, "requiredPartitions":[{"dataUnitId":4, "partitionIndex":0}], "outputPartition":{"dataUnitId":6, "partitionIndex":6}, "broadcast":false}, {"pipelineId":3, "scannedPartition":{"dataUnitId":7, "partitionIndex":7}, "requiredPartitions":[{"dataUnitId":4, "partitionIndex":0}], "outputPartition":{"dataUnitId":6, "partitionIndex":7}, "broadcast":false}]}, {"k":1, "v":[{"pipelineId":1, "scannedPartition":{"dataUnitId":3, "partitionIndex":0}, "requiredPartitions":[{"dataUnitId":0, "partitionIndex":0}], "outputPartition":{"dataUnitId":2, "partitionIndex":0}, "broadcast":false}, {"pipelineId":1, "scannedPartition":{"dataUnitId":3, "partitionIndex":1}, "requiredPartitions":[{"dataUnitId":0, "partitionIndex":0}], "outputPartition":{"dataUnitId":2, "partitionIndex":1}, "broadcast":false}, {"pipelineId":1, "scannedPartition":{"dataUnitId":3, "partitionIndex":2}, "requiredPartitions":[{"dataUnitId":0, "partitionIndex":0}], "outputPartition":{"dataUnitId":2, "partitionIndex":2}, "broadcast":false}, {"pipelineId":1, "scannedPartition":{"dataUnitId":3, "partitionIndex":3}, "requiredPartitions":[{"dataUnitId":0, "partitionIndex":0}], "outputPartition":{"dataUnitId":2, "partitionIndex":3}, "broadcast":false}, {"pipelineId":1, "scannedPartition":{"dataUnitId":3, "partitionIndex":4}, "requiredPartitions":[{"dataUnitId":0, "partitionIndex":0}], "outputPartition":{"dataUnitId":2, "partitionIndex":4}, "broadcast":false}, {"pipelineId":1, "scannedPartition":{"dataUnitId":3, "partitionIndex":5}, "requiredPartitions":[{"dataUnitId":0, "partitionIndex":0}], "outputPartition":{"dataUnitId":2, "partitionIndex":5}, "broadcast":false}, {"pipelineId":1, "scannedPartition":{"dataUnitId":3, "partitionIndex":6}, "requiredPartitions":[{"dataUnitId":0, "partitionIndex":0}], "outputPartition":{"dataUnitId":2, "partitionIndex":6}, "broadcast":false}, {"pipelineId":1, "scannedPartition":{"dataUnitId":3, "partitionIndex":7}, "requiredPartitions":[{"dataUnitId":0, "partitionIndex":0}], "outputPartition":{"dataUnitId":2, "partitionIndex":7}, "broadcast":false}]}], "broadcastTasks":[{"k":2, "v":{"pipelineId":2, "scannedPartition":{"dataUnitId":5, "partitionIndex":0}, "requiredPartitions":[], "outputPartition":{"dataUnitId":4, "partitionIndex":0}, "broadcast":true}}, {"k":0, "v":{"pipelineId":0, "scannedPartition":{"dataUnitId":1, "partitionIndex":0}, "requiredPartitions":[], "outputPartition":{"dataUnitId":0, "partitionIndex":0}, "broadcast":true}}], "initialPartitioning":{"owningNode":[{"k":{"dataUnitId":7, "partitionIndex":7}, "v":7}, {"k":{"dataUnitId":7, "partitionIndex":6}, "v":6}, {"k":{"dataUnitId":7, "partitionIndex":0}, "v":0}, {"k":{"dataUnitId":3, "partitionIndex":1}, "v":1}, {"k":{"dataUnitId":3, "partitionIndex":2}, "v":2}, {"k":{"dataUnitId":7, "partitionIndex":4}, "v":4}, {"k":{"dataUnitId":7, "partitionIndex":3}, "v":3}, {"k":{"dataUnitId":3, "partitionIndex":3}, "v":3}, {"k":{"dataUnitId":3, "partitionIndex":4}, "v":4}, {"k":{"dataUnitId":1, "partitionIndex":0}, "v":0}, {"k":{"dataUnitId":3, "partitionIndex":0}, "v":0}, {"k":{"dataUnitId":7, "partitionIndex":2}, "v":2}, {"k":{"dataUnitId":3, "partitionIndex":5}, "v":5}, {"k":{"dataUnitId":3, "partitionIndex":7}, "v":7}, {"k":{"dataUnitId":7, "partitionIndex":5}, "v":5}, {"k":{"dataUnitId":3, "partitionIndex":6}, "v":6}, {"k":{"dataUnitId":7, "partitionIndex":1}, "v":1}], "cachingNodes":[{"k":{"dataUnitId":7, "partitionIndex":7}, "v":[8]}, {"k":{"dataUnitId":7, "partitionIndex":6}, "v":[8]}, {"k":{"dataUnitId":7, "partitionIndex":0}, "v":[8]}, {"k":{"dataUnitId":3, "partitionIndex":1}, "v":[8]}, {"k":{"dataUnitId":3, "partitionIndex":2}, "v":[8]}, {"k":{"dataUnitId":7, "partitionIndex":4}, "v":[8]}, {"k":{"dataUnitId":7, "partitionIndex":3}, "v":[8]}, {"k":{"dataUnitId":3, "partitionIndex":3}, "v":[8]}, {"k":{"dataUnitId":3, "partitionIndex":4}, "v":[8]}, {"k":{"dataUnitId":1, "partitionIndex":0}, "v":[7, 6, 5, 4, 3, 2, 1]}, {"k":{"dataUnitId":3, "partitionIndex":0}, "v":[8]}, {"k":{"dataUnitId":7, "partitionIndex":2}, "v":[8]}, {"k":{"dataUnitId":3, "partitionIndex":5}, "v":[8]}, {"k":{"dataUnitId":3, "partitionIndex":7}, "v":[8]}, {"k":{"dataUnitId":7, "partitionIndex":5}, "v":[8]}, {"k":{"dataUnitId":3, "partitionIndex":6}, "v":[8]}, {"k":{"dataUnitId":7, "partitionIndex":1}, "v":[8]}], "nNodes":9}, "name":"c5n18xlargex8_rrall_8_q11", "resultNode":0, "nParallelTasks":10000}