{"cluster":{"nodes":[{"nCores":72, "memorySize":192, "networkSpeed":100, "networkLatency":0.00025}, {"nCores":72, "memorySize":192, "networkSpeed":100, "networkLatency":0.00025}, {"nCores":72, "memorySize":192, "networkSpeed":100, "networkLatency":0.00025}, {"nCores":72, "memorySize":192, "networkSpeed":100, "networkLatency":0.00025}, {"nCores":72, "memorySize":192, "networkSpeed":100, "networkLatency":0.00025}, {"nCores":72, "memorySize":192, "networkSpeed":100, "networkLatency":0.00025}, {"nCores":72, "memorySize":192, "networkSpeed":100, "networkLatency":0.00025}, {"nCores":72, "memorySize":192, "networkSpeed":100, "networkLatency":0.00025}, {"nCores":0, "memorySize":1e+06, "networkSpeed":1e+06, "networkLatency":0.1}], "storageService":true}, "plan":{"dataUnits":[{"name":"intermediate_0", "id":0, "estimatedCard":1, "isIntermediate":true, "attributes":[{"name":"avg(c_acctbal)", "dataUnitId":0, "attributeIndex":0, "size":16}], "partitionLayout":{"type":"hashpartitioned", "nPartitions":4, "attributes":[{"name":"c_custkey", "dataUnitId":1, "attributeIndex":0, "size":4}]}}, {"name":"customer", "id":1, "estimatedCard":150000, "isIntermediate":false, "attributes":[{"name":"c_custkey", "dataUnitId":1, "attributeIndex":0, "size":4}, {"name":"c_name", "dataUnitId":1, "attributeIndex":1, "size":10}, {"name":"c_address", "dataUnitId":1, "attributeIndex":2, "size":10}, {"name":"c_nationkey", "dataUnitId":1, "attributeIndex":3, "size":4}, {"name":"c_phone", "dataUnitId":1, "attributeIndex":4, "size":1}, {"name":"c_acctbal", "dataUnitId":1, "attributeIndex":5, "size":8}, {"name":"c_mktsegment", "dataUnitId":1, "attributeIndex":6, "size":1}, {"name":"c_comment", "dataUnitId":1, "attributeIndex":7, "size":10}], "partitionLayout":{"type":"hashpartitioned", "nPartitions":4, "attributes":[{"name":"c_custkey", "dataUnitId":1, "attributeIndex":0, "size":4}]}}, {"name":"intermediate_1", "id":2, "estimatedCard":1, "isIntermediate":true, "attributes":[{"name":"c_custkey", "dataUnitId":2, "attributeIndex":0, "size":4}, {"name":"c_phone", "dataUnitId":2, "attributeIndex":1, "size":1}, {"name":"c_acctbal", "dataUnitId":2, "attributeIndex":2, "size":8}, {"name":"avg(c_acctbal)", "dataUnitId":2, "attributeIndex":3, "size":16}], "partitionLayout":{"type":"broadcast", "nPartitions":1, "attributes":[]}}, {"name":"intermediate_0_shuffled", "id":3, "estimatedCard":1, "isIntermediate":true, "attributes":[{"name":"avg(c_acctbal)", "dataUnitId":0, "attributeIndex":0, "size":16}], "partitionLayout":{"type":"broadcast", "nPartitions":1, "attributes":[]}}, {"name":"intermediate_2", "id":4, "estimatedCard":17190.208495259285, "isIntermediate":true, "attributes":[{"name":"c_custkey", "dataUnitId":4, "attributeIndex":0, "size":4}, {"name":"c_phone", "dataUnitId":4, "attributeIndex":1, "size":1}, {"name":"c_acctbal", "dataUnitId":4, "attributeIndex":2, "size":8}, {"name":"avg(c_acctbal)", "dataUnitId":4, "attributeIndex":3, "size":16}], "partitionLayout":{"type":"hashpartitioned", "nPartitions":4, "attributes":[{"name":"c_custkey", "dataUnitId":4, "attributeIndex":0, "size":4}]}}, {"name":"customer", "id":5, "estimatedCard":150000, "isIntermediate":false, "attributes":[{"name":"c_custkey", "dataUnitId":5, "attributeIndex":0, "size":4}, {"name":"c_name", "dataUnitId":5, "attributeIndex":1, "size":10}, {"name":"c_address", "dataUnitId":5, "attributeIndex":2, "size":10}, {"name":"c_nationkey", "dataUnitId":5, "attributeIndex":3, "size":4}, {"name":"c_phone", "dataUnitId":5, "attributeIndex":4, "size":1}, {"name":"c_acctbal", "dataUnitId":5, "attributeIndex":5, "size":8}, {"name":"c_mktsegment", "dataUnitId":5, "attributeIndex":6, "size":1}, {"name":"c_comment", "dataUnitId":5, "attributeIndex":7, "size":10}], "partitionLayout":{"type":"hashpartitioned", "nPartitions":4, "attributes":[{"name":"c_custkey", "dataUnitId":5, "attributeIndex":0, "size":4}]}}, {"name":"intermediate_3", "id":6, "estimatedCard":17190.208495259285, "isIntermediate":true, "attributes":[{"name":"c_custkey", "dataUnitId":6, "attributeIndex":0, "size":4}, {"name":"c_phone", "dataUnitId":6, "attributeIndex":1, "size":1}, {"name":"c_acctbal", "dataUnitId":6, "attributeIndex":2, "size":8}, {"name":"avg(c_acctbal)", "dataUnitId":6, "attributeIndex":3, "size":16}], "partitionLayout":{"type":"broadcast", "nPartitions":1, "attributes":[]}}, {"name":"intermediate_2_shuffled", "id":7, "estimatedCard":17190.208495259285, "isIntermediate":true, "attributes":[{"name":"c_custkey", "dataUnitId":4, "attributeIndex":0, "size":4}, {"name":"c_phone", "dataUnitId":4, "attributeIndex":1, "size":1}, {"name":"c_acctbal", "dataUnitId":4, "attributeIndex":2, "size":8}, {"name":"avg(c_acctbal)", "dataUnitId":4, "attributeIndex":3, "size":16}], "partitionLayout":{"type":"broadcast", "nPartitions":1, "attributes":[]}}, {"name":"intermediate_4", "id":8, "estimatedCard":100, "isIntermediate":true, "attributes":[{"name":"cntrycode", "dataUnitId":8, "attributeIndex":0, "size":10}, {"name":"countstar(*)", "dataUnitId":8, "attributeIndex":1, "size":8}, {"name":"sum(c_acctbal)", "dataUnitId":8, "attributeIndex":2, "size":8}], "partitionLayout":{"type":"hashpartitioned", "nPartitions":4, "attributes":[{"name":"o_orderkey", "dataUnitId":9, "attributeIndex":0, "size":4}]}}, {"name":"orders", "id":9, "estimatedCard":1.5e+06, "isIntermediate":false, "attributes":[{"name":"o_orderkey", "dataUnitId":9, "attributeIndex":0, "size":4}, {"name":"o_custkey", "dataUnitId":9, "attributeIndex":1, "size":4}, {"name":"o_orderstatus", "dataUnitId":9, "attributeIndex":2, "size":1}, {"name":"o_totalprice", "dataUnitId":9, "attributeIndex":3, "size":8}, {"name":"o_orderdate", "dataUnitId":9, "attributeIndex":4, "size":32}, {"name":"o_orderpriority", "dataUnitId":9, "attributeIndex":5, "size":1}, {"name":"o_clerk", "dataUnitId":9, "attributeIndex":6, "size":1}, {"name":"o_shippriority", "dataUnitId":9, "attributeIndex":7, "size":4}, {"name":"o_comment", "dataUnitId":9, "attributeIndex":8, "size":10}], "partitionLayout":{"type":"hashpartitioned", "nPartitions":4, "attributes":[{"name":"o_orderkey", "dataUnitId":9, "attributeIndex":0, "size":4}]}}, {"name":"intermediate_5", "id":10, "estimatedCard":100, "isIntermediate":true, "attributes":[{"name":"cntrycode", "dataUnitId":10, "attributeIndex":0, "size":10}, {"name":"countstar(*)", "dataUnitId":10, "attributeIndex":1, "size":8}, {"name":"sum(c_acctbal)", "dataUnitId":10, "attributeIndex":2, "size":8}], "partitionLayout":{"type":"singlenode", "nPartitions":1, "attributes":[]}}, {"name":"intermediate_4_shuffled", "id":11, "estimatedCard":100, "isIntermediate":true, "attributes":[{"name":"cntrycode", "dataUnitId":8, "attributeIndex":0, "size":10}, {"name":"countstar(*)", "dataUnitId":8, "attributeIndex":1, "size":8}, {"name":"sum(c_acctbal)", "dataUnitId":8, "attributeIndex":2, "size":8}], "partitionLayout":{"type":"singlenode", "nPartitions":1, "attributes":[]}}, {"name":"intermediate_6", "id":12, "estimatedCard":100, "isIntermediate":true, "attributes":[{"name":"cntrycode", "dataUnitId":12, "attributeIndex":0, "size":10}, {"name":"countstar(*)", "dataUnitId":12, "attributeIndex":1, "size":8}, {"name":"sum(c_acctbal)", "dataUnitId":12, "attributeIndex":2, "size":8}], "partitionLayout":{"type":"singlenode", "nPartitions":1, "attributes":[]}}], "pipelines":[{"id":0, "scan":1, "output":0, "estimatedLoad":1.18058997999815918e-09, "requiredData":[]}, {"id":1, "scan":3, "output":2, "estimatedLoad":1.35286215475122456e-06, "requiredData":[]}, {"id":2, "scan":5, "output":4, "estimatedLoad":1.16567352892789883e-09, "requiredData":[2]}, {"id":3, "scan":7, "output":6, "estimatedLoad":1.38241906911009311e-08, "requiredData":[]}, {"id":4, "scan":9, "output":8, "estimatedLoad":5.78915234070992599e-10, "requiredData":[6]}, {"id":5, "scan":11, "output":10, "estimatedLoad":1.52961505297438234e-06, "requiredData":[]}, {"id":6, "scan":10, "output":12, "estimatedLoad":2.89053648826970875e-06, "requiredData":[]}], "shuffleStages":[{"from":8, "to":11}, {"from":4, "to":7}, {"from":0, "to":3}], "dependencyOrder":[0, 1, 2, 3, 4, 5, 6]}, "tasks":[{"k":6, "v":[{"pipelineId":6, "scannedPartition":{"dataUnitId":10, "partitionIndex":0}, "requiredPartitions":[], "outputPartition":{"dataUnitId":12, "partitionIndex":0}, "broadcast":false}]}, {"k":5, "v":[{"pipelineId":5, "scannedPartition":{"dataUnitId":11, "partitionIndex":0}, "requiredPartitions":[], "outputPartition":{"dataUnitId":10, "partitionIndex":0}, "broadcast":false}]}, {"k":4, "v":[{"pipelineId":4, "scannedPartition":{"dataUnitId":9, "partitionIndex":0}, "requiredPartitions":[{"dataUnitId":6, "partitionIndex":0}], "outputPartition":{"dataUnitId":8, "partitionIndex":0}, "broadcast":false}, {"pipelineId":4, "scannedPartition":{"dataUnitId":9, "partitionIndex":1}, "requiredPartitions":[{"dataUnitId":6, "partitionIndex":0}], "outputPartition":{"dataUnitId":8, "partitionIndex":1}, "broadcast":false}, {"pipelineId":4, "scannedPartition":{"dataUnitId":9, "partitionIndex":2}, "requiredPartitions":[{"dataUnitId":6, "partitionIndex":0}], "outputPartition":{"dataUnitId":8, "partitionIndex":2}, "broadcast":false}, {"pipelineId":4, "scannedPartition":{"dataUnitId":9, "partitionIndex":3}, "requiredPartitions":[{"dataUnitId":6, "partitionIndex":0}], "outputPartition":{"dataUnitId":8, "partitionIndex":3}, "broadcast":false}]}, {"k":2, "v":[{"pipelineId":2, "scannedPartition":{"dataUnitId":5, "partitionIndex":0}, "requiredPartitions":[{"dataUnitId":2, "partitionIndex":0}], "outputPartition":{"dataUnitId":4, "partitionIndex":0}, "broadcast":false}, {"pipelineId":2, "scannedPartition":{"dataUnitId":5, "partitionIndex":1}, "requiredPartitions":[{"dataUnitId":2, "partitionIndex":0}], "outputPartition":{"dataUnitId":4, "partitionIndex":1}, "broadcast":false}, {"pipelineId":2, "scannedPartition":{"dataUnitId":5, "partitionIndex":2}, "requiredPartitions":[{"dataUnitId":2, "partitionIndex":0}], "outputPartition":{"dataUnitId":4, "partitionIndex":2}, "broadcast":false}, {"pipelineId":2, "scannedPartition":{"dataUnitId":5, "partitionIndex":3}, "requiredPartitions":[{"dataUnitId":2, "partitionIndex":0}], "outputPartition":{"dataUnitId":4, "partitionIndex":3}, "broadcast":false}]}, {"k":0, "v":[{"pipelineId":0, "scannedPartition":{"dataUnitId":1, "partitionIndex":0}, "requiredPartitions":[], "outputPartition":{"dataUnitId":0, "partitionIndex":0}, "broadcast":false}, {"pipelineId":0, "scannedPartition":{"dataUnitId":1, "partitionIndex":1}, "requiredPartitions":[], "outputPartition":{"dataUnitId":0, "partitionIndex":1}, "broadcast":false}, {"pipelineId":0, "scannedPartition":{"dataUnitId":1, "partitionIndex":2}, "requiredPartitions":[], "outputPartition":{"dataUnitId":0, "partitionIndex":2}, "broadcast":false}, {"pipelineId":0, "scannedPartition":{"dataUnitId":1, "partitionIndex":3}, "requiredPartitions":[], "outputPartition":{"dataUnitId":0, "partitionIndex":3}, "broadcast":false}]}], "broadcastTasks":[{"k":3, "v":{"pipelineId":3, "scannedPartition":{"dataUnitId":7, "partitionIndex":0}, "requiredPartitions":[], "outputPartition":{"dataUnitId":6, "partitionIndex":0}, "broadcast":true}}, {"k":1, "v":{"pipelineId":1, "scannedPartition":{"dataUnitId":3, "partitionIndex":0}, "requiredPartitions":[], "outputPartition":{"dataUnitId":2, "partitionIndex":0}, "broadcast":true}}], "initialPartitioning":{"owningNode":[{"k":{"dataUnitId":9, "partitionIndex":3}, "v":3}, {"k":{"dataUnitId":9, "partitionIndex":1}, "v":1}, {"k":{"dataUnitId":9, "partitionIndex":0}, "v":0}, {"k":{"dataUnitId":5, "partitionIndex":3}, "v":3}, {"k":{"dataUnitId":5, "partitionIndex":1}, "v":1}, {"k":{"dataUnitId":5, "partitionIndex":0}, "v":0}, {"k":{"dataUnitId":1, "partitionIndex":3}, "v":3}, {"k":{"dataUnitId":1, "partitionIndex":2}, "v":2}, {"k":{"dataUnitId":9, "partitionIndex":2}, "v":2}, {"k":{"dataUnitId":5, "partitionIndex":2}, "v":2}, {"k":{"dataUnitId":1, "partitionIndex":1}, "v":1}, {"k":{"dataUnitId":1, "partitionIndex":0}, "v":0}], "cachingNodes":[{"k":{"dataUnitId":9, "partitionIndex":3}, "v":[8]}, {"k":{"dataUnitId":9, "partitionIndex":1}, "v":[8]}, {"k":{"dataUnitId":9, "partitionIndex":0}, "v":[8]}, {"k":{"dataUnitId":5, "partitionIndex":3}, "v":[8]}, {"k":{"dataUnitId":5, "partitionIndex":1}, "v":[8]}, {"k":{"dataUnitId":5, "partitionIndex":0}, "v":[8]}, {"k":{"dataUnitId":1, "partitionIndex":3}, "v":[8]}, {"k":{"dataUnitId":1, "partitionIndex":2}, "v":[8]}, {"k":{"dataUnitId":9, "partitionIndex":2}, "v":[8]}, {"k":{"dataUnitId":5, "partitionIndex":2}, "v":[8]}, {"k":{"dataUnitId":1, "partitionIndex":1}, "v":[8]}, {"k":{"dataUnitId":1, "partitionIndex":0}, "v":[8]}], "nNodes":9}, "name":"c5n18xlargex8_rrall_4_q22", "resultNode":0, "nParallelTasks":10000}