{"cluster":{"nodes":[{"nCores":72, "memorySize":192, "networkSpeed":100, "networkLatency":0.00025}, {"nCores":72, "memorySize":192, "networkSpeed":100, "networkLatency":0.00025}, {"nCores":72, "memorySize":192, "networkSpeed":100, "networkLatency":0.00025}, {"nCores":72, "memorySize":192, "networkSpeed":100, "networkLatency":0.00025}, {"nCores":72, "memorySize":192, "networkSpeed":100, "networkLatency":0.00025}, {"nCores":72, "memorySize":192, "networkSpeed":100, "networkLatency":0.00025}, {"nCores":72, "memorySize":192, "networkSpeed":100, "networkLatency":0.00025}, {"nCores":72, "memorySize":192, "networkSpeed":100, "networkLatency":0.00025}, {"nCores":0, "memorySize":1e+06, "networkSpeed":1e+06, "networkLatency":0.1}], "storageService":true}, "plan":{"dataUnits":[{"name":"intermediate_0", "id":0, "estimatedCard":76171, "isIntermediate":true, "attributes":[{"name":"o_orderkey", "dataUnitId":0, "attributeIndex":0, "size":4}, {"name":"o_orderpriority", "dataUnitId":0, "attributeIndex":1, "size":1}], "partitionLayout":{"type":"hashpartitioned", "nPartitions":16, "attributes":[{"name":"o_orderkey", "dataUnitId":0, "attributeIndex":0, "size":4}]}}, {"name":"orders", "id":1, "estimatedCard":1.5e+06, "isIntermediate":false, "attributes":[{"name":"o_orderkey", "dataUnitId":1, "attributeIndex":0, "size":4}, {"name":"o_custkey", "dataUnitId":1, "attributeIndex":1, "size":4}, {"name":"o_orderstatus", "dataUnitId":1, "attributeIndex":2, "size":1}, {"name":"o_totalprice", "dataUnitId":1, "attributeIndex":3, "size":8}, {"name":"o_orderdate", "dataUnitId":1, "attributeIndex":4, "size":32}, {"name":"o_orderpriority", "dataUnitId":1, "attributeIndex":5, "size":1}, {"name":"o_clerk", "dataUnitId":1, "attributeIndex":6, "size":1}, {"name":"o_shippriority", "dataUnitId":1, "attributeIndex":7, "size":4}, {"name":"o_comment", "dataUnitId":1, "attributeIndex":8, "size":10}], "partitionLayout":{"type":"hashpartitioned", "nPartitions":16, "attributes":[{"name":"o_orderkey", "dataUnitId":1, "attributeIndex":0, "size":4}]}}, {"name":"intermediate_1", "id":2, "estimatedCard":76171, "isIntermediate":true, "attributes":[{"name":"o_orderkey", "dataUnitId":2, "attributeIndex":0, "size":4}, {"name":"o_orderpriority", "dataUnitId":2, "attributeIndex":1, "size":1}], "partitionLayout":{"type":"broadcast", "nPartitions":1, "attributes":[]}}, {"name":"intermediate_0_shuffled", "id":3, "estimatedCard":76171, "isIntermediate":true, "attributes":[{"name":"o_orderkey", "dataUnitId":0, "attributeIndex":0, "size":4}, {"name":"o_orderpriority", "dataUnitId":0, "attributeIndex":1, "size":1}], "partitionLayout":{"type":"broadcast", "nPartitions":1, "attributes":[]}}, {"name":"intermediate_2", "id":4, "estimatedCard":5.20752314153439499, "isIntermediate":true, "attributes":[{"name":"o_orderpriority", "dataUnitId":4, "attributeIndex":0, "size":1}, {"name":"countstar(*)", "dataUnitId":4, "attributeIndex":1, "size":8}], "partitionLayout":{"type":"hashpartitioned", "nPartitions":16, "attributes":[{"name":"l_orderkey", "dataUnitId":5, "attributeIndex":0, "size":4}]}}, {"name":"lineitem", "id":5, "estimatedCard":6001215, "isIntermediate":false, "attributes":[{"name":"l_orderkey", "dataUnitId":5, "attributeIndex":0, "size":4}, {"name":"l_partkey", "dataUnitId":5, "attributeIndex":1, "size":4}, {"name":"l_suppkey", "dataUnitId":5, "attributeIndex":2, "size":4}, {"name":"l_linenumber", "dataUnitId":5, "attributeIndex":3, "size":4}, {"name":"l_quantity", "dataUnitId":5, "attributeIndex":4, "size":8}, {"name":"l_extendedprice", "dataUnitId":5, "attributeIndex":5, "size":8}, {"name":"l_discount", "dataUnitId":5, "attributeIndex":6, "size":8}, {"name":"l_tax", "dataUnitId":5, "attributeIndex":7, "size":8}, {"name":"l_returnflag", "dataUnitId":5, "attributeIndex":8, "size":1}, {"name":"l_linestatus", "dataUnitId":5, "attributeIndex":9, "size":1}, {"name":"l_shipdate", "dataUnitId":5, "attributeIndex":10, "size":32}, {"name":"l_commitdate", "dataUnitId":5, "attributeIndex":11, "size":32}, {"name":"l_receiptdate", "dataUnitId":5, "attributeIndex":12, "size":32}, {"name":"l_shipinstruct", "dataUnitId":5, "attributeIndex":13, "size":1}, {"name":"l_shipmode", "dataUnitId":5, "attributeIndex":14, "size":1}, {"name":"l_comment", "dataUnitId":5, "attributeIndex":15, "size":10}], "partitionLayout":{"type":"hashpartitioned", "nPartitions":16, "attributes":[{"name":"l_orderkey", "dataUnitId":5, "attributeIndex":0, "size":4}]}}, {"name":"intermediate_3", "id":6, "estimatedCard":5.20752314153439499, "isIntermediate":true, "attributes":[{"name":"o_orderpriority", "dataUnitId":6, "attributeIndex":0, "size":1}, {"name":"countstar(*)", "dataUnitId":6, "attributeIndex":1, "size":8}], "partitionLayout":{"type":"singlenode", "nPartitions":1, "attributes":[]}}, {"name":"intermediate_2_shuffled", "id":7, "estimatedCard":5.20752314153439499, "isIntermediate":true, "attributes":[{"name":"o_orderpriority", "dataUnitId":4, "attributeIndex":0, "size":1}, {"name":"countstar(*)", "dataUnitId":4, "attributeIndex":1, "size":8}], "partitionLayout":{"type":"singlenode", "nPartitions":1, "attributes":[]}}, {"name":"intermediate_4", "id":8, "estimatedCard":5.20752314153439499, "isIntermediate":true, "attributes":[{"name":"o_orderpriority", "dataUnitId":8, "attributeIndex":0, "size":1}, {"name":"countstar(*)", "dataUnitId":8, "attributeIndex":1, "size":8}], "partitionLayout":{"type":"singlenode", "nPartitions":1, "attributes":[]}}], "pipelines":[{"id":0, "scan":1, "output":0, "estimatedLoad":1.27289353382403286e-10, "requiredData":[]}, {"id":1, "scan":3, "output":2, "estimatedLoad":7.37701342541993747e-09, "requiredData":[]}, {"id":2, "scan":5, "output":4, "estimatedLoad":3.68324708184685576e-10, "requiredData":[2]}, {"id":3, "scan":7, "output":6, "estimatedLoad":7.12791974101932793e-06, "requiredData":[]}, {"id":4, "scan":6, "output":8, "estimatedLoad":3.53573302550343756e-06, "requiredData":[]}], "shuffleStages":[{"from":4, "to":7}, {"from":0, "to":3}], "dependencyOrder":[0, 1, 2, 3, 4]}, "tasks":[{"k":4, "v":[{"pipelineId":4, "scannedPartition":{"dataUnitId":6, "partitionIndex":0}, "requiredPartitions":[], "outputPartition":{"dataUnitId":8, "partitionIndex":0}, "broadcast":false}]}, {"k":3, "v":[{"pipelineId":3, "scannedPartition":{"dataUnitId":7, "partitionIndex":0}, "requiredPartitions":[], "outputPartition":{"dataUnitId":6, "partitionIndex":0}, "broadcast":false}]}, {"k":2, "v":[{"pipelineId":2, "scannedPartition":{"dataUnitId":5, "partitionIndex":0}, "requiredPartitions":[{"dataUnitId":2, "partitionIndex":0}], "outputPartition":{"dataUnitId":4, "partitionIndex":0}, "broadcast":false}, {"pipelineId":2, "scannedPartition":{"dataUnitId":5, "partitionIndex":1}, "requiredPartitions":[{"dataUnitId":2, "partitionIndex":0}], "outputPartition":{"dataUnitId":4, "partitionIndex":1}, "broadcast":false}, {"pipelineId":2, "scannedPartition":{"dataUnitId":5, "partitionIndex":2}, "requiredPartitions":[{"dataUnitId":2, "partitionIndex":0}], "outputPartition":{"dataUnitId":4, "partitionIndex":2}, "broadcast":false}, {"pipelineId":2, "scannedPartition":{"dataUnitId":5, "partitionIndex":3}, "requiredPartitions":[{"dataUnitId":2, "partitionIndex":0}], "outputPartition":{"dataUnitId":4, "partitionIndex":3}, "broadcast":false}, {"pipelineId":2, "scannedPartition":{"dataUnitId":5, "partitionIndex":4}, "requiredPartitions":[{"dataUnitId":2, "partitionIndex":0}], "outputPartition":{"dataUnitId":4, "partitionIndex":4}, "broadcast":false}, {"pipelineId":2, "scannedPartition":{"dataUnitId":5, "partitionIndex":5}, "requiredPartitions":[{"dataUnitId":2, "partitionIndex":0}], "outputPartition":{"dataUnitId":4, "partitionIndex":5}, "broadcast":false}, {"pipelineId":2, "scannedPartition":{"dataUnitId":5, "partitionIndex":6}, "requiredPartitions":[{"dataUnitId":2, "partitionIndex":0}], "outputPartition":{"dataUnitId":4, "partitionIndex":6}, "broadcast":false}, {"pipelineId":2, "scannedPartition":{"dataUnitId":5, "partitionIndex":7}, "requiredPartitions":[{"dataUnitId":2, "partitionIndex":0}], "outputPartition":{"dataUnitId":4, "partitionIndex":7}, "broadcast":false}, {"pipelineId":2, "scannedPartition":{"dataUnitId":5, "partitionIndex":8}, "requiredPartitions":[{"dataUnitId":2, "partitionIndex":0}], "outputPartition":{"dataUnitId":4, "partitionIndex":8}, "broadcast":false}, {"pipelineId":2, "scannedPartition":{"dataUnitId":5, "partitionIndex":9}, "requiredPartitions":[{"dataUnitId":2, "partitionIndex":0}], "outputPartition":{"dataUnitId":4, "partitionIndex":9}, "broadcast":false}, {"pipelineId":2, "scannedPartition":{"dataUnitId":5, "partitionIndex":10}, "requiredPartitions":[{"dataUnitId":2, "partitionIndex":0}], "outputPartition":{"dataUnitId":4, "partitionIndex":10}, "broadcast":false}, {"pipelineId":2, "scannedPartition":{"dataUnitId":5, "partitionIndex":11}, "requiredPartitions":[{"dataUnitId":2, "partitionIndex":0}], "outputPartition":{"dataUnitId":4, "partitionIndex":11}, "broadcast":false}, {"pipelineId":2, "scannedPartition":{"dataUnitId":5, "partitionIndex":12}, "requiredPartitions":[{"dataUnitId":2, "partitionIndex":0}], "outputPartition":{"dataUnitId":4, "partitionIndex":12}, "broadcast":false}, {"pipelineId":2, "scannedPartition":{"dataUnitId":5, "partitionIndex":13}, "requiredPartitions":[{"dataUnitId":2, "partitionIndex":0}], "outputPartition":{"dataUnitId":4, "partitionIndex":13}, "broadcast":false}, {"pipelineId":2, "scannedPartition":{"dataUnitId":5, "partitionIndex":14}, "requiredPartitions":[{"dataUnitId":2, "partitionIndex":0}], "outputPartition":{"dataUnitId":4, "partitionIndex":14}, "broadcast":false}, {"pipelineId":2, "scannedPartition":{"dataUnitId":5, "partitionIndex":15}, "requiredPartitions":[{"dataUnitId":2, "partitionIndex":0}], "outputPartition":{"dataUnitId":4, "partitionIndex":15}, "broadcast":false}]}, {"k":0, "v":[{"pipelineId":0, "scannedPartition":{"dataUnitId":1, "partitionIndex":0}, "requiredPartitions":[], "outputPartition":{"dataUnitId":0, "partitionIndex":0}, "broadcast":false}, {"pipelineId":0, "scannedPartition":{"dataUnitId":1, "partitionIndex":1}, "requiredPartitions":[], "outputPartition":{"dataUnitId":0, "partitionIndex":1}, "broadcast":false}, {"pipelineId":0, "scannedPartition":{"dataUnitId":1, "partitionIndex":2}, "requiredPartitions":[], "outputPartition":{"dataUnitId":0, "partitionIndex":2}, "broadcast":false}, {"pipelineId":0, "scannedPartition":{"dataUnitId":1, "partitionIndex":3}, "requiredPartitions":[], "outputPartition":{"dataUnitId":0, "partitionIndex":3}, "broadcast":false}, {"pipelineId":0, "scannedPartition":{"dataUnitId":1, "partitionIndex":4}, "requiredPartitions":[], "outputPartition":{"dataUnitId":0, "partitionIndex":4}, "broadcast":false}, {"pipelineId":0, "scannedPartition":{"dataUnitId":1, "partitionIndex":5}, "requiredPartitions":[], "outputPartition":{"dataUnitId":0, "partitionIndex":5}, "broadcast":false}, {"pipelineId":0, "scannedPartition":{"dataUnitId":1, "partitionIndex":6}, "requiredPartitions":[], "outputPartition":{"dataUnitId":0, "partitionIndex":6}, "broadcast":false}, {"pipelineId":0, "scannedPartition":{"dataUnitId":1, "partitionIndex":7}, "requiredPartitions":[], "outputPartition":{"dataUnitId":0, "partitionIndex":7}, "broadcast":false}, {"pipelineId":0, "scannedPartition":{"dataUnitId":1, "partitionIndex":8}, "requiredPartitions":[], "outputPartition":{"dataUnitId":0, "partitionIndex":8}, "broadcast":false}, {"pipelineId":0, "scannedPartition":{"dataUnitId":1, "partitionIndex":9}, "requiredPartitions":[], "outputPartition":{"dataUnitId":0, "partitionIndex":9}, "broadcast":false}, {"pipelineId":0, "scannedPartition":{"dataUnitId":1, "partitionIndex":10}, "requiredPartitions":[], "outputPartition":{"dataUnitId":0, "partitionIndex":10}, "broadcast":false}, {"pipelineId":0, "scannedPartition":{"dataUnitId":1, "partitionIndex":11}, "requiredPartitions":[], "outputPartition":{"dataUnitId":0, "partitionIndex":11}, "broadcast":false}, {"pipelineId":0, "scannedPartition":{"dataUnitId":1, "partitionIndex":12}, "requiredPartitions":[], "outputPartition":{"dataUnitId":0, "partitionIndex":12}, "broadcast":false}, {"pipelineId":0, "scannedPartition":{"dataUnitId":1, "partitionIndex":13}, "requiredPartitions":[], "outputPartition":{"dataUnitId":0, "partitionIndex":13}, "broadcast":false}, {"pipelineId":0, "scannedPartition":{"dataUnitId":1, "partitionIndex":14}, "requiredPartitions":[], "outputPartition":{"dataUnitId":0, "partitionIndex":14}, "broadcast":false}, {"pipelineId":0, "scannedPartition":{"dataUnitId":1, "partitionIndex":15}, "requiredPartitions":[], "outputPartition":{"dataUnitId":0, "partitionIndex":15}, "broadcast":false}]}], "broadcastTasks":[{"k":1, "v":{"pipelineId":1, "scannedPartition":{"dataUnitId":3, "partitionIndex":0}, "requiredPartitions":[], "outputPartition":{"dataUnitId":2, "partitionIndex":0}, "broadcast":true}}], "initialPartitioning":{"owningNode":[{"k":{"dataUnitId":5, "partitionIndex":15}, "v":7}, {"k":{"dataUnitId":5, "partitionIndex":14}, "v":6}, {"k":{"dataUnitId":5, "partitionIndex":13}, "v":5}, {"k":{"dataUnitId":1, "partitionIndex":9}, "v":1}, {"k":{"dataUnitId":5, "partitionIndex":4}, "v":4}, {"k":{"dataUnitId":1, "partitionIndex":3}, "v":3}, {"k":{"dataUnitId":5, "partitionIndex":2}, "v":2}, {"k":{"dataUnitId":5, "partitionIndex":9}, "v":1}, {"k":{"dataUnitId":1, "partitionIndex":8}, "v":0}, {"k":{"dataUnitId":1, "partitionIndex":5}, "v":5}, {"k":{"dataUnitId":1, "partitionIndex":7}, "v":7}, {"k":{"dataUnitId":1, "partitionIndex":4}, "v":4}, {"k":{"dataUnitId":1, "partitionIndex":15}, "v":7}, {"k":{"dataUnitId":1, "partitionIndex":2}, "v":2}, {"k":{"dataUnitId":1, "partitionIndex":12}, "v":4}, {"k":{"dataUnitId":1, "partitionIndex":11}, "v":3}, {"k":{"dataUnitId":1, "partitionIndex":1}, "v":1}, {"k":{"dataUnitId":1, "partitionIndex":13}, "v":5}, {"k":{"dataUnitId":5, "partitionIndex":11}, "v":3}, {"k":{"dataUnitId":1, "partitionIndex":0}, "v":0}, {"k":{"dataUnitId":1, "partitionIndex":14}, "v":6}, {"k":{"dataUnitId":5, "partitionIndex":1}, "v":1}, {"k":{"dataUnitId":1, "partitionIndex":6}, "v":6}, {"k":{"dataUnitId":5, "partitionIndex":5}, "v":5}, {"k":{"dataUnitId":5, "partitionIndex":0}, "v":0}, {"k":{"dataUnitId":5, "partitionIndex":10}, "v":2}, {"k":{"dataUnitId":5, "partitionIndex":8}, "v":0}, {"k":{"dataUnitId":5, "partitionIndex":3}, "v":3}, {"k":{"dataUnitId":5, "partitionIndex":6}, "v":6}, {"k":{"dataUnitId":1, "partitionIndex":10}, "v":2}, {"k":{"dataUnitId":5, "partitionIndex":7}, "v":7}, {"k":{"dataUnitId":5, "partitionIndex":12}, "v":4}], "cachingNodes":[{"k":{"dataUnitId":5, "partitionIndex":15}, "v":[8]}, {"k":{"dataUnitId":5, "partitionIndex":14}, "v":[8]}, {"k":{"dataUnitId":5, "partitionIndex":13}, "v":[8]}, {"k":{"dataUnitId":1, "partitionIndex":9}, "v":[8]}, {"k":{"dataUnitId":5, "partitionIndex":4}, "v":[8]}, {"k":{"dataUnitId":1, "partitionIndex":3}, "v":[8]}, {"k":{"dataUnitId":5, "partitionIndex":2}, "v":[8]}, {"k":{"dataUnitId":5, "partitionIndex":9}, "v":[8]}, {"k":{"dataUnitId":1, "partitionIndex":8}, "v":[8]}, {"k":{"dataUnitId":1, "partitionIndex":5}, "v":[8]}, {"k":{"dataUnitId":1, "partitionIndex":7}, "v":[8]}, {"k":{"dataUnitId":1, "partitionIndex":4}, "v":[8]}, {"k":{"dataUnitId":1, "partitionIndex":15}, "v":[8]}, {"k":{"dataUnitId":1, "partitionIndex":2}, "v":[8]}, {"k":{"dataUnitId":1, "partitionIndex":12}, "v":[8]}, {"k":{"dataUnitId":1, "partitionIndex":11}, "v":[8]}, {"k":{"dataUnitId":1, "partitionIndex":1}, "v":[8]}, {"k":{"dataUnitId":1, "partitionIndex":13}, "v":[8]}, {"k":{"dataUnitId":5, "partitionIndex":11}, "v":[8]}, {"k":{"dataUnitId":1, "partitionIndex":0}, "v":[8]}, {"k":{"dataUnitId":1, "partitionIndex":14}, "v":[8]}, {"k":{"dataUnitId":5, "partitionIndex":1}, "v":[8]}, {"k":{"dataUnitId":1, "partitionIndex":6}, "v":[8]}, {"k":{"dataUnitId":5, "partitionIndex":5}, "v":[8]}, {"k":{"dataUnitId":5, "partitionIndex":0}, "v":[8]}, {"k":{"dataUnitId":5, "partitionIndex":10}, "v":[8]}, {"k":{"dataUnitId":5, "partitionIndex":8}, "v":[8]}, {"k":{"dataUnitId":5, "partitionIndex":3}, "v":[8]}, {"k":{"dataUnitId":5, "partitionIndex":6}, "v":[8]}, {"k":{"dataUnitId":1, "partitionIndex":10}, "v":[8]}, {"k":{"dataUnitId":5, "partitionIndex":7}, "v":[8]}, {"k":{"dataUnitId":5, "partitionIndex":12}, "v":[8]}], "nNodes":9}, "name":"c5n18xlargex8_rrall_16_q4", "resultNode":0, "nParallelTasks":10000}