{"cluster":{"nodes":[{"nCores":72, "memorySize":192, "networkSpeed":100, "networkLatency":0.00025}, {"nCores":72, "memorySize":192, "networkSpeed":100, "networkLatency":0.00025}, {"nCores":72, "memorySize":192, "networkSpeed":100, "networkLatency":0.00025}, {"nCores":72, "memorySize":192, "networkSpeed":100, "networkLatency":0.00025}, {"nCores":72, "memorySize":192, "networkSpeed":100, "networkLatency":0.00025}, {"nCores":72, "memorySize":192, "networkSpeed":100, "networkLatency":0.00025}, {"nCores":72, "memorySize":192, "networkSpeed":100, "networkLatency":0.00025}, {"nCores":72, "memorySize":192, "networkSpeed":100, "networkLatency":0.00025}, {"nCores":0, "memorySize":1e+06, "networkSpeed":1e+06, "networkLatency":0.1}], "storageService":true}, "plan":{"dataUnits":[{"name":"intermediate_0", "id":0, "estimatedCard":30761, "isIntermediate":true, "attributes":[{"name":"c_custkey", "dataUnitId":0, "attributeIndex":0, "size":4}], "partitionLayout":{"type":"hashpartitioned", "nPartitions":8, "attributes":[{"name":"c_custkey", "dataUnitId":0, "attributeIndex":0, "size":4}]}}, {"name":"customer", "id":1, "estimatedCard":150000, "isIntermediate":false, "attributes":[{"name":"c_custkey", "dataUnitId":1, "attributeIndex":0, "size":4}, {"name":"c_name", "dataUnitId":1, "attributeIndex":1, "size":10}, {"name":"c_address", "dataUnitId":1, "attributeIndex":2, "size":10}, {"name":"c_nationkey", "dataUnitId":1, "attributeIndex":3, "size":4}, {"name":"c_phone", "dataUnitId":1, "attributeIndex":4, "size":1}, {"name":"c_acctbal", "dataUnitId":1, "attributeIndex":5, "size":8}, {"name":"c_mktsegment", "dataUnitId":1, "attributeIndex":6, "size":1}, {"name":"c_comment", "dataUnitId":1, "attributeIndex":7, "size":10}], "partitionLayout":{"type":"hashpartitioned", "nPartitions":8, "attributes":[{"name":"c_custkey", "dataUnitId":1, "attributeIndex":0, "size":4}]}}, {"name":"intermediate_1", "id":2, "estimatedCard":30761, "isIntermediate":true, "attributes":[{"name":"c_custkey", "dataUnitId":2, "attributeIndex":0, "size":4}, {"name":"o_orderkey", "dataUnitId":2, "attributeIndex":1, "size":4}, {"name":"o_custkey", "dataUnitId":2, "attributeIndex":2, "size":4}, {"name":"o_orderdate", "dataUnitId":2, "attributeIndex":3, "size":32}, {"name":"o_shippriority", "dataUnitId":2, "attributeIndex":4, "size":4}], "partitionLayout":{"type":"broadcast", "nPartitions":1, "attributes":[]}}, {"name":"intermediate_0_shuffled", "id":3, "estimatedCard":30761, "isIntermediate":true, "attributes":[{"name":"c_custkey", "dataUnitId":0, "attributeIndex":0, "size":4}], "partitionLayout":{"type":"broadcast", "nPartitions":1, "attributes":[]}}, {"name":"intermediate_2", "id":4, "estimatedCard":149298.923646666663, "isIntermediate":true, "attributes":[{"name":"c_custkey", "dataUnitId":4, "attributeIndex":0, "size":4}, {"name":"o_orderkey", "dataUnitId":4, "attributeIndex":1, "size":4}, {"name":"o_custkey", "dataUnitId":4, "attributeIndex":2, "size":4}, {"name":"o_orderdate", "dataUnitId":4, "attributeIndex":3, "size":32}, {"name":"o_shippriority", "dataUnitId":4, "attributeIndex":4, "size":4}], "partitionLayout":{"type":"hashpartitioned", "nPartitions":8, "attributes":[{"name":"o_orderkey", "dataUnitId":4, "attributeIndex":1, "size":4}]}}, {"name":"orders", "id":5, "estimatedCard":1.5e+06, "isIntermediate":false, "attributes":[{"name":"o_orderkey", "dataUnitId":5, "attributeIndex":0, "size":4}, {"name":"o_custkey", "dataUnitId":5, "attributeIndex":1, "size":4}, {"name":"o_orderstatus", "dataUnitId":5, "attributeIndex":2, "size":1}, {"name":"o_totalprice", "dataUnitId":5, "attributeIndex":3, "size":8}, {"name":"o_orderdate", "dataUnitId":5, "attributeIndex":4, "size":32}, {"name":"o_orderpriority", "dataUnitId":5, "attributeIndex":5, "size":1}, {"name":"o_clerk", "dataUnitId":5, "attributeIndex":6, "size":1}, {"name":"o_shippriority", "dataUnitId":5, "attributeIndex":7, "size":4}, {"name":"o_comment", "dataUnitId":5, "attributeIndex":8, "size":10}], "partitionLayout":{"type":"hashpartitioned", "nPartitions":8, "attributes":[{"name":"o_orderkey", "dataUnitId":5, "attributeIndex":0, "size":4}]}}, {"name":"intermediate_3", "id":6, "estimatedCard":149298.923646666663, "isIntermediate":true, "attributes":[{"name":"c_custkey", "dataUnitId":6, "attributeIndex":0, "size":4}, {"name":"o_orderkey", "dataUnitId":6, "attributeIndex":1, "size":4}, {"name":"o_custkey", "dataUnitId":6, "attributeIndex":2, "size":4}, {"name":"o_orderdate", "dataUnitId":6, "attributeIndex":3, "size":32}, {"name":"o_shippriority", "dataUnitId":6, "attributeIndex":4, "size":4}, {"name":"l_orderkey", "dataUnitId":6, "attributeIndex":5, "size":4}, {"name":"l_extendedprice", "dataUnitId":6, "attributeIndex":6, "size":8}, {"name":"l_discount", "dataUnitId":6, "attributeIndex":7, "size":8}], "partitionLayout":{"type":"broadcast", "nPartitions":1, "attributes":[]}}, {"name":"intermediate_2_shuffled", "id":7, "estimatedCard":149298.923646666663, "isIntermediate":true, "attributes":[{"name":"c_custkey", "dataUnitId":4, "attributeIndex":0, "size":4}, {"name":"o_orderkey", "dataUnitId":4, "attributeIndex":1, "size":4}, {"name":"o_custkey", "dataUnitId":4, "attributeIndex":2, "size":4}, {"name":"o_orderdate", "dataUnitId":4, "attributeIndex":3, "size":32}, {"name":"o_shippriority", "dataUnitId":4, "attributeIndex":4, "size":4}], "partitionLayout":{"type":"broadcast", "nPartitions":1, "attributes":[]}}, {"name":"intermediate_4", "id":8, "estimatedCard":330655.846183612244, "isIntermediate":true, "attributes":[{"name":"l_orderkey", "dataUnitId":8, "attributeIndex":0, "size":4}, {"name":"o_orderdate", "dataUnitId":8, "attributeIndex":1, "size":32}, {"name":"o_shippriority", "dataUnitId":8, "attributeIndex":2, "size":4}, {"name":"sum()", "dataUnitId":8, "attributeIndex":3, "size":16}], "partitionLayout":{"type":"hashpartitioned", "nPartitions":8, "attributes":[{"name":"l_orderkey", "dataUnitId":9, "attributeIndex":0, "size":4}]}}, {"name":"lineitem", "id":9, "estimatedCard":6001215, "isIntermediate":false, "attributes":[{"name":"l_orderkey", "dataUnitId":9, "attributeIndex":0, "size":4}, {"name":"l_partkey", "dataUnitId":9, "attributeIndex":1, "size":4}, {"name":"l_suppkey", "dataUnitId":9, "attributeIndex":2, "size":4}, {"name":"l_linenumber", "dataUnitId":9, "attributeIndex":3, "size":4}, {"name":"l_quantity", "dataUnitId":9, "attributeIndex":4, "size":8}, {"name":"l_extendedprice", "dataUnitId":9, "attributeIndex":5, "size":8}, {"name":"l_discount", "dataUnitId":9, "attributeIndex":6, "size":8}, {"name":"l_tax", "dataUnitId":9, "attributeIndex":7, "size":8}, {"name":"l_returnflag", "dataUnitId":9, "attributeIndex":8, "size":1}, {"name":"l_linestatus", "dataUnitId":9, "attributeIndex":9, "size":1}, {"name":"l_shipdate", "dataUnitId":9, "attributeIndex":10, "size":32}, {"name":"l_commitdate", "dataUnitId":9, "attributeIndex":11, "size":32}, {"name":"l_receiptdate", "dataUnitId":9, "attributeIndex":12, "size":32}, {"name":"l_shipinstruct", "dataUnitId":9, "attributeIndex":13, "size":1}, {"name":"l_shipmode", "dataUnitId":9, "attributeIndex":14, "size":1}, {"name":"l_comment", "dataUnitId":9, "attributeIndex":15, "size":10}], "partitionLayout":{"type":"hashpartitioned", "nPartitions":8, "attributes":[{"name":"l_orderkey", "dataUnitId":9, "attributeIndex":0, "size":4}]}}, {"name":"intermediate_5", "id":10, "estimatedCard":330655.846183612244, "isIntermediate":true, "attributes":[{"name":"l_orderkey", "dataUnitId":10, "attributeIndex":0, "size":4}, {"name":"o_orderdate", "dataUnitId":10, "attributeIndex":1, "size":32}, {"name":"o_shippriority", "dataUnitId":10, "attributeIndex":2, "size":4}, {"name":"sum()", "dataUnitId":10, "attributeIndex":3, "size":16}], "partitionLayout":{"type":"singlenode", "nPartitions":1, "attributes":[]}}, {"name":"intermediate_4_shuffled", "id":11, "estimatedCard":330655.846183612244, "isIntermediate":true, "attributes":[{"name":"l_orderkey", "dataUnitId":8, "attributeIndex":0, "size":4}, {"name":"o_orderdate", "dataUnitId":8, "attributeIndex":1, "size":32}, {"name":"o_shippriority", "dataUnitId":8, "attributeIndex":2, "size":4}, {"name":"sum()", "dataUnitId":8, "attributeIndex":3, "size":16}], "partitionLayout":{"type":"singlenode", "nPartitions":1, "attributes":[]}}, {"name":"intermediate_6", "id":12, "estimatedCard":10, "isIntermediate":true, "attributes":[{"name":"l_orderkey", "dataUnitId":12, "attributeIndex":0, "size":4}, {"name":"o_orderdate", "dataUnitId":12, "attributeIndex":1, "size":32}, {"name":"o_shippriority", "dataUnitId":12, "attributeIndex":2, "size":4}, {"name":"sum()", "dataUnitId":12, "attributeIndex":3, "size":16}], "partitionLayout":{"type":"singlenode", "nPartitions":1, "attributes":[]}}], "pipelines":[{"id":0, "scan":1, "output":0, "estimatedLoad":3.85499213447073949e-10, "requiredData":[]}, {"id":1, "scan":3, "output":2, "estimatedLoad":1.18348750413867971e-08, "requiredData":[]}, {"id":2, "scan":5, "output":4, "estimatedLoad":6.77971597989752671e-10, "requiredData":[2]}, {"id":3, "scan":7, "output":6, "estimatedLoad":1.05726625099074182e-08, "requiredData":[]}, {"id":4, "scan":9, "output":8, "estimatedLoad":2.2207640757404029e-09, "requiredData":[6]}, {"id":5, "scan":11, "output":10, "estimatedLoad":4.32257757709637824e-09, "requiredData":[]}, {"id":6, "scan":10, "output":12, "estimatedLoad":1.81129972168452149e-06, "requiredData":[]}], "shuffleStages":[{"from":8, "to":11}, {"from":4, "to":7}, {"from":0, "to":3}], "dependencyOrder":[0, 1, 2, 3, 4, 5, 6]}, "tasks":[{"k":6, "v":[{"pipelineId":6, "scannedPartition":{"dataUnitId":10, "partitionIndex":0}, "requiredPartitions":[], "outputPartition":{"dataUnitId":12, "partitionIndex":0}, "broadcast":false}]}, {"k":5, "v":[{"pipelineId":5, "scannedPartition":{"dataUnitId":11, "partitionIndex":0}, "requiredPartitions":[], "outputPartition":{"dataUnitId":10, "partitionIndex":0}, "broadcast":false}]}, {"k":4, "v":[{"pipelineId":4, "scannedPartition":{"dataUnitId":9, "partitionIndex":0}, "requiredPartitions":[{"dataUnitId":6, "partitionIndex":0}], "outputPartition":{"dataUnitId":8, "partitionIndex":0}, "broadcast":false}, {"pipelineId":4, "scannedPartition":{"dataUnitId":9, "partitionIndex":1}, "requiredPartitions":[{"dataUnitId":6, "partitionIndex":0}], "outputPartition":{"dataUnitId":8, "partitionIndex":1}, "broadcast":false}, {"pipelineId":4, "scannedPartition":{"dataUnitId":9, "partitionIndex":2}, "requiredPartitions":[{"dataUnitId":6, "partitionIndex":0}], "outputPartition":{"dataUnitId":8, "partitionIndex":2}, "broadcast":false}, {"pipelineId":4, "scannedPartition":{"dataUnitId":9, "partitionIndex":3}, "requiredPartitions":[{"dataUnitId":6, "partitionIndex":0}], "outputPartition":{"dataUnitId":8, "partitionIndex":3}, "broadcast":false}, {"pipelineId":4, "scannedPartition":{"dataUnitId":9, "partitionIndex":4}, "requiredPartitions":[{"dataUnitId":6, "partitionIndex":0}], "outputPartition":{"dataUnitId":8, "partitionIndex":4}, "broadcast":false}, {"pipelineId":4, "scannedPartition":{"dataUnitId":9, "partitionIndex":5}, "requiredPartitions":[{"dataUnitId":6, "partitionIndex":0}], "outputPartition":{"dataUnitId":8, "partitionIndex":5}, "broadcast":false}, {"pipelineId":4, "scannedPartition":{"dataUnitId":9, "partitionIndex":6}, "requiredPartitions":[{"dataUnitId":6, "partitionIndex":0}], "outputPartition":{"dataUnitId":8, "partitionIndex":6}, "broadcast":false}, {"pipelineId":4, "scannedPartition":{"dataUnitId":9, "partitionIndex":7}, "requiredPartitions":[{"dataUnitId":6, "partitionIndex":0}], "outputPartition":{"dataUnitId":8, "partitionIndex":7}, "broadcast":false}]}, {"k":2, "v":[{"pipelineId":2, "scannedPartition":{"dataUnitId":5, "partitionIndex":0}, "requiredPartitions":[{"dataUnitId":2, "partitionIndex":0}], "outputPartition":{"dataUnitId":4, "partitionIndex":0}, "broadcast":false}, {"pipelineId":2, "scannedPartition":{"dataUnitId":5, "partitionIndex":1}, "requiredPartitions":[{"dataUnitId":2, "partitionIndex":0}], "outputPartition":{"dataUnitId":4, "partitionIndex":1}, "broadcast":false}, {"pipelineId":2, "scannedPartition":{"dataUnitId":5, "partitionIndex":2}, "requiredPartitions":[{"dataUnitId":2, "partitionIndex":0}], "outputPartition":{"dataUnitId":4, "partitionIndex":2}, "broadcast":false}, {"pipelineId":2, "scannedPartition":{"dataUnitId":5, "partitionIndex":3}, "requiredPartitions":[{"dataUnitId":2, "partitionIndex":0}], "outputPartition":{"dataUnitId":4, "partitionIndex":3}, "broadcast":false}, {"pipelineId":2, "scannedPartition":{"dataUnitId":5, "partitionIndex":4}, "requiredPartitions":[{"dataUnitId":2, "partitionIndex":0}], "outputPartition":{"dataUnitId":4, "partitionIndex":4}, "broadcast":false}, {"pipelineId":2, "scannedPartition":{"dataUnitId":5, "partitionIndex":5}, "requiredPartitions":[{"dataUnitId":2, "partitionIndex":0}], "outputPartition":{"dataUnitId":4, "partitionIndex":5}, "broadcast":false}, {"pipelineId":2, "scannedPartition":{"dataUnitId":5, "partitionIndex":6}, "requiredPartitions":[{"dataUnitId":2, "partitionIndex":0}], "outputPartition":{"dataUnitId":4, "partitionIndex":6}, "broadcast":false}, {"pipelineId":2, "scannedPartition":{"dataUnitId":5, "partitionIndex":7}, "requiredPartitions":[{"dataUnitId":2, "partitionIndex":0}], "outputPartition":{"dataUnitId":4, "partitionIndex":7}, "broadcast":false}]}, {"k":0, "v":[{"pipelineId":0, "scannedPartition":{"dataUnitId":1, "partitionIndex":0}, "requiredPartitions":[], "outputPartition":{"dataUnitId":0, "partitionIndex":0}, "broadcast":false}, {"pipelineId":0, "scannedPartition":{"dataUnitId":1, "partitionIndex":1}, "requiredPartitions":[], "outputPartition":{"dataUnitId":0, "partitionIndex":1}, "broadcast":false}, {"pipelineId":0, "scannedPartition":{"dataUnitId":1, "partitionIndex":2}, "requiredPartitions":[], "outputPartition":{"dataUnitId":0, "partitionIndex":2}, "broadcast":false}, {"pipelineId":0, "scannedPartition":{"dataUnitId":1, "partitionIndex":3}, "requiredPartitions":[], "outputPartition":{"dataUnitId":0, "partitionIndex":3}, "broadcast":false}, {"pipelineId":0, "scannedPartition":{"dataUnitId":1, "partitionIndex":4}, "requiredPartitions":[], "outputPartition":{"dataUnitId":0, "partitionIndex":4}, "broadcast":false}, {"pipelineId":0, "scannedPartition":{"dataUnitId":1, "partitionIndex":5}, "requiredPartitions":[], "outputPartition":{"dataUnitId":0, "partitionIndex":5}, "broadcast":false}, {"pipelineId":0, "scannedPartition":{"dataUnitId":1, "partitionIndex":6}, "requiredPartitions":[], "outputPartition":{"dataUnitId":0, "partitionIndex":6}, "broadcast":false}, {"pipelineId":0, "scannedPartition":{"dataUnitId":1, "partitionIndex":7}, "requiredPartitions":[], "outputPartition":{"dataUnitId":0, "partitionIndex":7}, "broadcast":false}]}], "broadcastTasks":[{"k":3, "v":{"pipelineId":3, "scannedPartition":{"dataUnitId":7, "partitionIndex":0}, "requiredPartitions":[], "outputPartition":{"dataUnitId":6, "partitionIndex":0}, "broadcast":true}}, {"k":1, "v":{"pipelineId":1, "scannedPartition":{"dataUnitId":3, "partitionIndex":0}, "requiredPartitions":[], "outputPartition":{"dataUnitId":2, "partitionIndex":0}, "broadcast":true}}], "initialPartitioning":{"owningNode":[{"k":{"dataUnitId":9, "partitionIndex":7}, "v":7}, {"k":{"dataUnitId":9, "partitionIndex":5}, "v":5}, {"k":{"dataUnitId":9, "partitionIndex":4}, "v":4}, {"k":{"dataUnitId":9, "partitionIndex":3}, "v":3}, {"k":{"dataUnitId":9, "partitionIndex":2}, "v":2}, {"k":{"dataUnitId":9, "partitionIndex":1}, "v":1}, {"k":{"dataUnitId":9, "partitionIndex":0}, "v":0}, {"k":{"dataUnitId":5, "partitionIndex":7}, "v":7}, {"k":{"dataUnitId":5, "partitionIndex":6}, "v":6}, {"k":{"dataUnitId":1, "partitionIndex":0}, "v":0}, {"k":{"dataUnitId":9, "partitionIndex":6}, "v":6}, {"k":{"dataUnitId":1, "partitionIndex":1}, "v":1}, {"k":{"dataUnitId":1, "partitionIndex":2}, "v":2}, {"k":{"dataUnitId":1, "partitionIndex":4}, "v":4}, {"k":{"dataUnitId":1, "partitionIndex":5}, "v":5}, {"k":{"dataUnitId":1, "partitionIndex":6}, "v":6}, {"k":{"dataUnitId":5, "partitionIndex":2}, "v":2}, {"k":{"dataUnitId":1, "partitionIndex":3}, "v":3}, {"k":{"dataUnitId":1, "partitionIndex":7}, "v":7}, {"k":{"dataUnitId":5, "partitionIndex":0}, "v":0}, {"k":{"dataUnitId":5, "partitionIndex":5}, "v":5}, {"k":{"dataUnitId":5, "partitionIndex":1}, "v":1}, {"k":{"dataUnitId":5, "partitionIndex":3}, "v":3}, {"k":{"dataUnitId":5, "partitionIndex":4}, "v":4}], "cachingNodes":[{"k":{"dataUnitId":9, "partitionIndex":7}, "v":[8]}, {"k":{"dataUnitId":9, "partitionIndex":5}, "v":[8]}, {"k":{"dataUnitId":9, "partitionIndex":4}, "v":[8]}, {"k":{"dataUnitId":9, "partitionIndex":3}, "v":[8]}, {"k":{"dataUnitId":9, "partitionIndex":2}, "v":[8]}, {"k":{"dataUnitId":9, "partitionIndex":1}, "v":[8]}, {"k":{"dataUnitId":9, "partitionIndex":0}, "v":[8]}, {"k":{"dataUnitId":5, "partitionIndex":7}, "v":[8]}, {"k":{"dataUnitId":5, "partitionIndex":6}, "v":[8]}, {"k":{"dataUnitId":1, "partitionIndex":0}, "v":[8]}, {"k":{"dataUnitId":9, "partitionIndex":6}, "v":[8]}, {"k":{"dataUnitId":1, "partitionIndex":1}, "v":[8]}, {"k":{"dataUnitId":1, "partitionIndex":2}, "v":[8]}, {"k":{"dataUnitId":1, "partitionIndex":4}, "v":[8]}, {"k":{"dataUnitId":1, "partitionIndex":5}, "v":[8]}, {"k":{"dataUnitId":1, "partitionIndex":6}, "v":[8]}, {"k":{"dataUnitId":5, "partitionIndex":2}, "v":[8]}, {"k":{"dataUnitId":1, "partitionIndex":3}, "v":[8]}, {"k":{"dataUnitId":1, "partitionIndex":7}, "v":[8]}, {"k":{"dataUnitId":5, "partitionIndex":0}, "v":[8]}, {"k":{"dataUnitId":5, "partitionIndex":5}, "v":[8]}, {"k":{"dataUnitId":5, "partitionIndex":1}, "v":[8]}, {"k":{"dataUnitId":5, "partitionIndex":3}, "v":[8]}, {"k":{"dataUnitId":5, "partitionIndex":4}, "v":[8]}], "nNodes":9}, "name":"c5n18xlargex8_rrall_8_q3", "resultNode":0, "nParallelTasks":10000}