{"cluster":{"nodes":[{"nCores":72, "memorySize":192, "networkSpeed":100, "networkLatency":0.00025}, {"nCores":72, "memorySize":192, "networkSpeed":100, "networkLatency":0.00025}, {"nCores":72, "memorySize":192, "networkSpeed":100, "networkLatency":0.00025}, {"nCores":72, "memorySize":192, "networkSpeed":100, "networkLatency":0.00025}, {"nCores":72, "memorySize":192, "networkSpeed":100, "networkLatency":0.00025}, {"nCores":72, "memorySize":192, "networkSpeed":100, "networkLatency":0.00025}, {"nCores":72, "memorySize":192, "networkSpeed":100, "networkLatency":0.00025}, {"nCores":72, "memorySize":192, "networkSpeed":100, "networkLatency":0.00025}, {"nCores":0, "memorySize":1e+06, "networkSpeed":1e+06, "networkLatency":0.1}], "storageService":true}, "plan":{"dataUnits":[{"name":"intermediate_0", "id":0, "estimatedCard":4, "isIntermediate":true, "attributes":[{"name":"l_returnflag", "dataUnitId":0, "attributeIndex":0, "size":1}, {"name":"l_linestatus", "dataUnitId":0, "attributeIndex":1, "size":1}, {"name":"sum(l_quantity)", "dataUnitId":0, "attributeIndex":2, "size":8}, {"name":"sum(l_extendedprice)", "dataUnitId":0, "attributeIndex":3, "size":8}, {"name":"sum()", "dataUnitId":0, "attributeIndex":4, "size":16}, {"name":"sum()", "dataUnitId":0, "attributeIndex":5, "size":16}, {"name":"avg(l_quantity)", "dataUnitId":0, "attributeIndex":6, "size":16}, {"name":"avg(l_extendedprice)", "dataUnitId":0, "attributeIndex":7, "size":16}, {"name":"avg(l_discount)", "dataUnitId":0, "attributeIndex":8, "size":16}, {"name":"countstar(*)", "dataUnitId":0, "attributeIndex":9, "size":8}], "partitionLayout":{"type":"hashpartitioned", "nPartitions":1, "attributes":[{"name":"l_orderkey", "dataUnitId":1, "attributeIndex":0, "size":4}]}}, {"name":"lineitem", "id":1, "estimatedCard":6001215, "isIntermediate":false, "attributes":[{"name":"l_orderkey", "dataUnitId":1, "attributeIndex":0, "size":4}, {"name":"l_partkey", "dataUnitId":1, "attributeIndex":1, "size":4}, {"name":"l_suppkey", "dataUnitId":1, "attributeIndex":2, "size":4}, {"name":"l_linenumber", "dataUnitId":1, "attributeIndex":3, "size":4}, {"name":"l_quantity", "dataUnitId":1, "attributeIndex":4, "size":8}, {"name":"l_extendedprice", "dataUnitId":1, "attributeIndex":5, "size":8}, {"name":"l_discount", "dataUnitId":1, "attributeIndex":6, "size":8}, {"name":"l_tax", "dataUnitId":1, "attributeIndex":7, "size":8}, {"name":"l_returnflag", "dataUnitId":1, "attributeIndex":8, "size":1}, {"name":"l_linestatus", "dataUnitId":1, "attributeIndex":9, "size":1}, {"name":"l_shipdate", "dataUnitId":1, "attributeIndex":10, "size":32}, {"name":"l_commitdate", "dataUnitId":1, "attributeIndex":11, "size":32}, {"name":"l_receiptdate", "dataUnitId":1, "attributeIndex":12, "size":32}, {"name":"l_shipinstruct", "dataUnitId":1, "attributeIndex":13, "size":1}, {"name":"l_shipmode", "dataUnitId":1, "attributeIndex":14, "size":1}, {"name":"l_comment", "dataUnitId":1, "attributeIndex":15, "size":10}], "partitionLayout":{"type":"hashpartitioned", "nPartitions":1, "attributes":[{"name":"l_orderkey", "dataUnitId":1, "attributeIndex":0, "size":4}]}}, {"name":"intermediate_1", "id":2, "estimatedCard":4, "isIntermediate":true, "attributes":[{"name":"l_returnflag", "dataUnitId":2, "attributeIndex":0, "size":1}, {"name":"l_linestatus", "dataUnitId":2, "attributeIndex":1, "size":1}, {"name":"sum(l_quantity)", "dataUnitId":2, "attributeIndex":2, "size":8}, {"name":"sum(l_extendedprice)", "dataUnitId":2, "attributeIndex":3, "size":8}, {"name":"sum()", "dataUnitId":2, "attributeIndex":4, "size":16}, {"name":"sum()", "dataUnitId":2, "attributeIndex":5, "size":16}, {"name":"avg(l_quantity)", "dataUnitId":2, "attributeIndex":6, "size":16}, {"name":"avg(l_extendedprice)", "dataUnitId":2, "attributeIndex":7, "size":16}, {"name":"avg(l_discount)", "dataUnitId":2, "attributeIndex":8, "size":16}, {"name":"countstar(*)", "dataUnitId":2, "attributeIndex":9, "size":8}], "partitionLayout":{"type":"singlenode", "nPartitions":1, "attributes":[]}}, {"name":"intermediate_0_shuffled", "id":3, "estimatedCard":4, "isIntermediate":true, "attributes":[{"name":"l_returnflag", "dataUnitId":0, "attributeIndex":0, "size":1}, {"name":"l_linestatus", "dataUnitId":0, "attributeIndex":1, "size":1}, {"name":"sum(l_quantity)", "dataUnitId":0, "attributeIndex":2, "size":8}, {"name":"sum(l_extendedprice)", "dataUnitId":0, "attributeIndex":3, "size":8}, {"name":"sum()", "dataUnitId":0, "attributeIndex":4, "size":16}, {"name":"sum()", "dataUnitId":0, "attributeIndex":5, "size":16}, {"name":"avg(l_quantity)", "dataUnitId":0, "attributeIndex":6, "size":16}, {"name":"avg(l_extendedprice)", "dataUnitId":0, "attributeIndex":7, "size":16}, {"name":"avg(l_discount)", "dataUnitId":0, "attributeIndex":8, "size":16}, {"name":"countstar(*)", "dataUnitId":0, "attributeIndex":9, "size":8}], "partitionLayout":{"type":"singlenode", "nPartitions":1, "attributes":[]}}, {"name":"intermediate_2", "id":4, "estimatedCard":4, "isIntermediate":true, "attributes":[{"name":"l_returnflag", "dataUnitId":4, "attributeIndex":0, "size":1}, {"name":"l_linestatus", "dataUnitId":4, "attributeIndex":1, "size":1}, {"name":"sum(l_quantity)", "dataUnitId":4, "attributeIndex":2, "size":8}, {"name":"sum(l_extendedprice)", "dataUnitId":4, "attributeIndex":3, "size":8}, {"name":"sum()", "dataUnitId":4, "attributeIndex":4, "size":16}, {"name":"sum()", "dataUnitId":4, "attributeIndex":5, "size":16}, {"name":"avg(l_quantity)", "dataUnitId":4, "attributeIndex":6, "size":16}, {"name":"avg(l_extendedprice)", "dataUnitId":4, "attributeIndex":7, "size":16}, {"name":"avg(l_discount)", "dataUnitId":4, "attributeIndex":8, "size":16}, {"name":"countstar(*)", "dataUnitId":4, "attributeIndex":9, "size":8}], "partitionLayout":{"type":"singlenode", "nPartitions":1, "attributes":[]}}], "pipelines":[{"id":0, "scan":1, "output":0, "estimatedLoad":1.08532354959259724e-09, "requiredData":[]}, {"id":1, "scan":3, "output":2, "estimatedLoad":1.25373881459167803e-05, "requiredData":[]}, {"id":2, "scan":2, "output":4, "estimatedLoad":4.354809561687333e-06, "requiredData":[]}], "shuffleStages":[{"from":0, "to":3}], "dependencyOrder":[0, 1, 2]}, "tasks":[{"k":2, "v":[{"pipelineId":2, "scannedPartition":{"dataUnitId":2, "partitionIndex":0}, "requiredPartitions":[], "outputPartition":{"dataUnitId":4, "partitionIndex":0}, "broadcast":false}]}, {"k":1, "v":[{"pipelineId":1, "scannedPartition":{"dataUnitId":3, "partitionIndex":0}, "requiredPartitions":[], "outputPartition":{"dataUnitId":2, "partitionIndex":0}, "broadcast":false}]}, {"k":0, "v":[{"pipelineId":0, "scannedPartition":{"dataUnitId":1, "partitionIndex":0}, "requiredPartitions":[], "outputPartition":{"dataUnitId":0, "partitionIndex":0}, "broadcast":false}]}], "broadcastTasks":[], "initialPartitioning":{"owningNode":[{"k":{"dataUnitId":1, "partitionIndex":0}, "v":0}], "cachingNodes":[{"k":{"dataUnitId":1, "partitionIndex":0}, "v":[8]}], "nNodes":9}, "name":"c5n18xlargex8_rrall_1_q1", "resultNode":0, "nParallelTasks":10000}