{"cluster":{"nodes":[{"nCores":72, "memorySize":192, "networkSpeed":100, "networkLatency":0.00025}, {"nCores":72, "memorySize":192, "networkSpeed":100, "networkLatency":0.00025}, {"nCores":72, "memorySize":192, "networkSpeed":100, "networkLatency":0.00025}, {"nCores":72, "memorySize":192, "networkSpeed":100, "networkLatency":0.00025}, {"nCores":72, "memorySize":192, "networkSpeed":100, "networkLatency":0.00025}, {"nCores":72, "memorySize":192, "networkSpeed":100, "networkLatency":0.00025}, {"nCores":72, "memorySize":192, "networkSpeed":100, "networkLatency":0.00025}, {"nCores":72, "memorySize":192, "networkSpeed":100, "networkLatency":0.00025}, {"nCores":0, "memorySize":1e+06, "networkSpeed":1e+06, "networkLatency":0.1}], "storageService":true}, "plan":{"dataUnits":[{"name":"intermediate_0", "id":0, "estimatedCard":43945, "isIntermediate":true, "attributes":[{"name":"o_orderkey", "dataUnitId":0, "attributeIndex":0, "size":4}, {"name":"o_custkey", "dataUnitId":0, "attributeIndex":1, "size":4}], "partitionLayout":{"type":"hashpartitioned", "nPartitions":4, "attributes":[{"name":"o_orderkey", "dataUnitId":0, "attributeIndex":0, "size":4}]}}, {"name":"orders", "id":1, "estimatedCard":1.5e+06, "isIntermediate":false, "attributes":[{"name":"o_orderkey", "dataUnitId":1, "attributeIndex":0, "size":4}, {"name":"o_custkey", "dataUnitId":1, "attributeIndex":1, "size":4}, {"name":"o_orderstatus", "dataUnitId":1, "attributeIndex":2, "size":1}, {"name":"o_totalprice", "dataUnitId":1, "attributeIndex":3, "size":8}, {"name":"o_orderdate", "dataUnitId":1, "attributeIndex":4, "size":32}, {"name":"o_orderpriority", "dataUnitId":1, "attributeIndex":5, "size":1}, {"name":"o_clerk", "dataUnitId":1, "attributeIndex":6, "size":1}, {"name":"o_shippriority", "dataUnitId":1, "attributeIndex":7, "size":4}, {"name":"o_comment", "dataUnitId":1, "attributeIndex":8, "size":10}], "partitionLayout":{"type":"hashpartitioned", "nPartitions":4, "attributes":[{"name":"o_orderkey", "dataUnitId":1, "attributeIndex":0, "size":4}]}}, {"name":"intermediate_1", "id":2, "estimatedCard":43945, "isIntermediate":true, "attributes":[{"name":"c_custkey", "dataUnitId":2, "attributeIndex":0, "size":4}, {"name":"c_name", "dataUnitId":2, "attributeIndex":1, "size":10}, {"name":"c_address", "dataUnitId":2, "attributeIndex":2, "size":10}, {"name":"c_nationkey", "dataUnitId":2, "attributeIndex":3, "size":4}, {"name":"c_phone", "dataUnitId":2, "attributeIndex":4, "size":1}, {"name":"c_acctbal", "dataUnitId":2, "attributeIndex":5, "size":8}, {"name":"c_comment", "dataUnitId":2, "attributeIndex":6, "size":10}, {"name":"o_orderkey", "dataUnitId":2, "attributeIndex":7, "size":4}, {"name":"o_custkey", "dataUnitId":2, "attributeIndex":8, "size":4}], "partitionLayout":{"type":"broadcast", "nPartitions":1, "attributes":[]}}, {"name":"intermediate_0_shuffled", "id":3, "estimatedCard":43945, "isIntermediate":true, "attributes":[{"name":"o_orderkey", "dataUnitId":0, "attributeIndex":0, "size":4}, {"name":"o_custkey", "dataUnitId":0, "attributeIndex":1, "size":4}], "partitionLayout":{"type":"broadcast", "nPartitions":1, "attributes":[]}}, {"name":"intermediate_2", "id":4, "estimatedCard":25, "isIntermediate":true, "attributes":[{"name":"c_custkey", "dataUnitId":4, "attributeIndex":0, "size":4}, {"name":"c_name", "dataUnitId":4, "attributeIndex":1, "size":10}, {"name":"c_address", "dataUnitId":4, "attributeIndex":2, "size":10}, {"name":"c_nationkey", "dataUnitId":4, "attributeIndex":3, "size":4}, {"name":"c_phone", "dataUnitId":4, "attributeIndex":4, "size":1}, {"name":"c_acctbal", "dataUnitId":4, "attributeIndex":5, "size":8}, {"name":"c_comment", "dataUnitId":4, "attributeIndex":6, "size":10}, {"name":"o_orderkey", "dataUnitId":4, "attributeIndex":7, "size":4}, {"name":"o_custkey", "dataUnitId":4, "attributeIndex":8, "size":4}, {"name":"n_nationkey", "dataUnitId":4, "attributeIndex":9, "size":4}, {"name":"n_name", "dataUnitId":4, "attributeIndex":10, "size":1}], "partitionLayout":{"type":"broadcast", "nPartitions":1, "attributes":[]}}, {"name":"nation", "id":5, "estimatedCard":25, "isIntermediate":false, "attributes":[{"name":"n_nationkey", "dataUnitId":5, "attributeIndex":0, "size":4}, {"name":"n_name", "dataUnitId":5, "attributeIndex":1, "size":1}, {"name":"n_regionkey", "dataUnitId":5, "attributeIndex":2, "size":4}, {"name":"n_comment", "dataUnitId":5, "attributeIndex":3, "size":10}], "partitionLayout":{"type":"broadcast", "nPartitions":1, "attributes":[]}}, {"name":"intermediate_3", "id":6, "estimatedCard":43547.021361964973, "isIntermediate":true, "attributes":[{"name":"c_custkey", "dataUnitId":6, "attributeIndex":0, "size":4}, {"name":"c_name", "dataUnitId":6, "attributeIndex":1, "size":10}, {"name":"c_address", "dataUnitId":6, "attributeIndex":2, "size":10}, {"name":"c_nationkey", "dataUnitId":6, "attributeIndex":3, "size":4}, {"name":"c_phone", "dataUnitId":6, "attributeIndex":4, "size":1}, {"name":"c_acctbal", "dataUnitId":6, "attributeIndex":5, "size":8}, {"name":"c_comment", "dataUnitId":6, "attributeIndex":6, "size":10}, {"name":"o_orderkey", "dataUnitId":6, "attributeIndex":7, "size":4}, {"name":"o_custkey", "dataUnitId":6, "attributeIndex":8, "size":4}, {"name":"n_nationkey", "dataUnitId":6, "attributeIndex":9, "size":4}, {"name":"n_name", "dataUnitId":6, "attributeIndex":10, "size":1}], "partitionLayout":{"type":"hashpartitioned", "nPartitions":4, "attributes":[{"name":"c_custkey", "dataUnitId":6, "attributeIndex":0, "size":4}]}}, {"name":"customer", "id":7, "estimatedCard":150000, "isIntermediate":false, "attributes":[{"name":"c_custkey", "dataUnitId":7, "attributeIndex":0, "size":4}, {"name":"c_name", "dataUnitId":7, "attributeIndex":1, "size":10}, {"name":"c_address", "dataUnitId":7, "attributeIndex":2, "size":10}, {"name":"c_nationkey", "dataUnitId":7, "attributeIndex":3, "size":4}, {"name":"c_phone", "dataUnitId":7, "attributeIndex":4, "size":1}, {"name":"c_acctbal", "dataUnitId":7, "attributeIndex":5, "size":8}, {"name":"c_mktsegment", "dataUnitId":7, "attributeIndex":6, "size":1}, {"name":"c_comment", "dataUnitId":7, "attributeIndex":7, "size":10}], "partitionLayout":{"type":"hashpartitioned", "nPartitions":4, "attributes":[{"name":"c_custkey", "dataUnitId":7, "attributeIndex":0, "size":4}]}}, {"name":"intermediate_4", "id":8, "estimatedCard":43547.021361964973, "isIntermediate":true, "attributes":[{"name":"c_custkey", "dataUnitId":8, "attributeIndex":0, "size":4}, {"name":"c_name", "dataUnitId":8, "attributeIndex":1, "size":10}, {"name":"c_address", "dataUnitId":8, "attributeIndex":2, "size":10}, {"name":"c_nationkey", "dataUnitId":8, "attributeIndex":3, "size":4}, {"name":"c_phone", "dataUnitId":8, "attributeIndex":4, "size":1}, {"name":"c_acctbal", "dataUnitId":8, "attributeIndex":5, "size":8}, {"name":"c_comment", "dataUnitId":8, "attributeIndex":6, "size":10}, {"name":"o_orderkey", "dataUnitId":8, "attributeIndex":7, "size":4}, {"name":"o_custkey", "dataUnitId":8, "attributeIndex":8, "size":4}, {"name":"l_orderkey", "dataUnitId":8, "attributeIndex":9, "size":4}, {"name":"l_extendedprice", "dataUnitId":8, "attributeIndex":10, "size":8}, {"name":"l_discount", "dataUnitId":8, "attributeIndex":11, "size":8}, {"name":"n_nationkey", "dataUnitId":8, "attributeIndex":12, "size":4}, {"name":"n_name", "dataUnitId":8, "attributeIndex":13, "size":1}], "partitionLayout":{"type":"broadcast", "nPartitions":1, "attributes":[]}}, {"name":"intermediate_3_shuffled", "id":9, "estimatedCard":43547.021361964973, "isIntermediate":true, "attributes":[{"name":"c_custkey", "dataUnitId":6, "attributeIndex":0, "size":4}, {"name":"c_name", "dataUnitId":6, "attributeIndex":1, "size":10}, {"name":"c_address", "dataUnitId":6, "attributeIndex":2, "size":10}, {"name":"c_nationkey", "dataUnitId":6, "attributeIndex":3, "size":4}, {"name":"c_phone", "dataUnitId":6, "attributeIndex":4, "size":1}, {"name":"c_acctbal", "dataUnitId":6, "attributeIndex":5, "size":8}, {"name":"c_comment", "dataUnitId":6, "attributeIndex":6, "size":10}, {"name":"o_orderkey", "dataUnitId":6, "attributeIndex":7, "size":4}, {"name":"o_custkey", "dataUnitId":6, "attributeIndex":8, "size":4}, {"name":"n_nationkey", "dataUnitId":6, "attributeIndex":9, "size":4}, {"name":"n_name", "dataUnitId":6, "attributeIndex":10, "size":1}], "partitionLayout":{"type":"broadcast", "nPartitions":1, "attributes":[]}}, {"name":"intermediate_5", "id":10, "estimatedCard":40784.2162857818839, "isIntermediate":true, "attributes":[{"name":"c_custkey", "dataUnitId":10, "attributeIndex":0, "size":4}, {"name":"c_name", "dataUnitId":10, "attributeIndex":1, "size":10}, {"name":"c_acctbal", "dataUnitId":10, "attributeIndex":2, "size":8}, {"name":"c_phone", "dataUnitId":10, "attributeIndex":3, "size":1}, {"name":"n_name", "dataUnitId":10, "attributeIndex":4, "size":1}, {"name":"c_address", "dataUnitId":10, "attributeIndex":5, "size":10}, {"name":"c_comment", "dataUnitId":10, "attributeIndex":6, "size":10}, {"name":"sum()", "dataUnitId":10, "attributeIndex":7, "size":16}], "partitionLayout":{"type":"hashpartitioned", "nPartitions":4, "attributes":[{"name":"l_orderkey", "dataUnitId":11, "attributeIndex":0, "size":4}]}}, {"name":"lineitem", "id":11, "estimatedCard":6001215, "isIntermediate":false, "attributes":[{"name":"l_orderkey", "dataUnitId":11, "attributeIndex":0, "size":4}, {"name":"l_partkey", "dataUnitId":11, "attributeIndex":1, "size":4}, {"name":"l_suppkey", "dataUnitId":11, "attributeIndex":2, "size":4}, {"name":"l_linenumber", "dataUnitId":11, "attributeIndex":3, "size":4}, {"name":"l_quantity", "dataUnitId":11, "attributeIndex":4, "size":8}, {"name":"l_extendedprice", "dataUnitId":11, "attributeIndex":5, "size":8}, {"name":"l_discount", "dataUnitId":11, "attributeIndex":6, "size":8}, {"name":"l_tax", "dataUnitId":11, "attributeIndex":7, "size":8}, {"name":"l_returnflag", "dataUnitId":11, "attributeIndex":8, "size":1}, {"name":"l_linestatus", "dataUnitId":11, "attributeIndex":9, "size":1}, {"name":"l_shipdate", "dataUnitId":11, "attributeIndex":10, "size":32}, {"name":"l_commitdate", "dataUnitId":11, "attributeIndex":11, "size":32}, {"name":"l_receiptdate", "dataUnitId":11, "attributeIndex":12, "size":32}, {"name":"l_shipinstruct", "dataUnitId":11, "attributeIndex":13, "size":1}, {"name":"l_shipmode", "dataUnitId":11, "attributeIndex":14, "size":1}, {"name":"l_comment", "dataUnitId":11, "attributeIndex":15, "size":10}], "partitionLayout":{"type":"hashpartitioned", "nPartitions":4, "attributes":[{"name":"l_orderkey", "dataUnitId":11, "attributeIndex":0, "size":4}]}}, {"name":"intermediate_6", "id":12, "estimatedCard":40784.2162857818839, "isIntermediate":true, "attributes":[{"name":"c_custkey", "dataUnitId":12, "attributeIndex":0, "size":4}, {"name":"c_name", "dataUnitId":12, "attributeIndex":1, "size":10}, {"name":"c_acctbal", "dataUnitId":12, "attributeIndex":2, "size":8}, {"name":"c_phone", "dataUnitId":12, "attributeIndex":3, "size":1}, {"name":"n_name", "dataUnitId":12, "attributeIndex":4, "size":1}, {"name":"c_address", "dataUnitId":12, "attributeIndex":5, "size":10}, {"name":"c_comment", "dataUnitId":12, "attributeIndex":6, "size":10}, {"name":"sum()", "dataUnitId":12, "attributeIndex":7, "size":16}], "partitionLayout":{"type":"singlenode", "nPartitions":1, "attributes":[]}}, {"name":"intermediate_5_shuffled", "id":13, "estimatedCard":40784.2162857818839, "isIntermediate":true, "attributes":[{"name":"c_custkey", "dataUnitId":10, "attributeIndex":0, "size":4}, {"name":"c_name", "dataUnitId":10, "attributeIndex":1, "size":10}, {"name":"c_acctbal", "dataUnitId":10, "attributeIndex":2, "size":8}, {"name":"c_phone", "dataUnitId":10, "attributeIndex":3, "size":1}, {"name":"n_name", "dataUnitId":10, "attributeIndex":4, "size":1}, {"name":"c_address", "dataUnitId":10, "attributeIndex":5, "size":10}, {"name":"c_comment", "dataUnitId":10, "attributeIndex":6, "size":10}, {"name":"sum()", "dataUnitId":10, "attributeIndex":7, "size":16}], "partitionLayout":{"type":"singlenode", "nPartitions":1, "attributes":[]}}, {"name":"intermediate_7", "id":14, "estimatedCard":20, "isIntermediate":true, "attributes":[{"name":"c_custkey", "dataUnitId":14, "attributeIndex":0, "size":4}, {"name":"c_name", "dataUnitId":14, "attributeIndex":1, "size":10}, {"name":"c_acctbal", "dataUnitId":14, "attributeIndex":2, "size":8}, {"name":"c_phone", "dataUnitId":14, "attributeIndex":3, "size":1}, {"name":"n_name", "dataUnitId":14, "attributeIndex":4, "size":1}, {"name":"c_address", "dataUnitId":14, "attributeIndex":5, "size":10}, {"name":"c_comment", "dataUnitId":14, "attributeIndex":6, "size":10}, {"name":"sum()", "dataUnitId":14, "attributeIndex":7, "size":16}], "partitionLayout":{"type":"singlenode", "nPartitions":1, "attributes":[]}}], "pipelines":[{"id":0, "scan":1, "output":0, "estimatedLoad":1.27289353382403286e-10, "requiredData":[]}, {"id":1, "scan":3, "output":2, "estimatedLoad":1.08369487487861893e-08, "requiredData":[]}, {"id":2, "scan":5, "output":4, "estimatedLoad":3.47888442495522096e-07, "requiredData":[]}, {"id":3, "scan":7, "output":6, "estimatedLoad":1.46967998499363326e-09, "requiredData":[2, 4]}, {"id":4, "scan":9, "output":8, "estimatedLoad":1.10644279611551118e-08, "requiredData":[]}, {"id":5, "scan":11, "output":10, "estimatedLoad":5.24351089349482264e-10, "requiredData":[8]}, {"id":6, "scan":13, "output":12, "estimatedLoad":1.37578486416670243e-08, "requiredData":[]}, {"id":7, "scan":12, "output":14, "estimatedLoad":1.75720872023650193e-06, "requiredData":[]}], "shuffleStages":[{"from":10, "to":13}, {"from":6, "to":9}, {"from":0, "to":3}], "dependencyOrder":[0, 1, 2, 3, 4, 5, 6, 7]}, "tasks":[{"k":7, "v":[{"pipelineId":7, "scannedPartition":{"dataUnitId":12, "partitionIndex":0}, "requiredPartitions":[], "outputPartition":{"dataUnitId":14, "partitionIndex":0}, "broadcast":false}]}, {"k":6, "v":[{"pipelineId":6, "scannedPartition":{"dataUnitId":13, "partitionIndex":0}, "requiredPartitions":[], "outputPartition":{"dataUnitId":12, "partitionIndex":0}, "broadcast":false}]}, {"k":5, "v":[{"pipelineId":5, "scannedPartition":{"dataUnitId":11, "partitionIndex":0}, "requiredPartitions":[{"dataUnitId":8, "partitionIndex":0}], "outputPartition":{"dataUnitId":10, "partitionIndex":0}, "broadcast":false}, {"pipelineId":5, "scannedPartition":{"dataUnitId":11, "partitionIndex":1}, "requiredPartitions":[{"dataUnitId":8, "partitionIndex":0}], "outputPartition":{"dataUnitId":10, "partitionIndex":1}, "broadcast":false}, {"pipelineId":5, "scannedPartition":{"dataUnitId":11, "partitionIndex":2}, "requiredPartitions":[{"dataUnitId":8, "partitionIndex":0}], "outputPartition":{"dataUnitId":10, "partitionIndex":2}, "broadcast":false}, {"pipelineId":5, "scannedPartition":{"dataUnitId":11, "partitionIndex":3}, "requiredPartitions":[{"dataUnitId":8, "partitionIndex":0}], "outputPartition":{"dataUnitId":10, "partitionIndex":3}, "broadcast":false}]}, {"k":3, "v":[{"pipelineId":3, "scannedPartition":{"dataUnitId":7, "partitionIndex":0}, "requiredPartitions":[{"dataUnitId":2, "partitionIndex":0}, {"dataUnitId":4, "partitionIndex":0}], "outputPartition":{"dataUnitId":6, "partitionIndex":0}, "broadcast":false}, {"pipelineId":3, "scannedPartition":{"dataUnitId":7, "partitionIndex":1}, "requiredPartitions":[{"dataUnitId":2, "partitionIndex":0}, {"dataUnitId":4, "partitionIndex":0}], "outputPartition":{"dataUnitId":6, "partitionIndex":1}, "broadcast":false}, {"pipelineId":3, "scannedPartition":{"dataUnitId":7, "partitionIndex":2}, "requiredPartitions":[{"dataUnitId":2, "partitionIndex":0}, {"dataUnitId":4, "partitionIndex":0}], "outputPartition":{"dataUnitId":6, "partitionIndex":2}, "broadcast":false}, {"pipelineId":3, "scannedPartition":{"dataUnitId":7, "partitionIndex":3}, "requiredPartitions":[{"dataUnitId":2, "partitionIndex":0}, {"dataUnitId":4, "partitionIndex":0}], "outputPartition":{"dataUnitId":6, "partitionIndex":3}, "broadcast":false}]}, {"k":0, "v":[{"pipelineId":0, "scannedPartition":{"dataUnitId":1, "partitionIndex":0}, "requiredPartitions":[], "outputPartition":{"dataUnitId":0, "partitionIndex":0}, "broadcast":false}, {"pipelineId":0, "scannedPartition":{"dataUnitId":1, "partitionIndex":1}, "requiredPartitions":[], "outputPartition":{"dataUnitId":0, "partitionIndex":1}, "broadcast":false}, {"pipelineId":0, "scannedPartition":{"dataUnitId":1, "partitionIndex":2}, "requiredPartitions":[], "outputPartition":{"dataUnitId":0, "partitionIndex":2}, "broadcast":false}, {"pipelineId":0, "scannedPartition":{"dataUnitId":1, "partitionIndex":3}, "requiredPartitions":[], "outputPartition":{"dataUnitId":0, "partitionIndex":3}, "broadcast":false}]}], "broadcastTasks":[{"k":4, "v":{"pipelineId":4, "scannedPartition":{"dataUnitId":9, "partitionIndex":0}, "requiredPartitions":[], "outputPartition":{"dataUnitId":8, "partitionIndex":0}, "broadcast":true}}, {"k":2, "v":{"pipelineId":2, "scannedPartition":{"dataUnitId":5, "partitionIndex":0}, "requiredPartitions":[], "outputPartition":{"dataUnitId":4, "partitionIndex":0}, "broadcast":true}}, {"k":1, "v":{"pipelineId":1, "scannedPartition":{"dataUnitId":3, "partitionIndex":0}, "requiredPartitions":[], "outputPartition":{"dataUnitId":2, "partitionIndex":0}, "broadcast":true}}], "initialPartitioning":{"owningNode":[{"k":{"dataUnitId":11, "partitionIndex":1}, "v":1}, {"k":{"dataUnitId":11, "partitionIndex":0}, "v":0}, {"k":{"dataUnitId":7, "partitionIndex":2}, "v":2}, {"k":{"dataUnitId":11, "partitionIndex":3}, "v":3}, {"k":{"dataUnitId":7, "partitionIndex":1}, "v":1}, {"k":{"dataUnitId":5, "partitionIndex":0}, "v":0}, {"k":{"dataUnitId":11, "partitionIndex":2}, "v":2}, {"k":{"dataUnitId":7, "partitionIndex":3}, "v":3}, {"k":{"dataUnitId":1, "partitionIndex":3}, "v":3}, {"k":{"dataUnitId":1, "partitionIndex":2}, "v":2}, {"k":{"dataUnitId":7, "partitionIndex":0}, "v":0}, {"k":{"dataUnitId":1, "partitionIndex":1}, "v":1}, {"k":{"dataUnitId":1, "partitionIndex":0}, "v":0}], "cachingNodes":[{"k":{"dataUnitId":11, "partitionIndex":1}, "v":[8]}, {"k":{"dataUnitId":11, "partitionIndex":0}, "v":[8]}, {"k":{"dataUnitId":7, "partitionIndex":2}, "v":[8]}, {"k":{"dataUnitId":11, "partitionIndex":3}, "v":[8]}, {"k":{"dataUnitId":7, "partitionIndex":1}, "v":[8]}, {"k":{"dataUnitId":5, "partitionIndex":0}, "v":[7, 6, 5, 4, 3, 2, 1]}, {"k":{"dataUnitId":11, "partitionIndex":2}, "v":[8]}, {"k":{"dataUnitId":7, "partitionIndex":3}, "v":[8]}, {"k":{"dataUnitId":1, "partitionIndex":3}, "v":[8]}, {"k":{"dataUnitId":1, "partitionIndex":2}, "v":[8]}, {"k":{"dataUnitId":7, "partitionIndex":0}, "v":[8]}, {"k":{"dataUnitId":1, "partitionIndex":1}, "v":[8]}, {"k":{"dataUnitId":1, "partitionIndex":0}, "v":[8]}], "nNodes":9}, "name":"c5n18xlargex8_rrall_4_q10", "resultNode":0, "nParallelTasks":10000}