{"cluster":{"nodes":[{"nCores":72, "memorySize":192, "networkSpeed":100, "networkLatency":0.00025}, {"nCores":72, "memorySize":192, "networkSpeed":100, "networkLatency":0.00025}, {"nCores":72, "memorySize":192, "networkSpeed":100, "networkLatency":0.00025}, {"nCores":72, "memorySize":192, "networkSpeed":100, "networkLatency":0.00025}, {"nCores":72, "memorySize":192, "networkSpeed":100, "networkLatency":0.00025}, {"nCores":72, "memorySize":192, "networkSpeed":100, "networkLatency":0.00025}, {"nCores":72, "memorySize":192, "networkSpeed":100, "networkLatency":0.00025}, {"nCores":72, "memorySize":192, "networkSpeed":100, "networkLatency":0.00025}, {"nCores":0, "memorySize":1e+06, "networkSpeed":1e+06, "networkLatency":0.1}], "storageService":true}, "plan":{"dataUnits":[{"name":"intermediate_0", "id":0, "estimatedCard":1, "isIntermediate":true, "attributes":[{"name":"n_nationkey", "dataUnitId":0, "attributeIndex":0, "size":4}, {"name":"n_name", "dataUnitId":0, "attributeIndex":1, "size":1}, {"name":"n_regionkey", "dataUnitId":0, "attributeIndex":2, "size":4}, {"name":"r_regionkey", "dataUnitId":0, "attributeIndex":3, "size":4}], "partitionLayout":{"type":"broadcast", "nPartitions":1, "attributes":[]}}, {"name":"region", "id":1, "estimatedCard":5, "isIntermediate":false, "attributes":[{"name":"r_regionkey", "dataUnitId":1, "attributeIndex":0, "size":4}, {"name":"r_name", "dataUnitId":1, "attributeIndex":1, "size":1}, {"name":"r_comment", "dataUnitId":1, "attributeIndex":2, "size":10}], "partitionLayout":{"type":"broadcast", "nPartitions":1, "attributes":[]}}, {"name":"intermediate_1", "id":2, "estimatedCard":5.01334480941295624, "isIntermediate":true, "attributes":[{"name":"n_nationkey", "dataUnitId":2, "attributeIndex":0, "size":4}, {"name":"n_name", "dataUnitId":2, "attributeIndex":1, "size":1}, {"name":"n_regionkey", "dataUnitId":2, "attributeIndex":2, "size":4}, {"name":"r_regionkey", "dataUnitId":2, "attributeIndex":3, "size":4}], "partitionLayout":{"type":"broadcast", "nPartitions":1, "attributes":[]}}, {"name":"nation", "id":3, "estimatedCard":25, "isIntermediate":false, "attributes":[{"name":"n_nationkey", "dataUnitId":3, "attributeIndex":0, "size":4}, {"name":"n_name", "dataUnitId":3, "attributeIndex":1, "size":1}, {"name":"n_regionkey", "dataUnitId":3, "attributeIndex":2, "size":4}, {"name":"n_comment", "dataUnitId":3, "attributeIndex":3, "size":10}], "partitionLayout":{"type":"broadcast", "nPartitions":1, "attributes":[]}}, {"name":"intermediate_2", "id":4, "estimatedCard":5.01334480941295624, "isIntermediate":true, "attributes":[{"name":"s_suppkey", "dataUnitId":4, "attributeIndex":0, "size":4}, {"name":"s_nationkey", "dataUnitId":4, "attributeIndex":1, "size":4}, {"name":"n_nationkey", "dataUnitId":4, "attributeIndex":2, "size":4}], "partitionLayout":{"type":"broadcast", "nPartitions":1, "attributes":[]}}, {"name":"intermediate_3", "id":5, "estimatedCard":781, "isIntermediate":true, "attributes":[{"name":"p_partkey", "dataUnitId":5, "attributeIndex":0, "size":4}, {"name":"p_mfgr", "dataUnitId":5, "attributeIndex":1, "size":1}, {"name":"p_type", "dataUnitId":5, "attributeIndex":2, "size":10}], "partitionLayout":{"type":"hashpartitioned", "nPartitions":32, "attributes":[{"name":"p_partkey", "dataUnitId":5, "attributeIndex":0, "size":4}]}}, {"name":"part", "id":6, "estimatedCard":200000, "isIntermediate":false, "attributes":[{"name":"p_partkey", "dataUnitId":6, "attributeIndex":0, "size":4}, {"name":"p_name", "dataUnitId":6, "attributeIndex":1, "size":10}, {"name":"p_mfgr", "dataUnitId":6, "attributeIndex":2, "size":1}, {"name":"p_brand", "dataUnitId":6, "attributeIndex":3, "size":1}, {"name":"p_type", "dataUnitId":6, "attributeIndex":4, "size":10}, {"name":"p_size", "dataUnitId":6, "attributeIndex":5, "size":4}, {"name":"p_container", "dataUnitId":6, "attributeIndex":6, "size":1}, {"name":"p_retailprice", "dataUnitId":6, "attributeIndex":7, "size":8}, {"name":"p_comment", "dataUnitId":6, "attributeIndex":8, "size":10}], "partitionLayout":{"type":"hashpartitioned", "nPartitions":32, "attributes":[{"name":"p_partkey", "dataUnitId":6, "attributeIndex":0, "size":4}]}}, {"name":"intermediate_4", "id":7, "estimatedCard":781, "isIntermediate":true, "attributes":[{"name":"p_partkey", "dataUnitId":7, "attributeIndex":0, "size":4}, {"name":"p_mfgr", "dataUnitId":7, "attributeIndex":1, "size":1}, {"name":"p_type", "dataUnitId":7, "attributeIndex":2, "size":10}, {"name":"ps_partkey", "dataUnitId":7, "attributeIndex":3, "size":4}, {"name":"ps_suppkey", "dataUnitId":7, "attributeIndex":4, "size":4}, {"name":"ps_supplycost", "dataUnitId":7, "attributeIndex":5, "size":8}], "partitionLayout":{"type":"broadcast", "nPartitions":1, "attributes":[]}}, {"name":"intermediate_3_shuffled", "id":8, "estimatedCard":781, "isIntermediate":true, "attributes":[{"name":"p_partkey", "dataUnitId":5, "attributeIndex":0, "size":4}, {"name":"p_mfgr", "dataUnitId":5, "attributeIndex":1, "size":1}, {"name":"p_type", "dataUnitId":5, "attributeIndex":2, "size":10}], "partitionLayout":{"type":"broadcast", "nPartitions":1, "attributes":[]}}, {"name":"intermediate_5", "id":9, "estimatedCard":2005.3379237651825, "isIntermediate":true, "attributes":[{"name":"s_suppkey", "dataUnitId":9, "attributeIndex":0, "size":4}, {"name":"s_nationkey", "dataUnitId":9, "attributeIndex":1, "size":4}, {"name":"n_nationkey", "dataUnitId":9, "attributeIndex":2, "size":4}], "partitionLayout":{"type":"hashpartitioned", "nPartitions":32, "attributes":[{"name":"s_suppkey", "dataUnitId":9, "attributeIndex":0, "size":4}]}}, {"name":"supplier", "id":10, "estimatedCard":10000, "isIntermediate":false, "attributes":[{"name":"s_suppkey", "dataUnitId":10, "attributeIndex":0, "size":4}, {"name":"s_name", "dataUnitId":10, "attributeIndex":1, "size":1}, {"name":"s_address", "dataUnitId":10, "attributeIndex":2, "size":10}, {"name":"s_nationkey", "dataUnitId":10, "attributeIndex":3, "size":4}, {"name":"s_phone", "dataUnitId":10, "attributeIndex":4, "size":1}, {"name":"s_acctbal", "dataUnitId":10, "attributeIndex":5, "size":8}, {"name":"s_comment", "dataUnitId":10, "attributeIndex":6, "size":10}], "partitionLayout":{"type":"hashpartitioned", "nPartitions":32, "attributes":[{"name":"s_suppkey", "dataUnitId":10, "attributeIndex":0, "size":4}]}}, {"name":"intermediate_6", "id":11, "estimatedCard":2005.3379237651825, "isIntermediate":true, "attributes":[{"name":"p_partkey", "dataUnitId":11, "attributeIndex":0, "size":4}, {"name":"p_mfgr", "dataUnitId":11, "attributeIndex":1, "size":1}, {"name":"p_type", "dataUnitId":11, "attributeIndex":2, "size":10}, {"name":"ps_partkey", "dataUnitId":11, "attributeIndex":3, "size":4}, {"name":"ps_suppkey", "dataUnitId":11, "attributeIndex":4, "size":4}, {"name":"ps_supplycost", "dataUnitId":11, "attributeIndex":5, "size":8}, {"name":"s_suppkey", "dataUnitId":11, "attributeIndex":6, "size":4}, {"name":"s_nationkey", "dataUnitId":11, "attributeIndex":7, "size":4}, {"name":"n_nationkey", "dataUnitId":11, "attributeIndex":8, "size":4}], "partitionLayout":{"type":"broadcast", "nPartitions":1, "attributes":[]}}, {"name":"intermediate_5_shuffled", "id":12, "estimatedCard":2005.3379237651825, "isIntermediate":true, "attributes":[{"name":"s_suppkey", "dataUnitId":9, "attributeIndex":0, "size":4}, {"name":"s_nationkey", "dataUnitId":9, "attributeIndex":1, "size":4}, {"name":"n_nationkey", "dataUnitId":9, "attributeIndex":2, "size":4}], "partitionLayout":{"type":"broadcast", "nPartitions":1, "attributes":[]}}, {"name":"intermediate_7", "id":13, "estimatedCard":544.253713340870604, "isIntermediate":true, "attributes":[{"name":"min(ps_supplycost)", "dataUnitId":13, "attributeIndex":0, "size":8}, {"name":"ps_partkey", "dataUnitId":13, "attributeIndex":1, "size":4}, {"name":"p_mfgr", "dataUnitId":13, "attributeIndex":2, "size":1}], "partitionLayout":{"type":"hashpartitioned", "nPartitions":32, "attributes":[{"name":"ps_partkey", "dataUnitId":14, "attributeIndex":0, "size":4}]}}, {"name":"partsupp", "id":14, "estimatedCard":800000, "isIntermediate":false, "attributes":[{"name":"ps_partkey", "dataUnitId":14, "attributeIndex":0, "size":4}, {"name":"ps_suppkey", "dataUnitId":14, "attributeIndex":1, "size":4}, {"name":"ps_availqty", "dataUnitId":14, "attributeIndex":2, "size":4}, {"name":"ps_supplycost", "dataUnitId":14, "attributeIndex":3, "size":8}, {"name":"ps_comment", "dataUnitId":14, "attributeIndex":4, "size":10}], "partitionLayout":{"type":"hashpartitioned", "nPartitions":32, "attributes":[{"name":"ps_partkey", "dataUnitId":14, "attributeIndex":0, "size":4}]}}, {"name":"intermediate_8", "id":15, "estimatedCard":544.253713340870604, "isIntermediate":true, "attributes":[{"name":"ps_partkey", "dataUnitId":15, "attributeIndex":0, "size":4}, {"name":"ps_suppkey", "dataUnitId":15, "attributeIndex":1, "size":4}, {"name":"ps_supplycost", "dataUnitId":15, "attributeIndex":2, "size":8}, {"name":"min(ps_supplycost)", "dataUnitId":15, "attributeIndex":3, "size":8}, {"name":"ps_partkey", "dataUnitId":15, "attributeIndex":4, "size":4}, {"name":"p_mfgr", "dataUnitId":15, "attributeIndex":5, "size":1}], "partitionLayout":{"type":"broadcast", "nPartitions":1, "attributes":[]}}, {"name":"intermediate_7_shuffled", "id":16, "estimatedCard":544.253713340870604, "isIntermediate":true, "attributes":[{"name":"min(ps_supplycost)", "dataUnitId":13, "attributeIndex":0, "size":8}, {"name":"ps_partkey", "dataUnitId":13, "attributeIndex":1, "size":4}, {"name":"p_mfgr", "dataUnitId":13, "attributeIndex":2, "size":1}], "partitionLayout":{"type":"broadcast", "nPartitions":1, "attributes":[]}}, {"name":"intermediate_9", "id":17, "estimatedCard":1039.390554887804, "isIntermediate":true, "attributes":[{"name":"ps_partkey", "dataUnitId":17, "attributeIndex":0, "size":4}, {"name":"ps_suppkey", "dataUnitId":17, "attributeIndex":1, "size":4}, {"name":"ps_supplycost", "dataUnitId":17, "attributeIndex":2, "size":8}, {"name":"min(ps_supplycost)", "dataUnitId":17, "attributeIndex":3, "size":8}, {"name":"ps_partkey", "dataUnitId":17, "attributeIndex":4, "size":4}, {"name":"p_mfgr", "dataUnitId":17, "attributeIndex":5, "size":1}], "partitionLayout":{"type":"hashpartitioned", "nPartitions":32, "attributes":[{"name":"ps_partkey", "dataUnitId":17, "attributeIndex":0, "size":4}]}}, {"name":"partsupp", "id":18, "estimatedCard":800000, "isIntermediate":false, "attributes":[{"name":"ps_partkey", "dataUnitId":18, "attributeIndex":0, "size":4}, {"name":"ps_suppkey", "dataUnitId":18, "attributeIndex":1, "size":4}, {"name":"ps_availqty", "dataUnitId":18, "attributeIndex":2, "size":4}, {"name":"ps_supplycost", "dataUnitId":18, "attributeIndex":3, "size":8}, {"name":"ps_comment", "dataUnitId":18, "attributeIndex":4, "size":10}], "partitionLayout":{"type":"hashpartitioned", "nPartitions":32, "attributes":[{"name":"ps_partkey", "dataUnitId":18, "attributeIndex":0, "size":4}]}}, {"name":"intermediate_10", "id":19, "estimatedCard":1039.390554887804, "isIntermediate":true, "attributes":[{"name":"s_suppkey", "dataUnitId":19, "attributeIndex":0, "size":4}, {"name":"s_name", "dataUnitId":19, "attributeIndex":1, "size":1}, {"name":"s_address", "dataUnitId":19, "attributeIndex":2, "size":10}, {"name":"s_nationkey", "dataUnitId":19, "attributeIndex":3, "size":4}, {"name":"s_phone", "dataUnitId":19, "attributeIndex":4, "size":1}, {"name":"s_acctbal", "dataUnitId":19, "attributeIndex":5, "size":8}, {"name":"s_comment", "dataUnitId":19, "attributeIndex":6, "size":10}, {"name":"ps_partkey", "dataUnitId":19, "attributeIndex":7, "size":4}, {"name":"ps_suppkey", "dataUnitId":19, "attributeIndex":8, "size":4}, {"name":"ps_supplycost", "dataUnitId":19, "attributeIndex":9, "size":8}, {"name":"min(ps_supplycost)", "dataUnitId":19, "attributeIndex":10, "size":8}, {"name":"ps_partkey", "dataUnitId":19, "attributeIndex":11, "size":4}, {"name":"p_mfgr", "dataUnitId":19, "attributeIndex":12, "size":1}], "partitionLayout":{"type":"singlenode", "nPartitions":1, "attributes":[]}}, {"name":"intermediate_9_shuffled", "id":20, "estimatedCard":1039.390554887804, "isIntermediate":true, "attributes":[{"name":"ps_partkey", "dataUnitId":17, "attributeIndex":0, "size":4}, {"name":"ps_suppkey", "dataUnitId":17, "attributeIndex":1, "size":4}, {"name":"ps_supplycost", "dataUnitId":17, "attributeIndex":2, "size":8}, {"name":"min(ps_supplycost)", "dataUnitId":17, "attributeIndex":3, "size":8}, {"name":"ps_partkey", "dataUnitId":17, "attributeIndex":4, "size":4}, {"name":"p_mfgr", "dataUnitId":17, "attributeIndex":5, "size":1}], "partitionLayout":{"type":"singlenode", "nPartitions":1, "attributes":[]}}, {"name":"intermediate_11", "id":21, "estimatedCard":5.01334480941295624, "isIntermediate":true, "attributes":[{"name":"s_suppkey", "dataUnitId":21, "attributeIndex":0, "size":4}, {"name":"s_name", "dataUnitId":21, "attributeIndex":1, "size":1}, {"name":"s_address", "dataUnitId":21, "attributeIndex":2, "size":10}, {"name":"s_nationkey", "dataUnitId":21, "attributeIndex":3, "size":4}, {"name":"s_phone", "dataUnitId":21, "attributeIndex":4, "size":1}, {"name":"s_acctbal", "dataUnitId":21, "attributeIndex":5, "size":8}, {"name":"s_comment", "dataUnitId":21, "attributeIndex":6, "size":10}, {"name":"ps_partkey", "dataUnitId":21, "attributeIndex":7, "size":4}, {"name":"ps_suppkey", "dataUnitId":21, "attributeIndex":8, "size":4}, {"name":"ps_supplycost", "dataUnitId":21, "attributeIndex":9, "size":8}, {"name":"min(ps_supplycost)", "dataUnitId":21, "attributeIndex":10, "size":8}, {"name":"ps_partkey", "dataUnitId":21, "attributeIndex":11, "size":4}, {"name":"p_mfgr", "dataUnitId":21, "attributeIndex":12, "size":1}, {"name":"n_nationkey", "dataUnitId":21, "attributeIndex":13, "size":4}, {"name":"n_name", "dataUnitId":21, "attributeIndex":14, "size":1}], "partitionLayout":{"type":"singlenode", "nPartitions":1, "attributes":[]}}, {"name":"intermediate_12", "id":22, "estimatedCard":143.018531421329641, "isIntermediate":true, "attributes":[{"name":"s_suppkey", "dataUnitId":22, "attributeIndex":0, "size":4}, {"name":"s_name", "dataUnitId":22, "attributeIndex":1, "size":1}, {"name":"s_address", "dataUnitId":22, "attributeIndex":2, "size":10}, {"name":"s_nationkey", "dataUnitId":22, "attributeIndex":3, "size":4}, {"name":"s_phone", "dataUnitId":22, "attributeIndex":4, "size":1}, {"name":"s_acctbal", "dataUnitId":22, "attributeIndex":5, "size":8}, {"name":"s_comment", "dataUnitId":22, "attributeIndex":6, "size":10}, {"name":"ps_partkey", "dataUnitId":22, "attributeIndex":7, "size":4}, {"name":"ps_suppkey", "dataUnitId":22, "attributeIndex":8, "size":4}, {"name":"ps_supplycost", "dataUnitId":22, "attributeIndex":9, "size":8}, {"name":"min(ps_supplycost)", "dataUnitId":22, "attributeIndex":10, "size":8}, {"name":"ps_partkey", "dataUnitId":22, "attributeIndex":11, "size":4}, {"name":"p_mfgr", "dataUnitId":22, "attributeIndex":12, "size":1}, {"name":"n_nationkey", "dataUnitId":22, "attributeIndex":13, "size":4}, {"name":"n_name", "dataUnitId":22, "attributeIndex":14, "size":1}], "partitionLayout":{"type":"singlenode", "nPartitions":1, "attributes":[]}}, {"name":"supplier", "id":23, "estimatedCard":10000, "isIntermediate":false, "attributes":[{"name":"s_suppkey", "dataUnitId":23, "attributeIndex":0, "size":4}, {"name":"s_name", "dataUnitId":23, "attributeIndex":1, "size":1}, {"name":"s_address", "dataUnitId":23, "attributeIndex":2, "size":10}, {"name":"s_nationkey", "dataUnitId":23, "attributeIndex":3, "size":4}, {"name":"s_phone", "dataUnitId":23, "attributeIndex":4, "size":1}, {"name":"s_acctbal", "dataUnitId":23, "attributeIndex":5, "size":8}, {"name":"s_comment", "dataUnitId":23, "attributeIndex":6, "size":10}], "partitionLayout":{"type":"hashpartitioned", "nPartitions":32, "attributes":[{"name":"s_suppkey", "dataUnitId":23, "attributeIndex":0, "size":4}]}}, {"name":"supplier_shuffled", "id":24, "estimatedCard":10000, "isIntermediate":true, "attributes":[{"name":"s_suppkey", "dataUnitId":23, "attributeIndex":0, "size":4}, {"name":"s_name", "dataUnitId":23, "attributeIndex":1, "size":1}, {"name":"s_address", "dataUnitId":23, "attributeIndex":2, "size":10}, {"name":"s_nationkey", "dataUnitId":23, "attributeIndex":3, "size":4}, {"name":"s_phone", "dataUnitId":23, "attributeIndex":4, "size":1}, {"name":"s_acctbal", "dataUnitId":23, "attributeIndex":5, "size":8}, {"name":"s_comment", "dataUnitId":23, "attributeIndex":6, "size":10}], "partitionLayout":{"type":"singlenode", "nPartitions":1, "attributes":[]}}, {"name":"intermediate_13", "id":25, "estimatedCard":100, "isIntermediate":true, "attributes":[{"name":"s_suppkey", "dataUnitId":25, "attributeIndex":0, "size":4}, {"name":"s_name", "dataUnitId":25, "attributeIndex":1, "size":1}, {"name":"s_address", "dataUnitId":25, "attributeIndex":2, "size":10}, {"name":"s_nationkey", "dataUnitId":25, "attributeIndex":3, "size":4}, {"name":"s_phone", "dataUnitId":25, "attributeIndex":4, "size":1}, {"name":"s_acctbal", "dataUnitId":25, "attributeIndex":5, "size":8}, {"name":"s_comment", "dataUnitId":25, "attributeIndex":6, "size":10}, {"name":"ps_partkey", "dataUnitId":25, "attributeIndex":7, "size":4}, {"name":"ps_suppkey", "dataUnitId":25, "attributeIndex":8, "size":4}, {"name":"ps_supplycost", "dataUnitId":25, "attributeIndex":9, "size":8}, {"name":"min(ps_supplycost)", "dataUnitId":25, "attributeIndex":10, "size":8}, {"name":"ps_partkey", "dataUnitId":25, "attributeIndex":11, "size":4}, {"name":"p_mfgr", "dataUnitId":25, "attributeIndex":12, "size":1}, {"name":"n_nationkey", "dataUnitId":25, "attributeIndex":13, "size":4}, {"name":"n_name", "dataUnitId":25, "attributeIndex":14, "size":1}], "partitionLayout":{"type":"singlenode", "nPartitions":1, "attributes":[]}}], "pipelines":[{"id":0, "scan":1, "output":0, "estimatedLoad":6.8134813911788e-07, "requiredData":[]}, {"id":1, "scan":3, "output":2, "estimatedLoad":5.51380669754891e-08, "requiredData":[0]}, {"id":2, "scan":2, "output":4, "estimatedLoad":9.76431405463931146e-07, "requiredData":[]}, {"id":3, "scan":6, "output":5, "estimatedLoad":6.10959607667556069e-10, "requiredData":[]}, {"id":4, "scan":8, "output":7, "estimatedLoad":4.29614850445803854e-08, "requiredData":[]}, {"id":5, "scan":10, "output":9, "estimatedLoad":4.83107955692599577e-09, "requiredData":[4]}, {"id":6, "scan":12, "output":11, "estimatedLoad":3.43443143655215e-08, "requiredData":[]}, {"id":7, "scan":14, "output":13, "estimatedLoad":6.87858054893925317e-10, "requiredData":[7, 11]}, {"id":8, "scan":16, "output":15, "estimatedLoad":4.07435365264562611e-07, "requiredData":[]}, {"id":9, "scan":18, "output":17, "estimatedLoad":3.37930712758430414e-10, "requiredData":[15]}, {"id":10, "scan":20, "output":19, "estimatedLoad":3.78905135202705841e-08, "requiredData":[]}, {"id":11, "scan":2, "output":21, "estimatedLoad":5.82213925246479408e-07, "requiredData":[]}, {"id":12, "scan":24, "output":22, "estimatedLoad":1.15929625787968724e-08, "requiredData":[19, 21]}, {"id":13, "scan":22, "output":25, "estimatedLoad":2.05555661413815e-06, "requiredData":[]}], "shuffleStages":[{"from":23, "to":24}, {"from":17, "to":20}, {"from":13, "to":16}, {"from":9, "to":12}, {"from":5, "to":8}], "dependencyOrder":[0, 1, 2, 3, 4, 5, 6, 7, 8, 9, 10, 11, 12, 13]}, "tasks":[{"k":13, "v":[{"pipelineId":13, "scannedPartition":{"dataUnitId":22, "partitionIndex":0}, "requiredPartitions":[], "outputPartition":{"dataUnitId":25, "partitionIndex":0}, "broadcast":false}]}, {"k":12, "v":[{"pipelineId":12, "scannedPartition":{"dataUnitId":24, "partitionIndex":0}, "requiredPartitions":[{"dataUnitId":19, "partitionIndex":0}, {"dataUnitId":21, "partitionIndex":0}], "outputPartition":{"dataUnitId":22, "partitionIndex":0}, "broadcast":false}]}, {"k":11, "v":[{"pipelineId":11, "scannedPartition":{"dataUnitId":2, "partitionIndex":0}, "requiredPartitions":[], "outputPartition":{"dataUnitId":21, "partitionIndex":0}, "broadcast":false}]}, {"k":10, "v":[{"pipelineId":10, "scannedPartition":{"dataUnitId":20, "partitionIndex":0}, "requiredPartitions":[], "outputPartition":{"dataUnitId":19, "partitionIndex":0}, "broadcast":false}]}, {"k":9, "v":[{"pipelineId":9, "scannedPartition":{"dataUnitId":18, "partitionIndex":0}, "requiredPartitions":[{"dataUnitId":15, "partitionIndex":0}], "outputPartition":{"dataUnitId":17, "partitionIndex":0}, "broadcast":false}, {"pipelineId":9, "scannedPartition":{"dataUnitId":18, "partitionIndex":1}, "requiredPartitions":[{"dataUnitId":15, "partitionIndex":0}], "outputPartition":{"dataUnitId":17, "partitionIndex":1}, "broadcast":false}, {"pipelineId":9, "scannedPartition":{"dataUnitId":18, "partitionIndex":2}, "requiredPartitions":[{"dataUnitId":15, "partitionIndex":0}], "outputPartition":{"dataUnitId":17, "partitionIndex":2}, "broadcast":false}, {"pipelineId":9, "scannedPartition":{"dataUnitId":18, "partitionIndex":3}, "requiredPartitions":[{"dataUnitId":15, "partitionIndex":0}], "outputPartition":{"dataUnitId":17, "partitionIndex":3}, "broadcast":false}, {"pipelineId":9, "scannedPartition":{"dataUnitId":18, "partitionIndex":4}, "requiredPartitions":[{"dataUnitId":15, "partitionIndex":0}], "outputPartition":{"dataUnitId":17, "partitionIndex":4}, "broadcast":false}, {"pipelineId":9, "scannedPartition":{"dataUnitId":18, "partitionIndex":5}, "requiredPartitions":[{"dataUnitId":15, "partitionIndex":0}], "outputPartition":{"dataUnitId":17, "partitionIndex":5}, "broadcast":false}, {"pipelineId":9, "scannedPartition":{"dataUnitId":18, "partitionIndex":6}, "requiredPartitions":[{"dataUnitId":15, "partitionIndex":0}], "outputPartition":{"dataUnitId":17, "partitionIndex":6}, "broadcast":false}, {"pipelineId":9, "scannedPartition":{"dataUnitId":18, "partitionIndex":7}, "requiredPartitions":[{"dataUnitId":15, "partitionIndex":0}], "outputPartition":{"dataUnitId":17, "partitionIndex":7}, "broadcast":false}, {"pipelineId":9, "scannedPartition":{"dataUnitId":18, "partitionIndex":8}, "requiredPartitions":[{"dataUnitId":15, "partitionIndex":0}], "outputPartition":{"dataUnitId":17, "partitionIndex":8}, "broadcast":false}, {"pipelineId":9, "scannedPartition":{"dataUnitId":18, "partitionIndex":9}, "requiredPartitions":[{"dataUnitId":15, "partitionIndex":0}], "outputPartition":{"dataUnitId":17, "partitionIndex":9}, "broadcast":false}, {"pipelineId":9, "scannedPartition":{"dataUnitId":18, "partitionIndex":10}, "requiredPartitions":[{"dataUnitId":15, "partitionIndex":0}], "outputPartition":{"dataUnitId":17, "partitionIndex":10}, "broadcast":false}, {"pipelineId":9, "scannedPartition":{"dataUnitId":18, "partitionIndex":11}, "requiredPartitions":[{"dataUnitId":15, "partitionIndex":0}], "outputPartition":{"dataUnitId":17, "partitionIndex":11}, "broadcast":false}, {"pipelineId":9, "scannedPartition":{"dataUnitId":18, "partitionIndex":12}, "requiredPartitions":[{"dataUnitId":15, "partitionIndex":0}], "outputPartition":{"dataUnitId":17, "partitionIndex":12}, "broadcast":false}, {"pipelineId":9, "scannedPartition":{"dataUnitId":18, "partitionIndex":13}, "requiredPartitions":[{"dataUnitId":15, "partitionIndex":0}], "outputPartition":{"dataUnitId":17, "partitionIndex":13}, "broadcast":false}, {"pipelineId":9, "scannedPartition":{"dataUnitId":18, "partitionIndex":14}, "requiredPartitions":[{"dataUnitId":15, "partitionIndex":0}], "outputPartition":{"dataUnitId":17, "partitionIndex":14}, "broadcast":false}, {"pipelineId":9, "scannedPartition":{"dataUnitId":18, "partitionIndex":15}, "requiredPartitions":[{"dataUnitId":15, "partitionIndex":0}], "outputPartition":{"dataUnitId":17, "partitionIndex":15}, "broadcast":false}, {"pipelineId":9, "scannedPartition":{"dataUnitId":18, "partitionIndex":16}, "requiredPartitions":[{"dataUnitId":15, "partitionIndex":0}], "outputPartition":{"dataUnitId":17, "partitionIndex":16}, "broadcast":false}, {"pipelineId":9, "scannedPartition":{"dataUnitId":18, "partitionIndex":17}, "requiredPartitions":[{"dataUnitId":15, "partitionIndex":0}], "outputPartition":{"dataUnitId":17, "partitionIndex":17}, "broadcast":false}, {"pipelineId":9, "scannedPartition":{"dataUnitId":18, "partitionIndex":18}, "requiredPartitions":[{"dataUnitId":15, "partitionIndex":0}], "outputPartition":{"dataUnitId":17, "partitionIndex":18}, "broadcast":false}, {"pipelineId":9, "scannedPartition":{"dataUnitId":18, "partitionIndex":19}, "requiredPartitions":[{"dataUnitId":15, "partitionIndex":0}], "outputPartition":{"dataUnitId":17, "partitionIndex":19}, "broadcast":false}, {"pipelineId":9, "scannedPartition":{"dataUnitId":18, "partitionIndex":20}, "requiredPartitions":[{"dataUnitId":15, "partitionIndex":0}], "outputPartition":{"dataUnitId":17, "partitionIndex":20}, "broadcast":false}, {"pipelineId":9, "scannedPartition":{"dataUnitId":18, "partitionIndex":21}, "requiredPartitions":[{"dataUnitId":15, "partitionIndex":0}], "outputPartition":{"dataUnitId":17, "partitionIndex":21}, "broadcast":false}, {"pipelineId":9, "scannedPartition":{"dataUnitId":18, "partitionIndex":22}, "requiredPartitions":[{"dataUnitId":15, "partitionIndex":0}], "outputPartition":{"dataUnitId":17, "partitionIndex":22}, "broadcast":false}, {"pipelineId":9, "scannedPartition":{"dataUnitId":18, "partitionIndex":23}, "requiredPartitions":[{"dataUnitId":15, "partitionIndex":0}], "outputPartition":{"dataUnitId":17, "partitionIndex":23}, "broadcast":false}, {"pipelineId":9, "scannedPartition":{"dataUnitId":18, "partitionIndex":24}, "requiredPartitions":[{"dataUnitId":15, "partitionIndex":0}], "outputPartition":{"dataUnitId":17, "partitionIndex":24}, "broadcast":false}, {"pipelineId":9, "scannedPartition":{"dataUnitId":18, "partitionIndex":25}, "requiredPartitions":[{"dataUnitId":15, "partitionIndex":0}], "outputPartition":{"dataUnitId":17, "partitionIndex":25}, "broadcast":false}, {"pipelineId":9, "scannedPartition":{"dataUnitId":18, "partitionIndex":26}, "requiredPartitions":[{"dataUnitId":15, "partitionIndex":0}], "outputPartition":{"dataUnitId":17, "partitionIndex":26}, "broadcast":false}, {"pipelineId":9, "scannedPartition":{"dataUnitId":18, "partitionIndex":27}, "requiredPartitions":[{"dataUnitId":15, "partitionIndex":0}], "outputPartition":{"dataUnitId":17, "partitionIndex":27}, "broadcast":false}, {"pipelineId":9, "scannedPartition":{"dataUnitId":18, "partitionIndex":28}, "requiredPartitions":[{"dataUnitId":15, "partitionIndex":0}], "outputPartition":{"dataUnitId":17, "partitionIndex":28}, "broadcast":false}, {"pipelineId":9, "scannedPartition":{"dataUnitId":18, "partitionIndex":29}, "requiredPartitions":[{"dataUnitId":15, "partitionIndex":0}], "outputPartition":{"dataUnitId":17, "partitionIndex":29}, "broadcast":false}, {"pipelineId":9, "scannedPartition":{"dataUnitId":18, "partitionIndex":30}, "requiredPartitions":[{"dataUnitId":15, "partitionIndex":0}], "outputPartition":{"dataUnitId":17, "partitionIndex":30}, "broadcast":false}, {"pipelineId":9, "scannedPartition":{"dataUnitId":18, "partitionIndex":31}, "requiredPartitions":[{"dataUnitId":15, "partitionIndex":0}], "outputPartition":{"dataUnitId":17, "partitionIndex":31}, "broadcast":false}]}, {"k":7, "v":[{"pipelineId":7, "scannedPartition":{"dataUnitId":14, "partitionIndex":0}, "requiredPartitions":[{"dataUnitId":7, "partitionIndex":0}, {"dataUnitId":11, "partitionIndex":0}], "outputPartition":{"dataUnitId":13, "partitionIndex":0}, "broadcast":false}, {"pipelineId":7, "scannedPartition":{"dataUnitId":14, "partitionIndex":1}, "requiredPartitions":[{"dataUnitId":7, "partitionIndex":0}, {"dataUnitId":11, "partitionIndex":0}], "outputPartition":{"dataUnitId":13, "partitionIndex":1}, "broadcast":false}, {"pipelineId":7, "scannedPartition":{"dataUnitId":14, "partitionIndex":2}, "requiredPartitions":[{"dataUnitId":7, "partitionIndex":0}, {"dataUnitId":11, "partitionIndex":0}], "outputPartition":{"dataUnitId":13, "partitionIndex":2}, "broadcast":false}, {"pipelineId":7, "scannedPartition":{"dataUnitId":14, "partitionIndex":3}, "requiredPartitions":[{"dataUnitId":7, "partitionIndex":0}, {"dataUnitId":11, "partitionIndex":0}], "outputPartition":{"dataUnitId":13, "partitionIndex":3}, "broadcast":false}, {"pipelineId":7, "scannedPartition":{"dataUnitId":14, "partitionIndex":4}, "requiredPartitions":[{"dataUnitId":7, "partitionIndex":0}, {"dataUnitId":11, "partitionIndex":0}], "outputPartition":{"dataUnitId":13, "partitionIndex":4}, "broadcast":false}, {"pipelineId":7, "scannedPartition":{"dataUnitId":14, "partitionIndex":5}, "requiredPartitions":[{"dataUnitId":7, "partitionIndex":0}, {"dataUnitId":11, "partitionIndex":0}], "outputPartition":{"dataUnitId":13, "partitionIndex":5}, "broadcast":false}, {"pipelineId":7, "scannedPartition":{"dataUnitId":14, "partitionIndex":6}, "requiredPartitions":[{"dataUnitId":7, "partitionIndex":0}, {"dataUnitId":11, "partitionIndex":0}], "outputPartition":{"dataUnitId":13, "partitionIndex":6}, "broadcast":false}, {"pipelineId":7, "scannedPartition":{"dataUnitId":14, "partitionIndex":7}, "requiredPartitions":[{"dataUnitId":7, "partitionIndex":0}, {"dataUnitId":11, "partitionIndex":0}], "outputPartition":{"dataUnitId":13, "partitionIndex":7}, "broadcast":false}, {"pipelineId":7, "scannedPartition":{"dataUnitId":14, "partitionIndex":8}, "requiredPartitions":[{"dataUnitId":7, "partitionIndex":0}, {"dataUnitId":11, "partitionIndex":0}], "outputPartition":{"dataUnitId":13, "partitionIndex":8}, "broadcast":false}, {"pipelineId":7, "scannedPartition":{"dataUnitId":14, "partitionIndex":9}, "requiredPartitions":[{"dataUnitId":7, "partitionIndex":0}, {"dataUnitId":11, "partitionIndex":0}], "outputPartition":{"dataUnitId":13, "partitionIndex":9}, "broadcast":false}, {"pipelineId":7, "scannedPartition":{"dataUnitId":14, "partitionIndex":10}, "requiredPartitions":[{"dataUnitId":7, "partitionIndex":0}, {"dataUnitId":11, "partitionIndex":0}], "outputPartition":{"dataUnitId":13, "partitionIndex":10}, "broadcast":false}, {"pipelineId":7, "scannedPartition":{"dataUnitId":14, "partitionIndex":11}, "requiredPartitions":[{"dataUnitId":7, "partitionIndex":0}, {"dataUnitId":11, "partitionIndex":0}], "outputPartition":{"dataUnitId":13, "partitionIndex":11}, "broadcast":false}, {"pipelineId":7, "scannedPartition":{"dataUnitId":14, "partitionIndex":12}, "requiredPartitions":[{"dataUnitId":7, "partitionIndex":0}, {"dataUnitId":11, "partitionIndex":0}], "outputPartition":{"dataUnitId":13, "partitionIndex":12}, "broadcast":false}, {"pipelineId":7, "scannedPartition":{"dataUnitId":14, "partitionIndex":13}, "requiredPartitions":[{"dataUnitId":7, "partitionIndex":0}, {"dataUnitId":11, "partitionIndex":0}], "outputPartition":{"dataUnitId":13, "partitionIndex":13}, "broadcast":false}, {"pipelineId":7, "scannedPartition":{"dataUnitId":14, "partitionIndex":14}, "requiredPartitions":[{"dataUnitId":7, "partitionIndex":0}, {"dataUnitId":11, "partitionIndex":0}], "outputPartition":{"dataUnitId":13, "partitionIndex":14}, "broadcast":false}, {"pipelineId":7, "scannedPartition":{"dataUnitId":14, "partitionIndex":15}, "requiredPartitions":[{"dataUnitId":7, "partitionIndex":0}, {"dataUnitId":11, "partitionIndex":0}], "outputPartition":{"dataUnitId":13, "partitionIndex":15}, "broadcast":false}, {"pipelineId":7, "scannedPartition":{"dataUnitId":14, "partitionIndex":16}, "requiredPartitions":[{"dataUnitId":7, "partitionIndex":0}, {"dataUnitId":11, "partitionIndex":0}], "outputPartition":{"dataUnitId":13, "partitionIndex":16}, "broadcast":false}, {"pipelineId":7, "scannedPartition":{"dataUnitId":14, "partitionIndex":17}, "requiredPartitions":[{"dataUnitId":7, "partitionIndex":0}, {"dataUnitId":11, "partitionIndex":0}], "outputPartition":{"dataUnitId":13, "partitionIndex":17}, "broadcast":false}, {"pipelineId":7, "scannedPartition":{"dataUnitId":14, "partitionIndex":18}, "requiredPartitions":[{"dataUnitId":7, "partitionIndex":0}, {"dataUnitId":11, "partitionIndex":0}], "outputPartition":{"dataUnitId":13, "partitionIndex":18}, "broadcast":false}, {"pipelineId":7, "scannedPartition":{"dataUnitId":14, "partitionIndex":19}, "requiredPartitions":[{"dataUnitId":7, "partitionIndex":0}, {"dataUnitId":11, "partitionIndex":0}], "outputPartition":{"dataUnitId":13, "partitionIndex":19}, "broadcast":false}, {"pipelineId":7, "scannedPartition":{"dataUnitId":14, "partitionIndex":20}, "requiredPartitions":[{"dataUnitId":7, "partitionIndex":0}, {"dataUnitId":11, "partitionIndex":0}], "outputPartition":{"dataUnitId":13, "partitionIndex":20}, "broadcast":false}, {"pipelineId":7, "scannedPartition":{"dataUnitId":14, "partitionIndex":21}, "requiredPartitions":[{"dataUnitId":7, "partitionIndex":0}, {"dataUnitId":11, "partitionIndex":0}], "outputPartition":{"dataUnitId":13, "partitionIndex":21}, "broadcast":false}, {"pipelineId":7, "scannedPartition":{"dataUnitId":14, "partitionIndex":22}, "requiredPartitions":[{"dataUnitId":7, "partitionIndex":0}, {"dataUnitId":11, "partitionIndex":0}], "outputPartition":{"dataUnitId":13, "partitionIndex":22}, "broadcast":false}, {"pipelineId":7, "scannedPartition":{"dataUnitId":14, "partitionIndex":23}, "requiredPartitions":[{"dataUnitId":7, "partitionIndex":0}, {"dataUnitId":11, "partitionIndex":0}], "outputPartition":{"dataUnitId":13, "partitionIndex":23}, "broadcast":false}, {"pipelineId":7, "scannedPartition":{"dataUnitId":14, "partitionIndex":24}, "requiredPartitions":[{"dataUnitId":7, "partitionIndex":0}, {"dataUnitId":11, "partitionIndex":0}], "outputPartition":{"dataUnitId":13, "partitionIndex":24}, "broadcast":false}, {"pipelineId":7, "scannedPartition":{"dataUnitId":14, "partitionIndex":25}, "requiredPartitions":[{"dataUnitId":7, "partitionIndex":0}, {"dataUnitId":11, "partitionIndex":0}], "outputPartition":{"dataUnitId":13, "partitionIndex":25}, "broadcast":false}, {"pipelineId":7, "scannedPartition":{"dataUnitId":14, "partitionIndex":26}, "requiredPartitions":[{"dataUnitId":7, "partitionIndex":0}, {"dataUnitId":11, "partitionIndex":0}], "outputPartition":{"dataUnitId":13, "partitionIndex":26}, "broadcast":false}, {"pipelineId":7, "scannedPartition":{"dataUnitId":14, "partitionIndex":27}, "requiredPartitions":[{"dataUnitId":7, "partitionIndex":0}, {"dataUnitId":11, "partitionIndex":0}], "outputPartition":{"dataUnitId":13, "partitionIndex":27}, "broadcast":false}, {"pipelineId":7, "scannedPartition":{"dataUnitId":14, "partitionIndex":28}, "requiredPartitions":[{"dataUnitId":7, "partitionIndex":0}, {"dataUnitId":11, "partitionIndex":0}], "outputPartition":{"dataUnitId":13, "partitionIndex":28}, "broadcast":false}, {"pipelineId":7, "scannedPartition":{"dataUnitId":14, "partitionIndex":29}, "requiredPartitions":[{"dataUnitId":7, "partitionIndex":0}, {"dataUnitId":11, "partitionIndex":0}], "outputPartition":{"dataUnitId":13, "partitionIndex":29}, "broadcast":false}, {"pipelineId":7, "scannedPartition":{"dataUnitId":14, "partitionIndex":30}, "requiredPartitions":[{"dataUnitId":7, "partitionIndex":0}, {"dataUnitId":11, "partitionIndex":0}], "outputPartition":{"dataUnitId":13, "partitionIndex":30}, "broadcast":false}, {"pipelineId":7, "scannedPartition":{"dataUnitId":14, "partitionIndex":31}, "requiredPartitions":[{"dataUnitId":7, "partitionIndex":0}, {"dataUnitId":11, "partitionIndex":0}], "outputPartition":{"dataUnitId":13, "partitionIndex":31}, "broadcast":false}]}, {"k":5, "v":[{"pipelineId":5, "scannedPartition":{"dataUnitId":10, "partitionIndex":0}, "requiredPartitions":[{"dataUnitId":4, "partitionIndex":0}], "outputPartition":{"dataUnitId":9, "partitionIndex":0}, "broadcast":false}, {"pipelineId":5, "scannedPartition":{"dataUnitId":10, "partitionIndex":1}, "requiredPartitions":[{"dataUnitId":4, "partitionIndex":0}], "outputPartition":{"dataUnitId":9, "partitionIndex":1}, "broadcast":false}, {"pipelineId":5, "scannedPartition":{"dataUnitId":10, "partitionIndex":2}, "requiredPartitions":[{"dataUnitId":4, "partitionIndex":0}], "outputPartition":{"dataUnitId":9, "partitionIndex":2}, "broadcast":false}, {"pipelineId":5, "scannedPartition":{"dataUnitId":10, "partitionIndex":3}, "requiredPartitions":[{"dataUnitId":4, "partitionIndex":0}], "outputPartition":{"dataUnitId":9, "partitionIndex":3}, "broadcast":false}, {"pipelineId":5, "scannedPartition":{"dataUnitId":10, "partitionIndex":4}, "requiredPartitions":[{"dataUnitId":4, "partitionIndex":0}], "outputPartition":{"dataUnitId":9, "partitionIndex":4}, "broadcast":false}, {"pipelineId":5, "scannedPartition":{"dataUnitId":10, "partitionIndex":5}, "requiredPartitions":[{"dataUnitId":4, "partitionIndex":0}], "outputPartition":{"dataUnitId":9, "partitionIndex":5}, "broadcast":false}, {"pipelineId":5, "scannedPartition":{"dataUnitId":10, "partitionIndex":6}, "requiredPartitions":[{"dataUnitId":4, "partitionIndex":0}], "outputPartition":{"dataUnitId":9, "partitionIndex":6}, "broadcast":false}, {"pipelineId":5, "scannedPartition":{"dataUnitId":10, "partitionIndex":7}, "requiredPartitions":[{"dataUnitId":4, "partitionIndex":0}], "outputPartition":{"dataUnitId":9, "partitionIndex":7}, "broadcast":false}, {"pipelineId":5, "scannedPartition":{"dataUnitId":10, "partitionIndex":8}, "requiredPartitions":[{"dataUnitId":4, "partitionIndex":0}], "outputPartition":{"dataUnitId":9, "partitionIndex":8}, "broadcast":false}, {"pipelineId":5, "scannedPartition":{"dataUnitId":10, "partitionIndex":9}, "requiredPartitions":[{"dataUnitId":4, "partitionIndex":0}], "outputPartition":{"dataUnitId":9, "partitionIndex":9}, "broadcast":false}, {"pipelineId":5, "scannedPartition":{"dataUnitId":10, "partitionIndex":10}, "requiredPartitions":[{"dataUnitId":4, "partitionIndex":0}], "outputPartition":{"dataUnitId":9, "partitionIndex":10}, "broadcast":false}, {"pipelineId":5, "scannedPartition":{"dataUnitId":10, "partitionIndex":11}, "requiredPartitions":[{"dataUnitId":4, "partitionIndex":0}], "outputPartition":{"dataUnitId":9, "partitionIndex":11}, "broadcast":false}, {"pipelineId":5, "scannedPartition":{"dataUnitId":10, "partitionIndex":12}, "requiredPartitions":[{"dataUnitId":4, "partitionIndex":0}], "outputPartition":{"dataUnitId":9, "partitionIndex":12}, "broadcast":false}, {"pipelineId":5, "scannedPartition":{"dataUnitId":10, "partitionIndex":13}, "requiredPartitions":[{"dataUnitId":4, "partitionIndex":0}], "outputPartition":{"dataUnitId":9, "partitionIndex":13}, "broadcast":false}, {"pipelineId":5, "scannedPartition":{"dataUnitId":10, "partitionIndex":14}, "requiredPartitions":[{"dataUnitId":4, "partitionIndex":0}], "outputPartition":{"dataUnitId":9, "partitionIndex":14}, "broadcast":false}, {"pipelineId":5, "scannedPartition":{"dataUnitId":10, "partitionIndex":15}, "requiredPartitions":[{"dataUnitId":4, "partitionIndex":0}], "outputPartition":{"dataUnitId":9, "partitionIndex":15}, "broadcast":false}, {"pipelineId":5, "scannedPartition":{"dataUnitId":10, "partitionIndex":16}, "requiredPartitions":[{"dataUnitId":4, "partitionIndex":0}], "outputPartition":{"dataUnitId":9, "partitionIndex":16}, "broadcast":false}, {"pipelineId":5, "scannedPartition":{"dataUnitId":10, "partitionIndex":17}, "requiredPartitions":[{"dataUnitId":4, "partitionIndex":0}], "outputPartition":{"dataUnitId":9, "partitionIndex":17}, "broadcast":false}, {"pipelineId":5, "scannedPartition":{"dataUnitId":10, "partitionIndex":18}, "requiredPartitions":[{"dataUnitId":4, "partitionIndex":0}], "outputPartition":{"dataUnitId":9, "partitionIndex":18}, "broadcast":false}, {"pipelineId":5, "scannedPartition":{"dataUnitId":10, "partitionIndex":19}, "requiredPartitions":[{"dataUnitId":4, "partitionIndex":0}], "outputPartition":{"dataUnitId":9, "partitionIndex":19}, "broadcast":false}, {"pipelineId":5, "scannedPartition":{"dataUnitId":10, "partitionIndex":20}, "requiredPartitions":[{"dataUnitId":4, "partitionIndex":0}], "outputPartition":{"dataUnitId":9, "partitionIndex":20}, "broadcast":false}, {"pipelineId":5, "scannedPartition":{"dataUnitId":10, "partitionIndex":21}, "requiredPartitions":[{"dataUnitId":4, "partitionIndex":0}], "outputPartition":{"dataUnitId":9, "partitionIndex":21}, "broadcast":false}, {"pipelineId":5, "scannedPartition":{"dataUnitId":10, "partitionIndex":22}, "requiredPartitions":[{"dataUnitId":4, "partitionIndex":0}], "outputPartition":{"dataUnitId":9, "partitionIndex":22}, "broadcast":false}, {"pipelineId":5, "scannedPartition":{"dataUnitId":10, "partitionIndex":23}, "requiredPartitions":[{"dataUnitId":4, "partitionIndex":0}], "outputPartition":{"dataUnitId":9, "partitionIndex":23}, "broadcast":false}, {"pipelineId":5, "scannedPartition":{"dataUnitId":10, "partitionIndex":24}, "requiredPartitions":[{"dataUnitId":4, "partitionIndex":0}], "outputPartition":{"dataUnitId":9, "partitionIndex":24}, "broadcast":false}, {"pipelineId":5, "scannedPartition":{"dataUnitId":10, "partitionIndex":25}, "requiredPartitions":[{"dataUnitId":4, "partitionIndex":0}], "outputPartition":{"dataUnitId":9, "partitionIndex":25}, "broadcast":false}, {"pipelineId":5, "scannedPartition":{"dataUnitId":10, "partitionIndex":26}, "requiredPartitions":[{"dataUnitId":4, "partitionIndex":0}], "outputPartition":{"dataUnitId":9, "partitionIndex":26}, "broadcast":false}, {"pipelineId":5, "scannedPartition":{"dataUnitId":10, "partitionIndex":27}, "requiredPartitions":[{"dataUnitId":4, "partitionIndex":0}], "outputPartition":{"dataUnitId":9, "partitionIndex":27}, "broadcast":false}, {"pipelineId":5, "scannedPartition":{"dataUnitId":10, "partitionIndex":28}, "requiredPartitions":[{"dataUnitId":4, "partitionIndex":0}], "outputPartition":{"dataUnitId":9, "partitionIndex":28}, "broadcast":false}, {"pipelineId":5, "scannedPartition":{"dataUnitId":10, "partitionIndex":29}, "requiredPartitions":[{"dataUnitId":4, "partitionIndex":0}], "outputPartition":{"dataUnitId":9, "partitionIndex":29}, "broadcast":false}, {"pipelineId":5, "scannedPartition":{"dataUnitId":10, "partitionIndex":30}, "requiredPartitions":[{"dataUnitId":4, "partitionIndex":0}], "outputPartition":{"dataUnitId":9, "partitionIndex":30}, "broadcast":false}, {"pipelineId":5, "scannedPartition":{"dataUnitId":10, "partitionIndex":31}, "requiredPartitions":[{"dataUnitId":4, "partitionIndex":0}], "outputPartition":{"dataUnitId":9, "partitionIndex":31}, "broadcast":false}]}, {"k":3, "v":[{"pipelineId":3, "scannedPartition":{"dataUnitId":6, "partitionIndex":0}, "requiredPartitions":[], "outputPartition":{"dataUnitId":5, "partitionIndex":0}, "broadcast":false}, {"pipelineId":3, "scannedPartition":{"dataUnitId":6, "partitionIndex":1}, "requiredPartitions":[], "outputPartition":{"dataUnitId":5, "partitionIndex":1}, "broadcast":false}, {"pipelineId":3, "scannedPartition":{"dataUnitId":6, "partitionIndex":2}, "requiredPartitions":[], "outputPartition":{"dataUnitId":5, "partitionIndex":2}, "broadcast":false}, {"pipelineId":3, "scannedPartition":{"dataUnitId":6, "partitionIndex":3}, "requiredPartitions":[], "outputPartition":{"dataUnitId":5, "partitionIndex":3}, "broadcast":false}, {"pipelineId":3, "scannedPartition":{"dataUnitId":6, "partitionIndex":4}, "requiredPartitions":[], "outputPartition":{"dataUnitId":5, "partitionIndex":4}, "broadcast":false}, {"pipelineId":3, "scannedPartition":{"dataUnitId":6, "partitionIndex":5}, "requiredPartitions":[], "outputPartition":{"dataUnitId":5, "partitionIndex":5}, "broadcast":false}, {"pipelineId":3, "scannedPartition":{"dataUnitId":6, "partitionIndex":6}, "requiredPartitions":[], "outputPartition":{"dataUnitId":5, "partitionIndex":6}, "broadcast":false}, {"pipelineId":3, "scannedPartition":{"dataUnitId":6, "partitionIndex":7}, "requiredPartitions":[], "outputPartition":{"dataUnitId":5, "partitionIndex":7}, "broadcast":false}, {"pipelineId":3, "scannedPartition":{"dataUnitId":6, "partitionIndex":8}, "requiredPartitions":[], "outputPartition":{"dataUnitId":5, "partitionIndex":8}, "broadcast":false}, {"pipelineId":3, "scannedPartition":{"dataUnitId":6, "partitionIndex":9}, "requiredPartitions":[], "outputPartition":{"dataUnitId":5, "partitionIndex":9}, "broadcast":false}, {"pipelineId":3, "scannedPartition":{"dataUnitId":6, "partitionIndex":10}, "requiredPartitions":[], "outputPartition":{"dataUnitId":5, "partitionIndex":10}, "broadcast":false}, {"pipelineId":3, "scannedPartition":{"dataUnitId":6, "partitionIndex":11}, "requiredPartitions":[], "outputPartition":{"dataUnitId":5, "partitionIndex":11}, "broadcast":false}, {"pipelineId":3, "scannedPartition":{"dataUnitId":6, "partitionIndex":12}, "requiredPartitions":[], "outputPartition":{"dataUnitId":5, "partitionIndex":12}, "broadcast":false}, {"pipelineId":3, "scannedPartition":{"dataUnitId":6, "partitionIndex":13}, "requiredPartitions":[], "outputPartition":{"dataUnitId":5, "partitionIndex":13}, "broadcast":false}, {"pipelineId":3, "scannedPartition":{"dataUnitId":6, "partitionIndex":14}, "requiredPartitions":[], "outputPartition":{"dataUnitId":5, "partitionIndex":14}, "broadcast":false}, {"pipelineId":3, "scannedPartition":{"dataUnitId":6, "partitionIndex":15}, "requiredPartitions":[], "outputPartition":{"dataUnitId":5, "partitionIndex":15}, "broadcast":false}, {"pipelineId":3, "scannedPartition":{"dataUnitId":6, "partitionIndex":16}, "requiredPartitions":[], "outputPartition":{"dataUnitId":5, "partitionIndex":16}, "broadcast":false}, {"pipelineId":3, "scannedPartition":{"dataUnitId":6, "partitionIndex":17}, "requiredPartitions":[], "outputPartition":{"dataUnitId":5, "partitionIndex":17}, "broadcast":false}, {"pipelineId":3, "scannedPartition":{"dataUnitId":6, "partitionIndex":18}, "requiredPartitions":[], "outputPartition":{"dataUnitId":5, "partitionIndex":18}, "broadcast":false}, {"pipelineId":3, "scannedPartition":{"dataUnitId":6, "partitionIndex":19}, "requiredPartitions":[], "outputPartition":{"dataUnitId":5, "partitionIndex":19}, "broadcast":false}, {"pipelineId":3, "scannedPartition":{"dataUnitId":6, "partitionIndex":20}, "requiredPartitions":[], "outputPartition":{"dataUnitId":5, "partitionIndex":20}, "broadcast":false}, {"pipelineId":3, "scannedPartition":{"dataUnitId":6, "partitionIndex":21}, "requiredPartitions":[], "outputPartition":{"dataUnitId":5, "partitionIndex":21}, "broadcast":false}, {"pipelineId":3, "scannedPartition":{"dataUnitId":6, "partitionIndex":22}, "requiredPartitions":[], "outputPartition":{"dataUnitId":5, "partitionIndex":22}, "broadcast":false}, {"pipelineId":3, "scannedPartition":{"dataUnitId":6, "partitionIndex":23}, "requiredPartitions":[], "outputPartition":{"dataUnitId":5, "partitionIndex":23}, "broadcast":false}, {"pipelineId":3, "scannedPartition":{"dataUnitId":6, "partitionIndex":24}, "requiredPartitions":[], "outputPartition":{"dataUnitId":5, "partitionIndex":24}, "broadcast":false}, {"pipelineId":3, "scannedPartition":{"dataUnitId":6, "partitionIndex":25}, "requiredPartitions":[], "outputPartition":{"dataUnitId":5, "partitionIndex":25}, "broadcast":false}, {"pipelineId":3, "scannedPartition":{"dataUnitId":6, "partitionIndex":26}, "requiredPartitions":[], "outputPartition":{"dataUnitId":5, "partitionIndex":26}, "broadcast":false}, {"pipelineId":3, "scannedPartition":{"dataUnitId":6, "partitionIndex":27}, "requiredPartitions":[], "outputPartition":{"dataUnitId":5, "partitionIndex":27}, "broadcast":false}, {"pipelineId":3, "scannedPartition":{"dataUnitId":6, "partitionIndex":28}, "requiredPartitions":[], "outputPartition":{"dataUnitId":5, "partitionIndex":28}, "broadcast":false}, {"pipelineId":3, "scannedPartition":{"dataUnitId":6, "partitionIndex":29}, "requiredPartitions":[], "outputPartition":{"dataUnitId":5, "partitionIndex":29}, "broadcast":false}, {"pipelineId":3, "scannedPartition":{"dataUnitId":6, "partitionIndex":30}, "requiredPartitions":[], "outputPartition":{"dataUnitId":5, "partitionIndex":30}, "broadcast":false}, {"pipelineId":3, "scannedPartition":{"dataUnitId":6, "partitionIndex":31}, "requiredPartitions":[], "outputPartition":{"dataUnitId":5, "partitionIndex":31}, "broadcast":false}]}], "broadcastTasks":[{"k":8, "v":{"pipelineId":8, "scannedPartition":{"dataUnitId":16, "partitionIndex":0}, "requiredPartitions":[], "outputPartition":{"dataUnitId":15, "partitionIndex":0}, "broadcast":true}}, {"k":6, "v":{"pipelineId":6, "scannedPartition":{"dataUnitId":12, "partitionIndex":0}, "requiredPartitions":[], "outputPartition":{"dataUnitId":11, "partitionIndex":0}, "broadcast":true}}, {"k":4, "v":{"pipelineId":4, "scannedPartition":{"dataUnitId":8, "partitionIndex":0}, "requiredPartitions":[], "outputPartition":{"dataUnitId":7, "partitionIndex":0}, "broadcast":true}}, {"k":2, "v":{"pipelineId":2, "scannedPartition":{"dataUnitId":2, "partitionIndex":0}, "requiredPartitions":[], "outputPartition":{"dataUnitId":4, "partitionIndex":0}, "broadcast":true}}, {"k":1, "v":{"pipelineId":1, "scannedPartition":{"dataUnitId":3, "partitionIndex":0}, "requiredPartitions":[{"dataUnitId":0, "partitionIndex":0}], "outputPartition":{"dataUnitId":2, "partitionIndex":0}, "broadcast":true}}, {"k":0, "v":{"pipelineId":0, "scannedPartition":{"dataUnitId":1, "partitionIndex":0}, "requiredPartitions":[], "outputPartition":{"dataUnitId":0, "partitionIndex":0}, "broadcast":true}}], "initialPartitioning":{"owningNode":[{"k":{"dataUnitId":23, "partitionIndex":31}, "v":7}, {"k":{"dataUnitId":23, "partitionIndex":30}, "v":6}, {"k":{"dataUnitId":23, "partitionIndex":29}, "v":5}, {"k":{"dataUnitId":23, "partitionIndex":28}, "v":4}, {"k":{"dataUnitId":23, "partitionIndex":24}, "v":0}, {"k":{"dataUnitId":23, "partitionIndex":22}, "v":6}, {"k":{"dataUnitId":23, "partitionIndex":27}, "v":3}, {"k":{"dataUnitId":23, "partitionIndex":19}, "v":3}, {"k":{"dataUnitId":23, "partitionIndex":15}, "v":7}, {"k":{"dataUnitId":23, "partitionIndex":25}, "v":1}, {"k":{"dataUnitId":23, "partitionIndex":14}, "v":6}, {"k":{"dataUnitId":23, "partitionIndex":13}, "v":5}, {"k":{"dataUnitId":23, "partitionIndex":12}, "v":4}, {"k":{"dataUnitId":23, "partitionIndex":11}, "v":3}, {"k":{"dataUnitId":23, "partitionIndex":10}, "v":2}, {"k":{"dataUnitId":23, "partitionIndex":9}, "v":1}, {"k":{"dataUnitId":23, "partitionIndex":8}, "v":0}, {"k":{"dataUnitId":23, "partitionIndex":7}, "v":7}, {"k":{"dataUnitId":23, "partitionIndex":6}, "v":6}, {"k":{"dataUnitId":23, "partitionIndex":5}, "v":5}, {"k":{"dataUnitId":23, "partitionIndex":17}, "v":1}, {"k":{"dataUnitId":23, "partitionIndex":3}, "v":3}, {"k":{"dataUnitId":23, "partitionIndex":1}, "v":1}, {"k":{"dataUnitId":23, "partitionIndex":0}, "v":0}, {"k":{"dataUnitId":18, "partitionIndex":31}, "v":7}, {"k":{"dataUnitId":18, "partitionIndex":29}, "v":5}, {"k":{"dataUnitId":10, "partitionIndex":21}, "v":5}, {"k":{"dataUnitId":10, "partitionIndex":9}, "v":1}, {"k":{"dataUnitId":10, "partitionIndex":19}, "v":3}, {"k":{"dataUnitId":10, "partitionIndex":3}, "v":3}, {"k":{"dataUnitId":23, "partitionIndex":2}, "v":2}, {"k":{"dataUnitId":10, "partitionIndex":18}, "v":2}, {"k":{"dataUnitId":10, "partitionIndex":15}, "v":7}, {"k":{"dataUnitId":10, "partitionIndex":14}, "v":6}, {"k":{"dataUnitId":10, "partitionIndex":13}, "v":5}, {"k":{"dataUnitId":10, "partitionIndex":16}, "v":0}, {"k":{"dataUnitId":18, "partitionIndex":6}, "v":6}, {"k":{"dataUnitId":10, "partitionIndex":8}, "v":0}, {"k":{"dataUnitId":10, "partitionIndex":2}, "v":2}, {"k":{"dataUnitId":14, "partitionIndex":31}, "v":7}, {"k":{"dataUnitId":6, "partitionIndex":31}, "v":7}, {"k":{"dataUnitId":6, "partitionIndex":29}, "v":5}, {"k":{"dataUnitId":1, "partitionIndex":0}, "v":0}, {"k":{"dataUnitId":6, "partitionIndex":27}, "v":3}, {"k":{"dataUnitId":14, "partitionIndex":3}, "v":3}, {"k":{"dataUnitId":10, "partitionIndex":5}, "v":5}, {"k":{"dataUnitId":6, "partitionIndex":14}, "v":6}, {"k":{"dataUnitId":3, "partitionIndex":0}, "v":0}, {"k":{"dataUnitId":10, "partitionIndex":10}, "v":2}, {"k":{"dataUnitId":14, "partitionIndex":25}, "v":1}, {"k":{"dataUnitId":6, "partitionIndex":5}, "v":5}, {"k":{"dataUnitId":14, "partitionIndex":29}, "v":5}, {"k":{"dataUnitId":10, "partitionIndex":7}, "v":7}, {"k":{"dataUnitId":10, "partitionIndex":20}, "v":4}, {"k":{"dataUnitId":6, "partitionIndex":12}, "v":4}, {"k":{"dataUnitId":23, "partitionIndex":4}, "v":4}, {"k":{"dataUnitId":18, "partitionIndex":12}, "v":4}, {"k":{"dataUnitId":6, "partitionIndex":26}, "v":2}, {"k":{"dataUnitId":10, "partitionIndex":31}, "v":7}, {"k":{"dataUnitId":10, "partitionIndex":22}, "v":6}, {"k":{"dataUnitId":23, "partitionIndex":18}, "v":2}, {"k":{"dataUnitId":10, "partitionIndex":29}, "v":5}, {"k":{"dataUnitId":10, "partitionIndex":1}, "v":1}, {"k":{"dataUnitId":14, "partitionIndex":16}, "v":0}, {"k":{"dataUnitId":6, "partitionIndex":28}, "v":4}, {"k":{"dataUnitId":6, "partitionIndex":22}, "v":6}, {"k":{"dataUnitId":10, "partitionIndex":6}, "v":6}, {"k":{"dataUnitId":18, "partitionIndex":13}, "v":5}, {"k":{"dataUnitId":6, "partitionIndex":7}, "v":7}, {"k":{"dataUnitId":14, "partitionIndex":20}, "v":4}, {"k":{"dataUnitId":6, "partitionIndex":0}, "v":0}, {"k":{"dataUnitId":6, "partitionIndex":3}, "v":3}, {"k":{"dataUnitId":23, "partitionIndex":26}, "v":2}, {"k":{"dataUnitId":14, "partitionIndex":15}, "v":7}, {"k":{"dataUnitId":6, "partitionIndex":17}, "v":1}, {"k":{"dataUnitId":6, "partitionIndex":4}, "v":4}, {"k":{"dataUnitId":18, "partitionIndex":11}, "v":3}, {"k":{"dataUnitId":6, "partitionIndex":21}, "v":5}, {"k":{"dataUnitId":6, "partitionIndex":6}, "v":6}, {"k":{"dataUnitId":6, "partitionIndex":10}, "v":2}, {"k":{"dataUnitId":6, "partitionIndex":11}, "v":3}, {"k":{"dataUnitId":14, "partitionIndex":4}, "v":4}, {"k":{"dataUnitId":6, "partitionIndex":13}, "v":5}, {"k":{"dataUnitId":18, "partitionIndex":15}, "v":7}, {"k":{"dataUnitId":10, "partitionIndex":4}, "v":4}, {"k":{"dataUnitId":14, "partitionIndex":28}, "v":4}, {"k":{"dataUnitId":6, "partitionIndex":2}, "v":2}, {"k":{"dataUnitId":6, "partitionIndex":19}, "v":3}, {"k":{"dataUnitId":14, "partitionIndex":11}, "v":3}, {"k":{"dataUnitId":10, "partitionIndex":0}, "v":0}, {"k":{"dataUnitId":6, "partitionIndex":18}, "v":2}, {"k":{"dataUnitId":6, "partitionIndex":20}, "v":4}, {"k":{"dataUnitId":18, "partitionIndex":17}, "v":1}, {"k":{"dataUnitId":6, "partitionIndex":24}, "v":0}, {"k":{"dataUnitId":18, "partitionIndex":19}, "v":3}, {"k":{"dataUnitId":10, "partitionIndex":25}, "v":1}, {"k":{"dataUnitId":10, "partitionIndex":26}, "v":2}, {"k":{"dataUnitId":14, "partitionIndex":1}, "v":1}, {"k":{"dataUnitId":10, "partitionIndex":27}, "v":3}, {"k":{"dataUnitId":23, "partitionIndex":23}, "v":7}, {"k":{"dataUnitId":18, "partitionIndex":5}, "v":5}, {"k":{"dataUnitId":10, "partitionIndex":28}, "v":4}, {"k":{"dataUnitId":6, "partitionIndex":9}, "v":1}, {"k":{"dataUnitId":14, "partitionIndex":0}, "v":0}, {"k":{"dataUnitId":14, "partitionIndex":2}, "v":2}, {"k":{"dataUnitId":14, "partitionIndex":6}, "v":6}, {"k":{"dataUnitId":14, "partitionIndex":7}, "v":7}, {"k":{"dataUnitId":14, "partitionIndex":9}, "v":1}, {"k":{"dataUnitId":10, "partitionIndex":12}, "v":4}, {"k":{"dataUnitId":18, "partitionIndex":10}, "v":2}, {"k":{"dataUnitId":14, "partitionIndex":10}, "v":2}, {"k":{"dataUnitId":14, "partitionIndex":13}, "v":5}, {"k":{"dataUnitId":14, "partitionIndex":12}, "v":4}, {"k":{"dataUnitId":18, "partitionIndex":0}, "v":0}, {"k":{"dataUnitId":10, "partitionIndex":24}, "v":0}, {"k":{"dataUnitId":14, "partitionIndex":14}, "v":6}, {"k":{"dataUnitId":6, "partitionIndex":30}, "v":6}, {"k":{"dataUnitId":14, "partitionIndex":17}, "v":1}, {"k":{"dataUnitId":10, "partitionIndex":17}, "v":1}, {"k":{"dataUnitId":14, "partitionIndex":18}, "v":2}, {"k":{"dataUnitId":14, "partitionIndex":19}, "v":3}, {"k":{"dataUnitId":6, "partitionIndex":25}, "v":1}, {"k":{"dataUnitId":14, "partitionIndex":23}, "v":7}, {"k":{"dataUnitId":6, "partitionIndex":16}, "v":0}, {"k":{"dataUnitId":14, "partitionIndex":24}, "v":0}, {"k":{"dataUnitId":23, "partitionIndex":20}, "v":4}, {"k":{"dataUnitId":6, "partitionIndex":15}, "v":7}, {"k":{"dataUnitId":14, "partitionIndex":26}, "v":2}, {"k":{"dataUnitId":23, "partitionIndex":21}, "v":5}, {"k":{"dataUnitId":18, "partitionIndex":30}, "v":6}, {"k":{"dataUnitId":10, "partitionIndex":23}, "v":7}, {"k":{"dataUnitId":10, "partitionIndex":11}, "v":3}, {"k":{"dataUnitId":14, "partitionIndex":27}, "v":3}, {"k":{"dataUnitId":18, "partitionIndex":16}, "v":0}, {"k":{"dataUnitId":18, "partitionIndex":25}, "v":1}, {"k":{"dataUnitId":14, "partitionIndex":30}, "v":6}, {"k":{"dataUnitId":18, "partitionIndex":1}, "v":1}, {"k":{"dataUnitId":18, "partitionIndex":2}, "v":2}, {"k":{"dataUnitId":6, "partitionIndex":8}, "v":0}, {"k":{"dataUnitId":18, "partitionIndex":9}, "v":1}, {"k":{"dataUnitId":6, "partitionIndex":23}, "v":7}, {"k":{"dataUnitId":18, "partitionIndex":3}, "v":3}, {"k":{"dataUnitId":6, "partitionIndex":1}, "v":1}, {"k":{"dataUnitId":18, "partitionIndex":20}, "v":4}, {"k":{"dataUnitId":18, "partitionIndex":23}, "v":7}, {"k":{"dataUnitId":18, "partitionIndex":7}, "v":7}, {"k":{"dataUnitId":14, "partitionIndex":21}, "v":5}, {"k":{"dataUnitId":14, "partitionIndex":8}, "v":0}, {"k":{"dataUnitId":18, "partitionIndex":8}, "v":0}, {"k":{"dataUnitId":23, "partitionIndex":16}, "v":0}, {"k":{"dataUnitId":18, "partitionIndex":18}, "v":2}, {"k":{"dataUnitId":18, "partitionIndex":14}, "v":6}, {"k":{"dataUnitId":18, "partitionIndex":4}, "v":4}, {"k":{"dataUnitId":10, "partitionIndex":30}, "v":6}, {"k":{"dataUnitId":18, "partitionIndex":21}, "v":5}, {"k":{"dataUnitId":14, "partitionIndex":22}, "v":6}, {"k":{"dataUnitId":18, "partitionIndex":22}, "v":6}, {"k":{"dataUnitId":18, "partitionIndex":24}, "v":0}, {"k":{"dataUnitId":18, "partitionIndex":26}, "v":2}, {"k":{"dataUnitId":14, "partitionIndex":5}, "v":5}, {"k":{"dataUnitId":18, "partitionIndex":27}, "v":3}, {"k":{"dataUnitId":18, "partitionIndex":28}, "v":4}], "cachingNodes":[{"k":{"dataUnitId":23, "partitionIndex":31}, "v":[8]}, {"k":{"dataUnitId":23, "partitionIndex":30}, "v":[8]}, {"k":{"dataUnitId":23, "partitionIndex":29}, "v":[8]}, {"k":{"dataUnitId":23, "partitionIndex":28}, "v":[8]}, {"k":{"dataUnitId":23, "partitionIndex":24}, "v":[8]}, {"k":{"dataUnitId":23, "partitionIndex":22}, "v":[8]}, {"k":{"dataUnitId":23, "partitionIndex":27}, "v":[8]}, {"k":{"dataUnitId":23, "partitionIndex":19}, "v":[8]}, {"k":{"dataUnitId":23, "partitionIndex":15}, "v":[8]}, {"k":{"dataUnitId":23, "partitionIndex":25}, "v":[8]}, {"k":{"dataUnitId":23, "partitionIndex":14}, "v":[8]}, {"k":{"dataUnitId":23, "partitionIndex":13}, "v":[8]}, {"k":{"dataUnitId":23, "partitionIndex":12}, "v":[8]}, {"k":{"dataUnitId":23, "partitionIndex":11}, "v":[8]}, {"k":{"dataUnitId":23, "partitionIndex":10}, "v":[8]}, {"k":{"dataUnitId":23, "partitionIndex":9}, "v":[8]}, {"k":{"dataUnitId":23, "partitionIndex":8}, "v":[8]}, {"k":{"dataUnitId":23, "partitionIndex":7}, "v":[8]}, {"k":{"dataUnitId":23, "partitionIndex":6}, "v":[8]}, {"k":{"dataUnitId":23, "partitionIndex":5}, "v":[8]}, {"k":{"dataUnitId":23, "partitionIndex":17}, "v":[8]}, {"k":{"dataUnitId":23, "partitionIndex":3}, "v":[8]}, {"k":{"dataUnitId":23, "partitionIndex":1}, "v":[8]}, {"k":{"dataUnitId":23, "partitionIndex":0}, "v":[8]}, {"k":{"dataUnitId":18, "partitionIndex":31}, "v":[8]}, {"k":{"dataUnitId":18, "partitionIndex":29}, "v":[8]}, {"k":{"dataUnitId":10, "partitionIndex":21}, "v":[8]}, {"k":{"dataUnitId":10, "partitionIndex":9}, "v":[8]}, {"k":{"dataUnitId":10, "partitionIndex":19}, "v":[8]}, {"k":{"dataUnitId":10, "partitionIndex":3}, "v":[8]}, {"k":{"dataUnitId":23, "partitionIndex":2}, "v":[8]}, {"k":{"dataUnitId":10, "partitionIndex":18}, "v":[8]}, {"k":{"dataUnitId":10, "partitionIndex":15}, "v":[8]}, {"k":{"dataUnitId":10, "partitionIndex":14}, "v":[8]}, {"k":{"dataUnitId":10, "partitionIndex":13}, "v":[8]}, {"k":{"dataUnitId":10, "partitionIndex":16}, "v":[8]}, {"k":{"dataUnitId":18, "partitionIndex":6}, "v":[8]}, {"k":{"dataUnitId":10, "partitionIndex":8}, "v":[8]}, {"k":{"dataUnitId":10, "partitionIndex":2}, "v":[8]}, {"k":{"dataUnitId":14, "partitionIndex":31}, "v":[8]}, {"k":{"dataUnitId":6, "partitionIndex":31}, "v":[8]}, {"k":{"dataUnitId":6, "partitionIndex":29}, "v":[8]}, {"k":{"dataUnitId":1, "partitionIndex":0}, "v":[7, 6, 5, 4, 3, 2, 1]}, {"k":{"dataUnitId":6, "partitionIndex":27}, "v":[8]}, {"k":{"dataUnitId":14, "partitionIndex":3}, "v":[8]}, {"k":{"dataUnitId":10, "partitionIndex":5}, "v":[8]}, {"k":{"dataUnitId":6, "partitionIndex":14}, "v":[8]}, {"k":{"dataUnitId":3, "partitionIndex":0}, "v":[7, 6, 5, 4, 3, 2, 1]}, {"k":{"dataUnitId":10, "partitionIndex":10}, "v":[8]}, {"k":{"dataUnitId":14, "partitionIndex":25}, "v":[8]}, {"k":{"dataUnitId":6, "partitionIndex":5}, "v":[8]}, {"k":{"dataUnitId":14, "partitionIndex":29}, "v":[8]}, {"k":{"dataUnitId":10, "partitionIndex":7}, "v":[8]}, {"k":{"dataUnitId":10, "partitionIndex":20}, "v":[8]}, {"k":{"dataUnitId":6, "partitionIndex":12}, "v":[8]}, {"k":{"dataUnitId":23, "partitionIndex":4}, "v":[8]}, {"k":{"dataUnitId":18, "partitionIndex":12}, "v":[8]}, {"k":{"dataUnitId":6, "partitionIndex":26}, "v":[8]}, {"k":{"dataUnitId":10, "partitionIndex":31}, "v":[8]}, {"k":{"dataUnitId":10, "partitionIndex":22}, "v":[8]}, {"k":{"dataUnitId":23, "partitionIndex":18}, "v":[8]}, {"k":{"dataUnitId":10, "partitionIndex":29}, "v":[8]}, {"k":{"dataUnitId":10, "partitionIndex":1}, "v":[8]}, {"k":{"dataUnitId":14, "partitionIndex":16}, "v":[8]}, {"k":{"dataUnitId":6, "partitionIndex":28}, "v":[8]}, {"k":{"dataUnitId":6, "partitionIndex":22}, "v":[8]}, {"k":{"dataUnitId":10, "partitionIndex":6}, "v":[8]}, {"k":{"dataUnitId":18, "partitionIndex":13}, "v":[8]}, {"k":{"dataUnitId":6, "partitionIndex":7}, "v":[8]}, {"k":{"dataUnitId":14, "partitionIndex":20}, "v":[8]}, {"k":{"dataUnitId":6, "partitionIndex":0}, "v":[8]}, {"k":{"dataUnitId":6, "partitionIndex":3}, "v":[8]}, {"k":{"dataUnitId":23, "partitionIndex":26}, "v":[8]}, {"k":{"dataUnitId":14, "partitionIndex":15}, "v":[8]}, {"k":{"dataUnitId":6, "partitionIndex":17}, "v":[8]}, {"k":{"dataUnitId":6, "partitionIndex":4}, "v":[8]}, {"k":{"dataUnitId":18, "partitionIndex":11}, "v":[8]}, {"k":{"dataUnitId":6, "partitionIndex":21}, "v":[8]}, {"k":{"dataUnitId":6, "partitionIndex":6}, "v":[8]}, {"k":{"dataUnitId":6, "partitionIndex":10}, "v":[8]}, {"k":{"dataUnitId":6, "partitionIndex":11}, "v":[8]}, {"k":{"dataUnitId":14, "partitionIndex":4}, "v":[8]}, {"k":{"dataUnitId":6, "partitionIndex":13}, "v":[8]}, {"k":{"dataUnitId":18, "partitionIndex":15}, "v":[8]}, {"k":{"dataUnitId":10, "partitionIndex":4}, "v":[8]}, {"k":{"dataUnitId":14, "partitionIndex":28}, "v":[8]}, {"k":{"dataUnitId":6, "partitionIndex":2}, "v":[8]}, {"k":{"dataUnitId":6, "partitionIndex":19}, "v":[8]}, {"k":{"dataUnitId":14, "partitionIndex":11}, "v":[8]}, {"k":{"dataUnitId":10, "partitionIndex":0}, "v":[8]}, {"k":{"dataUnitId":6, "partitionIndex":18}, "v":[8]}, {"k":{"dataUnitId":6, "partitionIndex":20}, "v":[8]}, {"k":{"dataUnitId":18, "partitionIndex":17}, "v":[8]}, {"k":{"dataUnitId":6, "partitionIndex":24}, "v":[8]}, {"k":{"dataUnitId":18, "partitionIndex":19}, "v":[8]}, {"k":{"dataUnitId":10, "partitionIndex":25}, "v":[8]}, {"k":{"dataUnitId":10, "partitionIndex":26}, "v":[8]}, {"k":{"dataUnitId":14, "partitionIndex":1}, "v":[8]}, {"k":{"dataUnitId":10, "partitionIndex":27}, "v":[8]}, {"k":{"dataUnitId":23, "partitionIndex":23}, "v":[8]}, {"k":{"dataUnitId":18, "partitionIndex":5}, "v":[8]}, {"k":{"dataUnitId":10, "partitionIndex":28}, "v":[8]}, {"k":{"dataUnitId":6, "partitionIndex":9}, "v":[8]}, {"k":{"dataUnitId":14, "partitionIndex":0}, "v":[8]}, {"k":{"dataUnitId":14, "partitionIndex":2}, "v":[8]}, {"k":{"dataUnitId":14, "partitionIndex":6}, "v":[8]}, {"k":{"dataUnitId":14, "partitionIndex":7}, "v":[8]}, {"k":{"dataUnitId":14, "partitionIndex":9}, "v":[8]}, {"k":{"dataUnitId":10, "partitionIndex":12}, "v":[8]}, {"k":{"dataUnitId":18, "partitionIndex":10}, "v":[8]}, {"k":{"dataUnitId":14, "partitionIndex":10}, "v":[8]}, {"k":{"dataUnitId":14, "partitionIndex":13}, "v":[8]}, {"k":{"dataUnitId":14, "partitionIndex":12}, "v":[8]}, {"k":{"dataUnitId":18, "partitionIndex":0}, "v":[8]}, {"k":{"dataUnitId":10, "partitionIndex":24}, "v":[8]}, {"k":{"dataUnitId":14, "partitionIndex":14}, "v":[8]}, {"k":{"dataUnitId":6, "partitionIndex":30}, "v":[8]}, {"k":{"dataUnitId":14, "partitionIndex":17}, "v":[8]}, {"k":{"dataUnitId":10, "partitionIndex":17}, "v":[8]}, {"k":{"dataUnitId":14, "partitionIndex":18}, "v":[8]}, {"k":{"dataUnitId":14, "partitionIndex":19}, "v":[8]}, {"k":{"dataUnitId":6, "partitionIndex":25}, "v":[8]}, {"k":{"dataUnitId":14, "partitionIndex":23}, "v":[8]}, {"k":{"dataUnitId":6, "partitionIndex":16}, "v":[8]}, {"k":{"dataUnitId":14, "partitionIndex":24}, "v":[8]}, {"k":{"dataUnitId":23, "partitionIndex":20}, "v":[8]}, {"k":{"dataUnitId":6, "partitionIndex":15}, "v":[8]}, {"k":{"dataUnitId":14, "partitionIndex":26}, "v":[8]}, {"k":{"dataUnitId":23, "partitionIndex":21}, "v":[8]}, {"k":{"dataUnitId":18, "partitionIndex":30}, "v":[8]}, {"k":{"dataUnitId":10, "partitionIndex":23}, "v":[8]}, {"k":{"dataUnitId":10, "partitionIndex":11}, "v":[8]}, {"k":{"dataUnitId":14, "partitionIndex":27}, "v":[8]}, {"k":{"dataUnitId":18, "partitionIndex":16}, "v":[8]}, {"k":{"dataUnitId":18, "partitionIndex":25}, "v":[8]}, {"k":{"dataUnitId":14, "partitionIndex":30}, "v":[8]}, {"k":{"dataUnitId":18, "partitionIndex":1}, "v":[8]}, {"k":{"dataUnitId":18, "partitionIndex":2}, "v":[8]}, {"k":{"dataUnitId":6, "partitionIndex":8}, "v":[8]}, {"k":{"dataUnitId":18, "partitionIndex":9}, "v":[8]}, {"k":{"dataUnitId":6, "partitionIndex":23}, "v":[8]}, {"k":{"dataUnitId":18, "partitionIndex":3}, "v":[8]}, {"k":{"dataUnitId":6, "partitionIndex":1}, "v":[8]}, {"k":{"dataUnitId":18, "partitionIndex":20}, "v":[8]}, {"k":{"dataUnitId":18, "partitionIndex":23}, "v":[8]}, {"k":{"dataUnitId":18, "partitionIndex":7}, "v":[8]}, {"k":{"dataUnitId":14, "partitionIndex":21}, "v":[8]}, {"k":{"dataUnitId":14, "partitionIndex":8}, "v":[8]}, {"k":{"dataUnitId":18, "partitionIndex":8}, "v":[8]}, {"k":{"dataUnitId":23, "partitionIndex":16}, "v":[8]}, {"k":{"dataUnitId":18, "partitionIndex":18}, "v":[8]}, {"k":{"dataUnitId":18, "partitionIndex":14}, "v":[8]}, {"k":{"dataUnitId":18, "partitionIndex":4}, "v":[8]}, {"k":{"dataUnitId":10, "partitionIndex":30}, "v":[8]}, {"k":{"dataUnitId":18, "partitionIndex":21}, "v":[8]}, {"k":{"dataUnitId":14, "partitionIndex":22}, "v":[8]}, {"k":{"dataUnitId":18, "partitionIndex":22}, "v":[8]}, {"k":{"dataUnitId":18, "partitionIndex":24}, "v":[8]}, {"k":{"dataUnitId":18, "partitionIndex":26}, "v":[8]}, {"k":{"dataUnitId":14, "partitionIndex":5}, "v":[8]}, {"k":{"dataUnitId":18, "partitionIndex":27}, "v":[8]}, {"k":{"dataUnitId":18, "partitionIndex":28}, "v":[8]}], "nNodes":9}, "name":"c5n18xlargex8_rrall_32_q2", "resultNode":0, "nParallelTasks":10000}