{"cluster":{"nodes":[{"nCores":72, "memorySize":192, "networkSpeed":100, "networkLatency":0.00025}, {"nCores":72, "memorySize":192, "networkSpeed":100, "networkLatency":0.00025}, {"nCores":72, "memorySize":192, "networkSpeed":100, "networkLatency":0.00025}, {"nCores":72, "memorySize":192, "networkSpeed":100, "networkLatency":0.00025}, {"nCores":72, "memorySize":192, "networkSpeed":100, "networkLatency":0.00025}, {"nCores":72, "memorySize":192, "networkSpeed":100, "networkLatency":0.00025}, {"nCores":72, "memorySize":192, "networkSpeed":100, "networkLatency":0.00025}, {"nCores":72, "memorySize":192, "networkSpeed":100, "networkLatency":0.00025}, {"nCores":0, "memorySize":1e+06, "networkSpeed":1e+06, "networkLatency":0.1}], "storageService":true}, "plan":{"dataUnits":[{"name":"intermediate_0", "id":0, "estimatedCard":25, "isIntermediate":true, "attributes":[{"name":"s_suppkey", "dataUnitId":0, "attributeIndex":0, "size":4}, {"name":"s_nationkey", "dataUnitId":0, "attributeIndex":1, "size":4}, {"name":"n_nationkey", "dataUnitId":0, "attributeIndex":2, "size":4}, {"name":"n_name", "dataUnitId":0, "attributeIndex":3, "size":1}], "partitionLayout":{"type":"broadcast", "nPartitions":1, "attributes":[]}}, {"name":"nation", "id":1, "estimatedCard":25, "isIntermediate":false, "attributes":[{"name":"n_nationkey", "dataUnitId":1, "attributeIndex":0, "size":4}, {"name":"n_name", "dataUnitId":1, "attributeIndex":1, "size":1}, {"name":"n_regionkey", "dataUnitId":1, "attributeIndex":2, "size":4}, {"name":"n_comment", "dataUnitId":1, "attributeIndex":3, "size":10}], "partitionLayout":{"type":"broadcast", "nPartitions":1, "attributes":[]}}, {"name":"intermediate_1", "id":2, "estimatedCard":8203, "isIntermediate":true, "attributes":[{"name":"p_partkey", "dataUnitId":2, "attributeIndex":0, "size":4}, {"name":"p_name", "dataUnitId":2, "attributeIndex":1, "size":10}], "partitionLayout":{"type":"hashpartitioned", "nPartitions":4, "attributes":[{"name":"p_partkey", "dataUnitId":2, "attributeIndex":0, "size":4}]}}, {"name":"part", "id":3, "estimatedCard":200000, "isIntermediate":false, "attributes":[{"name":"p_partkey", "dataUnitId":3, "attributeIndex":0, "size":4}, {"name":"p_name", "dataUnitId":3, "attributeIndex":1, "size":10}, {"name":"p_mfgr", "dataUnitId":3, "attributeIndex":2, "size":1}, {"name":"p_brand", "dataUnitId":3, "attributeIndex":3, "size":1}, {"name":"p_type", "dataUnitId":3, "attributeIndex":4, "size":10}, {"name":"p_size", "dataUnitId":3, "attributeIndex":5, "size":4}, {"name":"p_container", "dataUnitId":3, "attributeIndex":6, "size":1}, {"name":"p_retailprice", "dataUnitId":3, "attributeIndex":7, "size":8}, {"name":"p_comment", "dataUnitId":3, "attributeIndex":8, "size":10}], "partitionLayout":{"type":"hashpartitioned", "nPartitions":4, "attributes":[{"name":"p_partkey", "dataUnitId":3, "attributeIndex":0, "size":4}]}}, {"name":"intermediate_2", "id":4, "estimatedCard":8203, "isIntermediate":true, "attributes":[{"name":"p_partkey", "dataUnitId":4, "attributeIndex":0, "size":4}, {"name":"p_name", "dataUnitId":4, "attributeIndex":1, "size":10}, {"name":"ps_partkey", "dataUnitId":4, "attributeIndex":2, "size":4}, {"name":"ps_suppkey", "dataUnitId":4, "attributeIndex":3, "size":4}, {"name":"ps_supplycost", "dataUnitId":4, "attributeIndex":4, "size":8}], "partitionLayout":{"type":"broadcast", "nPartitions":1, "attributes":[]}}, {"name":"intermediate_1_shuffled", "id":5, "estimatedCard":8203, "isIntermediate":true, "attributes":[{"name":"p_partkey", "dataUnitId":2, "attributeIndex":0, "size":4}, {"name":"p_name", "dataUnitId":2, "attributeIndex":1, "size":10}], "partitionLayout":{"type":"broadcast", "nPartitions":1, "attributes":[]}}, {"name":"intermediate_3", "id":6, "estimatedCard":31315.9027433316223, "isIntermediate":true, "attributes":[{"name":"p_partkey", "dataUnitId":6, "attributeIndex":0, "size":4}, {"name":"p_name", "dataUnitId":6, "attributeIndex":1, "size":10}, {"name":"ps_partkey", "dataUnitId":6, "attributeIndex":2, "size":4}, {"name":"ps_suppkey", "dataUnitId":6, "attributeIndex":3, "size":4}, {"name":"ps_supplycost", "dataUnitId":6, "attributeIndex":4, "size":8}], "partitionLayout":{"type":"hashpartitioned", "nPartitions":4, "attributes":[{"name":"ps_partkey", "dataUnitId":6, "attributeIndex":2, "size":4}]}}, {"name":"partsupp", "id":7, "estimatedCard":800000, "isIntermediate":false, "attributes":[{"name":"ps_partkey", "dataUnitId":7, "attributeIndex":0, "size":4}, {"name":"ps_suppkey", "dataUnitId":7, "attributeIndex":1, "size":4}, {"name":"ps_availqty", "dataUnitId":7, "attributeIndex":2, "size":4}, {"name":"ps_supplycost", "dataUnitId":7, "attributeIndex":3, "size":8}, {"name":"ps_comment", "dataUnitId":7, "attributeIndex":4, "size":10}], "partitionLayout":{"type":"hashpartitioned", "nPartitions":4, "attributes":[{"name":"ps_partkey", "dataUnitId":7, "attributeIndex":0, "size":4}]}}, {"name":"intermediate_4", "id":8, "estimatedCard":31315.9027433316223, "isIntermediate":true, "attributes":[{"name":"p_partkey", "dataUnitId":8, "attributeIndex":0, "size":4}, {"name":"p_name", "dataUnitId":8, "attributeIndex":1, "size":10}, {"name":"l_orderkey", "dataUnitId":8, "attributeIndex":2, "size":4}, {"name":"l_partkey", "dataUnitId":8, "attributeIndex":3, "size":4}, {"name":"l_suppkey", "dataUnitId":8, "attributeIndex":4, "size":4}, {"name":"l_quantity", "dataUnitId":8, "attributeIndex":5, "size":8}, {"name":"l_extendedprice", "dataUnitId":8, "attributeIndex":6, "size":8}, {"name":"l_discount", "dataUnitId":8, "attributeIndex":7, "size":8}, {"name":"ps_partkey", "dataUnitId":8, "attributeIndex":8, "size":4}, {"name":"ps_suppkey", "dataUnitId":8, "attributeIndex":9, "size":4}, {"name":"ps_supplycost", "dataUnitId":8, "attributeIndex":10, "size":8}], "partitionLayout":{"type":"broadcast", "nPartitions":1, "attributes":[]}}, {"name":"intermediate_3_shuffled", "id":9, "estimatedCard":31315.9027433316223, "isIntermediate":true, "attributes":[{"name":"p_partkey", "dataUnitId":6, "attributeIndex":0, "size":4}, {"name":"p_name", "dataUnitId":6, "attributeIndex":1, "size":10}, {"name":"ps_partkey", "dataUnitId":6, "attributeIndex":2, "size":4}, {"name":"ps_suppkey", "dataUnitId":6, "attributeIndex":3, "size":4}, {"name":"ps_supplycost", "dataUnitId":6, "attributeIndex":4, "size":8}], "partitionLayout":{"type":"broadcast", "nPartitions":1, "attributes":[]}}, {"name":"intermediate_5", "id":10, "estimatedCard":9909.43710591989475, "isIntermediate":true, "attributes":[{"name":"s_suppkey", "dataUnitId":10, "attributeIndex":0, "size":4}, {"name":"s_nationkey", "dataUnitId":10, "attributeIndex":1, "size":4}, {"name":"n_nationkey", "dataUnitId":10, "attributeIndex":2, "size":4}, {"name":"n_name", "dataUnitId":10, "attributeIndex":3, "size":1}], "partitionLayout":{"type":"hashpartitioned", "nPartitions":4, "attributes":[{"name":"s_suppkey", "dataUnitId":10, "attributeIndex":0, "size":4}]}}, {"name":"supplier", "id":11, "estimatedCard":10000, "isIntermediate":false, "attributes":[{"name":"s_suppkey", "dataUnitId":11, "attributeIndex":0, "size":4}, {"name":"s_name", "dataUnitId":11, "attributeIndex":1, "size":1}, {"name":"s_address", "dataUnitId":11, "attributeIndex":2, "size":10}, {"name":"s_nationkey", "dataUnitId":11, "attributeIndex":3, "size":4}, {"name":"s_phone", "dataUnitId":11, "attributeIndex":4, "size":1}, {"name":"s_acctbal", "dataUnitId":11, "attributeIndex":5, "size":8}, {"name":"s_comment", "dataUnitId":11, "attributeIndex":6, "size":10}], "partitionLayout":{"type":"hashpartitioned", "nPartitions":4, "attributes":[{"name":"s_suppkey", "dataUnitId":11, "attributeIndex":0, "size":4}]}}, {"name":"intermediate_6", "id":12, "estimatedCard":9909.43710591989475, "isIntermediate":true, "attributes":[{"name":"p_partkey", "dataUnitId":12, "attributeIndex":0, "size":4}, {"name":"p_name", "dataUnitId":12, "attributeIndex":1, "size":10}, {"name":"s_suppkey", "dataUnitId":12, "attributeIndex":2, "size":4}, {"name":"s_nationkey", "dataUnitId":12, "attributeIndex":3, "size":4}, {"name":"l_orderkey", "dataUnitId":12, "attributeIndex":4, "size":4}, {"name":"l_partkey", "dataUnitId":12, "attributeIndex":5, "size":4}, {"name":"l_suppkey", "dataUnitId":12, "attributeIndex":6, "size":4}, {"name":"l_quantity", "dataUnitId":12, "attributeIndex":7, "size":8}, {"name":"l_extendedprice", "dataUnitId":12, "attributeIndex":8, "size":8}, {"name":"l_discount", "dataUnitId":12, "attributeIndex":9, "size":8}, {"name":"ps_partkey", "dataUnitId":12, "attributeIndex":10, "size":4}, {"name":"ps_suppkey", "dataUnitId":12, "attributeIndex":11, "size":4}, {"name":"ps_supplycost", "dataUnitId":12, "attributeIndex":12, "size":8}, {"name":"n_nationkey", "dataUnitId":12, "attributeIndex":13, "size":4}, {"name":"n_name", "dataUnitId":12, "attributeIndex":14, "size":1}], "partitionLayout":{"type":"broadcast", "nPartitions":1, "attributes":[]}}, {"name":"intermediate_5_shuffled", "id":13, "estimatedCard":9909.43710591989475, "isIntermediate":true, "attributes":[{"name":"s_suppkey", "dataUnitId":10, "attributeIndex":0, "size":4}, {"name":"s_nationkey", "dataUnitId":10, "attributeIndex":1, "size":4}, {"name":"n_nationkey", "dataUnitId":10, "attributeIndex":2, "size":4}, {"name":"n_name", "dataUnitId":10, "attributeIndex":3, "size":1}], "partitionLayout":{"type":"broadcast", "nPartitions":1, "attributes":[]}}, {"name":"intermediate_7", "id":14, "estimatedCard":23644.8662706055693, "isIntermediate":true, "attributes":[{"name":"p_partkey", "dataUnitId":14, "attributeIndex":0, "size":4}, {"name":"p_name", "dataUnitId":14, "attributeIndex":1, "size":10}, {"name":"s_suppkey", "dataUnitId":14, "attributeIndex":2, "size":4}, {"name":"s_nationkey", "dataUnitId":14, "attributeIndex":3, "size":4}, {"name":"l_orderkey", "dataUnitId":14, "attributeIndex":4, "size":4}, {"name":"l_partkey", "dataUnitId":14, "attributeIndex":5, "size":4}, {"name":"l_suppkey", "dataUnitId":14, "attributeIndex":6, "size":4}, {"name":"l_quantity", "dataUnitId":14, "attributeIndex":7, "size":8}, {"name":"l_extendedprice", "dataUnitId":14, "attributeIndex":8, "size":8}, {"name":"l_discount", "dataUnitId":14, "attributeIndex":9, "size":8}, {"name":"ps_partkey", "dataUnitId":14, "attributeIndex":10, "size":4}, {"name":"ps_suppkey", "dataUnitId":14, "attributeIndex":11, "size":4}, {"name":"ps_supplycost", "dataUnitId":14, "attributeIndex":12, "size":8}, {"name":"n_nationkey", "dataUnitId":14, "attributeIndex":13, "size":4}, {"name":"n_name", "dataUnitId":14, "attributeIndex":14, "size":1}], "partitionLayout":{"type":"hashpartitioned", "nPartitions":4, "attributes":[{"name":"l_orderkey", "dataUnitId":14, "attributeIndex":4, "size":4}]}}, {"name":"lineitem", "id":15, "estimatedCard":6001215, "isIntermediate":false, "attributes":[{"name":"l_orderkey", "dataUnitId":15, "attributeIndex":0, "size":4}, {"name":"l_partkey", "dataUnitId":15, "attributeIndex":1, "size":4}, {"name":"l_suppkey", "dataUnitId":15, "attributeIndex":2, "size":4}, {"name":"l_linenumber", "dataUnitId":15, "attributeIndex":3, "size":4}, {"name":"l_quantity", "dataUnitId":15, "attributeIndex":4, "size":8}, {"name":"l_extendedprice", "dataUnitId":15, "attributeIndex":5, "size":8}, {"name":"l_discount", "dataUnitId":15, "attributeIndex":6, "size":8}, {"name":"l_tax", "dataUnitId":15, "attributeIndex":7, "size":8}, {"name":"l_returnflag", "dataUnitId":15, "attributeIndex":8, "size":1}, {"name":"l_linestatus", "dataUnitId":15, "attributeIndex":9, "size":1}, {"name":"l_shipdate", "dataUnitId":15, "attributeIndex":10, "size":32}, {"name":"l_commitdate", "dataUnitId":15, "attributeIndex":11, "size":32}, {"name":"l_receiptdate", "dataUnitId":15, "attributeIndex":12, "size":32}, {"name":"l_shipinstruct", "dataUnitId":15, "attributeIndex":13, "size":1}, {"name":"l_shipmode", "dataUnitId":15, "attributeIndex":14, "size":1}, {"name":"l_comment", "dataUnitId":15, "attributeIndex":15, "size":10}], "partitionLayout":{"type":"hashpartitioned", "nPartitions":4, "attributes":[{"name":"l_orderkey", "dataUnitId":15, "attributeIndex":0, "size":4}]}}, {"name":"intermediate_8", "id":16, "estimatedCard":23644.8662706055693, "isIntermediate":true, "attributes":[{"name":"p_partkey", "dataUnitId":16, "attributeIndex":0, "size":4}, {"name":"p_name", "dataUnitId":16, "attributeIndex":1, "size":10}, {"name":"s_suppkey", "dataUnitId":16, "attributeIndex":2, "size":4}, {"name":"s_nationkey", "dataUnitId":16, "attributeIndex":3, "size":4}, {"name":"l_orderkey", "dataUnitId":16, "attributeIndex":4, "size":4}, {"name":"l_partkey", "dataUnitId":16, "attributeIndex":5, "size":4}, {"name":"l_suppkey", "dataUnitId":16, "attributeIndex":6, "size":4}, {"name":"l_quantity", "dataUnitId":16, "attributeIndex":7, "size":8}, {"name":"l_extendedprice", "dataUnitId":16, "attributeIndex":8, "size":8}, {"name":"l_discount", "dataUnitId":16, "attributeIndex":9, "size":8}, {"name":"ps_partkey", "dataUnitId":16, "attributeIndex":10, "size":4}, {"name":"ps_suppkey", "dataUnitId":16, "attributeIndex":11, "size":4}, {"name":"ps_supplycost", "dataUnitId":16, "attributeIndex":12, "size":8}, {"name":"o_orderkey", "dataUnitId":16, "attributeIndex":13, "size":4}, {"name":"o_orderdate", "dataUnitId":16, "attributeIndex":14, "size":32}, {"name":"n_nationkey", "dataUnitId":16, "attributeIndex":15, "size":4}, {"name":"n_name", "dataUnitId":16, "attributeIndex":16, "size":1}], "partitionLayout":{"type":"broadcast", "nPartitions":1, "attributes":[]}}, {"name":"intermediate_7_shuffled", "id":17, "estimatedCard":23644.8662706055693, "isIntermediate":true, "attributes":[{"name":"p_partkey", "dataUnitId":14, "attributeIndex":0, "size":4}, {"name":"p_name", "dataUnitId":14, "attributeIndex":1, "size":10}, {"name":"s_suppkey", "dataUnitId":14, "attributeIndex":2, "size":4}, {"name":"s_nationkey", "dataUnitId":14, "attributeIndex":3, "size":4}, {"name":"l_orderkey", "dataUnitId":14, "attributeIndex":4, "size":4}, {"name":"l_partkey", "dataUnitId":14, "attributeIndex":5, "size":4}, {"name":"l_suppkey", "dataUnitId":14, "attributeIndex":6, "size":4}, {"name":"l_quantity", "dataUnitId":14, "attributeIndex":7, "size":8}, {"name":"l_extendedprice", "dataUnitId":14, "attributeIndex":8, "size":8}, {"name":"l_discount", "dataUnitId":14, "attributeIndex":9, "size":8}, {"name":"ps_partkey", "dataUnitId":14, "attributeIndex":10, "size":4}, {"name":"ps_suppkey", "dataUnitId":14, "attributeIndex":11, "size":4}, {"name":"ps_supplycost", "dataUnitId":14, "attributeIndex":12, "size":8}, {"name":"n_nationkey", "dataUnitId":14, "attributeIndex":13, "size":4}, {"name":"n_name", "dataUnitId":14, "attributeIndex":14, "size":1}], "partitionLayout":{"type":"broadcast", "nPartitions":1, "attributes":[]}}, {"name":"intermediate_9", "id":18, "estimatedCard":82.6451793742541696, "isIntermediate":true, "attributes":[{"name":"n_name", "dataUnitId":18, "attributeIndex":0, "size":1}, {"name":"o_year", "dataUnitId":18, "attributeIndex":1, "size":4}, {"name":"sum(amount)", "dataUnitId":18, "attributeIndex":2, "size":16}], "partitionLayout":{"type":"hashpartitioned", "nPartitions":4, "attributes":[{"name":"o_orderkey", "dataUnitId":19, "attributeIndex":0, "size":4}]}}, {"name":"orders", "id":19, "estimatedCard":1.5e+06, "isIntermediate":false, "attributes":[{"name":"o_orderkey", "dataUnitId":19, "attributeIndex":0, "size":4}, {"name":"o_custkey", "dataUnitId":19, "attributeIndex":1, "size":4}, {"name":"o_orderstatus", "dataUnitId":19, "attributeIndex":2, "size":1}, {"name":"o_totalprice", "dataUnitId":19, "attributeIndex":3, "size":8}, {"name":"o_orderdate", "dataUnitId":19, "attributeIndex":4, "size":32}, {"name":"o_orderpriority", "dataUnitId":19, "attributeIndex":5, "size":1}, {"name":"o_clerk", "dataUnitId":19, "attributeIndex":6, "size":1}, {"name":"o_shippriority", "dataUnitId":19, "attributeIndex":7, "size":4}, {"name":"o_comment", "dataUnitId":19, "attributeIndex":8, "size":10}], "partitionLayout":{"type":"hashpartitioned", "nPartitions":4, "attributes":[{"name":"o_orderkey", "dataUnitId":19, "attributeIndex":0, "size":4}]}}, {"name":"intermediate_10", "id":20, "estimatedCard":82.6451793742541696, "isIntermediate":true, "attributes":[{"name":"n_name", "dataUnitId":20, "attributeIndex":0, "size":1}, {"name":"o_year", "dataUnitId":20, "attributeIndex":1, "size":4}, {"name":"sum(amount)", "dataUnitId":20, "attributeIndex":2, "size":16}], "partitionLayout":{"type":"singlenode", "nPartitions":1, "attributes":[]}}, {"name":"intermediate_9_shuffled", "id":21, "estimatedCard":82.6451793742541696, "isIntermediate":true, "attributes":[{"name":"n_name", "dataUnitId":18, "attributeIndex":0, "size":1}, {"name":"o_year", "dataUnitId":18, "attributeIndex":1, "size":4}, {"name":"sum(amount)", "dataUnitId":18, "attributeIndex":2, "size":16}], "partitionLayout":{"type":"singlenode", "nPartitions":1, "attributes":[]}}, {"name":"intermediate_11", "id":22, "estimatedCard":82.6451793742541696, "isIntermediate":true, "attributes":[{"name":"n_name", "dataUnitId":22, "attributeIndex":0, "size":1}, {"name":"o_year", "dataUnitId":22, "attributeIndex":1, "size":4}, {"name":"sum(amount)", "dataUnitId":22, "attributeIndex":2, "size":16}], "partitionLayout":{"type":"singlenode", "nPartitions":1, "attributes":[]}}], "pipelines":[{"id":0, "scan":1, "output":0, "estimatedLoad":2.3991175400307271e-07, "requiredData":[]}, {"id":1, "scan":3, "output":2, "estimatedLoad":3.89450898637912458e-10, "requiredData":[]}, {"id":2, "scan":5, "output":4, "estimatedLoad":2.14999093612793594e-08, "requiredData":[]}, {"id":3, "scan":7, "output":6, "estimatedLoad":6.43022212876579455e-10, "requiredData":[4]}, {"id":4, "scan":9, "output":8, "estimatedLoad":1.2548580536848968e-08, "requiredData":[]}, {"id":5, "scan":11, "output":10, "estimatedLoad":5.36478151433919517e-09, "requiredData":[0]}, {"id":6, "scan":13, "output":12, "estimatedLoad":2.11768384364462029e-08, "requiredData":[]}, {"id":7, "scan":15, "output":14, "estimatedLoad":3.9009636812449125e-10, "requiredData":[8, 12]}, {"id":8, "scan":17, "output":16, "estimatedLoad":1.63151145023042962e-08, "requiredData":[]}, {"id":9, "scan":19, "output":18, "estimatedLoad":6.22794172046381497e-10, "requiredData":[16]}, {"id":10, "scan":21, "output":20, "estimatedLoad":1.67219306068025034e-06, "requiredData":[]}, {"id":11, "scan":20, "output":22, "estimatedLoad":2.96790914153209679e-06, "requiredData":[]}], "shuffleStages":[{"from":18, "to":21}, {"from":14, "to":17}, {"from":10, "to":13}, {"from":6, "to":9}, {"from":2, "to":5}], "dependencyOrder":[0, 1, 2, 3, 4, 5, 6, 7, 8, 9, 10, 11]}, "tasks":[{"k":11, "v":[{"pipelineId":11, "scannedPartition":{"dataUnitId":20, "partitionIndex":0}, "requiredPartitions":[], "outputPartition":{"dataUnitId":22, "partitionIndex":0}, "broadcast":false}]}, {"k":10, "v":[{"pipelineId":10, "scannedPartition":{"dataUnitId":21, "partitionIndex":0}, "requiredPartitions":[], "outputPartition":{"dataUnitId":20, "partitionIndex":0}, "broadcast":false}]}, {"k":9, "v":[{"pipelineId":9, "scannedPartition":{"dataUnitId":19, "partitionIndex":0}, "requiredPartitions":[{"dataUnitId":16, "partitionIndex":0}], "outputPartition":{"dataUnitId":18, "partitionIndex":0}, "broadcast":false}, {"pipelineId":9, "scannedPartition":{"dataUnitId":19, "partitionIndex":1}, "requiredPartitions":[{"dataUnitId":16, "partitionIndex":0}], "outputPartition":{"dataUnitId":18, "partitionIndex":1}, "broadcast":false}, {"pipelineId":9, "scannedPartition":{"dataUnitId":19, "partitionIndex":2}, "requiredPartitions":[{"dataUnitId":16, "partitionIndex":0}], "outputPartition":{"dataUnitId":18, "partitionIndex":2}, "broadcast":false}, {"pipelineId":9, "scannedPartition":{"dataUnitId":19, "partitionIndex":3}, "requiredPartitions":[{"dataUnitId":16, "partitionIndex":0}], "outputPartition":{"dataUnitId":18, "partitionIndex":3}, "broadcast":false}]}, {"k":7, "v":[{"pipelineId":7, "scannedPartition":{"dataUnitId":15, "partitionIndex":0}, "requiredPartitions":[{"dataUnitId":8, "partitionIndex":0}, {"dataUnitId":12, "partitionIndex":0}], "outputPartition":{"dataUnitId":14, "partitionIndex":0}, "broadcast":false}, {"pipelineId":7, "scannedPartition":{"dataUnitId":15, "partitionIndex":1}, "requiredPartitions":[{"dataUnitId":8, "partitionIndex":0}, {"dataUnitId":12, "partitionIndex":0}], "outputPartition":{"dataUnitId":14, "partitionIndex":1}, "broadcast":false}, {"pipelineId":7, "scannedPartition":{"dataUnitId":15, "partitionIndex":2}, "requiredPartitions":[{"dataUnitId":8, "partitionIndex":0}, {"dataUnitId":12, "partitionIndex":0}], "outputPartition":{"dataUnitId":14, "partitionIndex":2}, "broadcast":false}, {"pipelineId":7, "scannedPartition":{"dataUnitId":15, "partitionIndex":3}, "requiredPartitions":[{"dataUnitId":8, "partitionIndex":0}, {"dataUnitId":12, "partitionIndex":0}], "outputPartition":{"dataUnitId":14, "partitionIndex":3}, "broadcast":false}]}, {"k":5, "v":[{"pipelineId":5, "scannedPartition":{"dataUnitId":11, "partitionIndex":0}, "requiredPartitions":[{"dataUnitId":0, "partitionIndex":0}], "outputPartition":{"dataUnitId":10, "partitionIndex":0}, "broadcast":false}, {"pipelineId":5, "scannedPartition":{"dataUnitId":11, "partitionIndex":1}, "requiredPartitions":[{"dataUnitId":0, "partitionIndex":0}], "outputPartition":{"dataUnitId":10, "partitionIndex":1}, "broadcast":false}, {"pipelineId":5, "scannedPartition":{"dataUnitId":11, "partitionIndex":2}, "requiredPartitions":[{"dataUnitId":0, "partitionIndex":0}], "outputPartition":{"dataUnitId":10, "partitionIndex":2}, "broadcast":false}, {"pipelineId":5, "scannedPartition":{"dataUnitId":11, "partitionIndex":3}, "requiredPartitions":[{"dataUnitId":0, "partitionIndex":0}], "outputPartition":{"dataUnitId":10, "partitionIndex":3}, "broadcast":false}]}, {"k":3, "v":[{"pipelineId":3, "scannedPartition":{"dataUnitId":7, "partitionIndex":0}, "requiredPartitions":[{"dataUnitId":4, "partitionIndex":0}], "outputPartition":{"dataUnitId":6, "partitionIndex":0}, "broadcast":false}, {"pipelineId":3, "scannedPartition":{"dataUnitId":7, "partitionIndex":1}, "requiredPartitions":[{"dataUnitId":4, "partitionIndex":0}], "outputPartition":{"dataUnitId":6, "partitionIndex":1}, "broadcast":false}, {"pipelineId":3, "scannedPartition":{"dataUnitId":7, "partitionIndex":2}, "requiredPartitions":[{"dataUnitId":4, "partitionIndex":0}], "outputPartition":{"dataUnitId":6, "partitionIndex":2}, "broadcast":false}, {"pipelineId":3, "scannedPartition":{"dataUnitId":7, "partitionIndex":3}, "requiredPartitions":[{"dataUnitId":4, "partitionIndex":0}], "outputPartition":{"dataUnitId":6, "partitionIndex":3}, "broadcast":false}]}, {"k":1, "v":[{"pipelineId":1, "scannedPartition":{"dataUnitId":3, "partitionIndex":0}, "requiredPartitions":[], "outputPartition":{"dataUnitId":2, "partitionIndex":0}, "broadcast":false}, {"pipelineId":1, "scannedPartition":{"dataUnitId":3, "partitionIndex":1}, "requiredPartitions":[], "outputPartition":{"dataUnitId":2, "partitionIndex":1}, "broadcast":false}, {"pipelineId":1, "scannedPartition":{"dataUnitId":3, "partitionIndex":2}, "requiredPartitions":[], "outputPartition":{"dataUnitId":2, "partitionIndex":2}, "broadcast":false}, {"pipelineId":1, "scannedPartition":{"dataUnitId":3, "partitionIndex":3}, "requiredPartitions":[], "outputPartition":{"dataUnitId":2, "partitionIndex":3}, "broadcast":false}]}], "broadcastTasks":[{"k":8, "v":{"pipelineId":8, "scannedPartition":{"dataUnitId":17, "partitionIndex":0}, "requiredPartitions":[], "outputPartition":{"dataUnitId":16, "partitionIndex":0}, "broadcast":true}}, {"k":6, "v":{"pipelineId":6, "scannedPartition":{"dataUnitId":13, "partitionIndex":0}, "requiredPartitions":[], "outputPartition":{"dataUnitId":12, "partitionIndex":0}, "broadcast":true}}, {"k":4, "v":{"pipelineId":4, "scannedPartition":{"dataUnitId":9, "partitionIndex":0}, "requiredPartitions":[], "outputPartition":{"dataUnitId":8, "partitionIndex":0}, "broadcast":true}}, {"k":2, "v":{"pipelineId":2, "scannedPartition":{"dataUnitId":5, "partitionIndex":0}, "requiredPartitions":[], "outputPartition":{"dataUnitId":4, "partitionIndex":0}, "broadcast":true}}, {"k":0, "v":{"pipelineId":0, "scannedPartition":{"dataUnitId":1, "partitionIndex":0}, "requiredPartitions":[], "outputPartition":{"dataUnitId":0, "partitionIndex":0}, "broadcast":true}}], "initialPartitioning":{"owningNode":[{"k":{"dataUnitId":19, "partitionIndex":1}, "v":1}, {"k":{"dataUnitId":19, "partitionIndex":2}, "v":2}, {"k":{"dataUnitId":19, "partitionIndex":0}, "v":0}, {"k":{"dataUnitId":15, "partitionIndex":2}, "v":2}, {"k":{"dataUnitId":15, "partitionIndex":1}, "v":1}, {"k":{"dataUnitId":15, "partitionIndex":0}, "v":0}, {"k":{"dataUnitId":7, "partitionIndex":0}, "v":0}, {"k":{"dataUnitId":3, "partitionIndex":2}, "v":2}, {"k":{"dataUnitId":7, "partitionIndex":3}, "v":3}, {"k":{"dataUnitId":3, "partitionIndex":3}, "v":3}, {"k":{"dataUnitId":7, "partitionIndex":1}, "v":1}, {"k":{"dataUnitId":19, "partitionIndex":3}, "v":3}, {"k":{"dataUnitId":11, "partitionIndex":3}, "v":3}, {"k":{"dataUnitId":1, "partitionIndex":0}, "v":0}, {"k":{"dataUnitId":3, "partitionIndex":0}, "v":0}, {"k":{"dataUnitId":7, "partitionIndex":2}, "v":2}, {"k":{"dataUnitId":11, "partitionIndex":2}, "v":2}, {"k":{"dataUnitId":11, "partitionIndex":0}, "v":0}, {"k":{"dataUnitId":15, "partitionIndex":3}, "v":3}, {"k":{"dataUnitId":3, "partitionIndex":1}, "v":1}, {"k":{"dataUnitId":11, "partitionIndex":1}, "v":1}], "cachingNodes":[{"k":{"dataUnitId":19, "partitionIndex":1}, "v":[8]}, {"k":{"dataUnitId":19, "partitionIndex":2}, "v":[8]}, {"k":{"dataUnitId":19, "partitionIndex":0}, "v":[8]}, {"k":{"dataUnitId":15, "partitionIndex":2}, "v":[8]}, {"k":{"dataUnitId":15, "partitionIndex":1}, "v":[8]}, {"k":{"dataUnitId":15, "partitionIndex":0}, "v":[8]}, {"k":{"dataUnitId":7, "partitionIndex":0}, "v":[8]}, {"k":{"dataUnitId":3, "partitionIndex":2}, "v":[8]}, {"k":{"dataUnitId":7, "partitionIndex":3}, "v":[8]}, {"k":{"dataUnitId":3, "partitionIndex":3}, "v":[8]}, {"k":{"dataUnitId":7, "partitionIndex":1}, "v":[8]}, {"k":{"dataUnitId":19, "partitionIndex":3}, "v":[8]}, {"k":{"dataUnitId":11, "partitionIndex":3}, "v":[8]}, {"k":{"dataUnitId":1, "partitionIndex":0}, "v":[7, 6, 5, 4, 3, 2, 1]}, {"k":{"dataUnitId":3, "partitionIndex":0}, "v":[8]}, {"k":{"dataUnitId":7, "partitionIndex":2}, "v":[8]}, {"k":{"dataUnitId":11, "partitionIndex":2}, "v":[8]}, {"k":{"dataUnitId":11, "partitionIndex":0}, "v":[8]}, {"k":{"dataUnitId":15, "partitionIndex":3}, "v":[8]}, {"k":{"dataUnitId":3, "partitionIndex":1}, "v":[8]}, {"k":{"dataUnitId":11, "partitionIndex":1}, "v":[8]}], "nNodes":9}, "name":"c5n18xlargex8_rrall_4_q9", "resultNode":0, "nParallelTasks":10000}