{"cluster":{"nodes":[{"nCores":72, "memorySize":192, "networkSpeed":100, "networkLatency":0.00025}, {"nCores":72, "memorySize":192, "networkSpeed":100, "networkLatency":0.00025}, {"nCores":72, "memorySize":192, "networkSpeed":100, "networkLatency":0.00025}, {"nCores":72, "memorySize":192, "networkSpeed":100, "networkLatency":0.00025}, {"nCores":72, "memorySize":192, "networkSpeed":100, "networkLatency":0.00025}, {"nCores":72, "memorySize":192, "networkSpeed":100, "networkLatency":0.00025}, {"nCores":72, "memorySize":192, "networkSpeed":100, "networkLatency":0.00025}, {"nCores":72, "memorySize":192, "networkSpeed":100, "networkLatency":0.00025}, {"nCores":0, "memorySize":1e+06, "networkSpeed":1e+06, "networkLatency":0.1}], "storageService":true}, "plan":{"dataUnits":[{"name":"intermediate_0", "id":0, "estimatedCard":781, "isIntermediate":true, "attributes":[{"name":"p_partkey", "dataUnitId":0, "attributeIndex":0, "size":4}, {"name":"p_brand", "dataUnitId":0, "attributeIndex":1, "size":1}, {"name":"p_size", "dataUnitId":0, "attributeIndex":2, "size":4}, {"name":"p_container", "dataUnitId":0, "attributeIndex":3, "size":1}], "partitionLayout":{"type":"hashpartitioned", "nPartitions":2, "attributes":[{"name":"p_partkey", "dataUnitId":0, "attributeIndex":0, "size":4}]}}, {"name":"part", "id":1, "estimatedCard":200000, "isIntermediate":false, "attributes":[{"name":"p_partkey", "dataUnitId":1, "attributeIndex":0, "size":4}, {"name":"p_name", "dataUnitId":1, "attributeIndex":1, "size":10}, {"name":"p_mfgr", "dataUnitId":1, "attributeIndex":2, "size":1}, {"name":"p_brand", "dataUnitId":1, "attributeIndex":3, "size":1}, {"name":"p_type", "dataUnitId":1, "attributeIndex":4, "size":10}, {"name":"p_size", "dataUnitId":1, "attributeIndex":5, "size":4}, {"name":"p_container", "dataUnitId":1, "attributeIndex":6, "size":1}, {"name":"p_retailprice", "dataUnitId":1, "attributeIndex":7, "size":8}, {"name":"p_comment", "dataUnitId":1, "attributeIndex":8, "size":10}], "partitionLayout":{"type":"hashpartitioned", "nPartitions":2, "attributes":[{"name":"p_partkey", "dataUnitId":1, "attributeIndex":0, "size":4}]}}, {"name":"intermediate_1", "id":2, "estimatedCard":781, "isIntermediate":true, "attributes":[{"name":"l_partkey", "dataUnitId":2, "attributeIndex":0, "size":4}, {"name":"l_quantity", "dataUnitId":2, "attributeIndex":1, "size":8}, {"name":"l_extendedprice", "dataUnitId":2, "attributeIndex":2, "size":8}, {"name":"l_discount", "dataUnitId":2, "attributeIndex":3, "size":8}, {"name":"l_shipmode", "dataUnitId":2, "attributeIndex":4, "size":1}, {"name":"p_partkey", "dataUnitId":2, "attributeIndex":5, "size":4}, {"name":"p_brand", "dataUnitId":2, "attributeIndex":6, "size":1}, {"name":"p_size", "dataUnitId":2, "attributeIndex":7, "size":4}, {"name":"p_container", "dataUnitId":2, "attributeIndex":8, "size":1}], "partitionLayout":{"type":"broadcast", "nPartitions":1, "attributes":[]}}, {"name":"intermediate_0_shuffled", "id":3, "estimatedCard":781, "isIntermediate":true, "attributes":[{"name":"p_partkey", "dataUnitId":0, "attributeIndex":0, "size":4}, {"name":"p_brand", "dataUnitId":0, "attributeIndex":1, "size":1}, {"name":"p_size", "dataUnitId":0, "attributeIndex":2, "size":4}, {"name":"p_container", "dataUnitId":0, "attributeIndex":3, "size":1}], "partitionLayout":{"type":"broadcast", "nPartitions":1, "attributes":[]}}, {"name":"intermediate_2", "id":4, "estimatedCard":1, "isIntermediate":true, "attributes":[{"name":"sum()", "dataUnitId":4, "attributeIndex":0, "size":16}], "partitionLayout":{"type":"hashpartitioned", "nPartitions":2, "attributes":[{"name":"l_orderkey", "dataUnitId":5, "attributeIndex":0, "size":4}]}}, {"name":"lineitem", "id":5, "estimatedCard":6001215, "isIntermediate":false, "attributes":[{"name":"l_orderkey", "dataUnitId":5, "attributeIndex":0, "size":4}, {"name":"l_partkey", "dataUnitId":5, "attributeIndex":1, "size":4}, {"name":"l_suppkey", "dataUnitId":5, "attributeIndex":2, "size":4}, {"name":"l_linenumber", "dataUnitId":5, "attributeIndex":3, "size":4}, {"name":"l_quantity", "dataUnitId":5, "attributeIndex":4, "size":8}, {"name":"l_extendedprice", "dataUnitId":5, "attributeIndex":5, "size":8}, {"name":"l_discount", "dataUnitId":5, "attributeIndex":6, "size":8}, {"name":"l_tax", "dataUnitId":5, "attributeIndex":7, "size":8}, {"name":"l_returnflag", "dataUnitId":5, "attributeIndex":8, "size":1}, {"name":"l_linestatus", "dataUnitId":5, "attributeIndex":9, "size":1}, {"name":"l_shipdate", "dataUnitId":5, "attributeIndex":10, "size":32}, {"name":"l_commitdate", "dataUnitId":5, "attributeIndex":11, "size":32}, {"name":"l_receiptdate", "dataUnitId":5, "attributeIndex":12, "size":32}, {"name":"l_shipinstruct", "dataUnitId":5, "attributeIndex":13, "size":1}, {"name":"l_shipmode", "dataUnitId":5, "attributeIndex":14, "size":1}, {"name":"l_comment", "dataUnitId":5, "attributeIndex":15, "size":10}], "partitionLayout":{"type":"hashpartitioned", "nPartitions":2, "attributes":[{"name":"l_orderkey", "dataUnitId":5, "attributeIndex":0, "size":4}]}}, {"name":"intermediate_3", "id":6, "estimatedCard":1, "isIntermediate":true, "attributes":[{"name":"sum()", "dataUnitId":6, "attributeIndex":0, "size":16}], "partitionLayout":{"type":"singlenode", "nPartitions":1, "attributes":[]}}, {"name":"intermediate_2_shuffled", "id":7, "estimatedCard":1, "isIntermediate":true, "attributes":[{"name":"sum()", "dataUnitId":4, "attributeIndex":0, "size":16}], "partitionLayout":{"type":"singlenode", "nPartitions":1, "attributes":[]}}], "pipelines":[{"id":0, "scan":1, "output":0, "estimatedLoad":4.36047484097151928e-10, "requiredData":[]}, {"id":1, "scan":3, "output":2, "estimatedLoad":3.11719842614384639e-08, "requiredData":[]}, {"id":2, "scan":5, "output":4, "estimatedLoad":1.53342218219385e-10, "requiredData":[2]}, {"id":3, "scan":7, "output":6, "estimatedLoad":1.11209639796182229e-06, "requiredData":[]}], "shuffleStages":[{"from":4, "to":7}, {"from":0, "to":3}], "dependencyOrder":[0, 1, 2, 3]}, "tasks":[{"k":3, "v":[{"pipelineId":3, "scannedPartition":{"dataUnitId":7, "partitionIndex":0}, "requiredPartitions":[], "outputPartition":{"dataUnitId":6, "partitionIndex":0}, "broadcast":false}]}, {"k":2, "v":[{"pipelineId":2, "scannedPartition":{"dataUnitId":5, "partitionIndex":0}, "requiredPartitions":[{"dataUnitId":2, "partitionIndex":0}], "outputPartition":{"dataUnitId":4, "partitionIndex":0}, "broadcast":false}, {"pipelineId":2, "scannedPartition":{"dataUnitId":5, "partitionIndex":1}, "requiredPartitions":[{"dataUnitId":2, "partitionIndex":0}], "outputPartition":{"dataUnitId":4, "partitionIndex":1}, "broadcast":false}]}, {"k":0, "v":[{"pipelineId":0, "scannedPartition":{"dataUnitId":1, "partitionIndex":0}, "requiredPartitions":[], "outputPartition":{"dataUnitId":0, "partitionIndex":0}, "broadcast":false}, {"pipelineId":0, "scannedPartition":{"dataUnitId":1, "partitionIndex":1}, "requiredPartitions":[], "outputPartition":{"dataUnitId":0, "partitionIndex":1}, "broadcast":false}]}], "broadcastTasks":[{"k":1, "v":{"pipelineId":1, "scannedPartition":{"dataUnitId":3, "partitionIndex":0}, "requiredPartitions":[], "outputPartition":{"dataUnitId":2, "partitionIndex":0}, "broadcast":true}}], "initialPartitioning":{"owningNode":[{"k":{"dataUnitId":5, "partitionIndex":1}, "v":1}, {"k":{"dataUnitId":5, "partitionIndex":0}, "v":0}, {"k":{"dataUnitId":1, "partitionIndex":1}, "v":1}, {"k":{"dataUnitId":1, "partitionIndex":0}, "v":0}], "cachingNodes":[{"k":{"dataUnitId":5, "partitionIndex":1}, "v":[8]}, {"k":{"dataUnitId":5, "partitionIndex":0}, "v":[8]}, {"k":{"dataUnitId":1, "partitionIndex":1}, "v":[8]}, {"k":{"dataUnitId":1, "partitionIndex":0}, "v":[8]}], "nNodes":9}, "name":"c5n18xlargex8_rrall_2_q19", "resultNode":0, "nParallelTasks":10000}