{"cluster":{"nodes":[{"nCores":72, "memorySize":192, "networkSpeed":100, "networkLatency":0.00025}, {"nCores":72, "memorySize":192, "networkSpeed":100, "networkLatency":0.00025}, {"nCores":72, "memorySize":192, "networkSpeed":100, "networkLatency":0.00025}, {"nCores":72, "memorySize":192, "networkSpeed":100, "networkLatency":0.00025}, {"nCores":72, "memorySize":192, "networkSpeed":100, "networkLatency":0.00025}, {"nCores":72, "memorySize":192, "networkSpeed":100, "networkLatency":0.00025}, {"nCores":72, "memorySize":192, "networkSpeed":100, "networkLatency":0.00025}, {"nCores":72, "memorySize":192, "networkSpeed":100, "networkLatency":0.00025}, {"nCores":0, "memorySize":1e+06, "networkSpeed":1e+06, "networkLatency":0.1}], "storageService":true}, "plan":{"dataUnits":[{"name":"intermediate_0", "id":0, "estimatedCard":1472074.12691559782, "isIntermediate":true, "attributes":[{"name":"l_orderkey", "dataUnitId":0, "attributeIndex":0, "size":4}, {"name":"sum(l_quantity)", "dataUnitId":0, "attributeIndex":1, "size":8}], "partitionLayout":{"type":"hashpartitioned", "nPartitions":4, "attributes":[{"name":"l_orderkey", "dataUnitId":1, "attributeIndex":0, "size":4}]}}, {"name":"lineitem", "id":1, "estimatedCard":6001215, "isIntermediate":false, "attributes":[{"name":"l_orderkey", "dataUnitId":1, "attributeIndex":0, "size":4}, {"name":"l_partkey", "dataUnitId":1, "attributeIndex":1, "size":4}, {"name":"l_suppkey", "dataUnitId":1, "attributeIndex":2, "size":4}, {"name":"l_linenumber", "dataUnitId":1, "attributeIndex":3, "size":4}, {"name":"l_quantity", "dataUnitId":1, "attributeIndex":4, "size":8}, {"name":"l_extendedprice", "dataUnitId":1, "attributeIndex":5, "size":8}, {"name":"l_discount", "dataUnitId":1, "attributeIndex":6, "size":8}, {"name":"l_tax", "dataUnitId":1, "attributeIndex":7, "size":8}, {"name":"l_returnflag", "dataUnitId":1, "attributeIndex":8, "size":1}, {"name":"l_linestatus", "dataUnitId":1, "attributeIndex":9, "size":1}, {"name":"l_shipdate", "dataUnitId":1, "attributeIndex":10, "size":32}, {"name":"l_commitdate", "dataUnitId":1, "attributeIndex":11, "size":32}, {"name":"l_receiptdate", "dataUnitId":1, "attributeIndex":12, "size":32}, {"name":"l_shipinstruct", "dataUnitId":1, "attributeIndex":13, "size":1}, {"name":"l_shipmode", "dataUnitId":1, "attributeIndex":14, "size":1}, {"name":"l_comment", "dataUnitId":1, "attributeIndex":15, "size":10}], "partitionLayout":{"type":"hashpartitioned", "nPartitions":4, "attributes":[{"name":"l_orderkey", "dataUnitId":1, "attributeIndex":0, "size":4}]}}, {"name":"intermediate_1", "id":2, "estimatedCard":42140.2445484404598, "isIntermediate":true, "attributes":[{"name":"l_orderkey", "dataUnitId":2, "attributeIndex":0, "size":4}, {"name":"sum(l_quantity)", "dataUnitId":2, "attributeIndex":1, "size":8}], "partitionLayout":{"type":"hashpartitioned", "nPartitions":4, "attributes":[{"name":"l_orderkey", "dataUnitId":1, "attributeIndex":0, "size":4}]}}, {"name":"intermediate_2", "id":3, "estimatedCard":42140.2445484404598, "isIntermediate":true, "attributes":[{"name":"o_orderkey", "dataUnitId":3, "attributeIndex":0, "size":4}, {"name":"o_custkey", "dataUnitId":3, "attributeIndex":1, "size":4}, {"name":"o_totalprice", "dataUnitId":3, "attributeIndex":2, "size":8}, {"name":"o_orderdate", "dataUnitId":3, "attributeIndex":3, "size":32}, {"name":"l_orderkey", "dataUnitId":3, "attributeIndex":4, "size":4}, {"name":"sum(l_quantity)", "dataUnitId":3, "attributeIndex":5, "size":8}], "partitionLayout":{"type":"broadcast", "nPartitions":1, "attributes":[]}}, {"name":"intermediate_1_shuffled", "id":4, "estimatedCard":42140.2445484404598, "isIntermediate":true, "attributes":[{"name":"l_orderkey", "dataUnitId":2, "attributeIndex":0, "size":4}, {"name":"sum(l_quantity)", "dataUnitId":2, "attributeIndex":1, "size":8}], "partitionLayout":{"type":"broadcast", "nPartitions":1, "attributes":[]}}, {"name":"intermediate_3", "id":5, "estimatedCard":42939.6629333496167, "isIntermediate":true, "attributes":[{"name":"c_custkey", "dataUnitId":5, "attributeIndex":0, "size":4}, {"name":"c_name", "dataUnitId":5, "attributeIndex":1, "size":10}, {"name":"o_orderkey", "dataUnitId":5, "attributeIndex":2, "size":4}, {"name":"o_custkey", "dataUnitId":5, "attributeIndex":3, "size":4}, {"name":"o_totalprice", "dataUnitId":5, "attributeIndex":4, "size":8}, {"name":"o_orderdate", "dataUnitId":5, "attributeIndex":5, "size":32}, {"name":"l_orderkey", "dataUnitId":5, "attributeIndex":6, "size":4}, {"name":"sum(l_quantity)", "dataUnitId":5, "attributeIndex":7, "size":8}], "partitionLayout":{"type":"hashpartitioned", "nPartitions":4, "attributes":[{"name":"o_orderkey", "dataUnitId":5, "attributeIndex":2, "size":4}]}}, {"name":"orders", "id":6, "estimatedCard":1.5e+06, "isIntermediate":false, "attributes":[{"name":"o_orderkey", "dataUnitId":6, "attributeIndex":0, "size":4}, {"name":"o_custkey", "dataUnitId":6, "attributeIndex":1, "size":4}, {"name":"o_orderstatus", "dataUnitId":6, "attributeIndex":2, "size":1}, {"name":"o_totalprice", "dataUnitId":6, "attributeIndex":3, "size":8}, {"name":"o_orderdate", "dataUnitId":6, "attributeIndex":4, "size":32}, {"name":"o_orderpriority", "dataUnitId":6, "attributeIndex":5, "size":1}, {"name":"o_clerk", "dataUnitId":6, "attributeIndex":6, "size":1}, {"name":"o_shippriority", "dataUnitId":6, "attributeIndex":7, "size":4}, {"name":"o_comment", "dataUnitId":6, "attributeIndex":8, "size":10}], "partitionLayout":{"type":"hashpartitioned", "nPartitions":4, "attributes":[{"name":"o_orderkey", "dataUnitId":6, "attributeIndex":0, "size":4}]}}, {"name":"intermediate_4", "id":7, "estimatedCard":150000, "isIntermediate":true, "attributes":[{"name":"c_custkey", "dataUnitId":7, "attributeIndex":0, "size":4}, {"name":"c_name", "dataUnitId":7, "attributeIndex":1, "size":10}], "partitionLayout":{"type":"hashpartitioned", "nPartitions":4, "attributes":[{"name":"c_custkey", "dataUnitId":7, "attributeIndex":0, "size":4}]}}, {"name":"customer", "id":8, "estimatedCard":150000, "isIntermediate":false, "attributes":[{"name":"c_custkey", "dataUnitId":8, "attributeIndex":0, "size":4}, {"name":"c_name", "dataUnitId":8, "attributeIndex":1, "size":10}, {"name":"c_address", "dataUnitId":8, "attributeIndex":2, "size":10}, {"name":"c_nationkey", "dataUnitId":8, "attributeIndex":3, "size":4}, {"name":"c_phone", "dataUnitId":8, "attributeIndex":4, "size":1}, {"name":"c_acctbal", "dataUnitId":8, "attributeIndex":5, "size":8}, {"name":"c_mktsegment", "dataUnitId":8, "attributeIndex":6, "size":1}, {"name":"c_comment", "dataUnitId":8, "attributeIndex":7, "size":10}], "partitionLayout":{"type":"hashpartitioned", "nPartitions":4, "attributes":[{"name":"c_custkey", "dataUnitId":8, "attributeIndex":0, "size":4}]}}, {"name":"intermediate_5", "id":9, "estimatedCard":42939.6629333496167, "isIntermediate":true, "attributes":[{"name":"c_custkey", "dataUnitId":9, "attributeIndex":0, "size":4}, {"name":"c_name", "dataUnitId":9, "attributeIndex":1, "size":10}, {"name":"o_orderkey", "dataUnitId":9, "attributeIndex":2, "size":4}, {"name":"o_custkey", "dataUnitId":9, "attributeIndex":3, "size":4}, {"name":"o_totalprice", "dataUnitId":9, "attributeIndex":4, "size":8}, {"name":"o_orderdate", "dataUnitId":9, "attributeIndex":5, "size":32}, {"name":"l_orderkey", "dataUnitId":9, "attributeIndex":6, "size":4}, {"name":"sum(l_quantity)", "dataUnitId":9, "attributeIndex":7, "size":8}], "partitionLayout":{"type":"hashpartitioned", "nPartitions":4, "attributes":[{"name":"o_orderkey", "dataUnitId":9, "attributeIndex":2, "size":4}]}}, {"name":"intermediate_4_shuffled", "id":10, "estimatedCard":150000, "isIntermediate":true, "attributes":[{"name":"c_custkey", "dataUnitId":7, "attributeIndex":0, "size":4}, {"name":"c_name", "dataUnitId":7, "attributeIndex":1, "size":10}], "partitionLayout":{"type":"broadcast", "nPartitions":1, "attributes":[]}}, {"name":"intermediate_6", "id":11, "estimatedCard":42939.6629333496167, "isIntermediate":true, "attributes":[{"name":"c_custkey", "dataUnitId":11, "attributeIndex":0, "size":4}, {"name":"c_name", "dataUnitId":11, "attributeIndex":1, "size":10}, {"name":"o_orderkey", "dataUnitId":11, "attributeIndex":2, "size":4}, {"name":"o_custkey", "dataUnitId":11, "attributeIndex":3, "size":4}, {"name":"o_totalprice", "dataUnitId":11, "attributeIndex":4, "size":8}, {"name":"o_orderdate", "dataUnitId":11, "attributeIndex":5, "size":32}, {"name":"l_orderkey", "dataUnitId":11, "attributeIndex":6, "size":4}, {"name":"l_quantity", "dataUnitId":11, "attributeIndex":7, "size":8}, {"name":"l_orderkey", "dataUnitId":11, "attributeIndex":8, "size":4}, {"name":"sum(l_quantity)", "dataUnitId":11, "attributeIndex":9, "size":8}], "partitionLayout":{"type":"broadcast", "nPartitions":1, "attributes":[]}}, {"name":"intermediate_5_shuffled", "id":12, "estimatedCard":42939.6629333496167, "isIntermediate":true, "attributes":[{"name":"c_custkey", "dataUnitId":9, "attributeIndex":0, "size":4}, {"name":"c_name", "dataUnitId":9, "attributeIndex":1, "size":10}, {"name":"o_orderkey", "dataUnitId":9, "attributeIndex":2, "size":4}, {"name":"o_custkey", "dataUnitId":9, "attributeIndex":3, "size":4}, {"name":"o_totalprice", "dataUnitId":9, "attributeIndex":4, "size":8}, {"name":"o_orderdate", "dataUnitId":9, "attributeIndex":5, "size":32}, {"name":"l_orderkey", "dataUnitId":9, "attributeIndex":6, "size":4}, {"name":"sum(l_quantity)", "dataUnitId":9, "attributeIndex":7, "size":8}], "partitionLayout":{"type":"broadcast", "nPartitions":1, "attributes":[]}}, {"name":"intermediate_7", "id":13, "estimatedCard":44425.6172027329521, "isIntermediate":true, "attributes":[{"name":"c_name", "dataUnitId":13, "attributeIndex":0, "size":10}, {"name":"c_custkey", "dataUnitId":13, "attributeIndex":1, "size":4}, {"name":"o_orderkey", "dataUnitId":13, "attributeIndex":2, "size":4}, {"name":"o_orderdate", "dataUnitId":13, "attributeIndex":3, "size":32}, {"name":"o_totalprice", "dataUnitId":13, "attributeIndex":4, "size":8}, {"name":"sum(l_quantity)", "dataUnitId":13, "attributeIndex":5, "size":8}], "partitionLayout":{"type":"hashpartitioned", "nPartitions":4, "attributes":[{"name":"l_orderkey", "dataUnitId":14, "attributeIndex":0, "size":4}]}}, {"name":"lineitem", "id":14, "estimatedCard":6001215, "isIntermediate":false, "attributes":[{"name":"l_orderkey", "dataUnitId":14, "attributeIndex":0, "size":4}, {"name":"l_partkey", "dataUnitId":14, "attributeIndex":1, "size":4}, {"name":"l_suppkey", "dataUnitId":14, "attributeIndex":2, "size":4}, {"name":"l_linenumber", "dataUnitId":14, "attributeIndex":3, "size":4}, {"name":"l_quantity", "dataUnitId":14, "attributeIndex":4, "size":8}, {"name":"l_extendedprice", "dataUnitId":14, "attributeIndex":5, "size":8}, {"name":"l_discount", "dataUnitId":14, "attributeIndex":6, "size":8}, {"name":"l_tax", "dataUnitId":14, "attributeIndex":7, "size":8}, {"name":"l_returnflag", "dataUnitId":14, "attributeIndex":8, "size":1}, {"name":"l_linestatus", "dataUnitId":14, "attributeIndex":9, "size":1}, {"name":"l_shipdate", "dataUnitId":14, "attributeIndex":10, "size":32}, {"name":"l_commitdate", "dataUnitId":14, "attributeIndex":11, "size":32}, {"name":"l_receiptdate", "dataUnitId":14, "attributeIndex":12, "size":32}, {"name":"l_shipinstruct", "dataUnitId":14, "attributeIndex":13, "size":1}, {"name":"l_shipmode", "dataUnitId":14, "attributeIndex":14, "size":1}, {"name":"l_comment", "dataUnitId":14, "attributeIndex":15, "size":10}], "partitionLayout":{"type":"hashpartitioned", "nPartitions":4, "attributes":[{"name":"l_orderkey", "dataUnitId":14, "attributeIndex":0, "size":4}]}}, {"name":"intermediate_8", "id":15, "estimatedCard":44425.6172027329521, "isIntermediate":true, "attributes":[{"name":"c_name", "dataUnitId":15, "attributeIndex":0, "size":10}, {"name":"c_custkey", "dataUnitId":15, "attributeIndex":1, "size":4}, {"name":"o_orderkey", "dataUnitId":15, "attributeIndex":2, "size":4}, {"name":"o_orderdate", "dataUnitId":15, "attributeIndex":3, "size":32}, {"name":"o_totalprice", "dataUnitId":15, "attributeIndex":4, "size":8}, {"name":"sum(l_quantity)", "dataUnitId":15, "attributeIndex":5, "size":8}], "partitionLayout":{"type":"singlenode", "nPartitions":1, "attributes":[]}}, {"name":"intermediate_7_shuffled", "id":16, "estimatedCard":44425.6172027329521, "isIntermediate":true, "attributes":[{"name":"c_name", "dataUnitId":13, "attributeIndex":0, "size":10}, {"name":"c_custkey", "dataUnitId":13, "attributeIndex":1, "size":4}, {"name":"o_orderkey", "dataUnitId":13, "attributeIndex":2, "size":4}, {"name":"o_orderdate", "dataUnitId":13, "attributeIndex":3, "size":32}, {"name":"o_totalprice", "dataUnitId":13, "attributeIndex":4, "size":8}, {"name":"sum(l_quantity)", "dataUnitId":13, "attributeIndex":5, "size":8}], "partitionLayout":{"type":"singlenode", "nPartitions":1, "attributes":[]}}, {"name":"intermediate_9", "id":17, "estimatedCard":100, "isIntermediate":true, "attributes":[{"name":"c_name", "dataUnitId":17, "attributeIndex":0, "size":10}, {"name":"c_custkey", "dataUnitId":17, "attributeIndex":1, "size":4}, {"name":"o_orderkey", "dataUnitId":17, "attributeIndex":2, "size":4}, {"name":"o_orderdate", "dataUnitId":17, "attributeIndex":3, "size":32}, {"name":"o_totalprice", "dataUnitId":17, "attributeIndex":4, "size":8}, {"name":"sum(l_quantity)", "dataUnitId":17, "attributeIndex":5, "size":8}], "partitionLayout":{"type":"singlenode", "nPartitions":1, "attributes":[]}}], "pipelines":[{"id":0, "scan":1, "output":0, "estimatedLoad":1.09628257768362489e-08, "requiredData":[]}, {"id":1, "scan":0, "output":2, "estimatedLoad":1.32473420550842951e-09, "requiredData":[]}, {"id":2, "scan":4, "output":3, "estimatedLoad":1.09587800411499525e-08, "requiredData":[]}, {"id":3, "scan":6, "output":5, "estimatedLoad":8.44241902402685116e-10, "requiredData":[3]}, {"id":4, "scan":8, "output":7, "estimatedLoad":3.46637173080601611e-10, "requiredData":[]}, {"id":5, "scan":10, "output":9, "estimatedLoad":5.42770705550569e-09, "requiredData":[5]}, {"id":6, "scan":12, "output":11, "estimatedLoad":1.10434948502135778e-08, "requiredData":[]}, {"id":7, "scan":14, "output":13, "estimatedLoad":6.37038966831376476e-10, "requiredData":[11]}, {"id":8, "scan":16, "output":15, "estimatedLoad":1.97371105620013961e-08, "requiredData":[]}, {"id":9, "scan":15, "output":17, "estimatedLoad":1.71352155219297425e-06, "requiredData":[]}], "shuffleStages":[{"from":13, "to":16}, {"from":9, "to":12}, {"from":7, "to":10}, {"from":2, "to":4}], "dependencyOrder":[0, 1, 2, 3, 4, 5, 6, 7, 8, 9]}, "tasks":[{"k":9, "v":[{"pipelineId":9, "scannedPartition":{"dataUnitId":15, "partitionIndex":0}, "requiredPartitions":[], "outputPartition":{"dataUnitId":17, "partitionIndex":0}, "broadcast":false}]}, {"k":8, "v":[{"pipelineId":8, "scannedPartition":{"dataUnitId":16, "partitionIndex":0}, "requiredPartitions":[], "outputPartition":{"dataUnitId":15, "partitionIndex":0}, "broadcast":false}]}, {"k":7, "v":[{"pipelineId":7, "scannedPartition":{"dataUnitId":14, "partitionIndex":0}, "requiredPartitions":[{"dataUnitId":11, "partitionIndex":0}], "outputPartition":{"dataUnitId":13, "partitionIndex":0}, "broadcast":false}, {"pipelineId":7, "scannedPartition":{"dataUnitId":14, "partitionIndex":1}, "requiredPartitions":[{"dataUnitId":11, "partitionIndex":0}], "outputPartition":{"dataUnitId":13, "partitionIndex":1}, "broadcast":false}, {"pipelineId":7, "scannedPartition":{"dataUnitId":14, "partitionIndex":2}, "requiredPartitions":[{"dataUnitId":11, "partitionIndex":0}], "outputPartition":{"dataUnitId":13, "partitionIndex":2}, "broadcast":false}, {"pipelineId":7, "scannedPartition":{"dataUnitId":14, "partitionIndex":3}, "requiredPartitions":[{"dataUnitId":11, "partitionIndex":0}], "outputPartition":{"dataUnitId":13, "partitionIndex":3}, "broadcast":false}]}, {"k":5, "v":[{"pipelineId":5, "scannedPartition":{"dataUnitId":10, "partitionIndex":0}, "requiredPartitions":[{"dataUnitId":5, "partitionIndex":0}], "outputPartition":{"dataUnitId":9, "partitionIndex":0}, "broadcast":false}, {"pipelineId":5, "scannedPartition":{"dataUnitId":10, "partitionIndex":0}, "requiredPartitions":[{"dataUnitId":5, "partitionIndex":1}], "outputPartition":{"dataUnitId":9, "partitionIndex":1}, "broadcast":false}, {"pipelineId":5, "scannedPartition":{"dataUnitId":10, "partitionIndex":0}, "requiredPartitions":[{"dataUnitId":5, "partitionIndex":2}], "outputPartition":{"dataUnitId":9, "partitionIndex":2}, "broadcast":false}, {"pipelineId":5, "scannedPartition":{"dataUnitId":10, "partitionIndex":0}, "requiredPartitions":[{"dataUnitId":5, "partitionIndex":3}], "outputPartition":{"dataUnitId":9, "partitionIndex":3}, "broadcast":false}]}, {"k":4, "v":[{"pipelineId":4, "scannedPartition":{"dataUnitId":8, "partitionIndex":0}, "requiredPartitions":[], "outputPartition":{"dataUnitId":7, "partitionIndex":0}, "broadcast":false}, {"pipelineId":4, "scannedPartition":{"dataUnitId":8, "partitionIndex":1}, "requiredPartitions":[], "outputPartition":{"dataUnitId":7, "partitionIndex":1}, "broadcast":false}, {"pipelineId":4, "scannedPartition":{"dataUnitId":8, "partitionIndex":2}, "requiredPartitions":[], "outputPartition":{"dataUnitId":7, "partitionIndex":2}, "broadcast":false}, {"pipelineId":4, "scannedPartition":{"dataUnitId":8, "partitionIndex":3}, "requiredPartitions":[], "outputPartition":{"dataUnitId":7, "partitionIndex":3}, "broadcast":false}]}, {"k":3, "v":[{"pipelineId":3, "scannedPartition":{"dataUnitId":6, "partitionIndex":0}, "requiredPartitions":[{"dataUnitId":3, "partitionIndex":0}], "outputPartition":{"dataUnitId":5, "partitionIndex":0}, "broadcast":false}, {"pipelineId":3, "scannedPartition":{"dataUnitId":6, "partitionIndex":1}, "requiredPartitions":[{"dataUnitId":3, "partitionIndex":0}], "outputPartition":{"dataUnitId":5, "partitionIndex":1}, "broadcast":false}, {"pipelineId":3, "scannedPartition":{"dataUnitId":6, "partitionIndex":2}, "requiredPartitions":[{"dataUnitId":3, "partitionIndex":0}], "outputPartition":{"dataUnitId":5, "partitionIndex":2}, "broadcast":false}, {"pipelineId":3, "scannedPartition":{"dataUnitId":6, "partitionIndex":3}, "requiredPartitions":[{"dataUnitId":3, "partitionIndex":0}], "outputPartition":{"dataUnitId":5, "partitionIndex":3}, "broadcast":false}]}, {"k":1, "v":[{"pipelineId":1, "scannedPartition":{"dataUnitId":0, "partitionIndex":0}, "requiredPartitions":[], "outputPartition":{"dataUnitId":2, "partitionIndex":0}, "broadcast":false}, {"pipelineId":1, "scannedPartition":{"dataUnitId":0, "partitionIndex":1}, "requiredPartitions":[], "outputPartition":{"dataUnitId":2, "partitionIndex":1}, "broadcast":false}, {"pipelineId":1, "scannedPartition":{"dataUnitId":0, "partitionIndex":2}, "requiredPartitions":[], "outputPartition":{"dataUnitId":2, "partitionIndex":2}, "broadcast":false}, {"pipelineId":1, "scannedPartition":{"dataUnitId":0, "partitionIndex":3}, "requiredPartitions":[], "outputPartition":{"dataUnitId":2, "partitionIndex":3}, "broadcast":false}]}, {"k":0, "v":[{"pipelineId":0, "scannedPartition":{"dataUnitId":1, "partitionIndex":0}, "requiredPartitions":[], "outputPartition":{"dataUnitId":0, "partitionIndex":0}, "broadcast":false}, {"pipelineId":0, "scannedPartition":{"dataUnitId":1, "partitionIndex":1}, "requiredPartitions":[], "outputPartition":{"dataUnitId":0, "partitionIndex":1}, "broadcast":false}, {"pipelineId":0, "scannedPartition":{"dataUnitId":1, "partitionIndex":2}, "requiredPartitions":[], "outputPartition":{"dataUnitId":0, "partitionIndex":2}, "broadcast":false}, {"pipelineId":0, "scannedPartition":{"dataUnitId":1, "partitionIndex":3}, "requiredPartitions":[], "outputPartition":{"dataUnitId":0, "partitionIndex":3}, "broadcast":false}]}], "broadcastTasks":[{"k":6, "v":{"pipelineId":6, "scannedPartition":{"dataUnitId":12, "partitionIndex":0}, "requiredPartitions":[], "outputPartition":{"dataUnitId":11, "partitionIndex":0}, "broadcast":true}}, {"k":2, "v":{"pipelineId":2, "scannedPartition":{"dataUnitId":4, "partitionIndex":0}, "requiredPartitions":[], "outputPartition":{"dataUnitId":3, "partitionIndex":0}, "broadcast":true}}], "initialPartitioning":{"owningNode":[{"k":{"dataUnitId":14, "partitionIndex":3}, "v":3}, {"k":{"dataUnitId":14, "partitionIndex":1}, "v":1}, {"k":{"dataUnitId":1, "partitionIndex":1}, "v":1}, {"k":{"dataUnitId":1, "partitionIndex":0}, "v":0}, {"k":{"dataUnitId":6, "partitionIndex":0}, "v":0}, {"k":{"dataUnitId":1, "partitionIndex":2}, "v":2}, {"k":{"dataUnitId":1, "partitionIndex":3}, "v":3}, {"k":{"dataUnitId":6, "partitionIndex":3}, "v":3}, {"k":{"dataUnitId":14, "partitionIndex":2}, "v":2}, {"k":{"dataUnitId":8, "partitionIndex":3}, "v":3}, {"k":{"dataUnitId":6, "partitionIndex":2}, "v":2}, {"k":{"dataUnitId":8, "partitionIndex":2}, "v":2}, {"k":{"dataUnitId":6, "partitionIndex":1}, "v":1}, {"k":{"dataUnitId":8, "partitionIndex":0}, "v":0}, {"k":{"dataUnitId":8, "partitionIndex":1}, "v":1}, {"k":{"dataUnitId":14, "partitionIndex":0}, "v":0}], "cachingNodes":[{"k":{"dataUnitId":14, "partitionIndex":3}, "v":[8]}, {"k":{"dataUnitId":14, "partitionIndex":1}, "v":[8]}, {"k":{"dataUnitId":1, "partitionIndex":1}, "v":[8]}, {"k":{"dataUnitId":1, "partitionIndex":0}, "v":[8]}, {"k":{"dataUnitId":6, "partitionIndex":0}, "v":[8]}, {"k":{"dataUnitId":1, "partitionIndex":2}, "v":[8]}, {"k":{"dataUnitId":1, "partitionIndex":3}, "v":[8]}, {"k":{"dataUnitId":6, "partitionIndex":3}, "v":[8]}, {"k":{"dataUnitId":14, "partitionIndex":2}, "v":[8]}, {"k":{"dataUnitId":8, "partitionIndex":3}, "v":[8]}, {"k":{"dataUnitId":6, "partitionIndex":2}, "v":[8]}, {"k":{"dataUnitId":8, "partitionIndex":2}, "v":[8]}, {"k":{"dataUnitId":6, "partitionIndex":1}, "v":[8]}, {"k":{"dataUnitId":8, "partitionIndex":0}, "v":[8]}, {"k":{"dataUnitId":8, "partitionIndex":1}, "v":[8]}, {"k":{"dataUnitId":14, "partitionIndex":0}, "v":[8]}], "nNodes":9}, "name":"c5n18xlargex8_rrall_4_q18", "resultNode":0, "nParallelTasks":10000}