{"cluster":{"nodes":[{"nCores":72, "memorySize":192, "networkSpeed":100, "networkLatency":0.00025}, {"nCores":72, "memorySize":192, "networkSpeed":100, "networkLatency":0.00025}, {"nCores":72, "memorySize":192, "networkSpeed":100, "networkLatency":0.00025}, {"nCores":72, "memorySize":192, "networkSpeed":100, "networkLatency":0.00025}, {"nCores":72, "memorySize":192, "networkSpeed":100, "networkLatency":0.00025}, {"nCores":72, "memorySize":192, "networkSpeed":100, "networkLatency":0.00025}, {"nCores":72, "memorySize":192, "networkSpeed":100, "networkLatency":0.00025}, {"nCores":72, "memorySize":192, "networkSpeed":100, "networkLatency":0.00025}, {"nCores":0, "memorySize":1e+06, "networkSpeed":1e+06, "networkLatency":0.1}], "storageService":true}, "plan":{"dataUnits":[{"name":"intermediate_0", "id":0, "estimatedCard":2, "isIntermediate":true, "attributes":[{"name":"c_custkey", "dataUnitId":0, "attributeIndex":0, "size":4}, {"name":"c_nationkey", "dataUnitId":0, "attributeIndex":1, "size":4}, {"name":"n_nationkey", "dataUnitId":0, "attributeIndex":2, "size":4}, {"name":"n_name", "dataUnitId":0, "attributeIndex":3, "size":1}], "partitionLayout":{"type":"broadcast", "nPartitions":1, "attributes":[]}}, {"name":"nation", "id":1, "estimatedCard":25, "isIntermediate":false, "attributes":[{"name":"n_nationkey", "dataUnitId":1, "attributeIndex":0, "size":4}, {"name":"n_name", "dataUnitId":1, "attributeIndex":1, "size":1}, {"name":"n_regionkey", "dataUnitId":1, "attributeIndex":2, "size":4}, {"name":"n_comment", "dataUnitId":1, "attributeIndex":3, "size":10}], "partitionLayout":{"type":"broadcast", "nPartitions":1, "attributes":[]}}, {"name":"intermediate_1", "id":2, "estimatedCard":12037.4858379364014, "isIntermediate":true, "attributes":[{"name":"c_custkey", "dataUnitId":2, "attributeIndex":0, "size":4}, {"name":"c_nationkey", "dataUnitId":2, "attributeIndex":1, "size":4}, {"name":"n_nationkey", "dataUnitId":2, "attributeIndex":2, "size":4}, {"name":"n_name", "dataUnitId":2, "attributeIndex":3, "size":1}], "partitionLayout":{"type":"hashpartitioned", "nPartitions":4, "attributes":[{"name":"c_custkey", "dataUnitId":2, "attributeIndex":0, "size":4}]}}, {"name":"customer", "id":3, "estimatedCard":150000, "isIntermediate":false, "attributes":[{"name":"c_custkey", "dataUnitId":3, "attributeIndex":0, "size":4}, {"name":"c_name", "dataUnitId":3, "attributeIndex":1, "size":10}, {"name":"c_address", "dataUnitId":3, "attributeIndex":2, "size":10}, {"name":"c_nationkey", "dataUnitId":3, "attributeIndex":3, "size":4}, {"name":"c_phone", "dataUnitId":3, "attributeIndex":4, "size":1}, {"name":"c_acctbal", "dataUnitId":3, "attributeIndex":5, "size":8}, {"name":"c_mktsegment", "dataUnitId":3, "attributeIndex":6, "size":1}, {"name":"c_comment", "dataUnitId":3, "attributeIndex":7, "size":10}], "partitionLayout":{"type":"hashpartitioned", "nPartitions":4, "attributes":[{"name":"c_custkey", "dataUnitId":3, "attributeIndex":0, "size":4}]}}, {"name":"intermediate_2", "id":4, "estimatedCard":12037.4858379364014, "isIntermediate":true, "attributes":[{"name":"o_orderkey", "dataUnitId":4, "attributeIndex":0, "size":4}, {"name":"o_custkey", "dataUnitId":4, "attributeIndex":1, "size":4}, {"name":"c_custkey", "dataUnitId":4, "attributeIndex":2, "size":4}, {"name":"c_nationkey", "dataUnitId":4, "attributeIndex":3, "size":4}, {"name":"n_nationkey", "dataUnitId":4, "attributeIndex":4, "size":4}, {"name":"n_name", "dataUnitId":4, "attributeIndex":5, "size":1}], "partitionLayout":{"type":"broadcast", "nPartitions":1, "attributes":[]}}, {"name":"intermediate_1_shuffled", "id":5, "estimatedCard":12037.4858379364014, "isIntermediate":true, "attributes":[{"name":"c_custkey", "dataUnitId":2, "attributeIndex":0, "size":4}, {"name":"c_nationkey", "dataUnitId":2, "attributeIndex":1, "size":4}, {"name":"n_nationkey", "dataUnitId":2, "attributeIndex":2, "size":4}, {"name":"n_name", "dataUnitId":2, "attributeIndex":3, "size":1}], "partitionLayout":{"type":"broadcast", "nPartitions":1, "attributes":[]}}, {"name":"intermediate_3", "id":6, "estimatedCard":2, "isIntermediate":true, "attributes":[{"name":"s_suppkey", "dataUnitId":6, "attributeIndex":0, "size":4}, {"name":"s_nationkey", "dataUnitId":6, "attributeIndex":1, "size":4}, {"name":"n_nationkey", "dataUnitId":6, "attributeIndex":2, "size":4}, {"name":"n_name", "dataUnitId":6, "attributeIndex":3, "size":1}], "partitionLayout":{"type":"broadcast", "nPartitions":1, "attributes":[]}}, {"name":"nation", "id":7, "estimatedCard":25, "isIntermediate":false, "attributes":[{"name":"n_nationkey", "dataUnitId":7, "attributeIndex":0, "size":4}, {"name":"n_name", "dataUnitId":7, "attributeIndex":1, "size":1}, {"name":"n_regionkey", "dataUnitId":7, "attributeIndex":2, "size":4}, {"name":"n_comment", "dataUnitId":7, "attributeIndex":3, "size":10}], "partitionLayout":{"type":"broadcast", "nPartitions":1, "attributes":[]}}, {"name":"intermediate_4", "id":8, "estimatedCard":803.514719009399414, "isIntermediate":true, "attributes":[{"name":"s_suppkey", "dataUnitId":8, "attributeIndex":0, "size":4}, {"name":"s_nationkey", "dataUnitId":8, "attributeIndex":1, "size":4}, {"name":"n_nationkey", "dataUnitId":8, "attributeIndex":2, "size":4}, {"name":"n_name", "dataUnitId":8, "attributeIndex":3, "size":1}], "partitionLayout":{"type":"hashpartitioned", "nPartitions":4, "attributes":[{"name":"s_suppkey", "dataUnitId":8, "attributeIndex":0, "size":4}]}}, {"name":"supplier", "id":9, "estimatedCard":10000, "isIntermediate":false, "attributes":[{"name":"s_suppkey", "dataUnitId":9, "attributeIndex":0, "size":4}, {"name":"s_name", "dataUnitId":9, "attributeIndex":1, "size":1}, {"name":"s_address", "dataUnitId":9, "attributeIndex":2, "size":10}, {"name":"s_nationkey", "dataUnitId":9, "attributeIndex":3, "size":4}, {"name":"s_phone", "dataUnitId":9, "attributeIndex":4, "size":1}, {"name":"s_acctbal", "dataUnitId":9, "attributeIndex":5, "size":8}, {"name":"s_comment", "dataUnitId":9, "attributeIndex":6, "size":10}], "partitionLayout":{"type":"hashpartitioned", "nPartitions":4, "attributes":[{"name":"s_suppkey", "dataUnitId":9, "attributeIndex":0, "size":4}]}}, {"name":"intermediate_5", "id":10, "estimatedCard":803.514719009399414, "isIntermediate":true, "attributes":[{"name":"s_suppkey", "dataUnitId":10, "attributeIndex":0, "size":4}, {"name":"s_nationkey", "dataUnitId":10, "attributeIndex":1, "size":4}, {"name":"l_orderkey", "dataUnitId":10, "attributeIndex":2, "size":4}, {"name":"l_suppkey", "dataUnitId":10, "attributeIndex":3, "size":4}, {"name":"l_extendedprice", "dataUnitId":10, "attributeIndex":4, "size":8}, {"name":"l_discount", "dataUnitId":10, "attributeIndex":5, "size":8}, {"name":"l_shipdate", "dataUnitId":10, "attributeIndex":6, "size":32}, {"name":"n_nationkey", "dataUnitId":10, "attributeIndex":7, "size":4}, {"name":"n_name", "dataUnitId":10, "attributeIndex":8, "size":1}], "partitionLayout":{"type":"broadcast", "nPartitions":1, "attributes":[]}}, {"name":"intermediate_4_shuffled", "id":11, "estimatedCard":803.514719009399414, "isIntermediate":true, "attributes":[{"name":"s_suppkey", "dataUnitId":8, "attributeIndex":0, "size":4}, {"name":"s_nationkey", "dataUnitId":8, "attributeIndex":1, "size":4}, {"name":"n_nationkey", "dataUnitId":8, "attributeIndex":2, "size":4}, {"name":"n_name", "dataUnitId":8, "attributeIndex":3, "size":1}], "partitionLayout":{"type":"broadcast", "nPartitions":1, "attributes":[]}}, {"name":"intermediate_6", "id":12, "estimatedCard":120374.858379364014, "isIntermediate":true, "attributes":[{"name":"o_orderkey", "dataUnitId":12, "attributeIndex":0, "size":4}, {"name":"o_custkey", "dataUnitId":12, "attributeIndex":1, "size":4}, {"name":"c_custkey", "dataUnitId":12, "attributeIndex":2, "size":4}, {"name":"c_nationkey", "dataUnitId":12, "attributeIndex":3, "size":4}, {"name":"n_nationkey", "dataUnitId":12, "attributeIndex":4, "size":4}, {"name":"n_name", "dataUnitId":12, "attributeIndex":5, "size":1}], "partitionLayout":{"type":"hashpartitioned", "nPartitions":4, "attributes":[{"name":"o_orderkey", "dataUnitId":12, "attributeIndex":0, "size":4}]}}, {"name":"orders", "id":13, "estimatedCard":1.5e+06, "isIntermediate":false, "attributes":[{"name":"o_orderkey", "dataUnitId":13, "attributeIndex":0, "size":4}, {"name":"o_custkey", "dataUnitId":13, "attributeIndex":1, "size":4}, {"name":"o_orderstatus", "dataUnitId":13, "attributeIndex":2, "size":1}, {"name":"o_totalprice", "dataUnitId":13, "attributeIndex":3, "size":8}, {"name":"o_orderdate", "dataUnitId":13, "attributeIndex":4, "size":32}, {"name":"o_orderpriority", "dataUnitId":13, "attributeIndex":5, "size":1}, {"name":"o_clerk", "dataUnitId":13, "attributeIndex":6, "size":1}, {"name":"o_shippriority", "dataUnitId":13, "attributeIndex":7, "size":4}, {"name":"o_comment", "dataUnitId":13, "attributeIndex":8, "size":10}], "partitionLayout":{"type":"hashpartitioned", "nPartitions":4, "attributes":[{"name":"o_orderkey", "dataUnitId":13, "attributeIndex":0, "size":4}]}}, {"name":"intermediate_7", "id":14, "estimatedCard":120374.858379364014, "isIntermediate":true, "attributes":[{"name":"s_suppkey", "dataUnitId":14, "attributeIndex":0, "size":4}, {"name":"s_nationkey", "dataUnitId":14, "attributeIndex":1, "size":4}, {"name":"l_orderkey", "dataUnitId":14, "attributeIndex":2, "size":4}, {"name":"l_suppkey", "dataUnitId":14, "attributeIndex":3, "size":4}, {"name":"l_extendedprice", "dataUnitId":14, "attributeIndex":4, "size":8}, {"name":"l_discount", "dataUnitId":14, "attributeIndex":5, "size":8}, {"name":"l_shipdate", "dataUnitId":14, "attributeIndex":6, "size":32}, {"name":"o_orderkey", "dataUnitId":14, "attributeIndex":7, "size":4}, {"name":"o_custkey", "dataUnitId":14, "attributeIndex":8, "size":4}, {"name":"c_custkey", "dataUnitId":14, "attributeIndex":9, "size":4}, {"name":"c_nationkey", "dataUnitId":14, "attributeIndex":10, "size":4}, {"name":"n_nationkey", "dataUnitId":14, "attributeIndex":11, "size":4}, {"name":"n_name", "dataUnitId":14, "attributeIndex":12, "size":1}, {"name":"n_nationkey", "dataUnitId":14, "attributeIndex":13, "size":4}, {"name":"n_name", "dataUnitId":14, "attributeIndex":14, "size":1}], "partitionLayout":{"type":"broadcast", "nPartitions":1, "attributes":[]}}, {"name":"intermediate_6_shuffled", "id":15, "estimatedCard":120374.858379364014, "isIntermediate":true, "attributes":[{"name":"o_orderkey", "dataUnitId":12, "attributeIndex":0, "size":4}, {"name":"o_custkey", "dataUnitId":12, "attributeIndex":1, "size":4}, {"name":"c_custkey", "dataUnitId":12, "attributeIndex":2, "size":4}, {"name":"c_nationkey", "dataUnitId":12, "attributeIndex":3, "size":4}, {"name":"n_nationkey", "dataUnitId":12, "attributeIndex":4, "size":4}, {"name":"n_name", "dataUnitId":12, "attributeIndex":5, "size":1}], "partitionLayout":{"type":"broadcast", "nPartitions":1, "attributes":[]}}, {"name":"intermediate_8", "id":16, "estimatedCard":2, "isIntermediate":true, "attributes":[{"name":"n_name", "dataUnitId":16, "attributeIndex":0, "size":1}, {"name":"n_name", "dataUnitId":16, "attributeIndex":1, "size":1}, {"name":"l_year", "dataUnitId":16, "attributeIndex":2, "size":4}, {"name":"sum(volume)", "dataUnitId":16, "attributeIndex":3, "size":16}], "partitionLayout":{"type":"hashpartitioned", "nPartitions":4, "attributes":[{"name":"l_orderkey", "dataUnitId":17, "attributeIndex":0, "size":4}]}}, {"name":"lineitem", "id":17, "estimatedCard":6001215, "isIntermediate":false, "attributes":[{"name":"l_orderkey", "dataUnitId":17, "attributeIndex":0, "size":4}, {"name":"l_partkey", "dataUnitId":17, "attributeIndex":1, "size":4}, {"name":"l_suppkey", "dataUnitId":17, "attributeIndex":2, "size":4}, {"name":"l_linenumber", "dataUnitId":17, "attributeIndex":3, "size":4}, {"name":"l_quantity", "dataUnitId":17, "attributeIndex":4, "size":8}, {"name":"l_extendedprice", "dataUnitId":17, "attributeIndex":5, "size":8}, {"name":"l_discount", "dataUnitId":17, "attributeIndex":6, "size":8}, {"name":"l_tax", "dataUnitId":17, "attributeIndex":7, "size":8}, {"name":"l_returnflag", "dataUnitId":17, "attributeIndex":8, "size":1}, {"name":"l_linestatus", "dataUnitId":17, "attributeIndex":9, "size":1}, {"name":"l_shipdate", "dataUnitId":17, "attributeIndex":10, "size":32}, {"name":"l_commitdate", "dataUnitId":17, "attributeIndex":11, "size":32}, {"name":"l_receiptdate", "dataUnitId":17, "attributeIndex":12, "size":32}, {"name":"l_shipinstruct", "dataUnitId":17, "attributeIndex":13, "size":1}, {"name":"l_shipmode", "dataUnitId":17, "attributeIndex":14, "size":1}, {"name":"l_comment", "dataUnitId":17, "attributeIndex":15, "size":10}], "partitionLayout":{"type":"hashpartitioned", "nPartitions":4, "attributes":[{"name":"l_orderkey", "dataUnitId":17, "attributeIndex":0, "size":4}]}}, {"name":"intermediate_9", "id":18, "estimatedCard":2, "isIntermediate":true, "attributes":[{"name":"n_name", "dataUnitId":18, "attributeIndex":0, "size":1}, {"name":"n_name", "dataUnitId":18, "attributeIndex":1, "size":1}, {"name":"l_year", "dataUnitId":18, "attributeIndex":2, "size":4}, {"name":"sum(volume)", "dataUnitId":18, "attributeIndex":3, "size":16}], "partitionLayout":{"type":"singlenode", "nPartitions":1, "attributes":[]}}, {"name":"intermediate_8_shuffled", "id":19, "estimatedCard":2, "isIntermediate":true, "attributes":[{"name":"n_name", "dataUnitId":16, "attributeIndex":0, "size":1}, {"name":"n_name", "dataUnitId":16, "attributeIndex":1, "size":1}, {"name":"l_year", "dataUnitId":16, "attributeIndex":2, "size":4}, {"name":"sum(volume)", "dataUnitId":16, "attributeIndex":3, "size":16}], "partitionLayout":{"type":"singlenode", "nPartitions":1, "attributes":[]}}, {"name":"intermediate_10", "id":20, "estimatedCard":2, "isIntermediate":true, "attributes":[{"name":"n_name", "dataUnitId":20, "attributeIndex":0, "size":1}, {"name":"n_name", "dataUnitId":20, "attributeIndex":1, "size":1}, {"name":"l_year", "dataUnitId":20, "attributeIndex":2, "size":4}, {"name":"sum(volume)", "dataUnitId":20, "attributeIndex":3, "size":16}], "partitionLayout":{"type":"singlenode", "nPartitions":1, "attributes":[]}}], "pipelines":[{"id":0, "scan":1, "output":0, "estimatedLoad":2.50640270827856756e-07, "requiredData":[]}, {"id":1, "scan":3, "output":2, "estimatedLoad":5.96513761621716e-10, "requiredData":[0]}, {"id":2, "scan":5, "output":4, "estimatedLoad":1.47532920285708467e-08, "requiredData":[]}, {"id":3, "scan":7, "output":6, "estimatedLoad":2.21094075991825965e-07, "requiredData":[]}, {"id":4, "scan":9, "output":8, "estimatedLoad":4.23226070259752728e-09, "requiredData":[6]}, {"id":5, "scan":11, "output":10, "estimatedLoad":4.91494698015523068e-08, "requiredData":[]}, {"id":6, "scan":13, "output":12, "estimatedLoad":4.28507508661479415e-10, "requiredData":[4]}, {"id":7, "scan":15, "output":14, "estimatedLoad":9.76690013772220728e-09, "requiredData":[]}, {"id":8, "scan":17, "output":16, "estimatedLoad":4.83704458815119204e-10, "requiredData":[10, 14]}, {"id":9, "scan":19, "output":18, "estimatedLoad":2.1103308722987544e-05, "requiredData":[]}, {"id":10, "scan":18, "output":20, "estimatedLoad":4.80141942197144211e-06, "requiredData":[]}], "shuffleStages":[{"from":16, "to":19}, {"from":12, "to":15}, {"from":8, "to":11}, {"from":2, "to":5}], "dependencyOrder":[0, 1, 2, 3, 4, 5, 6, 7, 8, 9, 10]}, "tasks":[{"k":10, "v":[{"pipelineId":10, "scannedPartition":{"dataUnitId":18, "partitionIndex":0}, "requiredPartitions":[], "outputPartition":{"dataUnitId":20, "partitionIndex":0}, "broadcast":false}]}, {"k":9, "v":[{"pipelineId":9, "scannedPartition":{"dataUnitId":19, "partitionIndex":0}, "requiredPartitions":[], "outputPartition":{"dataUnitId":18, "partitionIndex":0}, "broadcast":false}]}, {"k":8, "v":[{"pipelineId":8, "scannedPartition":{"dataUnitId":17, "partitionIndex":0}, "requiredPartitions":[{"dataUnitId":10, "partitionIndex":0}, {"dataUnitId":14, "partitionIndex":0}], "outputPartition":{"dataUnitId":16, "partitionIndex":0}, "broadcast":false}, {"pipelineId":8, "scannedPartition":{"dataUnitId":17, "partitionIndex":1}, "requiredPartitions":[{"dataUnitId":10, "partitionIndex":0}, {"dataUnitId":14, "partitionIndex":0}], "outputPartition":{"dataUnitId":16, "partitionIndex":1}, "broadcast":false}, {"pipelineId":8, "scannedPartition":{"dataUnitId":17, "partitionIndex":2}, "requiredPartitions":[{"dataUnitId":10, "partitionIndex":0}, {"dataUnitId":14, "partitionIndex":0}], "outputPartition":{"dataUnitId":16, "partitionIndex":2}, "broadcast":false}, {"pipelineId":8, "scannedPartition":{"dataUnitId":17, "partitionIndex":3}, "requiredPartitions":[{"dataUnitId":10, "partitionIndex":0}, {"dataUnitId":14, "partitionIndex":0}], "outputPartition":{"dataUnitId":16, "partitionIndex":3}, "broadcast":false}]}, {"k":6, "v":[{"pipelineId":6, "scannedPartition":{"dataUnitId":13, "partitionIndex":0}, "requiredPartitions":[{"dataUnitId":4, "partitionIndex":0}], "outputPartition":{"dataUnitId":12, "partitionIndex":0}, "broadcast":false}, {"pipelineId":6, "scannedPartition":{"dataUnitId":13, "partitionIndex":1}, "requiredPartitions":[{"dataUnitId":4, "partitionIndex":0}], "outputPartition":{"dataUnitId":12, "partitionIndex":1}, "broadcast":false}, {"pipelineId":6, "scannedPartition":{"dataUnitId":13, "partitionIndex":2}, "requiredPartitions":[{"dataUnitId":4, "partitionIndex":0}], "outputPartition":{"dataUnitId":12, "partitionIndex":2}, "broadcast":false}, {"pipelineId":6, "scannedPartition":{"dataUnitId":13, "partitionIndex":3}, "requiredPartitions":[{"dataUnitId":4, "partitionIndex":0}], "outputPartition":{"dataUnitId":12, "partitionIndex":3}, "broadcast":false}]}, {"k":4, "v":[{"pipelineId":4, "scannedPartition":{"dataUnitId":9, "partitionIndex":0}, "requiredPartitions":[{"dataUnitId":6, "partitionIndex":0}], "outputPartition":{"dataUnitId":8, "partitionIndex":0}, "broadcast":false}, {"pipelineId":4, "scannedPartition":{"dataUnitId":9, "partitionIndex":1}, "requiredPartitions":[{"dataUnitId":6, "partitionIndex":0}], "outputPartition":{"dataUnitId":8, "partitionIndex":1}, "broadcast":false}, {"pipelineId":4, "scannedPartition":{"dataUnitId":9, "partitionIndex":2}, "requiredPartitions":[{"dataUnitId":6, "partitionIndex":0}], "outputPartition":{"dataUnitId":8, "partitionIndex":2}, "broadcast":false}, {"pipelineId":4, "scannedPartition":{"dataUnitId":9, "partitionIndex":3}, "requiredPartitions":[{"dataUnitId":6, "partitionIndex":0}], "outputPartition":{"dataUnitId":8, "partitionIndex":3}, "broadcast":false}]}, {"k":1, "v":[{"pipelineId":1, "scannedPartition":{"dataUnitId":3, "partitionIndex":0}, "requiredPartitions":[{"dataUnitId":0, "partitionIndex":0}], "outputPartition":{"dataUnitId":2, "partitionIndex":0}, "broadcast":false}, {"pipelineId":1, "scannedPartition":{"dataUnitId":3, "partitionIndex":1}, "requiredPartitions":[{"dataUnitId":0, "partitionIndex":0}], "outputPartition":{"dataUnitId":2, "partitionIndex":1}, "broadcast":false}, {"pipelineId":1, "scannedPartition":{"dataUnitId":3, "partitionIndex":2}, "requiredPartitions":[{"dataUnitId":0, "partitionIndex":0}], "outputPartition":{"dataUnitId":2, "partitionIndex":2}, "broadcast":false}, {"pipelineId":1, "scannedPartition":{"dataUnitId":3, "partitionIndex":3}, "requiredPartitions":[{"dataUnitId":0, "partitionIndex":0}], "outputPartition":{"dataUnitId":2, "partitionIndex":3}, "broadcast":false}]}], "broadcastTasks":[{"k":7, "v":{"pipelineId":7, "scannedPartition":{"dataUnitId":15, "partitionIndex":0}, "requiredPartitions":[], "outputPartition":{"dataUnitId":14, "partitionIndex":0}, "broadcast":true}}, {"k":5, "v":{"pipelineId":5, "scannedPartition":{"dataUnitId":11, "partitionIndex":0}, "requiredPartitions":[], "outputPartition":{"dataUnitId":10, "partitionIndex":0}, "broadcast":true}}, {"k":3, "v":{"pipelineId":3, "scannedPartition":{"dataUnitId":7, "partitionIndex":0}, "requiredPartitions":[], "outputPartition":{"dataUnitId":6, "partitionIndex":0}, "broadcast":true}}, {"k":2, "v":{"pipelineId":2, "scannedPartition":{"dataUnitId":5, "partitionIndex":0}, "requiredPartitions":[], "outputPartition":{"dataUnitId":4, "partitionIndex":0}, "broadcast":true}}, {"k":0, "v":{"pipelineId":0, "scannedPartition":{"dataUnitId":1, "partitionIndex":0}, "requiredPartitions":[], "outputPartition":{"dataUnitId":0, "partitionIndex":0}, "broadcast":true}}], "initialPartitioning":{"owningNode":[{"k":{"dataUnitId":17, "partitionIndex":3}, "v":3}, {"k":{"dataUnitId":17, "partitionIndex":2}, "v":2}, {"k":{"dataUnitId":17, "partitionIndex":1}, "v":1}, {"k":{"dataUnitId":17, "partitionIndex":0}, "v":0}, {"k":{"dataUnitId":7, "partitionIndex":0}, "v":0}, {"k":{"dataUnitId":1, "partitionIndex":0}, "v":0}, {"k":{"dataUnitId":3, "partitionIndex":0}, "v":0}, {"k":{"dataUnitId":13, "partitionIndex":2}, "v":2}, {"k":{"dataUnitId":3, "partitionIndex":1}, "v":1}, {"k":{"dataUnitId":3, "partitionIndex":2}, "v":2}, {"k":{"dataUnitId":3, "partitionIndex":3}, "v":3}, {"k":{"dataUnitId":9, "partitionIndex":2}, "v":2}, {"k":{"dataUnitId":13, "partitionIndex":1}, "v":1}, {"k":{"dataUnitId":9, "partitionIndex":0}, "v":0}, {"k":{"dataUnitId":13, "partitionIndex":3}, "v":3}, {"k":{"dataUnitId":9, "partitionIndex":1}, "v":1}, {"k":{"dataUnitId":9, "partitionIndex":3}, "v":3}, {"k":{"dataUnitId":13, "partitionIndex":0}, "v":0}], "cachingNodes":[{"k":{"dataUnitId":17, "partitionIndex":3}, "v":[8]}, {"k":{"dataUnitId":17, "partitionIndex":2}, "v":[8]}, {"k":{"dataUnitId":17, "partitionIndex":1}, "v":[8]}, {"k":{"dataUnitId":17, "partitionIndex":0}, "v":[8]}, {"k":{"dataUnitId":7, "partitionIndex":0}, "v":[7, 6, 5, 4, 3, 2, 1]}, {"k":{"dataUnitId":1, "partitionIndex":0}, "v":[7, 6, 5, 4, 3, 2, 1]}, {"k":{"dataUnitId":3, "partitionIndex":0}, "v":[8]}, {"k":{"dataUnitId":13, "partitionIndex":2}, "v":[8]}, {"k":{"dataUnitId":3, "partitionIndex":1}, "v":[8]}, {"k":{"dataUnitId":3, "partitionIndex":2}, "v":[8]}, {"k":{"dataUnitId":3, "partitionIndex":3}, "v":[8]}, {"k":{"dataUnitId":9, "partitionIndex":2}, "v":[8]}, {"k":{"dataUnitId":13, "partitionIndex":1}, "v":[8]}, {"k":{"dataUnitId":9, "partitionIndex":0}, "v":[8]}, {"k":{"dataUnitId":13, "partitionIndex":3}, "v":[8]}, {"k":{"dataUnitId":9, "partitionIndex":1}, "v":[8]}, {"k":{"dataUnitId":9, "partitionIndex":3}, "v":[8]}, {"k":{"dataUnitId":13, "partitionIndex":0}, "v":[8]}], "nNodes":9}, "name":"c5n18xlargex8_rrall_4_q7", "resultNode":0, "nParallelTasks":10000}