{"cluster":{"nodes":[{"nCores":72, "memorySize":192, "networkSpeed":100, "networkLatency":0.00025}, {"nCores":72, "memorySize":192, "networkSpeed":100, "networkLatency":0.00025}, {"nCores":72, "memorySize":192, "networkSpeed":100, "networkLatency":0.00025}, {"nCores":72, "memorySize":192, "networkSpeed":100, "networkLatency":0.00025}, {"nCores":72, "memorySize":192, "networkSpeed":100, "networkLatency":0.00025}, {"nCores":72, "memorySize":192, "networkSpeed":100, "networkLatency":0.00025}, {"nCores":72, "memorySize":192, "networkSpeed":100, "networkLatency":0.00025}, {"nCores":72, "memorySize":192, "networkSpeed":100, "networkLatency":0.00025}, {"nCores":0, "memorySize":1e+06, "networkSpeed":1e+06, "networkLatency":0.1}], "storageService":true}, "plan":{"dataUnits":[{"name":"intermediate_0", "id":0, "estimatedCard":1, "isIntermediate":true, "attributes":[{"name":"n_nationkey", "dataUnitId":0, "attributeIndex":0, "size":4}, {"name":"n_regionkey", "dataUnitId":0, "attributeIndex":1, "size":4}, {"name":"r_regionkey", "dataUnitId":0, "attributeIndex":2, "size":4}], "partitionLayout":{"type":"singlenode", "nPartitions":1, "attributes":[]}}, {"name":"region", "id":1, "estimatedCard":5, "isIntermediate":false, "attributes":[{"name":"r_regionkey", "dataUnitId":1, "attributeIndex":0, "size":4}, {"name":"r_name", "dataUnitId":1, "attributeIndex":1, "size":1}, {"name":"r_comment", "dataUnitId":1, "attributeIndex":2, "size":10}], "partitionLayout":{"type":"broadcast", "nPartitions":1, "attributes":[]}}, {"name":"intermediate_1", "id":2, "estimatedCard":1952.99999999999977, "isIntermediate":true, "attributes":[{"name":"p_partkey", "dataUnitId":2, "attributeIndex":0, "size":4}], "partitionLayout":{"type":"hashpartitioned", "nPartitions":2, "attributes":[{"name":"p_partkey", "dataUnitId":2, "attributeIndex":0, "size":4}]}}, {"name":"part", "id":3, "estimatedCard":200000, "isIntermediate":false, "attributes":[{"name":"p_partkey", "dataUnitId":3, "attributeIndex":0, "size":4}, {"name":"p_name", "dataUnitId":3, "attributeIndex":1, "size":10}, {"name":"p_mfgr", "dataUnitId":3, "attributeIndex":2, "size":1}, {"name":"p_brand", "dataUnitId":3, "attributeIndex":3, "size":1}, {"name":"p_type", "dataUnitId":3, "attributeIndex":4, "size":10}, {"name":"p_size", "dataUnitId":3, "attributeIndex":5, "size":4}, {"name":"p_container", "dataUnitId":3, "attributeIndex":6, "size":1}, {"name":"p_retailprice", "dataUnitId":3, "attributeIndex":7, "size":8}, {"name":"p_comment", "dataUnitId":3, "attributeIndex":8, "size":10}], "partitionLayout":{"type":"hashpartitioned", "nPartitions":2, "attributes":[{"name":"p_partkey", "dataUnitId":3, "attributeIndex":0, "size":4}]}}, {"name":"intermediate_2", "id":4, "estimatedCard":1952.99999999999977, "isIntermediate":true, "attributes":[{"name":"p_partkey", "dataUnitId":4, "attributeIndex":0, "size":4}, {"name":"l_orderkey", "dataUnitId":4, "attributeIndex":1, "size":4}, {"name":"l_partkey", "dataUnitId":4, "attributeIndex":2, "size":4}, {"name":"l_suppkey", "dataUnitId":4, "attributeIndex":3, "size":4}, {"name":"l_extendedprice", "dataUnitId":4, "attributeIndex":4, "size":8}, {"name":"l_discount", "dataUnitId":4, "attributeIndex":5, "size":8}], "partitionLayout":{"type":"broadcast", "nPartitions":1, "attributes":[]}}, {"name":"intermediate_1_shuffled", "id":5, "estimatedCard":1952.99999999999977, "isIntermediate":true, "attributes":[{"name":"p_partkey", "dataUnitId":2, "attributeIndex":0, "size":4}], "partitionLayout":{"type":"broadcast", "nPartitions":1, "attributes":[]}}, {"name":"intermediate_3", "id":6, "estimatedCard":55929.8515322747844, "isIntermediate":true, "attributes":[{"name":"p_partkey", "dataUnitId":6, "attributeIndex":0, "size":4}, {"name":"l_orderkey", "dataUnitId":6, "attributeIndex":1, "size":4}, {"name":"l_partkey", "dataUnitId":6, "attributeIndex":2, "size":4}, {"name":"l_suppkey", "dataUnitId":6, "attributeIndex":3, "size":4}, {"name":"l_extendedprice", "dataUnitId":6, "attributeIndex":4, "size":8}, {"name":"l_discount", "dataUnitId":6, "attributeIndex":5, "size":8}], "partitionLayout":{"type":"hashpartitioned", "nPartitions":2, "attributes":[{"name":"l_orderkey", "dataUnitId":6, "attributeIndex":1, "size":4}]}}, {"name":"lineitem", "id":7, "estimatedCard":6001215, "isIntermediate":false, "attributes":[{"name":"l_orderkey", "dataUnitId":7, "attributeIndex":0, "size":4}, {"name":"l_partkey", "dataUnitId":7, "attributeIndex":1, "size":4}, {"name":"l_suppkey", "dataUnitId":7, "attributeIndex":2, "size":4}, {"name":"l_linenumber", "dataUnitId":7, "attributeIndex":3, "size":4}, {"name":"l_quantity", "dataUnitId":7, "attributeIndex":4, "size":8}, {"name":"l_extendedprice", "dataUnitId":7, "attributeIndex":5, "size":8}, {"name":"l_discount", "dataUnitId":7, "attributeIndex":6, "size":8}, {"name":"l_tax", "dataUnitId":7, "attributeIndex":7, "size":8}, {"name":"l_returnflag", "dataUnitId":7, "attributeIndex":8, "size":1}, {"name":"l_linestatus", "dataUnitId":7, "attributeIndex":9, "size":1}, {"name":"l_shipdate", "dataUnitId":7, "attributeIndex":10, "size":32}, {"name":"l_commitdate", "dataUnitId":7, "attributeIndex":11, "size":32}, {"name":"l_receiptdate", "dataUnitId":7, "attributeIndex":12, "size":32}, {"name":"l_shipinstruct", "dataUnitId":7, "attributeIndex":13, "size":1}, {"name":"l_shipmode", "dataUnitId":7, "attributeIndex":14, "size":1}, {"name":"l_comment", "dataUnitId":7, "attributeIndex":15, "size":10}], "partitionLayout":{"type":"hashpartitioned", "nPartitions":2, "attributes":[{"name":"l_orderkey", "dataUnitId":7, "attributeIndex":0, "size":4}]}}, {"name":"intermediate_4", "id":8, "estimatedCard":55929.8515322747844, "isIntermediate":true, "attributes":[{"name":"p_partkey", "dataUnitId":8, "attributeIndex":0, "size":4}, {"name":"l_orderkey", "dataUnitId":8, "attributeIndex":1, "size":4}, {"name":"l_partkey", "dataUnitId":8, "attributeIndex":2, "size":4}, {"name":"l_suppkey", "dataUnitId":8, "attributeIndex":3, "size":4}, {"name":"l_extendedprice", "dataUnitId":8, "attributeIndex":4, "size":8}, {"name":"l_discount", "dataUnitId":8, "attributeIndex":5, "size":8}, {"name":"o_orderkey", "dataUnitId":8, "attributeIndex":6, "size":4}, {"name":"o_custkey", "dataUnitId":8, "attributeIndex":7, "size":4}, {"name":"o_orderdate", "dataUnitId":8, "attributeIndex":8, "size":32}], "partitionLayout":{"type":"broadcast", "nPartitions":1, "attributes":[]}}, {"name":"intermediate_3_shuffled", "id":9, "estimatedCard":55929.8515322747844, "isIntermediate":true, "attributes":[{"name":"p_partkey", "dataUnitId":6, "attributeIndex":0, "size":4}, {"name":"l_orderkey", "dataUnitId":6, "attributeIndex":1, "size":4}, {"name":"l_partkey", "dataUnitId":6, "attributeIndex":2, "size":4}, {"name":"l_suppkey", "dataUnitId":6, "attributeIndex":3, "size":4}, {"name":"l_extendedprice", "dataUnitId":6, "attributeIndex":4, "size":8}, {"name":"l_discount", "dataUnitId":6, "attributeIndex":5, "size":8}], "partitionLayout":{"type":"broadcast", "nPartitions":1, "attributes":[]}}, {"name":"intermediate_5", "id":10, "estimatedCard":18542.0213079846872, "isIntermediate":true, "attributes":[{"name":"p_partkey", "dataUnitId":10, "attributeIndex":0, "size":4}, {"name":"l_orderkey", "dataUnitId":10, "attributeIndex":1, "size":4}, {"name":"l_partkey", "dataUnitId":10, "attributeIndex":2, "size":4}, {"name":"l_suppkey", "dataUnitId":10, "attributeIndex":3, "size":4}, {"name":"l_extendedprice", "dataUnitId":10, "attributeIndex":4, "size":8}, {"name":"l_discount", "dataUnitId":10, "attributeIndex":5, "size":8}, {"name":"o_orderkey", "dataUnitId":10, "attributeIndex":6, "size":4}, {"name":"o_custkey", "dataUnitId":10, "attributeIndex":7, "size":4}, {"name":"o_orderdate", "dataUnitId":10, "attributeIndex":8, "size":32}], "partitionLayout":{"type":"hashpartitioned", "nPartitions":2, "attributes":[{"name":"o_orderkey", "dataUnitId":10, "attributeIndex":6, "size":4}]}}, {"name":"orders", "id":11, "estimatedCard":1.5e+06, "isIntermediate":false, "attributes":[{"name":"o_orderkey", "dataUnitId":11, "attributeIndex":0, "size":4}, {"name":"o_custkey", "dataUnitId":11, "attributeIndex":1, "size":4}, {"name":"o_orderstatus", "dataUnitId":11, "attributeIndex":2, "size":1}, {"name":"o_totalprice", "dataUnitId":11, "attributeIndex":3, "size":8}, {"name":"o_orderdate", "dataUnitId":11, "attributeIndex":4, "size":32}, {"name":"o_orderpriority", "dataUnitId":11, "attributeIndex":5, "size":1}, {"name":"o_clerk", "dataUnitId":11, "attributeIndex":6, "size":1}, {"name":"o_shippriority", "dataUnitId":11, "attributeIndex":7, "size":4}, {"name":"o_comment", "dataUnitId":11, "attributeIndex":8, "size":10}], "partitionLayout":{"type":"hashpartitioned", "nPartitions":2, "attributes":[{"name":"o_orderkey", "dataUnitId":11, "attributeIndex":0, "size":4}]}}, {"name":"intermediate_6", "id":12, "estimatedCard":18542.0213079846872, "isIntermediate":true, "attributes":[{"name":"p_partkey", "dataUnitId":12, "attributeIndex":0, "size":4}, {"name":"l_orderkey", "dataUnitId":12, "attributeIndex":1, "size":4}, {"name":"l_partkey", "dataUnitId":12, "attributeIndex":2, "size":4}, {"name":"l_suppkey", "dataUnitId":12, "attributeIndex":3, "size":4}, {"name":"l_extendedprice", "dataUnitId":12, "attributeIndex":4, "size":8}, {"name":"l_discount", "dataUnitId":12, "attributeIndex":5, "size":8}, {"name":"o_orderkey", "dataUnitId":12, "attributeIndex":6, "size":4}, {"name":"o_custkey", "dataUnitId":12, "attributeIndex":7, "size":4}, {"name":"o_orderdate", "dataUnitId":12, "attributeIndex":8, "size":32}, {"name":"c_custkey", "dataUnitId":12, "attributeIndex":9, "size":4}, {"name":"c_nationkey", "dataUnitId":12, "attributeIndex":10, "size":4}], "partitionLayout":{"type":"singlenode", "nPartitions":1, "attributes":[]}}, {"name":"intermediate_5_shuffled", "id":13, "estimatedCard":18542.0213079846872, "isIntermediate":true, "attributes":[{"name":"p_partkey", "dataUnitId":10, "attributeIndex":0, "size":4}, {"name":"l_orderkey", "dataUnitId":10, "attributeIndex":1, "size":4}, {"name":"l_partkey", "dataUnitId":10, "attributeIndex":2, "size":4}, {"name":"l_suppkey", "dataUnitId":10, "attributeIndex":3, "size":4}, {"name":"l_extendedprice", "dataUnitId":10, "attributeIndex":4, "size":8}, {"name":"l_discount", "dataUnitId":10, "attributeIndex":5, "size":8}, {"name":"o_orderkey", "dataUnitId":10, "attributeIndex":6, "size":4}, {"name":"o_custkey", "dataUnitId":10, "attributeIndex":7, "size":4}, {"name":"o_orderdate", "dataUnitId":10, "attributeIndex":8, "size":32}], "partitionLayout":{"type":"singlenode", "nPartitions":1, "attributes":[]}}, {"name":"intermediate_7", "id":14, "estimatedCard":5.01334518194198608, "isIntermediate":true, "attributes":[{"name":"p_partkey", "dataUnitId":14, "attributeIndex":0, "size":4}, {"name":"l_orderkey", "dataUnitId":14, "attributeIndex":1, "size":4}, {"name":"l_partkey", "dataUnitId":14, "attributeIndex":2, "size":4}, {"name":"l_suppkey", "dataUnitId":14, "attributeIndex":3, "size":4}, {"name":"l_extendedprice", "dataUnitId":14, "attributeIndex":4, "size":8}, {"name":"l_discount", "dataUnitId":14, "attributeIndex":5, "size":8}, {"name":"o_orderkey", "dataUnitId":14, "attributeIndex":6, "size":4}, {"name":"o_custkey", "dataUnitId":14, "attributeIndex":7, "size":4}, {"name":"o_orderdate", "dataUnitId":14, "attributeIndex":8, "size":32}, {"name":"c_custkey", "dataUnitId":14, "attributeIndex":9, "size":4}, {"name":"c_nationkey", "dataUnitId":14, "attributeIndex":10, "size":4}, {"name":"n_nationkey", "dataUnitId":14, "attributeIndex":11, "size":4}, {"name":"n_regionkey", "dataUnitId":14, "attributeIndex":12, "size":4}, {"name":"r_regionkey", "dataUnitId":14, "attributeIndex":13, "size":4}], "partitionLayout":{"type":"singlenode", "nPartitions":1, "attributes":[]}}, {"name":"nation", "id":15, "estimatedCard":25, "isIntermediate":false, "attributes":[{"name":"n_nationkey", "dataUnitId":15, "attributeIndex":0, "size":4}, {"name":"n_name", "dataUnitId":15, "attributeIndex":1, "size":1}, {"name":"n_regionkey", "dataUnitId":15, "attributeIndex":2, "size":4}, {"name":"n_comment", "dataUnitId":15, "attributeIndex":3, "size":10}], "partitionLayout":{"type":"broadcast", "nPartitions":1, "attributes":[]}}, {"name":"intermediate_8", "id":16, "estimatedCard":3684.6281073408386, "isIntermediate":true, "attributes":[{"name":"p_partkey", "dataUnitId":16, "attributeIndex":0, "size":4}, {"name":"s_suppkey", "dataUnitId":16, "attributeIndex":1, "size":4}, {"name":"s_nationkey", "dataUnitId":16, "attributeIndex":2, "size":4}, {"name":"l_orderkey", "dataUnitId":16, "attributeIndex":3, "size":4}, {"name":"l_partkey", "dataUnitId":16, "attributeIndex":4, "size":4}, {"name":"l_suppkey", "dataUnitId":16, "attributeIndex":5, "size":4}, {"name":"l_extendedprice", "dataUnitId":16, "attributeIndex":6, "size":8}, {"name":"l_discount", "dataUnitId":16, "attributeIndex":7, "size":8}, {"name":"o_orderkey", "dataUnitId":16, "attributeIndex":8, "size":4}, {"name":"o_custkey", "dataUnitId":16, "attributeIndex":9, "size":4}, {"name":"o_orderdate", "dataUnitId":16, "attributeIndex":10, "size":32}, {"name":"c_custkey", "dataUnitId":16, "attributeIndex":11, "size":4}, {"name":"c_nationkey", "dataUnitId":16, "attributeIndex":12, "size":4}, {"name":"n_nationkey", "dataUnitId":16, "attributeIndex":13, "size":4}, {"name":"n_regionkey", "dataUnitId":16, "attributeIndex":14, "size":4}, {"name":"r_regionkey", "dataUnitId":16, "attributeIndex":15, "size":4}], "partitionLayout":{"type":"singlenode", "nPartitions":1, "attributes":[]}}, {"name":"customer", "id":17, "estimatedCard":150000, "isIntermediate":false, "attributes":[{"name":"c_custkey", "dataUnitId":17, "attributeIndex":0, "size":4}, {"name":"c_name", "dataUnitId":17, "attributeIndex":1, "size":10}, {"name":"c_address", "dataUnitId":17, "attributeIndex":2, "size":10}, {"name":"c_nationkey", "dataUnitId":17, "attributeIndex":3, "size":4}, {"name":"c_phone", "dataUnitId":17, "attributeIndex":4, "size":1}, {"name":"c_acctbal", "dataUnitId":17, "attributeIndex":5, "size":8}, {"name":"c_mktsegment", "dataUnitId":17, "attributeIndex":6, "size":1}, {"name":"c_comment", "dataUnitId":17, "attributeIndex":7, "size":10}], "partitionLayout":{"type":"hashpartitioned", "nPartitions":2, "attributes":[{"name":"c_custkey", "dataUnitId":17, "attributeIndex":0, "size":4}]}}, {"name":"customer_shuffled", "id":18, "estimatedCard":150000, "isIntermediate":true, "attributes":[{"name":"c_custkey", "dataUnitId":17, "attributeIndex":0, "size":4}, {"name":"c_name", "dataUnitId":17, "attributeIndex":1, "size":10}, {"name":"c_address", "dataUnitId":17, "attributeIndex":2, "size":10}, {"name":"c_nationkey", "dataUnitId":17, "attributeIndex":3, "size":4}, {"name":"c_phone", "dataUnitId":17, "attributeIndex":4, "size":1}, {"name":"c_acctbal", "dataUnitId":17, "attributeIndex":5, "size":8}, {"name":"c_mktsegment", "dataUnitId":17, "attributeIndex":6, "size":1}, {"name":"c_comment", "dataUnitId":17, "attributeIndex":7, "size":10}], "partitionLayout":{"type":"singlenode", "nPartitions":1, "attributes":[]}}, {"name":"intermediate_9", "id":19, "estimatedCard":25, "isIntermediate":true, "attributes":[{"name":"p_partkey", "dataUnitId":19, "attributeIndex":0, "size":4}, {"name":"s_suppkey", "dataUnitId":19, "attributeIndex":1, "size":4}, {"name":"s_nationkey", "dataUnitId":19, "attributeIndex":2, "size":4}, {"name":"l_orderkey", "dataUnitId":19, "attributeIndex":3, "size":4}, {"name":"l_partkey", "dataUnitId":19, "attributeIndex":4, "size":4}, {"name":"l_suppkey", "dataUnitId":19, "attributeIndex":5, "size":4}, {"name":"l_extendedprice", "dataUnitId":19, "attributeIndex":6, "size":8}, {"name":"l_discount", "dataUnitId":19, "attributeIndex":7, "size":8}, {"name":"o_orderkey", "dataUnitId":19, "attributeIndex":8, "size":4}, {"name":"o_custkey", "dataUnitId":19, "attributeIndex":9, "size":4}, {"name":"o_orderdate", "dataUnitId":19, "attributeIndex":10, "size":32}, {"name":"c_custkey", "dataUnitId":19, "attributeIndex":11, "size":4}, {"name":"c_nationkey", "dataUnitId":19, "attributeIndex":12, "size":4}, {"name":"n_nationkey", "dataUnitId":19, "attributeIndex":13, "size":4}, {"name":"n_regionkey", "dataUnitId":19, "attributeIndex":14, "size":4}, {"name":"n_nationkey", "dataUnitId":19, "attributeIndex":15, "size":4}, {"name":"n_name", "dataUnitId":19, "attributeIndex":16, "size":1}, {"name":"r_regionkey", "dataUnitId":19, "attributeIndex":17, "size":4}], "partitionLayout":{"type":"singlenode", "nPartitions":1, "attributes":[]}}, {"name":"nation", "id":20, "estimatedCard":25, "isIntermediate":false, "attributes":[{"name":"n_nationkey", "dataUnitId":20, "attributeIndex":0, "size":4}, {"name":"n_name", "dataUnitId":20, "attributeIndex":1, "size":1}, {"name":"n_regionkey", "dataUnitId":20, "attributeIndex":2, "size":4}, {"name":"n_comment", "dataUnitId":20, "attributeIndex":3, "size":10}], "partitionLayout":{"type":"broadcast", "nPartitions":1, "attributes":[]}}, {"name":"intermediate_10", "id":21, "estimatedCard":1.97944444140242126, "isIntermediate":true, "attributes":[{"name":"o_year", "dataUnitId":21, "attributeIndex":0, "size":4}, {"name":"sum()", "dataUnitId":21, "attributeIndex":1, "size":16}, {"name":"sum(volume)", "dataUnitId":21, "attributeIndex":2, "size":16}], "partitionLayout":{"type":"singlenode", "nPartitions":1, "attributes":[]}}, {"name":"supplier", "id":22, "estimatedCard":10000, "isIntermediate":false, "attributes":[{"name":"s_suppkey", "dataUnitId":22, "attributeIndex":0, "size":4}, {"name":"s_name", "dataUnitId":22, "attributeIndex":1, "size":1}, {"name":"s_address", "dataUnitId":22, "attributeIndex":2, "size":10}, {"name":"s_nationkey", "dataUnitId":22, "attributeIndex":3, "size":4}, {"name":"s_phone", "dataUnitId":22, "attributeIndex":4, "size":1}, {"name":"s_acctbal", "dataUnitId":22, "attributeIndex":5, "size":8}, {"name":"s_comment", "dataUnitId":22, "attributeIndex":6, "size":10}], "partitionLayout":{"type":"hashpartitioned", "nPartitions":2, "attributes":[{"name":"s_suppkey", "dataUnitId":22, "attributeIndex":0, "size":4}]}}, {"name":"supplier_shuffled", "id":23, "estimatedCard":10000, "isIntermediate":true, "attributes":[{"name":"s_suppkey", "dataUnitId":22, "attributeIndex":0, "size":4}, {"name":"s_name", "dataUnitId":22, "attributeIndex":1, "size":1}, {"name":"s_address", "dataUnitId":22, "attributeIndex":2, "size":10}, {"name":"s_nationkey", "dataUnitId":22, "attributeIndex":3, "size":4}, {"name":"s_phone", "dataUnitId":22, "attributeIndex":4, "size":1}, {"name":"s_acctbal", "dataUnitId":22, "attributeIndex":5, "size":8}, {"name":"s_comment", "dataUnitId":22, "attributeIndex":6, "size":10}], "partitionLayout":{"type":"singlenode", "nPartitions":1, "attributes":[]}}, {"name":"intermediate_11", "id":24, "estimatedCard":1.97944444140242126, "isIntermediate":true, "attributes":[{"name":"o_year", "dataUnitId":24, "attributeIndex":0, "size":4}, {"name":"sum()", "dataUnitId":24, "attributeIndex":1, "size":16}, {"name":"sum(volume)", "dataUnitId":24, "attributeIndex":2, "size":16}], "partitionLayout":{"type":"singlenode", "nPartitions":1, "attributes":[]}}, {"name":"intermediate_12", "id":25, "estimatedCard":1.97944444140242126, "isIntermediate":true, "attributes":[{"name":"o_year", "dataUnitId":25, "attributeIndex":0, "size":4}, {"name":"sum()", "dataUnitId":25, "attributeIndex":1, "size":16}, {"name":"sum(volume)", "dataUnitId":25, "attributeIndex":2, "size":16}], "partitionLayout":{"type":"singlenode", "nPartitions":1, "attributes":[]}}], "pipelines":[{"id":0, "scan":1, "output":0, "estimatedLoad":6.8134813911788e-07, "requiredData":[]}, {"id":1, "scan":3, "output":2, "estimatedLoad":3.89450898637912458e-10, "requiredData":[]}, {"id":2, "scan":5, "output":4, "estimatedLoad":4.13079177729864835e-08, "requiredData":[]}, {"id":3, "scan":7, "output":6, "estimatedLoad":2.2672008901303307e-10, "requiredData":[4]}, {"id":4, "scan":9, "output":8, "estimatedLoad":1.05717504825608524e-08, "requiredData":[]}, {"id":5, "scan":11, "output":10, "estimatedLoad":7.35108645140547519e-10, "requiredData":[8]}, {"id":6, "scan":13, "output":12, "estimatedLoad":1.42685429556171893e-08, "requiredData":[]}, {"id":7, "scan":15, "output":14, "estimatedLoad":2.96282374199083063e-07, "requiredData":[0]}, {"id":8, "scan":18, "output":16, "estimatedLoad":1.88986236950966877e-09, "requiredData":[12, 14]}, {"id":9, "scan":20, "output":19, "estimatedLoad":3.98992687732402451e-07, "requiredData":[]}, {"id":10, "scan":23, "output":21, "estimatedLoad":1.20314572258214525e-08, "requiredData":[16, 19]}, {"id":11, "scan":21, "output":24, "estimatedLoad":1.76851996461720251e-05, "requiredData":[]}, {"id":12, "scan":24, "output":25, "estimatedLoad":4.57305393970822562e-06, "requiredData":[]}], "shuffleStages":[{"from":22, "to":23}, {"from":17, "to":18}, {"from":10, "to":13}, {"from":6, "to":9}, {"from":2, "to":5}], "dependencyOrder":[0, 1, 2, 3, 4, 5, 6, 7, 8, 9, 10, 11, 12]}, "tasks":[{"k":12, "v":[{"pipelineId":12, "scannedPartition":{"dataUnitId":24, "partitionIndex":0}, "requiredPartitions":[], "outputPartition":{"dataUnitId":25, "partitionIndex":0}, "broadcast":false}]}, {"k":11, "v":[{"pipelineId":11, "scannedPartition":{"dataUnitId":21, "partitionIndex":0}, "requiredPartitions":[], "outputPartition":{"dataUnitId":24, "partitionIndex":0}, "broadcast":false}]}, {"k":10, "v":[{"pipelineId":10, "scannedPartition":{"dataUnitId":23, "partitionIndex":0}, "requiredPartitions":[{"dataUnitId":16, "partitionIndex":0}, {"dataUnitId":19, "partitionIndex":0}], "outputPartition":{"dataUnitId":21, "partitionIndex":0}, "broadcast":false}]}, {"k":9, "v":[{"pipelineId":9, "scannedPartition":{"dataUnitId":20, "partitionIndex":0}, "requiredPartitions":[], "outputPartition":{"dataUnitId":19, "partitionIndex":0}, "broadcast":false}]}, {"k":8, "v":[{"pipelineId":8, "scannedPartition":{"dataUnitId":18, "partitionIndex":0}, "requiredPartitions":[{"dataUnitId":12, "partitionIndex":0}, {"dataUnitId":14, "partitionIndex":0}], "outputPartition":{"dataUnitId":16, "partitionIndex":0}, "broadcast":false}]}, {"k":7, "v":[{"pipelineId":7, "scannedPartition":{"dataUnitId":15, "partitionIndex":0}, "requiredPartitions":[{"dataUnitId":0, "partitionIndex":0}], "outputPartition":{"dataUnitId":14, "partitionIndex":0}, "broadcast":false}]}, {"k":6, "v":[{"pipelineId":6, "scannedPartition":{"dataUnitId":13, "partitionIndex":0}, "requiredPartitions":[], "outputPartition":{"dataUnitId":12, "partitionIndex":0}, "broadcast":false}]}, {"k":5, "v":[{"pipelineId":5, "scannedPartition":{"dataUnitId":11, "partitionIndex":0}, "requiredPartitions":[{"dataUnitId":8, "partitionIndex":0}], "outputPartition":{"dataUnitId":10, "partitionIndex":0}, "broadcast":false}, {"pipelineId":5, "scannedPartition":{"dataUnitId":11, "partitionIndex":1}, "requiredPartitions":[{"dataUnitId":8, "partitionIndex":0}], "outputPartition":{"dataUnitId":10, "partitionIndex":1}, "broadcast":false}]}, {"k":3, "v":[{"pipelineId":3, "scannedPartition":{"dataUnitId":7, "partitionIndex":0}, "requiredPartitions":[{"dataUnitId":4, "partitionIndex":0}], "outputPartition":{"dataUnitId":6, "partitionIndex":0}, "broadcast":false}, {"pipelineId":3, "scannedPartition":{"dataUnitId":7, "partitionIndex":1}, "requiredPartitions":[{"dataUnitId":4, "partitionIndex":0}], "outputPartition":{"dataUnitId":6, "partitionIndex":1}, "broadcast":false}]}, {"k":1, "v":[{"pipelineId":1, "scannedPartition":{"dataUnitId":3, "partitionIndex":0}, "requiredPartitions":[], "outputPartition":{"dataUnitId":2, "partitionIndex":0}, "broadcast":false}, {"pipelineId":1, "scannedPartition":{"dataUnitId":3, "partitionIndex":1}, "requiredPartitions":[], "outputPartition":{"dataUnitId":2, "partitionIndex":1}, "broadcast":false}]}, {"k":0, "v":[{"pipelineId":0, "scannedPartition":{"dataUnitId":1, "partitionIndex":0}, "requiredPartitions":[], "outputPartition":{"dataUnitId":0, "partitionIndex":0}, "broadcast":false}]}], "broadcastTasks":[{"k":4, "v":{"pipelineId":4, "scannedPartition":{"dataUnitId":9, "partitionIndex":0}, "requiredPartitions":[], "outputPartition":{"dataUnitId":8, "partitionIndex":0}, "broadcast":true}}, {"k":2, "v":{"pipelineId":2, "scannedPartition":{"dataUnitId":5, "partitionIndex":0}, "requiredPartitions":[], "outputPartition":{"dataUnitId":4, "partitionIndex":0}, "broadcast":true}}], "initialPartitioning":{"owningNode":[{"k":{"dataUnitId":22, "partitionIndex":1}, "v":1}, {"k":{"dataUnitId":22, "partitionIndex":0}, "v":0}, {"k":{"dataUnitId":20, "partitionIndex":0}, "v":0}, {"k":{"dataUnitId":15, "partitionIndex":0}, "v":0}, {"k":{"dataUnitId":11, "partitionIndex":1}, "v":1}, {"k":{"dataUnitId":11, "partitionIndex":0}, "v":0}, {"k":{"dataUnitId":7, "partitionIndex":1}, "v":1}, {"k":{"dataUnitId":17, "partitionIndex":1}, "v":1}, {"k":{"dataUnitId":3, "partitionIndex":1}, "v":1}, {"k":{"dataUnitId":3, "partitionIndex":0}, "v":0}, {"k":{"dataUnitId":17, "partitionIndex":0}, "v":0}, {"k":{"dataUnitId":7, "partitionIndex":0}, "v":0}, {"k":{"dataUnitId":1, "partitionIndex":0}, "v":0}], "cachingNodes":[{"k":{"dataUnitId":22, "partitionIndex":1}, "v":[8]}, {"k":{"dataUnitId":22, "partitionIndex":0}, "v":[8]}, {"k":{"dataUnitId":20, "partitionIndex":0}, "v":[7, 6, 5, 4, 3, 2, 1]}, {"k":{"dataUnitId":15, "partitionIndex":0}, "v":[7, 6, 5, 4, 3, 2, 1]}, {"k":{"dataUnitId":11, "partitionIndex":1}, "v":[8]}, {"k":{"dataUnitId":11, "partitionIndex":0}, "v":[8]}, {"k":{"dataUnitId":7, "partitionIndex":1}, "v":[8]}, {"k":{"dataUnitId":17, "partitionIndex":1}, "v":[8]}, {"k":{"dataUnitId":3, "partitionIndex":1}, "v":[8]}, {"k":{"dataUnitId":3, "partitionIndex":0}, "v":[8]}, {"k":{"dataUnitId":17, "partitionIndex":0}, "v":[8]}, {"k":{"dataUnitId":7, "partitionIndex":0}, "v":[8]}, {"k":{"dataUnitId":1, "partitionIndex":0}, "v":[7, 6, 5, 4, 3, 2, 1]}], "nNodes":9}, "name":"c5n18xlargex8_rrall_2_q8", "resultNode":0, "nParallelTasks":10000}