{"cluster":{"nodes":[{"nCores":72, "memorySize":192, "networkSpeed":100, "networkLatency":0.00025}, {"nCores":72, "memorySize":192, "networkSpeed":100, "networkLatency":0.00025}, {"nCores":72, "memorySize":192, "networkSpeed":100, "networkLatency":0.00025}, {"nCores":72, "memorySize":192, "networkSpeed":100, "networkLatency":0.00025}, {"nCores":72, "memorySize":192, "networkSpeed":100, "networkLatency":0.00025}, {"nCores":72, "memorySize":192, "networkSpeed":100, "networkLatency":0.00025}, {"nCores":72, "memorySize":192, "networkSpeed":100, "networkLatency":0.00025}, {"nCores":72, "memorySize":192, "networkSpeed":100, "networkLatency":0.00025}, {"nCores":0, "memorySize":1e+06, "networkSpeed":1e+06, "networkLatency":0.1}], "storageService":true}, "plan":{"dataUnits":[{"name":"intermediate_0", "id":0, "estimatedCard":1, "isIntermediate":true, "attributes":[{"name":"sum()", "dataUnitId":0, "attributeIndex":0, "size":16}], "partitionLayout":{"type":"hashpartitioned", "nPartitions":2, "attributes":[{"name":"l_orderkey", "dataUnitId":1, "attributeIndex":0, "size":4}]}}, {"name":"lineitem", "id":1, "estimatedCard":6001215, "isIntermediate":false, "attributes":[{"name":"l_orderkey", "dataUnitId":1, "attributeIndex":0, "size":4}, {"name":"l_partkey", "dataUnitId":1, "attributeIndex":1, "size":4}, {"name":"l_suppkey", "dataUnitId":1, "attributeIndex":2, "size":4}, {"name":"l_linenumber", "dataUnitId":1, "attributeIndex":3, "size":4}, {"name":"l_quantity", "dataUnitId":1, "attributeIndex":4, "size":8}, {"name":"l_extendedprice", "dataUnitId":1, "attributeIndex":5, "size":8}, {"name":"l_discount", "dataUnitId":1, "attributeIndex":6, "size":8}, {"name":"l_tax", "dataUnitId":1, "attributeIndex":7, "size":8}, {"name":"l_returnflag", "dataUnitId":1, "attributeIndex":8, "size":1}, {"name":"l_linestatus", "dataUnitId":1, "attributeIndex":9, "size":1}, {"name":"l_shipdate", "dataUnitId":1, "attributeIndex":10, "size":32}, {"name":"l_commitdate", "dataUnitId":1, "attributeIndex":11, "size":32}, {"name":"l_receiptdate", "dataUnitId":1, "attributeIndex":12, "size":32}, {"name":"l_shipinstruct", "dataUnitId":1, "attributeIndex":13, "size":1}, {"name":"l_shipmode", "dataUnitId":1, "attributeIndex":14, "size":1}, {"name":"l_comment", "dataUnitId":1, "attributeIndex":15, "size":10}], "partitionLayout":{"type":"hashpartitioned", "nPartitions":2, "attributes":[{"name":"l_orderkey", "dataUnitId":1, "attributeIndex":0, "size":4}]}}, {"name":"intermediate_1", "id":2, "estimatedCard":1, "isIntermediate":true, "attributes":[{"name":"sum()", "dataUnitId":2, "attributeIndex":0, "size":16}], "partitionLayout":{"type":"singlenode", "nPartitions":1, "attributes":[]}}, {"name":"intermediate_0_shuffled", "id":3, "estimatedCard":1, "isIntermediate":true, "attributes":[{"name":"sum()", "dataUnitId":0, "attributeIndex":0, "size":16}], "partitionLayout":{"type":"singlenode", "nPartitions":1, "attributes":[]}}], "pipelines":[{"id":0, "scan":1, "output":0, "estimatedLoad":1.18340143623331657e-10, "requiredData":[]}, {"id":1, "scan":3, "output":2, "estimatedLoad":1.11209639796182229e-06, "requiredData":[]}], "shuffleStages":[{"from":0, "to":3}], "dependencyOrder":[0, 1]}, "tasks":[{"k":1, "v":[{"pipelineId":1, "scannedPartition":{"dataUnitId":3, "partitionIndex":0}, "requiredPartitions":[], "outputPartition":{"dataUnitId":2, "partitionIndex":0}, "broadcast":false}]}, {"k":0, "v":[{"pipelineId":0, "scannedPartition":{"dataUnitId":1, "partitionIndex":0}, "requiredPartitions":[], "outputPartition":{"dataUnitId":0, "partitionIndex":0}, "broadcast":false}, {"pipelineId":0, "scannedPartition":{"dataUnitId":1, "partitionIndex":1}, "requiredPartitions":[], "outputPartition":{"dataUnitId":0, "partitionIndex":1}, "broadcast":false}]}], "broadcastTasks":[], "initialPartitioning":{"owningNode":[{"k":{"dataUnitId":1, "partitionIndex":1}, "v":1}, {"k":{"dataUnitId":1, "partitionIndex":0}, "v":0}], "cachingNodes":[{"k":{"dataUnitId":1, "partitionIndex":1}, "v":[8]}, {"k":{"dataUnitId":1, "partitionIndex":0}, "v":[8]}], "nNodes":9}, "name":"c5n18xlargex8_rrall_2_q6", "resultNode":0, "nParallelTasks":10000}