{"cluster":{"nodes":[{"nCores":72, "memorySize":192, "networkSpeed":100, "networkLatency":0.00025}, {"nCores":72, "memorySize":192, "networkSpeed":100, "networkLatency":0.00025}, {"nCores":72, "memorySize":192, "networkSpeed":100, "networkLatency":0.00025}, {"nCores":72, "memorySize":192, "networkSpeed":100, "networkLatency":0.00025}, {"nCores":72, "memorySize":192, "networkSpeed":100, "networkLatency":0.00025}, {"nCores":72, "memorySize":192, "networkSpeed":100, "networkLatency":0.00025}, {"nCores":72, "memorySize":192, "networkSpeed":100, "networkLatency":0.00025}, {"nCores":72, "memorySize":192, "networkSpeed":100, "networkLatency":0.00025}, {"nCores":72, "memorySize":192, "networkSpeed":100, "networkLatency":0.00025}, {"nCores":72, "memorySize":192, "networkSpeed":100, "networkLatency":0.00025}, {"nCores":72, "memorySize":192, "networkSpeed":100, "networkLatency":0.00025}, {"nCores":72, "memorySize":192, "networkSpeed":100, "networkLatency":0.00025}, {"nCores":72, "memorySize":192, "networkSpeed":100, "networkLatency":0.00025}, {"nCores":72, "memorySize":192, "networkSpeed":100, "networkLatency":0.00025}, {"nCores":72, "memorySize":192, "networkSpeed":100, "networkLatency":0.00025}, {"nCores":72, "memorySize":192, "networkSpeed":100, "networkLatency":0.00025}, {"nCores":0, "memorySize":1e+06, "networkSpeed":1e+06, "networkLatency":0.1}], "storageService":true}, "plan":{"dataUnits":[{"name":"intermediate_0", "id":0, "estimatedCard":1, "isIntermediate":true, "attributes":[{"name":"s_suppkey", "dataUnitId":0, "attributeIndex":0, "size":4}, {"name":"s_nationkey", "dataUnitId":0, "attributeIndex":1, "size":4}, {"name":"n_nationkey", "dataUnitId":0, "attributeIndex":2, "size":4}], "partitionLayout":{"type":"broadcast", "nPartitions":1, "attributes":[]}}, {"name":"nation", "id":1, "estimatedCard":25, "isIntermediate":false, "attributes":[{"name":"n_nationkey", "dataUnitId":1, "attributeIndex":0, "size":4}, {"name":"n_name", "dataUnitId":1, "attributeIndex":1, "size":1}, {"name":"n_regionkey", "dataUnitId":1, "attributeIndex":2, "size":4}, {"name":"n_comment", "dataUnitId":1, "attributeIndex":3, "size":10}], "partitionLayout":{"type":"broadcast", "nPartitions":1, "attributes":[]}}, {"name":"intermediate_1", "id":2, "estimatedCard":401.574373245239258, "isIntermediate":true, "attributes":[{"name":"s_suppkey", "dataUnitId":2, "attributeIndex":0, "size":4}, {"name":"s_nationkey", "dataUnitId":2, "attributeIndex":1, "size":4}, {"name":"n_nationkey", "dataUnitId":2, "attributeIndex":2, "size":4}], "partitionLayout":{"type":"hashpartitioned", "nPartitions":64, "attributes":[{"name":"s_suppkey", "dataUnitId":2, "attributeIndex":0, "size":4}]}}, {"name":"supplier", "id":3, "estimatedCard":10000, "isIntermediate":false, "attributes":[{"name":"s_suppkey", "dataUnitId":3, "attributeIndex":0, "size":4}, {"name":"s_name", "dataUnitId":3, "attributeIndex":1, "size":1}, {"name":"s_address", "dataUnitId":3, "attributeIndex":2, "size":10}, {"name":"s_nationkey", "dataUnitId":3, "attributeIndex":3, "size":4}, {"name":"s_phone", "dataUnitId":3, "attributeIndex":4, "size":1}, {"name":"s_acctbal", "dataUnitId":3, "attributeIndex":5, "size":8}, {"name":"s_comment", "dataUnitId":3, "attributeIndex":6, "size":10}], "partitionLayout":{"type":"hashpartitioned", "nPartitions":64, "attributes":[{"name":"s_suppkey", "dataUnitId":3, "attributeIndex":0, "size":4}]}}, {"name":"intermediate_2", "id":4, "estimatedCard":401.574373245239258, "isIntermediate":true, "attributes":[{"name":"ps_partkey", "dataUnitId":4, "attributeIndex":0, "size":4}, {"name":"ps_suppkey", "dataUnitId":4, "attributeIndex":1, "size":4}, {"name":"ps_availqty", "dataUnitId":4, "attributeIndex":2, "size":4}, {"name":"ps_supplycost", "dataUnitId":4, "attributeIndex":3, "size":8}, {"name":"s_suppkey", "dataUnitId":4, "attributeIndex":4, "size":4}, {"name":"s_nationkey", "dataUnitId":4, "attributeIndex":5, "size":4}, {"name":"n_nationkey", "dataUnitId":4, "attributeIndex":6, "size":4}], "partitionLayout":{"type":"broadcast", "nPartitions":1, "attributes":[]}}, {"name":"intermediate_1_shuffled", "id":5, "estimatedCard":401.574373245239258, "isIntermediate":true, "attributes":[{"name":"s_suppkey", "dataUnitId":2, "attributeIndex":0, "size":4}, {"name":"s_nationkey", "dataUnitId":2, "attributeIndex":1, "size":4}, {"name":"n_nationkey", "dataUnitId":2, "attributeIndex":2, "size":4}], "partitionLayout":{"type":"broadcast", "nPartitions":1, "attributes":[]}}, {"name":"intermediate_3", "id":6, "estimatedCard":32492.5685341356293, "isIntermediate":true, "attributes":[{"name":"ps_partkey", "dataUnitId":6, "attributeIndex":0, "size":4}, {"name":"ps_suppkey", "dataUnitId":6, "attributeIndex":1, "size":4}, {"name":"ps_availqty", "dataUnitId":6, "attributeIndex":2, "size":4}, {"name":"ps_supplycost", "dataUnitId":6, "attributeIndex":3, "size":8}, {"name":"s_suppkey", "dataUnitId":6, "attributeIndex":4, "size":4}, {"name":"s_nationkey", "dataUnitId":6, "attributeIndex":5, "size":4}, {"name":"n_nationkey", "dataUnitId":6, "attributeIndex":6, "size":4}], "partitionLayout":{"type":"hashpartitioned", "nPartitions":64, "attributes":[{"name":"ps_partkey", "dataUnitId":6, "attributeIndex":0, "size":4}]}}, {"name":"partsupp", "id":7, "estimatedCard":800000, "isIntermediate":false, "attributes":[{"name":"ps_partkey", "dataUnitId":7, "attributeIndex":0, "size":4}, {"name":"ps_suppkey", "dataUnitId":7, "attributeIndex":1, "size":4}, {"name":"ps_availqty", "dataUnitId":7, "attributeIndex":2, "size":4}, {"name":"ps_supplycost", "dataUnitId":7, "attributeIndex":3, "size":8}, {"name":"ps_comment", "dataUnitId":7, "attributeIndex":4, "size":10}], "partitionLayout":{"type":"hashpartitioned", "nPartitions":64, "attributes":[{"name":"ps_partkey", "dataUnitId":7, "attributeIndex":0, "size":4}]}}, {"name":"intermediate_4", "id":8, "estimatedCard":29243.3116807220686, "isIntermediate":true, "attributes":[{"name":"ps_partkey", "dataUnitId":8, "attributeIndex":0, "size":4}, {"name":"sum()", "dataUnitId":8, "attributeIndex":1, "size":16}], "partitionLayout":{"type":"singlenode", "nPartitions":1, "attributes":[]}}, {"name":"intermediate_3_shuffled", "id":9, "estimatedCard":32492.5685341356293, "isIntermediate":true, "attributes":[{"name":"ps_partkey", "dataUnitId":6, "attributeIndex":0, "size":4}, {"name":"ps_suppkey", "dataUnitId":6, "attributeIndex":1, "size":4}, {"name":"ps_availqty", "dataUnitId":6, "attributeIndex":2, "size":4}, {"name":"ps_supplycost", "dataUnitId":6, "attributeIndex":3, "size":8}, {"name":"s_suppkey", "dataUnitId":6, "attributeIndex":4, "size":4}, {"name":"s_nationkey", "dataUnitId":6, "attributeIndex":5, "size":4}, {"name":"n_nationkey", "dataUnitId":6, "attributeIndex":6, "size":4}], "partitionLayout":{"type":"singlenode", "nPartitions":1, "attributes":[]}}, {"name":"intermediate_5", "id":10, "estimatedCard":1, "isIntermediate":true, "attributes":[{"name":"sum()", "dataUnitId":10, "attributeIndex":0, "size":16}], "partitionLayout":{"type":"singlenode", "nPartitions":1, "attributes":[]}}, {"name":"intermediate_6", "id":11, "estimatedCard":1, "isIntermediate":true, "attributes":[{"name":"ps_partkey", "dataUnitId":11, "attributeIndex":0, "size":4}, {"name":"sum()", "dataUnitId":11, "attributeIndex":1, "size":16}, {"name":"sum()", "dataUnitId":11, "attributeIndex":2, "size":16}], "partitionLayout":{"type":"singlenode", "nPartitions":1, "attributes":[]}}, {"name":"intermediate_7", "id":12, "estimatedCard":7713.82509407573707, "isIntermediate":true, "attributes":[{"name":"ps_partkey", "dataUnitId":12, "attributeIndex":0, "size":4}, {"name":"sum()", "dataUnitId":12, "attributeIndex":1, "size":16}, {"name":"sum()", "dataUnitId":12, "attributeIndex":2, "size":16}], "partitionLayout":{"type":"singlenode", "nPartitions":1, "attributes":[]}}, {"name":"intermediate_8", "id":13, "estimatedCard":7713.82509407573707, "isIntermediate":true, "attributes":[{"name":"ps_partkey", "dataUnitId":13, "attributeIndex":0, "size":4}, {"name":"sum()", "dataUnitId":13, "attributeIndex":1, "size":16}, {"name":"sum()", "dataUnitId":13, "attributeIndex":2, "size":16}], "partitionLayout":{"type":"singlenode", "nPartitions":1, "attributes":[]}}], "pipelines":[{"id":0, "scan":1, "output":0, "estimatedLoad":1.89806798708372074e-07, "requiredData":[]}, {"id":1, "scan":3, "output":2, "estimatedLoad":4.23058812592103479e-09, "requiredData":[0]}, {"id":2, "scan":5, "output":4, "estimatedLoad":5.19838954091044864e-08, "requiredData":[]}, {"id":3, "scan":7, "output":6, "estimatedLoad":3.02786701311974552e-10, "requiredData":[4]}, {"id":4, "scan":9, "output":8, "estimatedLoad":2.05537200273720255e-06, "requiredData":[]}, {"id":5, "scan":9, "output":10, "estimatedLoad":4.78503698639140047e-09, "requiredData":[]}, {"id":6, "scan":10, "output":11, "estimatedLoad":1.37757296388917794e-06, "requiredData":[]}, {"id":7, "scan":8, "output":12, "estimatedLoad":3.33576598581564623e-08, "requiredData":[11]}, {"id":8, "scan":12, "output":13, "estimatedLoad":2.90022580136294143e-06, "requiredData":[]}], "shuffleStages":[{"from":6, "to":9}, {"from":2, "to":5}], "dependencyOrder":[0, 1, 2, 3, 4, 5, 6, 7, 8]}, "tasks":[{"k":8, "v":[{"pipelineId":8, "scannedPartition":{"dataUnitId":12, "partitionIndex":0}, "requiredPartitions":[], "outputPartition":{"dataUnitId":13, "partitionIndex":0}, "broadcast":false}]}, {"k":7, "v":[{"pipelineId":7, "scannedPartition":{"dataUnitId":8, "partitionIndex":0}, "requiredPartitions":[{"dataUnitId":11, "partitionIndex":0}], "outputPartition":{"dataUnitId":12, "partitionIndex":0}, "broadcast":false}]}, {"k":6, "v":[{"pipelineId":6, "scannedPartition":{"dataUnitId":10, "partitionIndex":0}, "requiredPartitions":[], "outputPartition":{"dataUnitId":11, "partitionIndex":0}, "broadcast":false}]}, {"k":5, "v":[{"pipelineId":5, "scannedPartition":{"dataUnitId":9, "partitionIndex":0}, "requiredPartitions":[], "outputPartition":{"dataUnitId":10, "partitionIndex":0}, "broadcast":false}]}, {"k":4, "v":[{"pipelineId":4, "scannedPartition":{"dataUnitId":9, "partitionIndex":0}, "requiredPartitions":[], "outputPartition":{"dataUnitId":8, "partitionIndex":0}, "broadcast":false}]}, {"k":3, "v":[{"pipelineId":3, "scannedPartition":{"dataUnitId":7, "partitionIndex":0}, "requiredPartitions":[{"dataUnitId":4, "partitionIndex":0}], "outputPartition":{"dataUnitId":6, "partitionIndex":0}, "broadcast":false}, {"pipelineId":3, "scannedPartition":{"dataUnitId":7, "partitionIndex":1}, "requiredPartitions":[{"dataUnitId":4, "partitionIndex":0}], "outputPartition":{"dataUnitId":6, "partitionIndex":1}, "broadcast":false}, {"pipelineId":3, "scannedPartition":{"dataUnitId":7, "partitionIndex":2}, "requiredPartitions":[{"dataUnitId":4, "partitionIndex":0}], "outputPartition":{"dataUnitId":6, "partitionIndex":2}, "broadcast":false}, {"pipelineId":3, "scannedPartition":{"dataUnitId":7, "partitionIndex":3}, "requiredPartitions":[{"dataUnitId":4, "partitionIndex":0}], "outputPartition":{"dataUnitId":6, "partitionIndex":3}, "broadcast":false}, {"pipelineId":3, "scannedPartition":{"dataUnitId":7, "partitionIndex":4}, "requiredPartitions":[{"dataUnitId":4, "partitionIndex":0}], "outputPartition":{"dataUnitId":6, "partitionIndex":4}, "broadcast":false}, {"pipelineId":3, "scannedPartition":{"dataUnitId":7, "partitionIndex":5}, "requiredPartitions":[{"dataUnitId":4, "partitionIndex":0}], "outputPartition":{"dataUnitId":6, "partitionIndex":5}, "broadcast":false}, {"pipelineId":3, "scannedPartition":{"dataUnitId":7, "partitionIndex":6}, "requiredPartitions":[{"dataUnitId":4, "partitionIndex":0}], "outputPartition":{"dataUnitId":6, "partitionIndex":6}, "broadcast":false}, {"pipelineId":3, "scannedPartition":{"dataUnitId":7, "partitionIndex":7}, "requiredPartitions":[{"dataUnitId":4, "partitionIndex":0}], "outputPartition":{"dataUnitId":6, "partitionIndex":7}, "broadcast":false}, {"pipelineId":3, "scannedPartition":{"dataUnitId":7, "partitionIndex":8}, "requiredPartitions":[{"dataUnitId":4, "partitionIndex":0}], "outputPartition":{"dataUnitId":6, "partitionIndex":8}, "broadcast":false}, {"pipelineId":3, "scannedPartition":{"dataUnitId":7, "partitionIndex":9}, "requiredPartitions":[{"dataUnitId":4, "partitionIndex":0}], "outputPartition":{"dataUnitId":6, "partitionIndex":9}, "broadcast":false}, {"pipelineId":3, "scannedPartition":{"dataUnitId":7, "partitionIndex":10}, "requiredPartitions":[{"dataUnitId":4, "partitionIndex":0}], "outputPartition":{"dataUnitId":6, "partitionIndex":10}, "broadcast":false}, {"pipelineId":3, "scannedPartition":{"dataUnitId":7, "partitionIndex":11}, "requiredPartitions":[{"dataUnitId":4, "partitionIndex":0}], "outputPartition":{"dataUnitId":6, "partitionIndex":11}, "broadcast":false}, {"pipelineId":3, "scannedPartition":{"dataUnitId":7, "partitionIndex":12}, "requiredPartitions":[{"dataUnitId":4, "partitionIndex":0}], "outputPartition":{"dataUnitId":6, "partitionIndex":12}, "broadcast":false}, {"pipelineId":3, "scannedPartition":{"dataUnitId":7, "partitionIndex":13}, "requiredPartitions":[{"dataUnitId":4, "partitionIndex":0}], "outputPartition":{"dataUnitId":6, "partitionIndex":13}, "broadcast":false}, {"pipelineId":3, "scannedPartition":{"dataUnitId":7, "partitionIndex":14}, "requiredPartitions":[{"dataUnitId":4, "partitionIndex":0}], "outputPartition":{"dataUnitId":6, "partitionIndex":14}, "broadcast":false}, {"pipelineId":3, "scannedPartition":{"dataUnitId":7, "partitionIndex":15}, "requiredPartitions":[{"dataUnitId":4, "partitionIndex":0}], "outputPartition":{"dataUnitId":6, "partitionIndex":15}, "broadcast":false}, {"pipelineId":3, "scannedPartition":{"dataUnitId":7, "partitionIndex":16}, "requiredPartitions":[{"dataUnitId":4, "partitionIndex":0}], "outputPartition":{"dataUnitId":6, "partitionIndex":16}, "broadcast":false}, {"pipelineId":3, "scannedPartition":{"dataUnitId":7, "partitionIndex":17}, "requiredPartitions":[{"dataUnitId":4, "partitionIndex":0}], "outputPartition":{"dataUnitId":6, "partitionIndex":17}, "broadcast":false}, {"pipelineId":3, "scannedPartition":{"dataUnitId":7, "partitionIndex":18}, "requiredPartitions":[{"dataUnitId":4, "partitionIndex":0}], "outputPartition":{"dataUnitId":6, "partitionIndex":18}, "broadcast":false}, {"pipelineId":3, "scannedPartition":{"dataUnitId":7, "partitionIndex":19}, "requiredPartitions":[{"dataUnitId":4, "partitionIndex":0}], "outputPartition":{"dataUnitId":6, "partitionIndex":19}, "broadcast":false}, {"pipelineId":3, "scannedPartition":{"dataUnitId":7, "partitionIndex":20}, "requiredPartitions":[{"dataUnitId":4, "partitionIndex":0}], "outputPartition":{"dataUnitId":6, "partitionIndex":20}, "broadcast":false}, {"pipelineId":3, "scannedPartition":{"dataUnitId":7, "partitionIndex":21}, "requiredPartitions":[{"dataUnitId":4, "partitionIndex":0}], "outputPartition":{"dataUnitId":6, "partitionIndex":21}, "broadcast":false}, {"pipelineId":3, "scannedPartition":{"dataUnitId":7, "partitionIndex":22}, "requiredPartitions":[{"dataUnitId":4, "partitionIndex":0}], "outputPartition":{"dataUnitId":6, "partitionIndex":22}, "broadcast":false}, {"pipelineId":3, "scannedPartition":{"dataUnitId":7, "partitionIndex":23}, "requiredPartitions":[{"dataUnitId":4, "partitionIndex":0}], "outputPartition":{"dataUnitId":6, "partitionIndex":23}, "broadcast":false}, {"pipelineId":3, "scannedPartition":{"dataUnitId":7, "partitionIndex":24}, "requiredPartitions":[{"dataUnitId":4, "partitionIndex":0}], "outputPartition":{"dataUnitId":6, "partitionIndex":24}, "broadcast":false}, {"pipelineId":3, "scannedPartition":{"dataUnitId":7, "partitionIndex":25}, "requiredPartitions":[{"dataUnitId":4, "partitionIndex":0}], "outputPartition":{"dataUnitId":6, "partitionIndex":25}, "broadcast":false}, {"pipelineId":3, "scannedPartition":{"dataUnitId":7, "partitionIndex":26}, "requiredPartitions":[{"dataUnitId":4, "partitionIndex":0}], "outputPartition":{"dataUnitId":6, "partitionIndex":26}, "broadcast":false}, {"pipelineId":3, "scannedPartition":{"dataUnitId":7, "partitionIndex":27}, "requiredPartitions":[{"dataUnitId":4, "partitionIndex":0}], "outputPartition":{"dataUnitId":6, "partitionIndex":27}, "broadcast":false}, {"pipelineId":3, "scannedPartition":{"dataUnitId":7, "partitionIndex":28}, "requiredPartitions":[{"dataUnitId":4, "partitionIndex":0}], "outputPartition":{"dataUnitId":6, "partitionIndex":28}, "broadcast":false}, {"pipelineId":3, "scannedPartition":{"dataUnitId":7, "partitionIndex":29}, "requiredPartitions":[{"dataUnitId":4, "partitionIndex":0}], "outputPartition":{"dataUnitId":6, "partitionIndex":29}, "broadcast":false}, {"pipelineId":3, "scannedPartition":{"dataUnitId":7, "partitionIndex":30}, "requiredPartitions":[{"dataUnitId":4, "partitionIndex":0}], "outputPartition":{"dataUnitId":6, "partitionIndex":30}, "broadcast":false}, {"pipelineId":3, "scannedPartition":{"dataUnitId":7, "partitionIndex":31}, "requiredPartitions":[{"dataUnitId":4, "partitionIndex":0}], "outputPartition":{"dataUnitId":6, "partitionIndex":31}, "broadcast":false}, {"pipelineId":3, "scannedPartition":{"dataUnitId":7, "partitionIndex":32}, "requiredPartitions":[{"dataUnitId":4, "partitionIndex":0}], "outputPartition":{"dataUnitId":6, "partitionIndex":32}, "broadcast":false}, {"pipelineId":3, "scannedPartition":{"dataUnitId":7, "partitionIndex":33}, "requiredPartitions":[{"dataUnitId":4, "partitionIndex":0}], "outputPartition":{"dataUnitId":6, "partitionIndex":33}, "broadcast":false}, {"pipelineId":3, "scannedPartition":{"dataUnitId":7, "partitionIndex":34}, "requiredPartitions":[{"dataUnitId":4, "partitionIndex":0}], "outputPartition":{"dataUnitId":6, "partitionIndex":34}, "broadcast":false}, {"pipelineId":3, "scannedPartition":{"dataUnitId":7, "partitionIndex":35}, "requiredPartitions":[{"dataUnitId":4, "partitionIndex":0}], "outputPartition":{"dataUnitId":6, "partitionIndex":35}, "broadcast":false}, {"pipelineId":3, "scannedPartition":{"dataUnitId":7, "partitionIndex":36}, "requiredPartitions":[{"dataUnitId":4, "partitionIndex":0}], "outputPartition":{"dataUnitId":6, "partitionIndex":36}, "broadcast":false}, {"pipelineId":3, "scannedPartition":{"dataUnitId":7, "partitionIndex":37}, "requiredPartitions":[{"dataUnitId":4, "partitionIndex":0}], "outputPartition":{"dataUnitId":6, "partitionIndex":37}, "broadcast":false}, {"pipelineId":3, "scannedPartition":{"dataUnitId":7, "partitionIndex":38}, "requiredPartitions":[{"dataUnitId":4, "partitionIndex":0}], "outputPartition":{"dataUnitId":6, "partitionIndex":38}, "broadcast":false}, {"pipelineId":3, "scannedPartition":{"dataUnitId":7, "partitionIndex":39}, "requiredPartitions":[{"dataUnitId":4, "partitionIndex":0}], "outputPartition":{"dataUnitId":6, "partitionIndex":39}, "broadcast":false}, {"pipelineId":3, "scannedPartition":{"dataUnitId":7, "partitionIndex":40}, "requiredPartitions":[{"dataUnitId":4, "partitionIndex":0}], "outputPartition":{"dataUnitId":6, "partitionIndex":40}, "broadcast":false}, {"pipelineId":3, "scannedPartition":{"dataUnitId":7, "partitionIndex":41}, "requiredPartitions":[{"dataUnitId":4, "partitionIndex":0}], "outputPartition":{"dataUnitId":6, "partitionIndex":41}, "broadcast":false}, {"pipelineId":3, "scannedPartition":{"dataUnitId":7, "partitionIndex":42}, "requiredPartitions":[{"dataUnitId":4, "partitionIndex":0}], "outputPartition":{"dataUnitId":6, "partitionIndex":42}, "broadcast":false}, {"pipelineId":3, "scannedPartition":{"dataUnitId":7, "partitionIndex":43}, "requiredPartitions":[{"dataUnitId":4, "partitionIndex":0}], "outputPartition":{"dataUnitId":6, "partitionIndex":43}, "broadcast":false}, {"pipelineId":3, "scannedPartition":{"dataUnitId":7, "partitionIndex":44}, "requiredPartitions":[{"dataUnitId":4, "partitionIndex":0}], "outputPartition":{"dataUnitId":6, "partitionIndex":44}, "broadcast":false}, {"pipelineId":3, "scannedPartition":{"dataUnitId":7, "partitionIndex":45}, "requiredPartitions":[{"dataUnitId":4, "partitionIndex":0}], "outputPartition":{"dataUnitId":6, "partitionIndex":45}, "broadcast":false}, {"pipelineId":3, "scannedPartition":{"dataUnitId":7, "partitionIndex":46}, "requiredPartitions":[{"dataUnitId":4, "partitionIndex":0}], "outputPartition":{"dataUnitId":6, "partitionIndex":46}, "broadcast":false}, {"pipelineId":3, "scannedPartition":{"dataUnitId":7, "partitionIndex":47}, "requiredPartitions":[{"dataUnitId":4, "partitionIndex":0}], "outputPartition":{"dataUnitId":6, "partitionIndex":47}, "broadcast":false}, {"pipelineId":3, "scannedPartition":{"dataUnitId":7, "partitionIndex":48}, "requiredPartitions":[{"dataUnitId":4, "partitionIndex":0}], "outputPartition":{"dataUnitId":6, "partitionIndex":48}, "broadcast":false}, {"pipelineId":3, "scannedPartition":{"dataUnitId":7, "partitionIndex":49}, "requiredPartitions":[{"dataUnitId":4, "partitionIndex":0}], "outputPartition":{"dataUnitId":6, "partitionIndex":49}, "broadcast":false}, {"pipelineId":3, "scannedPartition":{"dataUnitId":7, "partitionIndex":50}, "requiredPartitions":[{"dataUnitId":4, "partitionIndex":0}], "outputPartition":{"dataUnitId":6, "partitionIndex":50}, "broadcast":false}, {"pipelineId":3, "scannedPartition":{"dataUnitId":7, "partitionIndex":51}, "requiredPartitions":[{"dataUnitId":4, "partitionIndex":0}], "outputPartition":{"dataUnitId":6, "partitionIndex":51}, "broadcast":false}, {"pipelineId":3, "scannedPartition":{"dataUnitId":7, "partitionIndex":52}, "requiredPartitions":[{"dataUnitId":4, "partitionIndex":0}], "outputPartition":{"dataUnitId":6, "partitionIndex":52}, "broadcast":false}, {"pipelineId":3, "scannedPartition":{"dataUnitId":7, "partitionIndex":53}, "requiredPartitions":[{"dataUnitId":4, "partitionIndex":0}], "outputPartition":{"dataUnitId":6, "partitionIndex":53}, "broadcast":false}, {"pipelineId":3, "scannedPartition":{"dataUnitId":7, "partitionIndex":54}, "requiredPartitions":[{"dataUnitId":4, "partitionIndex":0}], "outputPartition":{"dataUnitId":6, "partitionIndex":54}, "broadcast":false}, {"pipelineId":3, "scannedPartition":{"dataUnitId":7, "partitionIndex":55}, "requiredPartitions":[{"dataUnitId":4, "partitionIndex":0}], "outputPartition":{"dataUnitId":6, "partitionIndex":55}, "broadcast":false}, {"pipelineId":3, "scannedPartition":{"dataUnitId":7, "partitionIndex":56}, "requiredPartitions":[{"dataUnitId":4, "partitionIndex":0}], "outputPartition":{"dataUnitId":6, "partitionIndex":56}, "broadcast":false}, {"pipelineId":3, "scannedPartition":{"dataUnitId":7, "partitionIndex":57}, "requiredPartitions":[{"dataUnitId":4, "partitionIndex":0}], "outputPartition":{"dataUnitId":6, "partitionIndex":57}, "broadcast":false}, {"pipelineId":3, "scannedPartition":{"dataUnitId":7, "partitionIndex":58}, "requiredPartitions":[{"dataUnitId":4, "partitionIndex":0}], "outputPartition":{"dataUnitId":6, "partitionIndex":58}, "broadcast":false}, {"pipelineId":3, "scannedPartition":{"dataUnitId":7, "partitionIndex":59}, "requiredPartitions":[{"dataUnitId":4, "partitionIndex":0}], "outputPartition":{"dataUnitId":6, "partitionIndex":59}, "broadcast":false}, {"pipelineId":3, "scannedPartition":{"dataUnitId":7, "partitionIndex":60}, "requiredPartitions":[{"dataUnitId":4, "partitionIndex":0}], "outputPartition":{"dataUnitId":6, "partitionIndex":60}, "broadcast":false}, {"pipelineId":3, "scannedPartition":{"dataUnitId":7, "partitionIndex":61}, "requiredPartitions":[{"dataUnitId":4, "partitionIndex":0}], "outputPartition":{"dataUnitId":6, "partitionIndex":61}, "broadcast":false}, {"pipelineId":3, "scannedPartition":{"dataUnitId":7, "partitionIndex":62}, "requiredPartitions":[{"dataUnitId":4, "partitionIndex":0}], "outputPartition":{"dataUnitId":6, "partitionIndex":62}, "broadcast":false}, {"pipelineId":3, "scannedPartition":{"dataUnitId":7, "partitionIndex":63}, "requiredPartitions":[{"dataUnitId":4, "partitionIndex":0}], "outputPartition":{"dataUnitId":6, "partitionIndex":63}, "broadcast":false}]}, {"k":1, "v":[{"pipelineId":1, "scannedPartition":{"dataUnitId":3, "partitionIndex":0}, "requiredPartitions":[{"dataUnitId":0, "partitionIndex":0}], "outputPartition":{"dataUnitId":2, "partitionIndex":0}, "broadcast":false}, {"pipelineId":1, "scannedPartition":{"dataUnitId":3, "partitionIndex":1}, "requiredPartitions":[{"dataUnitId":0, "partitionIndex":0}], "outputPartition":{"dataUnitId":2, "partitionIndex":1}, "broadcast":false}, {"pipelineId":1, "scannedPartition":{"dataUnitId":3, "partitionIndex":2}, "requiredPartitions":[{"dataUnitId":0, "partitionIndex":0}], "outputPartition":{"dataUnitId":2, "partitionIndex":2}, "broadcast":false}, {"pipelineId":1, "scannedPartition":{"dataUnitId":3, "partitionIndex":3}, "requiredPartitions":[{"dataUnitId":0, "partitionIndex":0}], "outputPartition":{"dataUnitId":2, "partitionIndex":3}, "broadcast":false}, {"pipelineId":1, "scannedPartition":{"dataUnitId":3, "partitionIndex":4}, "requiredPartitions":[{"dataUnitId":0, "partitionIndex":0}], "outputPartition":{"dataUnitId":2, "partitionIndex":4}, "broadcast":false}, {"pipelineId":1, "scannedPartition":{"dataUnitId":3, "partitionIndex":5}, "requiredPartitions":[{"dataUnitId":0, "partitionIndex":0}], "outputPartition":{"dataUnitId":2, "partitionIndex":5}, "broadcast":false}, {"pipelineId":1, "scannedPartition":{"dataUnitId":3, "partitionIndex":6}, "requiredPartitions":[{"dataUnitId":0, "partitionIndex":0}], "outputPartition":{"dataUnitId":2, "partitionIndex":6}, "broadcast":false}, {"pipelineId":1, "scannedPartition":{"dataUnitId":3, "partitionIndex":7}, "requiredPartitions":[{"dataUnitId":0, "partitionIndex":0}], "outputPartition":{"dataUnitId":2, "partitionIndex":7}, "broadcast":false}, {"pipelineId":1, "scannedPartition":{"dataUnitId":3, "partitionIndex":8}, "requiredPartitions":[{"dataUnitId":0, "partitionIndex":0}], "outputPartition":{"dataUnitId":2, "partitionIndex":8}, "broadcast":false}, {"pipelineId":1, "scannedPartition":{"dataUnitId":3, "partitionIndex":9}, "requiredPartitions":[{"dataUnitId":0, "partitionIndex":0}], "outputPartition":{"dataUnitId":2, "partitionIndex":9}, "broadcast":false}, {"pipelineId":1, "scannedPartition":{"dataUnitId":3, "partitionIndex":10}, "requiredPartitions":[{"dataUnitId":0, "partitionIndex":0}], "outputPartition":{"dataUnitId":2, "partitionIndex":10}, "broadcast":false}, {"pipelineId":1, "scannedPartition":{"dataUnitId":3, "partitionIndex":11}, "requiredPartitions":[{"dataUnitId":0, "partitionIndex":0}], "outputPartition":{"dataUnitId":2, "partitionIndex":11}, "broadcast":false}, {"pipelineId":1, "scannedPartition":{"dataUnitId":3, "partitionIndex":12}, "requiredPartitions":[{"dataUnitId":0, "partitionIndex":0}], "outputPartition":{"dataUnitId":2, "partitionIndex":12}, "broadcast":false}, {"pipelineId":1, "scannedPartition":{"dataUnitId":3, "partitionIndex":13}, "requiredPartitions":[{"dataUnitId":0, "partitionIndex":0}], "outputPartition":{"dataUnitId":2, "partitionIndex":13}, "broadcast":false}, {"pipelineId":1, "scannedPartition":{"dataUnitId":3, "partitionIndex":14}, "requiredPartitions":[{"dataUnitId":0, "partitionIndex":0}], "outputPartition":{"dataUnitId":2, "partitionIndex":14}, "broadcast":false}, {"pipelineId":1, "scannedPartition":{"dataUnitId":3, "partitionIndex":15}, "requiredPartitions":[{"dataUnitId":0, "partitionIndex":0}], "outputPartition":{"dataUnitId":2, "partitionIndex":15}, "broadcast":false}, {"pipelineId":1, "scannedPartition":{"dataUnitId":3, "partitionIndex":16}, "requiredPartitions":[{"dataUnitId":0, "partitionIndex":0}], "outputPartition":{"dataUnitId":2, "partitionIndex":16}, "broadcast":false}, {"pipelineId":1, "scannedPartition":{"dataUnitId":3, "partitionIndex":17}, "requiredPartitions":[{"dataUnitId":0, "partitionIndex":0}], "outputPartition":{"dataUnitId":2, "partitionIndex":17}, "broadcast":false}, {"pipelineId":1, "scannedPartition":{"dataUnitId":3, "partitionIndex":18}, "requiredPartitions":[{"dataUnitId":0, "partitionIndex":0}], "outputPartition":{"dataUnitId":2, "partitionIndex":18}, "broadcast":false}, {"pipelineId":1, "scannedPartition":{"dataUnitId":3, "partitionIndex":19}, "requiredPartitions":[{"dataUnitId":0, "partitionIndex":0}], "outputPartition":{"dataUnitId":2, "partitionIndex":19}, "broadcast":false}, {"pipelineId":1, "scannedPartition":{"dataUnitId":3, "partitionIndex":20}, "requiredPartitions":[{"dataUnitId":0, "partitionIndex":0}], "outputPartition":{"dataUnitId":2, "partitionIndex":20}, "broadcast":false}, {"pipelineId":1, "scannedPartition":{"dataUnitId":3, "partitionIndex":21}, "requiredPartitions":[{"dataUnitId":0, "partitionIndex":0}], "outputPartition":{"dataUnitId":2, "partitionIndex":21}, "broadcast":false}, {"pipelineId":1, "scannedPartition":{"dataUnitId":3, "partitionIndex":22}, "requiredPartitions":[{"dataUnitId":0, "partitionIndex":0}], "outputPartition":{"dataUnitId":2, "partitionIndex":22}, "broadcast":false}, {"pipelineId":1, "scannedPartition":{"dataUnitId":3, "partitionIndex":23}, "requiredPartitions":[{"dataUnitId":0, "partitionIndex":0}], "outputPartition":{"dataUnitId":2, "partitionIndex":23}, "broadcast":false}, {"pipelineId":1, "scannedPartition":{"dataUnitId":3, "partitionIndex":24}, "requiredPartitions":[{"dataUnitId":0, "partitionIndex":0}], "outputPartition":{"dataUnitId":2, "partitionIndex":24}, "broadcast":false}, {"pipelineId":1, "scannedPartition":{"dataUnitId":3, "partitionIndex":25}, "requiredPartitions":[{"dataUnitId":0, "partitionIndex":0}], "outputPartition":{"dataUnitId":2, "partitionIndex":25}, "broadcast":false}, {"pipelineId":1, "scannedPartition":{"dataUnitId":3, "partitionIndex":26}, "requiredPartitions":[{"dataUnitId":0, "partitionIndex":0}], "outputPartition":{"dataUnitId":2, "partitionIndex":26}, "broadcast":false}, {"pipelineId":1, "scannedPartition":{"dataUnitId":3, "partitionIndex":27}, "requiredPartitions":[{"dataUnitId":0, "partitionIndex":0}], "outputPartition":{"dataUnitId":2, "partitionIndex":27}, "broadcast":false}, {"pipelineId":1, "scannedPartition":{"dataUnitId":3, "partitionIndex":28}, "requiredPartitions":[{"dataUnitId":0, "partitionIndex":0}], "outputPartition":{"dataUnitId":2, "partitionIndex":28}, "broadcast":false}, {"pipelineId":1, "scannedPartition":{"dataUnitId":3, "partitionIndex":29}, "requiredPartitions":[{"dataUnitId":0, "partitionIndex":0}], "outputPartition":{"dataUnitId":2, "partitionIndex":29}, "broadcast":false}, {"pipelineId":1, "scannedPartition":{"dataUnitId":3, "partitionIndex":30}, "requiredPartitions":[{"dataUnitId":0, "partitionIndex":0}], "outputPartition":{"dataUnitId":2, "partitionIndex":30}, "broadcast":false}, {"pipelineId":1, "scannedPartition":{"dataUnitId":3, "partitionIndex":31}, "requiredPartitions":[{"dataUnitId":0, "partitionIndex":0}], "outputPartition":{"dataUnitId":2, "partitionIndex":31}, "broadcast":false}, {"pipelineId":1, "scannedPartition":{"dataUnitId":3, "partitionIndex":32}, "requiredPartitions":[{"dataUnitId":0, "partitionIndex":0}], "outputPartition":{"dataUnitId":2, "partitionIndex":32}, "broadcast":false}, {"pipelineId":1, "scannedPartition":{"dataUnitId":3, "partitionIndex":33}, "requiredPartitions":[{"dataUnitId":0, "partitionIndex":0}], "outputPartition":{"dataUnitId":2, "partitionIndex":33}, "broadcast":false}, {"pipelineId":1, "scannedPartition":{"dataUnitId":3, "partitionIndex":34}, "requiredPartitions":[{"dataUnitId":0, "partitionIndex":0}], "outputPartition":{"dataUnitId":2, "partitionIndex":34}, "broadcast":false}, {"pipelineId":1, "scannedPartition":{"dataUnitId":3, "partitionIndex":35}, "requiredPartitions":[{"dataUnitId":0, "partitionIndex":0}], "outputPartition":{"dataUnitId":2, "partitionIndex":35}, "broadcast":false}, {"pipelineId":1, "scannedPartition":{"dataUnitId":3, "partitionIndex":36}, "requiredPartitions":[{"dataUnitId":0, "partitionIndex":0}], "outputPartition":{"dataUnitId":2, "partitionIndex":36}, "broadcast":false}, {"pipelineId":1, "scannedPartition":{"dataUnitId":3, "partitionIndex":37}, "requiredPartitions":[{"dataUnitId":0, "partitionIndex":0}], "outputPartition":{"dataUnitId":2, "partitionIndex":37}, "broadcast":false}, {"pipelineId":1, "scannedPartition":{"dataUnitId":3, "partitionIndex":38}, "requiredPartitions":[{"dataUnitId":0, "partitionIndex":0}], "outputPartition":{"dataUnitId":2, "partitionIndex":38}, "broadcast":false}, {"pipelineId":1, "scannedPartition":{"dataUnitId":3, "partitionIndex":39}, "requiredPartitions":[{"dataUnitId":0, "partitionIndex":0}], "outputPartition":{"dataUnitId":2, "partitionIndex":39}, "broadcast":false}, {"pipelineId":1, "scannedPartition":{"dataUnitId":3, "partitionIndex":40}, "requiredPartitions":[{"dataUnitId":0, "partitionIndex":0}], "outputPartition":{"dataUnitId":2, "partitionIndex":40}, "broadcast":false}, {"pipelineId":1, "scannedPartition":{"dataUnitId":3, "partitionIndex":41}, "requiredPartitions":[{"dataUnitId":0, "partitionIndex":0}], "outputPartition":{"dataUnitId":2, "partitionIndex":41}, "broadcast":false}, {"pipelineId":1, "scannedPartition":{"dataUnitId":3, "partitionIndex":42}, "requiredPartitions":[{"dataUnitId":0, "partitionIndex":0}], "outputPartition":{"dataUnitId":2, "partitionIndex":42}, "broadcast":false}, {"pipelineId":1, "scannedPartition":{"dataUnitId":3, "partitionIndex":43}, "requiredPartitions":[{"dataUnitId":0, "partitionIndex":0}], "outputPartition":{"dataUnitId":2, "partitionIndex":43}, "broadcast":false}, {"pipelineId":1, "scannedPartition":{"dataUnitId":3, "partitionIndex":44}, "requiredPartitions":[{"dataUnitId":0, "partitionIndex":0}], "outputPartition":{"dataUnitId":2, "partitionIndex":44}, "broadcast":false}, {"pipelineId":1, "scannedPartition":{"dataUnitId":3, "partitionIndex":45}, "requiredPartitions":[{"dataUnitId":0, "partitionIndex":0}], "outputPartition":{"dataUnitId":2, "partitionIndex":45}, "broadcast":false}, {"pipelineId":1, "scannedPartition":{"dataUnitId":3, "partitionIndex":46}, "requiredPartitions":[{"dataUnitId":0, "partitionIndex":0}], "outputPartition":{"dataUnitId":2, "partitionIndex":46}, "broadcast":false}, {"pipelineId":1, "scannedPartition":{"dataUnitId":3, "partitionIndex":47}, "requiredPartitions":[{"dataUnitId":0, "partitionIndex":0}], "outputPartition":{"dataUnitId":2, "partitionIndex":47}, "broadcast":false}, {"pipelineId":1, "scannedPartition":{"dataUnitId":3, "partitionIndex":48}, "requiredPartitions":[{"dataUnitId":0, "partitionIndex":0}], "outputPartition":{"dataUnitId":2, "partitionIndex":48}, "broadcast":false}, {"pipelineId":1, "scannedPartition":{"dataUnitId":3, "partitionIndex":49}, "requiredPartitions":[{"dataUnitId":0, "partitionIndex":0}], "outputPartition":{"dataUnitId":2, "partitionIndex":49}, "broadcast":false}, {"pipelineId":1, "scannedPartition":{"dataUnitId":3, "partitionIndex":50}, "requiredPartitions":[{"dataUnitId":0, "partitionIndex":0}], "outputPartition":{"dataUnitId":2, "partitionIndex":50}, "broadcast":false}, {"pipelineId":1, "scannedPartition":{"dataUnitId":3, "partitionIndex":51}, "requiredPartitions":[{"dataUnitId":0, "partitionIndex":0}], "outputPartition":{"dataUnitId":2, "partitionIndex":51}, "broadcast":false}, {"pipelineId":1, "scannedPartition":{"dataUnitId":3, "partitionIndex":52}, "requiredPartitions":[{"dataUnitId":0, "partitionIndex":0}], "outputPartition":{"dataUnitId":2, "partitionIndex":52}, "broadcast":false}, {"pipelineId":1, "scannedPartition":{"dataUnitId":3, "partitionIndex":53}, "requiredPartitions":[{"dataUnitId":0, "partitionIndex":0}], "outputPartition":{"dataUnitId":2, "partitionIndex":53}, "broadcast":false}, {"pipelineId":1, "scannedPartition":{"dataUnitId":3, "partitionIndex":54}, "requiredPartitions":[{"dataUnitId":0, "partitionIndex":0}], "outputPartition":{"dataUnitId":2, "partitionIndex":54}, "broadcast":false}, {"pipelineId":1, "scannedPartition":{"dataUnitId":3, "partitionIndex":55}, "requiredPartitions":[{"dataUnitId":0, "partitionIndex":0}], "outputPartition":{"dataUnitId":2, "partitionIndex":55}, "broadcast":false}, {"pipelineId":1, "scannedPartition":{"dataUnitId":3, "partitionIndex":56}, "requiredPartitions":[{"dataUnitId":0, "partitionIndex":0}], "outputPartition":{"dataUnitId":2, "partitionIndex":56}, "broadcast":false}, {"pipelineId":1, "scannedPartition":{"dataUnitId":3, "partitionIndex":57}, "requiredPartitions":[{"dataUnitId":0, "partitionIndex":0}], "outputPartition":{"dataUnitId":2, "partitionIndex":57}, "broadcast":false}, {"pipelineId":1, "scannedPartition":{"dataUnitId":3, "partitionIndex":58}, "requiredPartitions":[{"dataUnitId":0, "partitionIndex":0}], "outputPartition":{"dataUnitId":2, "partitionIndex":58}, "broadcast":false}, {"pipelineId":1, "scannedPartition":{"dataUnitId":3, "partitionIndex":59}, "requiredPartitions":[{"dataUnitId":0, "partitionIndex":0}], "outputPartition":{"dataUnitId":2, "partitionIndex":59}, "broadcast":false}, {"pipelineId":1, "scannedPartition":{"dataUnitId":3, "partitionIndex":60}, "requiredPartitions":[{"dataUnitId":0, "partitionIndex":0}], "outputPartition":{"dataUnitId":2, "partitionIndex":60}, "broadcast":false}, {"pipelineId":1, "scannedPartition":{"dataUnitId":3, "partitionIndex":61}, "requiredPartitions":[{"dataUnitId":0, "partitionIndex":0}], "outputPartition":{"dataUnitId":2, "partitionIndex":61}, "broadcast":false}, {"pipelineId":1, "scannedPartition":{"dataUnitId":3, "partitionIndex":62}, "requiredPartitions":[{"dataUnitId":0, "partitionIndex":0}], "outputPartition":{"dataUnitId":2, "partitionIndex":62}, "broadcast":false}, {"pipelineId":1, "scannedPartition":{"dataUnitId":3, "partitionIndex":63}, "requiredPartitions":[{"dataUnitId":0, "partitionIndex":0}], "outputPartition":{"dataUnitId":2, "partitionIndex":63}, "broadcast":false}]}], "broadcastTasks":[{"k":2, "v":{"pipelineId":2, "scannedPartition":{"dataUnitId":5, "partitionIndex":0}, "requiredPartitions":[], "outputPartition":{"dataUnitId":4, "partitionIndex":0}, "broadcast":true}}, {"k":0, "v":{"pipelineId":0, "scannedPartition":{"dataUnitId":1, "partitionIndex":0}, "requiredPartitions":[], "outputPartition":{"dataUnitId":0, "partitionIndex":0}, "broadcast":true}}], "initialPartitioning":{"owningNode":[{"k":{"dataUnitId":3, "partitionIndex":56}, "v":8}, {"k":{"dataUnitId":7, "partitionIndex":40}, "v":8}, {"k":{"dataUnitId":3, "partitionIndex":55}, "v":7}, {"k":{"dataUnitId":3, "partitionIndex":51}, "v":3}, {"k":{"dataUnitId":3, "partitionIndex":46}, "v":14}, {"k":{"dataUnitId":3, "partitionIndex":49}, "v":1}, {"k":{"dataUnitId":3, "partitionIndex":44}, "v":12}, {"k":{"dataUnitId":3, "partitionIndex":48}, "v":0}, {"k":{"dataUnitId":7, "partitionIndex":3}, "v":3}, {"k":{"dataUnitId":7, "partitionIndex":39}, "v":7}, {"k":{"dataUnitId":3, "partitionIndex":43}, "v":11}, {"k":{"dataUnitId":7, "partitionIndex":44}, "v":12}, {"k":{"dataUnitId":3, "partitionIndex":41}, "v":9}, {"k":{"dataUnitId":3, "partitionIndex":52}, "v":4}, {"k":{"dataUnitId":3, "partitionIndex":40}, "v":8}, {"k":{"dataUnitId":3, "partitionIndex":38}, "v":6}, {"k":{"dataUnitId":3, "partitionIndex":54}, "v":6}, {"k":{"dataUnitId":3, "partitionIndex":27}, "v":11}, {"k":{"dataUnitId":3, "partitionIndex":53}, "v":5}, {"k":{"dataUnitId":3, "partitionIndex":32}, "v":0}, {"k":{"dataUnitId":7, "partitionIndex":22}, "v":6}, {"k":{"dataUnitId":3, "partitionIndex":31}, "v":15}, {"k":{"dataUnitId":3, "partitionIndex":17}, "v":1}, {"k":{"dataUnitId":3, "partitionIndex":58}, "v":10}, {"k":{"dataUnitId":3, "partitionIndex":22}, "v":6}, {"k":{"dataUnitId":7, "partitionIndex":37}, "v":5}, {"k":{"dataUnitId":7, "partitionIndex":63}, "v":15}, {"k":{"dataUnitId":7, "partitionIndex":54}, "v":6}, {"k":{"dataUnitId":3, "partitionIndex":29}, "v":13}, {"k":{"dataUnitId":3, "partitionIndex":7}, "v":7}, {"k":{"dataUnitId":3, "partitionIndex":6}, "v":6}, {"k":{"dataUnitId":3, "partitionIndex":24}, "v":8}, {"k":{"dataUnitId":3, "partitionIndex":4}, "v":4}, {"k":{"dataUnitId":3, "partitionIndex":34}, "v":2}, {"k":{"dataUnitId":7, "partitionIndex":62}, "v":14}, {"k":{"dataUnitId":3, "partitionIndex":26}, "v":10}, {"k":{"dataUnitId":7, "partitionIndex":60}, "v":12}, {"k":{"dataUnitId":3, "partitionIndex":10}, "v":10}, {"k":{"dataUnitId":3, "partitionIndex":8}, "v":8}, {"k":{"dataUnitId":7, "partitionIndex":38}, "v":6}, {"k":{"dataUnitId":7, "partitionIndex":9}, "v":9}, {"k":{"dataUnitId":3, "partitionIndex":47}, "v":15}, {"k":{"dataUnitId":7, "partitionIndex":20}, "v":4}, {"k":{"dataUnitId":7, "partitionIndex":48}, "v":0}, {"k":{"dataUnitId":3, "partitionIndex":1}, "v":1}, {"k":{"dataUnitId":3, "partitionIndex":19}, "v":3}, {"k":{"dataUnitId":3, "partitionIndex":39}, "v":7}, {"k":{"dataUnitId":3, "partitionIndex":12}, "v":12}, {"k":{"dataUnitId":7, "partitionIndex":25}, "v":9}, {"k":{"dataUnitId":7, "partitionIndex":51}, "v":3}, {"k":{"dataUnitId":3, "partitionIndex":45}, "v":13}, {"k":{"dataUnitId":3, "partitionIndex":30}, "v":14}, {"k":{"dataUnitId":3, "partitionIndex":13}, "v":13}, {"k":{"dataUnitId":7, "partitionIndex":29}, "v":13}, {"k":{"dataUnitId":3, "partitionIndex":5}, "v":5}, {"k":{"dataUnitId":3, "partitionIndex":35}, "v":3}, {"k":{"dataUnitId":7, "partitionIndex":15}, "v":15}, {"k":{"dataUnitId":7, "partitionIndex":59}, "v":11}, {"k":{"dataUnitId":3, "partitionIndex":33}, "v":1}, {"k":{"dataUnitId":3, "partitionIndex":14}, "v":14}, {"k":{"dataUnitId":7, "partitionIndex":52}, "v":4}, {"k":{"dataUnitId":3, "partitionIndex":57}, "v":9}, {"k":{"dataUnitId":3, "partitionIndex":28}, "v":12}, {"k":{"dataUnitId":3, "partitionIndex":20}, "v":4}, {"k":{"dataUnitId":3, "partitionIndex":18}, "v":2}, {"k":{"dataUnitId":3, "partitionIndex":15}, "v":15}, {"k":{"dataUnitId":7, "partitionIndex":58}, "v":10}, {"k":{"dataUnitId":3, "partitionIndex":25}, "v":9}, {"k":{"dataUnitId":1, "partitionIndex":0}, "v":0}, {"k":{"dataUnitId":7, "partitionIndex":17}, "v":1}, {"k":{"dataUnitId":3, "partitionIndex":16}, "v":0}, {"k":{"dataUnitId":3, "partitionIndex":9}, "v":9}, {"k":{"dataUnitId":3, "partitionIndex":21}, "v":5}, {"k":{"dataUnitId":3, "partitionIndex":50}, "v":2}, {"k":{"dataUnitId":3, "partitionIndex":59}, "v":11}, {"k":{"dataUnitId":3, "partitionIndex":60}, "v":12}, {"k":{"dataUnitId":3, "partitionIndex":61}, "v":13}, {"k":{"dataUnitId":3, "partitionIndex":62}, "v":14}, {"k":{"dataUnitId":7, "partitionIndex":27}, "v":11}, {"k":{"dataUnitId":3, "partitionIndex":63}, "v":15}, {"k":{"dataUnitId":7, "partitionIndex":0}, "v":0}, {"k":{"dataUnitId":7, "partitionIndex":61}, "v":13}, {"k":{"dataUnitId":7, "partitionIndex":1}, "v":1}, {"k":{"dataUnitId":7, "partitionIndex":2}, "v":2}, {"k":{"dataUnitId":7, "partitionIndex":4}, "v":4}, {"k":{"dataUnitId":7, "partitionIndex":47}, "v":15}, {"k":{"dataUnitId":7, "partitionIndex":11}, "v":11}, {"k":{"dataUnitId":7, "partitionIndex":18}, "v":2}, {"k":{"dataUnitId":3, "partitionIndex":2}, "v":2}, {"k":{"dataUnitId":7, "partitionIndex":5}, "v":5}, {"k":{"dataUnitId":7, "partitionIndex":6}, "v":6}, {"k":{"dataUnitId":7, "partitionIndex":7}, "v":7}, {"k":{"dataUnitId":7, "partitionIndex":8}, "v":8}, {"k":{"dataUnitId":7, "partitionIndex":10}, "v":10}, {"k":{"dataUnitId":3, "partitionIndex":23}, "v":7}, {"k":{"dataUnitId":7, "partitionIndex":12}, "v":12}, {"k":{"dataUnitId":3, "partitionIndex":42}, "v":10}, {"k":{"dataUnitId":7, "partitionIndex":13}, "v":13}, {"k":{"dataUnitId":7, "partitionIndex":14}, "v":14}, {"k":{"dataUnitId":7, "partitionIndex":16}, "v":0}, {"k":{"dataUnitId":7, "partitionIndex":42}, "v":10}, {"k":{"dataUnitId":3, "partitionIndex":36}, "v":4}, {"k":{"dataUnitId":7, "partitionIndex":19}, "v":3}, {"k":{"dataUnitId":7, "partitionIndex":43}, "v":11}, {"k":{"dataUnitId":7, "partitionIndex":21}, "v":5}, {"k":{"dataUnitId":3, "partitionIndex":0}, "v":0}, {"k":{"dataUnitId":7, "partitionIndex":26}, "v":10}, {"k":{"dataUnitId":7, "partitionIndex":31}, "v":15}, {"k":{"dataUnitId":7, "partitionIndex":28}, "v":12}, {"k":{"dataUnitId":7, "partitionIndex":56}, "v":8}, {"k":{"dataUnitId":7, "partitionIndex":30}, "v":14}, {"k":{"dataUnitId":3, "partitionIndex":3}, "v":3}, {"k":{"dataUnitId":7, "partitionIndex":33}, "v":1}, {"k":{"dataUnitId":7, "partitionIndex":34}, "v":2}, {"k":{"dataUnitId":7, "partitionIndex":35}, "v":3}, {"k":{"dataUnitId":7, "partitionIndex":24}, "v":8}, {"k":{"dataUnitId":7, "partitionIndex":36}, "v":4}, {"k":{"dataUnitId":3, "partitionIndex":37}, "v":5}, {"k":{"dataUnitId":7, "partitionIndex":32}, "v":0}, {"k":{"dataUnitId":7, "partitionIndex":23}, "v":7}, {"k":{"dataUnitId":7, "partitionIndex":55}, "v":7}, {"k":{"dataUnitId":7, "partitionIndex":41}, "v":9}, {"k":{"dataUnitId":7, "partitionIndex":45}, "v":13}, {"k":{"dataUnitId":7, "partitionIndex":46}, "v":14}, {"k":{"dataUnitId":7, "partitionIndex":49}, "v":1}, {"k":{"dataUnitId":7, "partitionIndex":50}, "v":2}, {"k":{"dataUnitId":7, "partitionIndex":53}, "v":5}, {"k":{"dataUnitId":3, "partitionIndex":11}, "v":11}, {"k":{"dataUnitId":7, "partitionIndex":57}, "v":9}], "cachingNodes":[{"k":{"dataUnitId":3, "partitionIndex":56}, "v":[16]}, {"k":{"dataUnitId":7, "partitionIndex":40}, "v":[16]}, {"k":{"dataUnitId":3, "partitionIndex":55}, "v":[16]}, {"k":{"dataUnitId":3, "partitionIndex":51}, "v":[16]}, {"k":{"dataUnitId":3, "partitionIndex":46}, "v":[16]}, {"k":{"dataUnitId":3, "partitionIndex":49}, "v":[16]}, {"k":{"dataUnitId":3, "partitionIndex":44}, "v":[16]}, {"k":{"dataUnitId":3, "partitionIndex":48}, "v":[16]}, {"k":{"dataUnitId":7, "partitionIndex":3}, "v":[16]}, {"k":{"dataUnitId":7, "partitionIndex":39}, "v":[16]}, {"k":{"dataUnitId":3, "partitionIndex":43}, "v":[16]}, {"k":{"dataUnitId":7, "partitionIndex":44}, "v":[16]}, {"k":{"dataUnitId":3, "partitionIndex":41}, "v":[16]}, {"k":{"dataUnitId":3, "partitionIndex":52}, "v":[16]}, {"k":{"dataUnitId":3, "partitionIndex":40}, "v":[16]}, {"k":{"dataUnitId":3, "partitionIndex":38}, "v":[16]}, {"k":{"dataUnitId":3, "partitionIndex":54}, "v":[16]}, {"k":{"dataUnitId":3, "partitionIndex":27}, "v":[16]}, {"k":{"dataUnitId":3, "partitionIndex":53}, "v":[16]}, {"k":{"dataUnitId":3, "partitionIndex":32}, "v":[16]}, {"k":{"dataUnitId":7, "partitionIndex":22}, "v":[16]}, {"k":{"dataUnitId":3, "partitionIndex":31}, "v":[16]}, {"k":{"dataUnitId":3, "partitionIndex":17}, "v":[16]}, {"k":{"dataUnitId":3, "partitionIndex":58}, "v":[16]}, {"k":{"dataUnitId":3, "partitionIndex":22}, "v":[16]}, {"k":{"dataUnitId":7, "partitionIndex":37}, "v":[16]}, {"k":{"dataUnitId":7, "partitionIndex":63}, "v":[16]}, {"k":{"dataUnitId":7, "partitionIndex":54}, "v":[16]}, {"k":{"dataUnitId":3, "partitionIndex":29}, "v":[16]}, {"k":{"dataUnitId":3, "partitionIndex":7}, "v":[16]}, {"k":{"dataUnitId":3, "partitionIndex":6}, "v":[16]}, {"k":{"dataUnitId":3, "partitionIndex":24}, "v":[16]}, {"k":{"dataUnitId":3, "partitionIndex":4}, "v":[16]}, {"k":{"dataUnitId":3, "partitionIndex":34}, "v":[16]}, {"k":{"dataUnitId":7, "partitionIndex":62}, "v":[16]}, {"k":{"dataUnitId":3, "partitionIndex":26}, "v":[16]}, {"k":{"dataUnitId":7, "partitionIndex":60}, "v":[16]}, {"k":{"dataUnitId":3, "partitionIndex":10}, "v":[16]}, {"k":{"dataUnitId":3, "partitionIndex":8}, "v":[16]}, {"k":{"dataUnitId":7, "partitionIndex":38}, "v":[16]}, {"k":{"dataUnitId":7, "partitionIndex":9}, "v":[16]}, {"k":{"dataUnitId":3, "partitionIndex":47}, "v":[16]}, {"k":{"dataUnitId":7, "partitionIndex":20}, "v":[16]}, {"k":{"dataUnitId":7, "partitionIndex":48}, "v":[16]}, {"k":{"dataUnitId":3, "partitionIndex":1}, "v":[16]}, {"k":{"dataUnitId":3, "partitionIndex":19}, "v":[16]}, {"k":{"dataUnitId":3, "partitionIndex":39}, "v":[16]}, {"k":{"dataUnitId":3, "partitionIndex":12}, "v":[16]}, {"k":{"dataUnitId":7, "partitionIndex":25}, "v":[16]}, {"k":{"dataUnitId":7, "partitionIndex":51}, "v":[16]}, {"k":{"dataUnitId":3, "partitionIndex":45}, "v":[16]}, {"k":{"dataUnitId":3, "partitionIndex":30}, "v":[16]}, {"k":{"dataUnitId":3, "partitionIndex":13}, "v":[16]}, {"k":{"dataUnitId":7, "partitionIndex":29}, "v":[16]}, {"k":{"dataUnitId":3, "partitionIndex":5}, "v":[16]}, {"k":{"dataUnitId":3, "partitionIndex":35}, "v":[16]}, {"k":{"dataUnitId":7, "partitionIndex":15}, "v":[16]}, {"k":{"dataUnitId":7, "partitionIndex":59}, "v":[16]}, {"k":{"dataUnitId":3, "partitionIndex":33}, "v":[16]}, {"k":{"dataUnitId":3, "partitionIndex":14}, "v":[16]}, {"k":{"dataUnitId":7, "partitionIndex":52}, "v":[16]}, {"k":{"dataUnitId":3, "partitionIndex":57}, "v":[16]}, {"k":{"dataUnitId":3, "partitionIndex":28}, "v":[16]}, {"k":{"dataUnitId":3, "partitionIndex":20}, "v":[16]}, {"k":{"dataUnitId":3, "partitionIndex":18}, "v":[16]}, {"k":{"dataUnitId":3, "partitionIndex":15}, "v":[16]}, {"k":{"dataUnitId":7, "partitionIndex":58}, "v":[16]}, {"k":{"dataUnitId":3, "partitionIndex":25}, "v":[16]}, {"k":{"dataUnitId":1, "partitionIndex":0}, "v":[15, 14, 1, 2, 3, 4, 5, 6, 7, 8, 9, 10, 11, 12, 13]}, {"k":{"dataUnitId":7, "partitionIndex":17}, "v":[16]}, {"k":{"dataUnitId":3, "partitionIndex":16}, "v":[16]}, {"k":{"dataUnitId":3, "partitionIndex":9}, "v":[16]}, {"k":{"dataUnitId":3, "partitionIndex":21}, "v":[16]}, {"k":{"dataUnitId":3, "partitionIndex":50}, "v":[16]}, {"k":{"dataUnitId":3, "partitionIndex":59}, "v":[16]}, {"k":{"dataUnitId":3, "partitionIndex":60}, "v":[16]}, {"k":{"dataUnitId":3, "partitionIndex":61}, "v":[16]}, {"k":{"dataUnitId":3, "partitionIndex":62}, "v":[16]}, {"k":{"dataUnitId":7, "partitionIndex":27}, "v":[16]}, {"k":{"dataUnitId":3, "partitionIndex":63}, "v":[16]}, {"k":{"dataUnitId":7, "partitionIndex":0}, "v":[16]}, {"k":{"dataUnitId":7, "partitionIndex":61}, "v":[16]}, {"k":{"dataUnitId":7, "partitionIndex":1}, "v":[16]}, {"k":{"dataUnitId":7, "partitionIndex":2}, "v":[16]}, {"k":{"dataUnitId":7, "partitionIndex":4}, "v":[16]}, {"k":{"dataUnitId":7, "partitionIndex":47}, "v":[16]}, {"k":{"dataUnitId":7, "partitionIndex":11}, "v":[16]}, {"k":{"dataUnitId":7, "partitionIndex":18}, "v":[16]}, {"k":{"dataUnitId":3, "partitionIndex":2}, "v":[16]}, {"k":{"dataUnitId":7, "partitionIndex":5}, "v":[16]}, {"k":{"dataUnitId":7, "partitionIndex":6}, "v":[16]}, {"k":{"dataUnitId":7, "partitionIndex":7}, "v":[16]}, {"k":{"dataUnitId":7, "partitionIndex":8}, "v":[16]}, {"k":{"dataUnitId":7, "partitionIndex":10}, "v":[16]}, {"k":{"dataUnitId":3, "partitionIndex":23}, "v":[16]}, {"k":{"dataUnitId":7, "partitionIndex":12}, "v":[16]}, {"k":{"dataUnitId":3, "partitionIndex":42}, "v":[16]}, {"k":{"dataUnitId":7, "partitionIndex":13}, "v":[16]}, {"k":{"dataUnitId":7, "partitionIndex":14}, "v":[16]}, {"k":{"dataUnitId":7, "partitionIndex":16}, "v":[16]}, {"k":{"dataUnitId":7, "partitionIndex":42}, "v":[16]}, {"k":{"dataUnitId":3, "partitionIndex":36}, "v":[16]}, {"k":{"dataUnitId":7, "partitionIndex":19}, "v":[16]}, {"k":{"dataUnitId":7, "partitionIndex":43}, "v":[16]}, {"k":{"dataUnitId":7, "partitionIndex":21}, "v":[16]}, {"k":{"dataUnitId":3, "partitionIndex":0}, "v":[16]}, {"k":{"dataUnitId":7, "partitionIndex":26}, "v":[16]}, {"k":{"dataUnitId":7, "partitionIndex":31}, "v":[16]}, {"k":{"dataUnitId":7, "partitionIndex":28}, "v":[16]}, {"k":{"dataUnitId":7, "partitionIndex":56}, "v":[16]}, {"k":{"dataUnitId":7, "partitionIndex":30}, "v":[16]}, {"k":{"dataUnitId":3, "partitionIndex":3}, "v":[16]}, {"k":{"dataUnitId":7, "partitionIndex":33}, "v":[16]}, {"k":{"dataUnitId":7, "partitionIndex":34}, "v":[16]}, {"k":{"dataUnitId":7, "partitionIndex":35}, "v":[16]}, {"k":{"dataUnitId":7, "partitionIndex":24}, "v":[16]}, {"k":{"dataUnitId":7, "partitionIndex":36}, "v":[16]}, {"k":{"dataUnitId":3, "partitionIndex":37}, "v":[16]}, {"k":{"dataUnitId":7, "partitionIndex":32}, "v":[16]}, {"k":{"dataUnitId":7, "partitionIndex":23}, "v":[16]}, {"k":{"dataUnitId":7, "partitionIndex":55}, "v":[16]}, {"k":{"dataUnitId":7, "partitionIndex":41}, "v":[16]}, {"k":{"dataUnitId":7, "partitionIndex":45}, "v":[16]}, {"k":{"dataUnitId":7, "partitionIndex":46}, "v":[16]}, {"k":{"dataUnitId":7, "partitionIndex":49}, "v":[16]}, {"k":{"dataUnitId":7, "partitionIndex":50}, "v":[16]}, {"k":{"dataUnitId":7, "partitionIndex":53}, "v":[16]}, {"k":{"dataUnitId":3, "partitionIndex":11}, "v":[16]}, {"k":{"dataUnitId":7, "partitionIndex":57}, "v":[16]}], "nNodes":17}, "name":"c5n18xlargex16_rrall_64_q11", "resultNode":0, "nParallelTasks":10000}