{"cluster":{"nodes":[{"nCores":72, "memorySize":192, "networkSpeed":100, "networkLatency":0.00025}, {"nCores":72, "memorySize":192, "networkSpeed":100, "networkLatency":0.00025}, {"nCores":72, "memorySize":192, "networkSpeed":100, "networkLatency":0.00025}, {"nCores":72, "memorySize":192, "networkSpeed":100, "networkLatency":0.00025}, {"nCores":72, "memorySize":192, "networkSpeed":100, "networkLatency":0.00025}, {"nCores":72, "memorySize":192, "networkSpeed":100, "networkLatency":0.00025}, {"nCores":72, "memorySize":192, "networkSpeed":100, "networkLatency":0.00025}, {"nCores":72, "memorySize":192, "networkSpeed":100, "networkLatency":0.00025}, {"nCores":72, "memorySize":192, "networkSpeed":100, "networkLatency":0.00025}, {"nCores":72, "memorySize":192, "networkSpeed":100, "networkLatency":0.00025}, {"nCores":72, "memorySize":192, "networkSpeed":100, "networkLatency":0.00025}, {"nCores":72, "memorySize":192, "networkSpeed":100, "networkLatency":0.00025}, {"nCores":72, "memorySize":192, "networkSpeed":100, "networkLatency":0.00025}, {"nCores":72, "memorySize":192, "networkSpeed":100, "networkLatency":0.00025}, {"nCores":72, "memorySize":192, "networkSpeed":100, "networkLatency":0.00025}, {"nCores":72, "memorySize":192, "networkSpeed":100, "networkLatency":0.00025}, {"nCores":72, "memorySize":192, "networkSpeed":100, "networkLatency":0.00025}, {"nCores":72, "memorySize":192, "networkSpeed":100, "networkLatency":0.00025}, {"nCores":72, "memorySize":192, "networkSpeed":100, "networkLatency":0.00025}, {"nCores":72, "memorySize":192, "networkSpeed":100, "networkLatency":0.00025}, {"nCores":72, "memorySize":192, "networkSpeed":100, "networkLatency":0.00025}, {"nCores":72, "memorySize":192, "networkSpeed":100, "networkLatency":0.00025}, {"nCores":72, "memorySize":192, "networkSpeed":100, "networkLatency":0.00025}, {"nCores":72, "memorySize":192, "networkSpeed":100, "networkLatency":0.00025}, {"nCores":72, "memorySize":192, "networkSpeed":100, "networkLatency":0.00025}, {"nCores":72, "memorySize":192, "networkSpeed":100, "networkLatency":0.00025}, {"nCores":72, "memorySize":192, "networkSpeed":100, "networkLatency":0.00025}, {"nCores":72, "memorySize":192, "networkSpeed":100, "networkLatency":0.00025}, {"nCores":72, "memorySize":192, "networkSpeed":100, "networkLatency":0.00025}, {"nCores":72, "memorySize":192, "networkSpeed":100, "networkLatency":0.00025}, {"nCores":72, "memorySize":192, "networkSpeed":100, "networkLatency":0.00025}, {"nCores":72, "memorySize":192, "networkSpeed":100, "networkLatency":0.00025}, {"nCores":72, "memorySize":192, "networkSpeed":100, "networkLatency":0.00025}, {"nCores":72, "memorySize":192, "networkSpeed":100, "networkLatency":0.00025}, {"nCores":72, "memorySize":192, "networkSpeed":100, "networkLatency":0.00025}, {"nCores":72, "memorySize":192, "networkSpeed":100, "networkLatency":0.00025}, {"nCores":72, "memorySize":192, "networkSpeed":100, "networkLatency":0.00025}, {"nCores":72, "memorySize":192, "networkSpeed":100, "networkLatency":0.00025}, {"nCores":72, "memorySize":192, "networkSpeed":100, "networkLatency":0.00025}, {"nCores":72, "memorySize":192, "networkSpeed":100, "networkLatency":0.00025}, {"nCores":72, "memorySize":192, "networkSpeed":100, "networkLatency":0.00025}, {"nCores":72, "memorySize":192, "networkSpeed":100, "networkLatency":0.00025}, {"nCores":72, "memorySize":192, "networkSpeed":100, "networkLatency":0.00025}, {"nCores":72, "memorySize":192, "networkSpeed":100, "networkLatency":0.00025}, {"nCores":72, "memorySize":192, "networkSpeed":100, "networkLatency":0.00025}, {"nCores":72, "memorySize":192, "networkSpeed":100, "networkLatency":0.00025}, {"nCores":72, "memorySize":192, "networkSpeed":100, "networkLatency":0.00025}, {"nCores":72, "memorySize":192, "networkSpeed":100, "networkLatency":0.00025}, {"nCores":72, "memorySize":192, "networkSpeed":100, "networkLatency":0.00025}, {"nCores":72, "memorySize":192, "networkSpeed":100, "networkLatency":0.00025}, {"nCores":72, "memorySize":192, "networkSpeed":100, "networkLatency":0.00025}, {"nCores":72, "memorySize":192, "networkSpeed":100, "networkLatency":0.00025}, {"nCores":72, "memorySize":192, "networkSpeed":100, "networkLatency":0.00025}, {"nCores":72, "memorySize":192, "networkSpeed":100, "networkLatency":0.00025}, {"nCores":72, "memorySize":192, "networkSpeed":100, "networkLatency":0.00025}, {"nCores":72, "memorySize":192, "networkSpeed":100, "networkLatency":0.00025}, {"nCores":72, "memorySize":192, "networkSpeed":100, "networkLatency":0.00025}, {"nCores":72, "memorySize":192, "networkSpeed":100, "networkLatency":0.00025}, {"nCores":72, "memorySize":192, "networkSpeed":100, "networkLatency":0.00025}, {"nCores":72, "memorySize":192, "networkSpeed":100, "networkLatency":0.00025}, {"nCores":72, "memorySize":192, "networkSpeed":100, "networkLatency":0.00025}, {"nCores":72, "memorySize":192, "networkSpeed":100, "networkLatency":0.00025}, {"nCores":72, "memorySize":192, "networkSpeed":100, "networkLatency":0.00025}, {"nCores":72, "memorySize":192, "networkSpeed":100, "networkLatency":0.00025}, {"nCores":72, "memorySize":192, "networkSpeed":100, "networkLatency":0.00025}, {"nCores":72, "memorySize":192, "networkSpeed":100, "networkLatency":0.00025}, {"nCores":72, "memorySize":192, "networkSpeed":100, "networkLatency":0.00025}, {"nCores":72, "memorySize":192, "networkSpeed":100, "networkLatency":0.00025}, {"nCores":72, "memorySize":192, "networkSpeed":100, "networkLatency":0.00025}, {"nCores":72, "memorySize":192, "networkSpeed":100, "networkLatency":0.00025}, {"nCores":72, "memorySize":192, "networkSpeed":100, "networkLatency":0.00025}, {"nCores":72, "memorySize":192, "networkSpeed":100, "networkLatency":0.00025}, {"nCores":72, "memorySize":192, "networkSpeed":100, "networkLatency":0.00025}, {"nCores":72, "memorySize":192, "networkSpeed":100, "networkLatency":0.00025}, {"nCores":72, "memorySize":192, "networkSpeed":100, "networkLatency":0.00025}, {"nCores":72, "memorySize":192, "networkSpeed":100, "networkLatency":0.00025}, {"nCores":72, "memorySize":192, "networkSpeed":100, "networkLatency":0.00025}, {"nCores":72, "memorySize":192, "networkSpeed":100, "networkLatency":0.00025}, {"nCores":72, "memorySize":192, "networkSpeed":100, "networkLatency":0.00025}, {"nCores":72, "memorySize":192, "networkSpeed":100, "networkLatency":0.00025}, {"nCores":72, "memorySize":192, "networkSpeed":100, "networkLatency":0.00025}, {"nCores":72, "memorySize":192, "networkSpeed":100, "networkLatency":0.00025}, {"nCores":72, "memorySize":192, "networkSpeed":100, "networkLatency":0.00025}, {"nCores":72, "memorySize":192, "networkSpeed":100, "networkLatency":0.00025}, {"nCores":72, "memorySize":192, "networkSpeed":100, "networkLatency":0.00025}, {"nCores":72, "memorySize":192, "networkSpeed":100, "networkLatency":0.00025}, {"nCores":72, "memorySize":192, "networkSpeed":100, "networkLatency":0.00025}, {"nCores":72, "memorySize":192, "networkSpeed":100, "networkLatency":0.00025}, {"nCores":72, "memorySize":192, "networkSpeed":100, "networkLatency":0.00025}, {"nCores":72, "memorySize":192, "networkSpeed":100, "networkLatency":0.00025}, {"nCores":72, "memorySize":192, "networkSpeed":100, "networkLatency":0.00025}, {"nCores":72, "memorySize":192, "networkSpeed":100, "networkLatency":0.00025}, {"nCores":72, "memorySize":192, "networkSpeed":100, "networkLatency":0.00025}, {"nCores":72, "memorySize":192, "networkSpeed":100, "networkLatency":0.00025}, {"nCores":72, "memorySize":192, "networkSpeed":100, "networkLatency":0.00025}, {"nCores":72, "memorySize":192, "networkSpeed":100, "networkLatency":0.00025}, {"nCores":72, "memorySize":192, "networkSpeed":100, "networkLatency":0.00025}, {"nCores":72, "memorySize":192, "networkSpeed":100, "networkLatency":0.00025}, {"nCores":72, "memorySize":192, "networkSpeed":100, "networkLatency":0.00025}, {"nCores":72, "memorySize":192, "networkSpeed":100, "networkLatency":0.00025}, {"nCores":72, "memorySize":192, "networkSpeed":100, "networkLatency":0.00025}, {"nCores":72, "memorySize":192, "networkSpeed":100, "networkLatency":0.00025}, {"nCores":72, "memorySize":192, "networkSpeed":100, "networkLatency":0.00025}, {"nCores":72, "memorySize":192, "networkSpeed":100, "networkLatency":0.00025}, {"nCores":72, "memorySize":192, "networkSpeed":100, "networkLatency":0.00025}, {"nCores":72, "memorySize":192, "networkSpeed":100, "networkLatency":0.00025}, {"nCores":72, "memorySize":192, "networkSpeed":100, "networkLatency":0.00025}, {"nCores":72, "memorySize":192, "networkSpeed":100, "networkLatency":0.00025}, {"nCores":72, "memorySize":192, "networkSpeed":100, "networkLatency":0.00025}, {"nCores":72, "memorySize":192, "networkSpeed":100, "networkLatency":0.00025}, {"nCores":72, "memorySize":192, "networkSpeed":100, "networkLatency":0.00025}, {"nCores":72, "memorySize":192, "networkSpeed":100, "networkLatency":0.00025}, {"nCores":72, "memorySize":192, "networkSpeed":100, "networkLatency":0.00025}, {"nCores":72, "memorySize":192, "networkSpeed":100, "networkLatency":0.00025}, {"nCores":72, "memorySize":192, "networkSpeed":100, "networkLatency":0.00025}, {"nCores":72, "memorySize":192, "networkSpeed":100, "networkLatency":0.00025}, {"nCores":72, "memorySize":192, "networkSpeed":100, "networkLatency":0.00025}, {"nCores":72, "memorySize":192, "networkSpeed":100, "networkLatency":0.00025}, {"nCores":72, "memorySize":192, "networkSpeed":100, "networkLatency":0.00025}, {"nCores":72, "memorySize":192, "networkSpeed":100, "networkLatency":0.00025}, {"nCores":72, "memorySize":192, "networkSpeed":100, "networkLatency":0.00025}, {"nCores":72, "memorySize":192, "networkSpeed":100, "networkLatency":0.00025}, {"nCores":72, "memorySize":192, "networkSpeed":100, "networkLatency":0.00025}, {"nCores":72, "memorySize":192, "networkSpeed":100, "networkLatency":0.00025}, {"nCores":72, "memorySize":192, "networkSpeed":100, "networkLatency":0.00025}, {"nCores":72, "memorySize":192, "networkSpeed":100, "networkLatency":0.00025}, {"nCores":72, "memorySize":192, "networkSpeed":100, "networkLatency":0.00025}, {"nCores":72, "memorySize":192, "networkSpeed":100, "networkLatency":0.00025}, {"nCores":0, "memorySize":1e+06, "networkSpeed":1e+06, "networkLatency":0.1}], "storageService":true}, "plan":{"dataUnits":[{"name":"intermediate_0", "id":0, "estimatedCard":43945, "isIntermediate":true, "attributes":[{"name":"o_orderkey", "dataUnitId":0, "attributeIndex":0, "size":4}, {"name":"o_custkey", "dataUnitId":0, "attributeIndex":1, "size":4}], "partitionLayout":{"type":"hashpartitioned", "nPartitions":64, "attributes":[{"name":"o_orderkey", "dataUnitId":0, "attributeIndex":0, "size":4}]}}, {"name":"orders", "id":1, "estimatedCard":1.5e+06, "isIntermediate":false, "attributes":[{"name":"o_orderkey", "dataUnitId":1, "attributeIndex":0, "size":4}, {"name":"o_custkey", "dataUnitId":1, "attributeIndex":1, "size":4}, {"name":"o_orderstatus", "dataUnitId":1, "attributeIndex":2, "size":1}, {"name":"o_totalprice", "dataUnitId":1, "attributeIndex":3, "size":8}, {"name":"o_orderdate", "dataUnitId":1, "attributeIndex":4, "size":32}, {"name":"o_orderpriority", "dataUnitId":1, "attributeIndex":5, "size":1}, {"name":"o_clerk", "dataUnitId":1, "attributeIndex":6, "size":1}, {"name":"o_shippriority", "dataUnitId":1, "attributeIndex":7, "size":4}, {"name":"o_comment", "dataUnitId":1, "attributeIndex":8, "size":10}], "partitionLayout":{"type":"hashpartitioned", "nPartitions":64, "attributes":[{"name":"o_orderkey", "dataUnitId":1, "attributeIndex":0, "size":4}]}}, {"name":"intermediate_1", "id":2, "estimatedCard":43945, "isIntermediate":true, "attributes":[{"name":"c_custkey", "dataUnitId":2, "attributeIndex":0, "size":4}, {"name":"c_name", "dataUnitId":2, "attributeIndex":1, "size":10}, {"name":"c_address", "dataUnitId":2, "attributeIndex":2, "size":10}, {"name":"c_nationkey", "dataUnitId":2, "attributeIndex":3, "size":4}, {"name":"c_phone", "dataUnitId":2, "attributeIndex":4, "size":1}, {"name":"c_acctbal", "dataUnitId":2, "attributeIndex":5, "size":8}, {"name":"c_comment", "dataUnitId":2, "attributeIndex":6, "size":10}, {"name":"o_orderkey", "dataUnitId":2, "attributeIndex":7, "size":4}, {"name":"o_custkey", "dataUnitId":2, "attributeIndex":8, "size":4}], "partitionLayout":{"type":"broadcast", "nPartitions":1, "attributes":[]}}, {"name":"intermediate_0_shuffled", "id":3, "estimatedCard":43945, "isIntermediate":true, "attributes":[{"name":"o_orderkey", "dataUnitId":0, "attributeIndex":0, "size":4}, {"name":"o_custkey", "dataUnitId":0, "attributeIndex":1, "size":4}], "partitionLayout":{"type":"broadcast", "nPartitions":1, "attributes":[]}}, {"name":"intermediate_2", "id":4, "estimatedCard":25, "isIntermediate":true, "attributes":[{"name":"c_custkey", "dataUnitId":4, "attributeIndex":0, "size":4}, {"name":"c_name", "dataUnitId":4, "attributeIndex":1, "size":10}, {"name":"c_address", "dataUnitId":4, "attributeIndex":2, "size":10}, {"name":"c_nationkey", "dataUnitId":4, "attributeIndex":3, "size":4}, {"name":"c_phone", "dataUnitId":4, "attributeIndex":4, "size":1}, {"name":"c_acctbal", "dataUnitId":4, "attributeIndex":5, "size":8}, {"name":"c_comment", "dataUnitId":4, "attributeIndex":6, "size":10}, {"name":"o_orderkey", "dataUnitId":4, "attributeIndex":7, "size":4}, {"name":"o_custkey", "dataUnitId":4, "attributeIndex":8, "size":4}, {"name":"n_nationkey", "dataUnitId":4, "attributeIndex":9, "size":4}, {"name":"n_name", "dataUnitId":4, "attributeIndex":10, "size":1}], "partitionLayout":{"type":"broadcast", "nPartitions":1, "attributes":[]}}, {"name":"nation", "id":5, "estimatedCard":25, "isIntermediate":false, "attributes":[{"name":"n_nationkey", "dataUnitId":5, "attributeIndex":0, "size":4}, {"name":"n_name", "dataUnitId":5, "attributeIndex":1, "size":1}, {"name":"n_regionkey", "dataUnitId":5, "attributeIndex":2, "size":4}, {"name":"n_comment", "dataUnitId":5, "attributeIndex":3, "size":10}], "partitionLayout":{"type":"broadcast", "nPartitions":1, "attributes":[]}}, {"name":"intermediate_3", "id":6, "estimatedCard":43547.021361964973, "isIntermediate":true, "attributes":[{"name":"c_custkey", "dataUnitId":6, "attributeIndex":0, "size":4}, {"name":"c_name", "dataUnitId":6, "attributeIndex":1, "size":10}, {"name":"c_address", "dataUnitId":6, "attributeIndex":2, "size":10}, {"name":"c_nationkey", "dataUnitId":6, "attributeIndex":3, "size":4}, {"name":"c_phone", "dataUnitId":6, "attributeIndex":4, "size":1}, {"name":"c_acctbal", "dataUnitId":6, "attributeIndex":5, "size":8}, {"name":"c_comment", "dataUnitId":6, "attributeIndex":6, "size":10}, {"name":"o_orderkey", "dataUnitId":6, "attributeIndex":7, "size":4}, {"name":"o_custkey", "dataUnitId":6, "attributeIndex":8, "size":4}, {"name":"n_nationkey", "dataUnitId":6, "attributeIndex":9, "size":4}, {"name":"n_name", "dataUnitId":6, "attributeIndex":10, "size":1}], "partitionLayout":{"type":"hashpartitioned", "nPartitions":64, "attributes":[{"name":"c_custkey", "dataUnitId":6, "attributeIndex":0, "size":4}]}}, {"name":"customer", "id":7, "estimatedCard":150000, "isIntermediate":false, "attributes":[{"name":"c_custkey", "dataUnitId":7, "attributeIndex":0, "size":4}, {"name":"c_name", "dataUnitId":7, "attributeIndex":1, "size":10}, {"name":"c_address", "dataUnitId":7, "attributeIndex":2, "size":10}, {"name":"c_nationkey", "dataUnitId":7, "attributeIndex":3, "size":4}, {"name":"c_phone", "dataUnitId":7, "attributeIndex":4, "size":1}, {"name":"c_acctbal", "dataUnitId":7, "attributeIndex":5, "size":8}, {"name":"c_mktsegment", "dataUnitId":7, "attributeIndex":6, "size":1}, {"name":"c_comment", "dataUnitId":7, "attributeIndex":7, "size":10}], "partitionLayout":{"type":"hashpartitioned", "nPartitions":64, "attributes":[{"name":"c_custkey", "dataUnitId":7, "attributeIndex":0, "size":4}]}}, {"name":"intermediate_4", "id":8, "estimatedCard":43547.021361964973, "isIntermediate":true, "attributes":[{"name":"c_custkey", "dataUnitId":8, "attributeIndex":0, "size":4}, {"name":"c_name", "dataUnitId":8, "attributeIndex":1, "size":10}, {"name":"c_address", "dataUnitId":8, "attributeIndex":2, "size":10}, {"name":"c_nationkey", "dataUnitId":8, "attributeIndex":3, "size":4}, {"name":"c_phone", "dataUnitId":8, "attributeIndex":4, "size":1}, {"name":"c_acctbal", "dataUnitId":8, "attributeIndex":5, "size":8}, {"name":"c_comment", "dataUnitId":8, "attributeIndex":6, "size":10}, {"name":"o_orderkey", "dataUnitId":8, "attributeIndex":7, "size":4}, {"name":"o_custkey", "dataUnitId":8, "attributeIndex":8, "size":4}, {"name":"l_orderkey", "dataUnitId":8, "attributeIndex":9, "size":4}, {"name":"l_extendedprice", "dataUnitId":8, "attributeIndex":10, "size":8}, {"name":"l_discount", "dataUnitId":8, "attributeIndex":11, "size":8}, {"name":"n_nationkey", "dataUnitId":8, "attributeIndex":12, "size":4}, {"name":"n_name", "dataUnitId":8, "attributeIndex":13, "size":1}], "partitionLayout":{"type":"broadcast", "nPartitions":1, "attributes":[]}}, {"name":"intermediate_3_shuffled", "id":9, "estimatedCard":43547.021361964973, "isIntermediate":true, "attributes":[{"name":"c_custkey", "dataUnitId":6, "attributeIndex":0, "size":4}, {"name":"c_name", "dataUnitId":6, "attributeIndex":1, "size":10}, {"name":"c_address", "dataUnitId":6, "attributeIndex":2, "size":10}, {"name":"c_nationkey", "dataUnitId":6, "attributeIndex":3, "size":4}, {"name":"c_phone", "dataUnitId":6, "attributeIndex":4, "size":1}, {"name":"c_acctbal", "dataUnitId":6, "attributeIndex":5, "size":8}, {"name":"c_comment", "dataUnitId":6, "attributeIndex":6, "size":10}, {"name":"o_orderkey", "dataUnitId":6, "attributeIndex":7, "size":4}, {"name":"o_custkey", "dataUnitId":6, "attributeIndex":8, "size":4}, {"name":"n_nationkey", "dataUnitId":6, "attributeIndex":9, "size":4}, {"name":"n_name", "dataUnitId":6, "attributeIndex":10, "size":1}], "partitionLayout":{"type":"broadcast", "nPartitions":1, "attributes":[]}}, {"name":"intermediate_5", "id":10, "estimatedCard":40784.2162857818839, "isIntermediate":true, "attributes":[{"name":"c_custkey", "dataUnitId":10, "attributeIndex":0, "size":4}, {"name":"c_name", "dataUnitId":10, "attributeIndex":1, "size":10}, {"name":"c_acctbal", "dataUnitId":10, "attributeIndex":2, "size":8}, {"name":"c_phone", "dataUnitId":10, "attributeIndex":3, "size":1}, {"name":"n_name", "dataUnitId":10, "attributeIndex":4, "size":1}, {"name":"c_address", "dataUnitId":10, "attributeIndex":5, "size":10}, {"name":"c_comment", "dataUnitId":10, "attributeIndex":6, "size":10}, {"name":"sum()", "dataUnitId":10, "attributeIndex":7, "size":16}], "partitionLayout":{"type":"hashpartitioned", "nPartitions":64, "attributes":[{"name":"l_orderkey", "dataUnitId":11, "attributeIndex":0, "size":4}]}}, {"name":"lineitem", "id":11, "estimatedCard":6001215, "isIntermediate":false, "attributes":[{"name":"l_orderkey", "dataUnitId":11, "attributeIndex":0, "size":4}, {"name":"l_partkey", "dataUnitId":11, "attributeIndex":1, "size":4}, {"name":"l_suppkey", "dataUnitId":11, "attributeIndex":2, "size":4}, {"name":"l_linenumber", "dataUnitId":11, "attributeIndex":3, "size":4}, {"name":"l_quantity", "dataUnitId":11, "attributeIndex":4, "size":8}, {"name":"l_extendedprice", "dataUnitId":11, "attributeIndex":5, "size":8}, {"name":"l_discount", "dataUnitId":11, "attributeIndex":6, "size":8}, {"name":"l_tax", "dataUnitId":11, "attributeIndex":7, "size":8}, {"name":"l_returnflag", "dataUnitId":11, "attributeIndex":8, "size":1}, {"name":"l_linestatus", "dataUnitId":11, "attributeIndex":9, "size":1}, {"name":"l_shipdate", "dataUnitId":11, "attributeIndex":10, "size":32}, {"name":"l_commitdate", "dataUnitId":11, "attributeIndex":11, "size":32}, {"name":"l_receiptdate", "dataUnitId":11, "attributeIndex":12, "size":32}, {"name":"l_shipinstruct", "dataUnitId":11, "attributeIndex":13, "size":1}, {"name":"l_shipmode", "dataUnitId":11, "attributeIndex":14, "size":1}, {"name":"l_comment", "dataUnitId":11, "attributeIndex":15, "size":10}], "partitionLayout":{"type":"hashpartitioned", "nPartitions":64, "attributes":[{"name":"l_orderkey", "dataUnitId":11, "attributeIndex":0, "size":4}]}}, {"name":"intermediate_6", "id":12, "estimatedCard":40784.2162857818839, "isIntermediate":true, "attributes":[{"name":"c_custkey", "dataUnitId":12, "attributeIndex":0, "size":4}, {"name":"c_name", "dataUnitId":12, "attributeIndex":1, "size":10}, {"name":"c_acctbal", "dataUnitId":12, "attributeIndex":2, "size":8}, {"name":"c_phone", "dataUnitId":12, "attributeIndex":3, "size":1}, {"name":"n_name", "dataUnitId":12, "attributeIndex":4, "size":1}, {"name":"c_address", "dataUnitId":12, "attributeIndex":5, "size":10}, {"name":"c_comment", "dataUnitId":12, "attributeIndex":6, "size":10}, {"name":"sum()", "dataUnitId":12, "attributeIndex":7, "size":16}], "partitionLayout":{"type":"singlenode", "nPartitions":1, "attributes":[]}}, {"name":"intermediate_5_shuffled", "id":13, "estimatedCard":40784.2162857818839, "isIntermediate":true, "attributes":[{"name":"c_custkey", "dataUnitId":10, "attributeIndex":0, "size":4}, {"name":"c_name", "dataUnitId":10, "attributeIndex":1, "size":10}, {"name":"c_acctbal", "dataUnitId":10, "attributeIndex":2, "size":8}, {"name":"c_phone", "dataUnitId":10, "attributeIndex":3, "size":1}, {"name":"n_name", "dataUnitId":10, "attributeIndex":4, "size":1}, {"name":"c_address", "dataUnitId":10, "attributeIndex":5, "size":10}, {"name":"c_comment", "dataUnitId":10, "attributeIndex":6, "size":10}, {"name":"sum()", "dataUnitId":10, "attributeIndex":7, "size":16}], "partitionLayout":{"type":"singlenode", "nPartitions":1, "attributes":[]}}, {"name":"intermediate_7", "id":14, "estimatedCard":20, "isIntermediate":true, "attributes":[{"name":"c_custkey", "dataUnitId":14, "attributeIndex":0, "size":4}, {"name":"c_name", "dataUnitId":14, "attributeIndex":1, "size":10}, {"name":"c_acctbal", "dataUnitId":14, "attributeIndex":2, "size":8}, {"name":"c_phone", "dataUnitId":14, "attributeIndex":3, "size":1}, {"name":"n_name", "dataUnitId":14, "attributeIndex":4, "size":1}, {"name":"c_address", "dataUnitId":14, "attributeIndex":5, "size":10}, {"name":"c_comment", "dataUnitId":14, "attributeIndex":6, "size":10}, {"name":"sum()", "dataUnitId":14, "attributeIndex":7, "size":16}], "partitionLayout":{"type":"singlenode", "nPartitions":1, "attributes":[]}}], "pipelines":[{"id":0, "scan":1, "output":0, "estimatedLoad":1.27289353382403286e-10, "requiredData":[]}, {"id":1, "scan":3, "output":2, "estimatedLoad":1.08369487487861893e-08, "requiredData":[]}, {"id":2, "scan":5, "output":4, "estimatedLoad":3.47888442495522096e-07, "requiredData":[]}, {"id":3, "scan":7, "output":6, "estimatedLoad":1.46967998499363326e-09, "requiredData":[2, 4]}, {"id":4, "scan":9, "output":8, "estimatedLoad":1.10644279611551118e-08, "requiredData":[]}, {"id":5, "scan":11, "output":10, "estimatedLoad":5.24351089349482264e-10, "requiredData":[8]}, {"id":6, "scan":13, "output":12, "estimatedLoad":1.37578486416670243e-08, "requiredData":[]}, {"id":7, "scan":12, "output":14, "estimatedLoad":1.75720872023650193e-06, "requiredData":[]}], "shuffleStages":[{"from":10, "to":13}, {"from":6, "to":9}, {"from":0, "to":3}], "dependencyOrder":[0, 1, 2, 3, 4, 5, 6, 7]}, "tasks":[{"k":7, "v":[{"pipelineId":7, "scannedPartition":{"dataUnitId":12, "partitionIndex":0}, "requiredPartitions":[], "outputPartition":{"dataUnitId":14, "partitionIndex":0}, "broadcast":false}]}, {"k":6, "v":[{"pipelineId":6, "scannedPartition":{"dataUnitId":13, "partitionIndex":0}, "requiredPartitions":[], "outputPartition":{"dataUnitId":12, "partitionIndex":0}, "broadcast":false}]}, {"k":5, "v":[{"pipelineId":5, "scannedPartition":{"dataUnitId":11, "partitionIndex":0}, "requiredPartitions":[{"dataUnitId":8, "partitionIndex":0}], "outputPartition":{"dataUnitId":10, "partitionIndex":0}, "broadcast":false}, {"pipelineId":5, "scannedPartition":{"dataUnitId":11, "partitionIndex":1}, "requiredPartitions":[{"dataUnitId":8, "partitionIndex":0}], "outputPartition":{"dataUnitId":10, "partitionIndex":1}, "broadcast":false}, {"pipelineId":5, "scannedPartition":{"dataUnitId":11, "partitionIndex":2}, "requiredPartitions":[{"dataUnitId":8, "partitionIndex":0}], "outputPartition":{"dataUnitId":10, "partitionIndex":2}, "broadcast":false}, {"pipelineId":5, "scannedPartition":{"dataUnitId":11, "partitionIndex":3}, "requiredPartitions":[{"dataUnitId":8, "partitionIndex":0}], "outputPartition":{"dataUnitId":10, "partitionIndex":3}, "broadcast":false}, {"pipelineId":5, "scannedPartition":{"dataUnitId":11, "partitionIndex":4}, "requiredPartitions":[{"dataUnitId":8, "partitionIndex":0}], "outputPartition":{"dataUnitId":10, "partitionIndex":4}, "broadcast":false}, {"pipelineId":5, "scannedPartition":{"dataUnitId":11, "partitionIndex":5}, "requiredPartitions":[{"dataUnitId":8, "partitionIndex":0}], "outputPartition":{"dataUnitId":10, "partitionIndex":5}, "broadcast":false}, {"pipelineId":5, "scannedPartition":{"dataUnitId":11, "partitionIndex":6}, "requiredPartitions":[{"dataUnitId":8, "partitionIndex":0}], "outputPartition":{"dataUnitId":10, "partitionIndex":6}, "broadcast":false}, {"pipelineId":5, "scannedPartition":{"dataUnitId":11, "partitionIndex":7}, "requiredPartitions":[{"dataUnitId":8, "partitionIndex":0}], "outputPartition":{"dataUnitId":10, "partitionIndex":7}, "broadcast":false}, {"pipelineId":5, "scannedPartition":{"dataUnitId":11, "partitionIndex":8}, "requiredPartitions":[{"dataUnitId":8, "partitionIndex":0}], "outputPartition":{"dataUnitId":10, "partitionIndex":8}, "broadcast":false}, {"pipelineId":5, "scannedPartition":{"dataUnitId":11, "partitionIndex":9}, "requiredPartitions":[{"dataUnitId":8, "partitionIndex":0}], "outputPartition":{"dataUnitId":10, "partitionIndex":9}, "broadcast":false}, {"pipelineId":5, "scannedPartition":{"dataUnitId":11, "partitionIndex":10}, "requiredPartitions":[{"dataUnitId":8, "partitionIndex":0}], "outputPartition":{"dataUnitId":10, "partitionIndex":10}, "broadcast":false}, {"pipelineId":5, "scannedPartition":{"dataUnitId":11, "partitionIndex":11}, "requiredPartitions":[{"dataUnitId":8, "partitionIndex":0}], "outputPartition":{"dataUnitId":10, "partitionIndex":11}, "broadcast":false}, {"pipelineId":5, "scannedPartition":{"dataUnitId":11, "partitionIndex":12}, "requiredPartitions":[{"dataUnitId":8, "partitionIndex":0}], "outputPartition":{"dataUnitId":10, "partitionIndex":12}, "broadcast":false}, {"pipelineId":5, "scannedPartition":{"dataUnitId":11, "partitionIndex":13}, "requiredPartitions":[{"dataUnitId":8, "partitionIndex":0}], "outputPartition":{"dataUnitId":10, "partitionIndex":13}, "broadcast":false}, {"pipelineId":5, "scannedPartition":{"dataUnitId":11, "partitionIndex":14}, "requiredPartitions":[{"dataUnitId":8, "partitionIndex":0}], "outputPartition":{"dataUnitId":10, "partitionIndex":14}, "broadcast":false}, {"pipelineId":5, "scannedPartition":{"dataUnitId":11, "partitionIndex":15}, "requiredPartitions":[{"dataUnitId":8, "partitionIndex":0}], "outputPartition":{"dataUnitId":10, "partitionIndex":15}, "broadcast":false}, {"pipelineId":5, "scannedPartition":{"dataUnitId":11, "partitionIndex":16}, "requiredPartitions":[{"dataUnitId":8, "partitionIndex":0}], "outputPartition":{"dataUnitId":10, "partitionIndex":16}, "broadcast":false}, {"pipelineId":5, "scannedPartition":{"dataUnitId":11, "partitionIndex":17}, "requiredPartitions":[{"dataUnitId":8, "partitionIndex":0}], "outputPartition":{"dataUnitId":10, "partitionIndex":17}, "broadcast":false}, {"pipelineId":5, "scannedPartition":{"dataUnitId":11, "partitionIndex":18}, "requiredPartitions":[{"dataUnitId":8, "partitionIndex":0}], "outputPartition":{"dataUnitId":10, "partitionIndex":18}, "broadcast":false}, {"pipelineId":5, "scannedPartition":{"dataUnitId":11, "partitionIndex":19}, "requiredPartitions":[{"dataUnitId":8, "partitionIndex":0}], "outputPartition":{"dataUnitId":10, "partitionIndex":19}, "broadcast":false}, {"pipelineId":5, "scannedPartition":{"dataUnitId":11, "partitionIndex":20}, "requiredPartitions":[{"dataUnitId":8, "partitionIndex":0}], "outputPartition":{"dataUnitId":10, "partitionIndex":20}, "broadcast":false}, {"pipelineId":5, "scannedPartition":{"dataUnitId":11, "partitionIndex":21}, "requiredPartitions":[{"dataUnitId":8, "partitionIndex":0}], "outputPartition":{"dataUnitId":10, "partitionIndex":21}, "broadcast":false}, {"pipelineId":5, "scannedPartition":{"dataUnitId":11, "partitionIndex":22}, "requiredPartitions":[{"dataUnitId":8, "partitionIndex":0}], "outputPartition":{"dataUnitId":10, "partitionIndex":22}, "broadcast":false}, {"pipelineId":5, "scannedPartition":{"dataUnitId":11, "partitionIndex":23}, "requiredPartitions":[{"dataUnitId":8, "partitionIndex":0}], "outputPartition":{"dataUnitId":10, "partitionIndex":23}, "broadcast":false}, {"pipelineId":5, "scannedPartition":{"dataUnitId":11, "partitionIndex":24}, "requiredPartitions":[{"dataUnitId":8, "partitionIndex":0}], "outputPartition":{"dataUnitId":10, "partitionIndex":24}, "broadcast":false}, {"pipelineId":5, "scannedPartition":{"dataUnitId":11, "partitionIndex":25}, "requiredPartitions":[{"dataUnitId":8, "partitionIndex":0}], "outputPartition":{"dataUnitId":10, "partitionIndex":25}, "broadcast":false}, {"pipelineId":5, "scannedPartition":{"dataUnitId":11, "partitionIndex":26}, "requiredPartitions":[{"dataUnitId":8, "partitionIndex":0}], "outputPartition":{"dataUnitId":10, "partitionIndex":26}, "broadcast":false}, {"pipelineId":5, "scannedPartition":{"dataUnitId":11, "partitionIndex":27}, "requiredPartitions":[{"dataUnitId":8, "partitionIndex":0}], "outputPartition":{"dataUnitId":10, "partitionIndex":27}, "broadcast":false}, {"pipelineId":5, "scannedPartition":{"dataUnitId":11, "partitionIndex":28}, "requiredPartitions":[{"dataUnitId":8, "partitionIndex":0}], "outputPartition":{"dataUnitId":10, "partitionIndex":28}, "broadcast":false}, {"pipelineId":5, "scannedPartition":{"dataUnitId":11, "partitionIndex":29}, "requiredPartitions":[{"dataUnitId":8, "partitionIndex":0}], "outputPartition":{"dataUnitId":10, "partitionIndex":29}, "broadcast":false}, {"pipelineId":5, "scannedPartition":{"dataUnitId":11, "partitionIndex":30}, "requiredPartitions":[{"dataUnitId":8, "partitionIndex":0}], "outputPartition":{"dataUnitId":10, "partitionIndex":30}, "broadcast":false}, {"pipelineId":5, "scannedPartition":{"dataUnitId":11, "partitionIndex":31}, "requiredPartitions":[{"dataUnitId":8, "partitionIndex":0}], "outputPartition":{"dataUnitId":10, "partitionIndex":31}, "broadcast":false}, {"pipelineId":5, "scannedPartition":{"dataUnitId":11, "partitionIndex":32}, "requiredPartitions":[{"dataUnitId":8, "partitionIndex":0}], "outputPartition":{"dataUnitId":10, "partitionIndex":32}, "broadcast":false}, {"pipelineId":5, "scannedPartition":{"dataUnitId":11, "partitionIndex":33}, "requiredPartitions":[{"dataUnitId":8, "partitionIndex":0}], "outputPartition":{"dataUnitId":10, "partitionIndex":33}, "broadcast":false}, {"pipelineId":5, "scannedPartition":{"dataUnitId":11, "partitionIndex":34}, "requiredPartitions":[{"dataUnitId":8, "partitionIndex":0}], "outputPartition":{"dataUnitId":10, "partitionIndex":34}, "broadcast":false}, {"pipelineId":5, "scannedPartition":{"dataUnitId":11, "partitionIndex":35}, "requiredPartitions":[{"dataUnitId":8, "partitionIndex":0}], "outputPartition":{"dataUnitId":10, "partitionIndex":35}, "broadcast":false}, {"pipelineId":5, "scannedPartition":{"dataUnitId":11, "partitionIndex":36}, "requiredPartitions":[{"dataUnitId":8, "partitionIndex":0}], "outputPartition":{"dataUnitId":10, "partitionIndex":36}, "broadcast":false}, {"pipelineId":5, "scannedPartition":{"dataUnitId":11, "partitionIndex":37}, "requiredPartitions":[{"dataUnitId":8, "partitionIndex":0}], "outputPartition":{"dataUnitId":10, "partitionIndex":37}, "broadcast":false}, {"pipelineId":5, "scannedPartition":{"dataUnitId":11, "partitionIndex":38}, "requiredPartitions":[{"dataUnitId":8, "partitionIndex":0}], "outputPartition":{"dataUnitId":10, "partitionIndex":38}, "broadcast":false}, {"pipelineId":5, "scannedPartition":{"dataUnitId":11, "partitionIndex":39}, "requiredPartitions":[{"dataUnitId":8, "partitionIndex":0}], "outputPartition":{"dataUnitId":10, "partitionIndex":39}, "broadcast":false}, {"pipelineId":5, "scannedPartition":{"dataUnitId":11, "partitionIndex":40}, "requiredPartitions":[{"dataUnitId":8, "partitionIndex":0}], "outputPartition":{"dataUnitId":10, "partitionIndex":40}, "broadcast":false}, {"pipelineId":5, "scannedPartition":{"dataUnitId":11, "partitionIndex":41}, "requiredPartitions":[{"dataUnitId":8, "partitionIndex":0}], "outputPartition":{"dataUnitId":10, "partitionIndex":41}, "broadcast":false}, {"pipelineId":5, "scannedPartition":{"dataUnitId":11, "partitionIndex":42}, "requiredPartitions":[{"dataUnitId":8, "partitionIndex":0}], "outputPartition":{"dataUnitId":10, "partitionIndex":42}, "broadcast":false}, {"pipelineId":5, "scannedPartition":{"dataUnitId":11, "partitionIndex":43}, "requiredPartitions":[{"dataUnitId":8, "partitionIndex":0}], "outputPartition":{"dataUnitId":10, "partitionIndex":43}, "broadcast":false}, {"pipelineId":5, "scannedPartition":{"dataUnitId":11, "partitionIndex":44}, "requiredPartitions":[{"dataUnitId":8, "partitionIndex":0}], "outputPartition":{"dataUnitId":10, "partitionIndex":44}, "broadcast":false}, {"pipelineId":5, "scannedPartition":{"dataUnitId":11, "partitionIndex":45}, "requiredPartitions":[{"dataUnitId":8, "partitionIndex":0}], "outputPartition":{"dataUnitId":10, "partitionIndex":45}, "broadcast":false}, {"pipelineId":5, "scannedPartition":{"dataUnitId":11, "partitionIndex":46}, "requiredPartitions":[{"dataUnitId":8, "partitionIndex":0}], "outputPartition":{"dataUnitId":10, "partitionIndex":46}, "broadcast":false}, {"pipelineId":5, "scannedPartition":{"dataUnitId":11, "partitionIndex":47}, "requiredPartitions":[{"dataUnitId":8, "partitionIndex":0}], "outputPartition":{"dataUnitId":10, "partitionIndex":47}, "broadcast":false}, {"pipelineId":5, "scannedPartition":{"dataUnitId":11, "partitionIndex":48}, "requiredPartitions":[{"dataUnitId":8, "partitionIndex":0}], "outputPartition":{"dataUnitId":10, "partitionIndex":48}, "broadcast":false}, {"pipelineId":5, "scannedPartition":{"dataUnitId":11, "partitionIndex":49}, "requiredPartitions":[{"dataUnitId":8, "partitionIndex":0}], "outputPartition":{"dataUnitId":10, "partitionIndex":49}, "broadcast":false}, {"pipelineId":5, "scannedPartition":{"dataUnitId":11, "partitionIndex":50}, "requiredPartitions":[{"dataUnitId":8, "partitionIndex":0}], "outputPartition":{"dataUnitId":10, "partitionIndex":50}, "broadcast":false}, {"pipelineId":5, "scannedPartition":{"dataUnitId":11, "partitionIndex":51}, "requiredPartitions":[{"dataUnitId":8, "partitionIndex":0}], "outputPartition":{"dataUnitId":10, "partitionIndex":51}, "broadcast":false}, {"pipelineId":5, "scannedPartition":{"dataUnitId":11, "partitionIndex":52}, "requiredPartitions":[{"dataUnitId":8, "partitionIndex":0}], "outputPartition":{"dataUnitId":10, "partitionIndex":52}, "broadcast":false}, {"pipelineId":5, "scannedPartition":{"dataUnitId":11, "partitionIndex":53}, "requiredPartitions":[{"dataUnitId":8, "partitionIndex":0}], "outputPartition":{"dataUnitId":10, "partitionIndex":53}, "broadcast":false}, {"pipelineId":5, "scannedPartition":{"dataUnitId":11, "partitionIndex":54}, "requiredPartitions":[{"dataUnitId":8, "partitionIndex":0}], "outputPartition":{"dataUnitId":10, "partitionIndex":54}, "broadcast":false}, {"pipelineId":5, "scannedPartition":{"dataUnitId":11, "partitionIndex":55}, "requiredPartitions":[{"dataUnitId":8, "partitionIndex":0}], "outputPartition":{"dataUnitId":10, "partitionIndex":55}, "broadcast":false}, {"pipelineId":5, "scannedPartition":{"dataUnitId":11, "partitionIndex":56}, "requiredPartitions":[{"dataUnitId":8, "partitionIndex":0}], "outputPartition":{"dataUnitId":10, "partitionIndex":56}, "broadcast":false}, {"pipelineId":5, "scannedPartition":{"dataUnitId":11, "partitionIndex":57}, "requiredPartitions":[{"dataUnitId":8, "partitionIndex":0}], "outputPartition":{"dataUnitId":10, "partitionIndex":57}, "broadcast":false}, {"pipelineId":5, "scannedPartition":{"dataUnitId":11, "partitionIndex":58}, "requiredPartitions":[{"dataUnitId":8, "partitionIndex":0}], "outputPartition":{"dataUnitId":10, "partitionIndex":58}, "broadcast":false}, {"pipelineId":5, "scannedPartition":{"dataUnitId":11, "partitionIndex":59}, "requiredPartitions":[{"dataUnitId":8, "partitionIndex":0}], "outputPartition":{"dataUnitId":10, "partitionIndex":59}, "broadcast":false}, {"pipelineId":5, "scannedPartition":{"dataUnitId":11, "partitionIndex":60}, "requiredPartitions":[{"dataUnitId":8, "partitionIndex":0}], "outputPartition":{"dataUnitId":10, "partitionIndex":60}, "broadcast":false}, {"pipelineId":5, "scannedPartition":{"dataUnitId":11, "partitionIndex":61}, "requiredPartitions":[{"dataUnitId":8, "partitionIndex":0}], "outputPartition":{"dataUnitId":10, "partitionIndex":61}, "broadcast":false}, {"pipelineId":5, "scannedPartition":{"dataUnitId":11, "partitionIndex":62}, "requiredPartitions":[{"dataUnitId":8, "partitionIndex":0}], "outputPartition":{"dataUnitId":10, "partitionIndex":62}, "broadcast":false}, {"pipelineId":5, "scannedPartition":{"dataUnitId":11, "partitionIndex":63}, "requiredPartitions":[{"dataUnitId":8, "partitionIndex":0}], "outputPartition":{"dataUnitId":10, "partitionIndex":63}, "broadcast":false}]}, {"k":3, "v":[{"pipelineId":3, "scannedPartition":{"dataUnitId":7, "partitionIndex":0}, "requiredPartitions":[{"dataUnitId":2, "partitionIndex":0}, {"dataUnitId":4, "partitionIndex":0}], "outputPartition":{"dataUnitId":6, "partitionIndex":0}, "broadcast":false}, {"pipelineId":3, "scannedPartition":{"dataUnitId":7, "partitionIndex":1}, "requiredPartitions":[{"dataUnitId":2, "partitionIndex":0}, {"dataUnitId":4, "partitionIndex":0}], "outputPartition":{"dataUnitId":6, "partitionIndex":1}, "broadcast":false}, {"pipelineId":3, "scannedPartition":{"dataUnitId":7, "partitionIndex":2}, "requiredPartitions":[{"dataUnitId":2, "partitionIndex":0}, {"dataUnitId":4, "partitionIndex":0}], "outputPartition":{"dataUnitId":6, "partitionIndex":2}, "broadcast":false}, {"pipelineId":3, "scannedPartition":{"dataUnitId":7, "partitionIndex":3}, "requiredPartitions":[{"dataUnitId":2, "partitionIndex":0}, {"dataUnitId":4, "partitionIndex":0}], "outputPartition":{"dataUnitId":6, "partitionIndex":3}, "broadcast":false}, {"pipelineId":3, "scannedPartition":{"dataUnitId":7, "partitionIndex":4}, "requiredPartitions":[{"dataUnitId":2, "partitionIndex":0}, {"dataUnitId":4, "partitionIndex":0}], "outputPartition":{"dataUnitId":6, "partitionIndex":4}, "broadcast":false}, {"pipelineId":3, "scannedPartition":{"dataUnitId":7, "partitionIndex":5}, "requiredPartitions":[{"dataUnitId":2, "partitionIndex":0}, {"dataUnitId":4, "partitionIndex":0}], "outputPartition":{"dataUnitId":6, "partitionIndex":5}, "broadcast":false}, {"pipelineId":3, "scannedPartition":{"dataUnitId":7, "partitionIndex":6}, "requiredPartitions":[{"dataUnitId":2, "partitionIndex":0}, {"dataUnitId":4, "partitionIndex":0}], "outputPartition":{"dataUnitId":6, "partitionIndex":6}, "broadcast":false}, {"pipelineId":3, "scannedPartition":{"dataUnitId":7, "partitionIndex":7}, "requiredPartitions":[{"dataUnitId":2, "partitionIndex":0}, {"dataUnitId":4, "partitionIndex":0}], "outputPartition":{"dataUnitId":6, "partitionIndex":7}, "broadcast":false}, {"pipelineId":3, "scannedPartition":{"dataUnitId":7, "partitionIndex":8}, "requiredPartitions":[{"dataUnitId":2, "partitionIndex":0}, {"dataUnitId":4, "partitionIndex":0}], "outputPartition":{"dataUnitId":6, "partitionIndex":8}, "broadcast":false}, {"pipelineId":3, "scannedPartition":{"dataUnitId":7, "partitionIndex":9}, "requiredPartitions":[{"dataUnitId":2, "partitionIndex":0}, {"dataUnitId":4, "partitionIndex":0}], "outputPartition":{"dataUnitId":6, "partitionIndex":9}, "broadcast":false}, {"pipelineId":3, "scannedPartition":{"dataUnitId":7, "partitionIndex":10}, "requiredPartitions":[{"dataUnitId":2, "partitionIndex":0}, {"dataUnitId":4, "partitionIndex":0}], "outputPartition":{"dataUnitId":6, "partitionIndex":10}, "broadcast":false}, {"pipelineId":3, "scannedPartition":{"dataUnitId":7, "partitionIndex":11}, "requiredPartitions":[{"dataUnitId":2, "partitionIndex":0}, {"dataUnitId":4, "partitionIndex":0}], "outputPartition":{"dataUnitId":6, "partitionIndex":11}, "broadcast":false}, {"pipelineId":3, "scannedPartition":{"dataUnitId":7, "partitionIndex":12}, "requiredPartitions":[{"dataUnitId":2, "partitionIndex":0}, {"dataUnitId":4, "partitionIndex":0}], "outputPartition":{"dataUnitId":6, "partitionIndex":12}, "broadcast":false}, {"pipelineId":3, "scannedPartition":{"dataUnitId":7, "partitionIndex":13}, "requiredPartitions":[{"dataUnitId":2, "partitionIndex":0}, {"dataUnitId":4, "partitionIndex":0}], "outputPartition":{"dataUnitId":6, "partitionIndex":13}, "broadcast":false}, {"pipelineId":3, "scannedPartition":{"dataUnitId":7, "partitionIndex":14}, "requiredPartitions":[{"dataUnitId":2, "partitionIndex":0}, {"dataUnitId":4, "partitionIndex":0}], "outputPartition":{"dataUnitId":6, "partitionIndex":14}, "broadcast":false}, {"pipelineId":3, "scannedPartition":{"dataUnitId":7, "partitionIndex":15}, "requiredPartitions":[{"dataUnitId":2, "partitionIndex":0}, {"dataUnitId":4, "partitionIndex":0}], "outputPartition":{"dataUnitId":6, "partitionIndex":15}, "broadcast":false}, {"pipelineId":3, "scannedPartition":{"dataUnitId":7, "partitionIndex":16}, "requiredPartitions":[{"dataUnitId":2, "partitionIndex":0}, {"dataUnitId":4, "partitionIndex":0}], "outputPartition":{"dataUnitId":6, "partitionIndex":16}, "broadcast":false}, {"pipelineId":3, "scannedPartition":{"dataUnitId":7, "partitionIndex":17}, "requiredPartitions":[{"dataUnitId":2, "partitionIndex":0}, {"dataUnitId":4, "partitionIndex":0}], "outputPartition":{"dataUnitId":6, "partitionIndex":17}, "broadcast":false}, {"pipelineId":3, "scannedPartition":{"dataUnitId":7, "partitionIndex":18}, "requiredPartitions":[{"dataUnitId":2, "partitionIndex":0}, {"dataUnitId":4, "partitionIndex":0}], "outputPartition":{"dataUnitId":6, "partitionIndex":18}, "broadcast":false}, {"pipelineId":3, "scannedPartition":{"dataUnitId":7, "partitionIndex":19}, "requiredPartitions":[{"dataUnitId":2, "partitionIndex":0}, {"dataUnitId":4, "partitionIndex":0}], "outputPartition":{"dataUnitId":6, "partitionIndex":19}, "broadcast":false}, {"pipelineId":3, "scannedPartition":{"dataUnitId":7, "partitionIndex":20}, "requiredPartitions":[{"dataUnitId":2, "partitionIndex":0}, {"dataUnitId":4, "partitionIndex":0}], "outputPartition":{"dataUnitId":6, "partitionIndex":20}, "broadcast":false}, {"pipelineId":3, "scannedPartition":{"dataUnitId":7, "partitionIndex":21}, "requiredPartitions":[{"dataUnitId":2, "partitionIndex":0}, {"dataUnitId":4, "partitionIndex":0}], "outputPartition":{"dataUnitId":6, "partitionIndex":21}, "broadcast":false}, {"pipelineId":3, "scannedPartition":{"dataUnitId":7, "partitionIndex":22}, "requiredPartitions":[{"dataUnitId":2, "partitionIndex":0}, {"dataUnitId":4, "partitionIndex":0}], "outputPartition":{"dataUnitId":6, "partitionIndex":22}, "broadcast":false}, {"pipelineId":3, "scannedPartition":{"dataUnitId":7, "partitionIndex":23}, "requiredPartitions":[{"dataUnitId":2, "partitionIndex":0}, {"dataUnitId":4, "partitionIndex":0}], "outputPartition":{"dataUnitId":6, "partitionIndex":23}, "broadcast":false}, {"pipelineId":3, "scannedPartition":{"dataUnitId":7, "partitionIndex":24}, "requiredPartitions":[{"dataUnitId":2, "partitionIndex":0}, {"dataUnitId":4, "partitionIndex":0}], "outputPartition":{"dataUnitId":6, "partitionIndex":24}, "broadcast":false}, {"pipelineId":3, "scannedPartition":{"dataUnitId":7, "partitionIndex":25}, "requiredPartitions":[{"dataUnitId":2, "partitionIndex":0}, {"dataUnitId":4, "partitionIndex":0}], "outputPartition":{"dataUnitId":6, "partitionIndex":25}, "broadcast":false}, {"pipelineId":3, "scannedPartition":{"dataUnitId":7, "partitionIndex":26}, "requiredPartitions":[{"dataUnitId":2, "partitionIndex":0}, {"dataUnitId":4, "partitionIndex":0}], "outputPartition":{"dataUnitId":6, "partitionIndex":26}, "broadcast":false}, {"pipelineId":3, "scannedPartition":{"dataUnitId":7, "partitionIndex":27}, "requiredPartitions":[{"dataUnitId":2, "partitionIndex":0}, {"dataUnitId":4, "partitionIndex":0}], "outputPartition":{"dataUnitId":6, "partitionIndex":27}, "broadcast":false}, {"pipelineId":3, "scannedPartition":{"dataUnitId":7, "partitionIndex":28}, "requiredPartitions":[{"dataUnitId":2, "partitionIndex":0}, {"dataUnitId":4, "partitionIndex":0}], "outputPartition":{"dataUnitId":6, "partitionIndex":28}, "broadcast":false}, {"pipelineId":3, "scannedPartition":{"dataUnitId":7, "partitionIndex":29}, "requiredPartitions":[{"dataUnitId":2, "partitionIndex":0}, {"dataUnitId":4, "partitionIndex":0}], "outputPartition":{"dataUnitId":6, "partitionIndex":29}, "broadcast":false}, {"pipelineId":3, "scannedPartition":{"dataUnitId":7, "partitionIndex":30}, "requiredPartitions":[{"dataUnitId":2, "partitionIndex":0}, {"dataUnitId":4, "partitionIndex":0}], "outputPartition":{"dataUnitId":6, "partitionIndex":30}, "broadcast":false}, {"pipelineId":3, "scannedPartition":{"dataUnitId":7, "partitionIndex":31}, "requiredPartitions":[{"dataUnitId":2, "partitionIndex":0}, {"dataUnitId":4, "partitionIndex":0}], "outputPartition":{"dataUnitId":6, "partitionIndex":31}, "broadcast":false}, {"pipelineId":3, "scannedPartition":{"dataUnitId":7, "partitionIndex":32}, "requiredPartitions":[{"dataUnitId":2, "partitionIndex":0}, {"dataUnitId":4, "partitionIndex":0}], "outputPartition":{"dataUnitId":6, "partitionIndex":32}, "broadcast":false}, {"pipelineId":3, "scannedPartition":{"dataUnitId":7, "partitionIndex":33}, "requiredPartitions":[{"dataUnitId":2, "partitionIndex":0}, {"dataUnitId":4, "partitionIndex":0}], "outputPartition":{"dataUnitId":6, "partitionIndex":33}, "broadcast":false}, {"pipelineId":3, "scannedPartition":{"dataUnitId":7, "partitionIndex":34}, "requiredPartitions":[{"dataUnitId":2, "partitionIndex":0}, {"dataUnitId":4, "partitionIndex":0}], "outputPartition":{"dataUnitId":6, "partitionIndex":34}, "broadcast":false}, {"pipelineId":3, "scannedPartition":{"dataUnitId":7, "partitionIndex":35}, "requiredPartitions":[{"dataUnitId":2, "partitionIndex":0}, {"dataUnitId":4, "partitionIndex":0}], "outputPartition":{"dataUnitId":6, "partitionIndex":35}, "broadcast":false}, {"pipelineId":3, "scannedPartition":{"dataUnitId":7, "partitionIndex":36}, "requiredPartitions":[{"dataUnitId":2, "partitionIndex":0}, {"dataUnitId":4, "partitionIndex":0}], "outputPartition":{"dataUnitId":6, "partitionIndex":36}, "broadcast":false}, {"pipelineId":3, "scannedPartition":{"dataUnitId":7, "partitionIndex":37}, "requiredPartitions":[{"dataUnitId":2, "partitionIndex":0}, {"dataUnitId":4, "partitionIndex":0}], "outputPartition":{"dataUnitId":6, "partitionIndex":37}, "broadcast":false}, {"pipelineId":3, "scannedPartition":{"dataUnitId":7, "partitionIndex":38}, "requiredPartitions":[{"dataUnitId":2, "partitionIndex":0}, {"dataUnitId":4, "partitionIndex":0}], "outputPartition":{"dataUnitId":6, "partitionIndex":38}, "broadcast":false}, {"pipelineId":3, "scannedPartition":{"dataUnitId":7, "partitionIndex":39}, "requiredPartitions":[{"dataUnitId":2, "partitionIndex":0}, {"dataUnitId":4, "partitionIndex":0}], "outputPartition":{"dataUnitId":6, "partitionIndex":39}, "broadcast":false}, {"pipelineId":3, "scannedPartition":{"dataUnitId":7, "partitionIndex":40}, "requiredPartitions":[{"dataUnitId":2, "partitionIndex":0}, {"dataUnitId":4, "partitionIndex":0}], "outputPartition":{"dataUnitId":6, "partitionIndex":40}, "broadcast":false}, {"pipelineId":3, "scannedPartition":{"dataUnitId":7, "partitionIndex":41}, "requiredPartitions":[{"dataUnitId":2, "partitionIndex":0}, {"dataUnitId":4, "partitionIndex":0}], "outputPartition":{"dataUnitId":6, "partitionIndex":41}, "broadcast":false}, {"pipelineId":3, "scannedPartition":{"dataUnitId":7, "partitionIndex":42}, "requiredPartitions":[{"dataUnitId":2, "partitionIndex":0}, {"dataUnitId":4, "partitionIndex":0}], "outputPartition":{"dataUnitId":6, "partitionIndex":42}, "broadcast":false}, {"pipelineId":3, "scannedPartition":{"dataUnitId":7, "partitionIndex":43}, "requiredPartitions":[{"dataUnitId":2, "partitionIndex":0}, {"dataUnitId":4, "partitionIndex":0}], "outputPartition":{"dataUnitId":6, "partitionIndex":43}, "broadcast":false}, {"pipelineId":3, "scannedPartition":{"dataUnitId":7, "partitionIndex":44}, "requiredPartitions":[{"dataUnitId":2, "partitionIndex":0}, {"dataUnitId":4, "partitionIndex":0}], "outputPartition":{"dataUnitId":6, "partitionIndex":44}, "broadcast":false}, {"pipelineId":3, "scannedPartition":{"dataUnitId":7, "partitionIndex":45}, "requiredPartitions":[{"dataUnitId":2, "partitionIndex":0}, {"dataUnitId":4, "partitionIndex":0}], "outputPartition":{"dataUnitId":6, "partitionIndex":45}, "broadcast":false}, {"pipelineId":3, "scannedPartition":{"dataUnitId":7, "partitionIndex":46}, "requiredPartitions":[{"dataUnitId":2, "partitionIndex":0}, {"dataUnitId":4, "partitionIndex":0}], "outputPartition":{"dataUnitId":6, "partitionIndex":46}, "broadcast":false}, {"pipelineId":3, "scannedPartition":{"dataUnitId":7, "partitionIndex":47}, "requiredPartitions":[{"dataUnitId":2, "partitionIndex":0}, {"dataUnitId":4, "partitionIndex":0}], "outputPartition":{"dataUnitId":6, "partitionIndex":47}, "broadcast":false}, {"pipelineId":3, "scannedPartition":{"dataUnitId":7, "partitionIndex":48}, "requiredPartitions":[{"dataUnitId":2, "partitionIndex":0}, {"dataUnitId":4, "partitionIndex":0}], "outputPartition":{"dataUnitId":6, "partitionIndex":48}, "broadcast":false}, {"pipelineId":3, "scannedPartition":{"dataUnitId":7, "partitionIndex":49}, "requiredPartitions":[{"dataUnitId":2, "partitionIndex":0}, {"dataUnitId":4, "partitionIndex":0}], "outputPartition":{"dataUnitId":6, "partitionIndex":49}, "broadcast":false}, {"pipelineId":3, "scannedPartition":{"dataUnitId":7, "partitionIndex":50}, "requiredPartitions":[{"dataUnitId":2, "partitionIndex":0}, {"dataUnitId":4, "partitionIndex":0}], "outputPartition":{"dataUnitId":6, "partitionIndex":50}, "broadcast":false}, {"pipelineId":3, "scannedPartition":{"dataUnitId":7, "partitionIndex":51}, "requiredPartitions":[{"dataUnitId":2, "partitionIndex":0}, {"dataUnitId":4, "partitionIndex":0}], "outputPartition":{"dataUnitId":6, "partitionIndex":51}, "broadcast":false}, {"pipelineId":3, "scannedPartition":{"dataUnitId":7, "partitionIndex":52}, "requiredPartitions":[{"dataUnitId":2, "partitionIndex":0}, {"dataUnitId":4, "partitionIndex":0}], "outputPartition":{"dataUnitId":6, "partitionIndex":52}, "broadcast":false}, {"pipelineId":3, "scannedPartition":{"dataUnitId":7, "partitionIndex":53}, "requiredPartitions":[{"dataUnitId":2, "partitionIndex":0}, {"dataUnitId":4, "partitionIndex":0}], "outputPartition":{"dataUnitId":6, "partitionIndex":53}, "broadcast":false}, {"pipelineId":3, "scannedPartition":{"dataUnitId":7, "partitionIndex":54}, "requiredPartitions":[{"dataUnitId":2, "partitionIndex":0}, {"dataUnitId":4, "partitionIndex":0}], "outputPartition":{"dataUnitId":6, "partitionIndex":54}, "broadcast":false}, {"pipelineId":3, "scannedPartition":{"dataUnitId":7, "partitionIndex":55}, "requiredPartitions":[{"dataUnitId":2, "partitionIndex":0}, {"dataUnitId":4, "partitionIndex":0}], "outputPartition":{"dataUnitId":6, "partitionIndex":55}, "broadcast":false}, {"pipelineId":3, "scannedPartition":{"dataUnitId":7, "partitionIndex":56}, "requiredPartitions":[{"dataUnitId":2, "partitionIndex":0}, {"dataUnitId":4, "partitionIndex":0}], "outputPartition":{"dataUnitId":6, "partitionIndex":56}, "broadcast":false}, {"pipelineId":3, "scannedPartition":{"dataUnitId":7, "partitionIndex":57}, "requiredPartitions":[{"dataUnitId":2, "partitionIndex":0}, {"dataUnitId":4, "partitionIndex":0}], "outputPartition":{"dataUnitId":6, "partitionIndex":57}, "broadcast":false}, {"pipelineId":3, "scannedPartition":{"dataUnitId":7, "partitionIndex":58}, "requiredPartitions":[{"dataUnitId":2, "partitionIndex":0}, {"dataUnitId":4, "partitionIndex":0}], "outputPartition":{"dataUnitId":6, "partitionIndex":58}, "broadcast":false}, {"pipelineId":3, "scannedPartition":{"dataUnitId":7, "partitionIndex":59}, "requiredPartitions":[{"dataUnitId":2, "partitionIndex":0}, {"dataUnitId":4, "partitionIndex":0}], "outputPartition":{"dataUnitId":6, "partitionIndex":59}, "broadcast":false}, {"pipelineId":3, "scannedPartition":{"dataUnitId":7, "partitionIndex":60}, "requiredPartitions":[{"dataUnitId":2, "partitionIndex":0}, {"dataUnitId":4, "partitionIndex":0}], "outputPartition":{"dataUnitId":6, "partitionIndex":60}, "broadcast":false}, {"pipelineId":3, "scannedPartition":{"dataUnitId":7, "partitionIndex":61}, "requiredPartitions":[{"dataUnitId":2, "partitionIndex":0}, {"dataUnitId":4, "partitionIndex":0}], "outputPartition":{"dataUnitId":6, "partitionIndex":61}, "broadcast":false}, {"pipelineId":3, "scannedPartition":{"dataUnitId":7, "partitionIndex":62}, "requiredPartitions":[{"dataUnitId":2, "partitionIndex":0}, {"dataUnitId":4, "partitionIndex":0}], "outputPartition":{"dataUnitId":6, "partitionIndex":62}, "broadcast":false}, {"pipelineId":3, "scannedPartition":{"dataUnitId":7, "partitionIndex":63}, "requiredPartitions":[{"dataUnitId":2, "partitionIndex":0}, {"dataUnitId":4, "partitionIndex":0}], "outputPartition":{"dataUnitId":6, "partitionIndex":63}, "broadcast":false}]}, {"k":0, "v":[{"pipelineId":0, "scannedPartition":{"dataUnitId":1, "partitionIndex":0}, "requiredPartitions":[], "outputPartition":{"dataUnitId":0, "partitionIndex":0}, "broadcast":false}, {"pipelineId":0, "scannedPartition":{"dataUnitId":1, "partitionIndex":1}, "requiredPartitions":[], "outputPartition":{"dataUnitId":0, "partitionIndex":1}, "broadcast":false}, {"pipelineId":0, "scannedPartition":{"dataUnitId":1, "partitionIndex":2}, "requiredPartitions":[], "outputPartition":{"dataUnitId":0, "partitionIndex":2}, "broadcast":false}, {"pipelineId":0, "scannedPartition":{"dataUnitId":1, "partitionIndex":3}, "requiredPartitions":[], "outputPartition":{"dataUnitId":0, "partitionIndex":3}, "broadcast":false}, {"pipelineId":0, "scannedPartition":{"dataUnitId":1, "partitionIndex":4}, "requiredPartitions":[], "outputPartition":{"dataUnitId":0, "partitionIndex":4}, "broadcast":false}, {"pipelineId":0, "scannedPartition":{"dataUnitId":1, "partitionIndex":5}, "requiredPartitions":[], "outputPartition":{"dataUnitId":0, "partitionIndex":5}, "broadcast":false}, {"pipelineId":0, "scannedPartition":{"dataUnitId":1, "partitionIndex":6}, "requiredPartitions":[], "outputPartition":{"dataUnitId":0, "partitionIndex":6}, "broadcast":false}, {"pipelineId":0, "scannedPartition":{"dataUnitId":1, "partitionIndex":7}, "requiredPartitions":[], "outputPartition":{"dataUnitId":0, "partitionIndex":7}, "broadcast":false}, {"pipelineId":0, "scannedPartition":{"dataUnitId":1, "partitionIndex":8}, "requiredPartitions":[], "outputPartition":{"dataUnitId":0, "partitionIndex":8}, "broadcast":false}, {"pipelineId":0, "scannedPartition":{"dataUnitId":1, "partitionIndex":9}, "requiredPartitions":[], "outputPartition":{"dataUnitId":0, "partitionIndex":9}, "broadcast":false}, {"pipelineId":0, "scannedPartition":{"dataUnitId":1, "partitionIndex":10}, "requiredPartitions":[], "outputPartition":{"dataUnitId":0, "partitionIndex":10}, "broadcast":false}, {"pipelineId":0, "scannedPartition":{"dataUnitId":1, "partitionIndex":11}, "requiredPartitions":[], "outputPartition":{"dataUnitId":0, "partitionIndex":11}, "broadcast":false}, {"pipelineId":0, "scannedPartition":{"dataUnitId":1, "partitionIndex":12}, "requiredPartitions":[], "outputPartition":{"dataUnitId":0, "partitionIndex":12}, "broadcast":false}, {"pipelineId":0, "scannedPartition":{"dataUnitId":1, "partitionIndex":13}, "requiredPartitions":[], "outputPartition":{"dataUnitId":0, "partitionIndex":13}, "broadcast":false}, {"pipelineId":0, "scannedPartition":{"dataUnitId":1, "partitionIndex":14}, "requiredPartitions":[], "outputPartition":{"dataUnitId":0, "partitionIndex":14}, "broadcast":false}, {"pipelineId":0, "scannedPartition":{"dataUnitId":1, "partitionIndex":15}, "requiredPartitions":[], "outputPartition":{"dataUnitId":0, "partitionIndex":15}, "broadcast":false}, {"pipelineId":0, "scannedPartition":{"dataUnitId":1, "partitionIndex":16}, "requiredPartitions":[], "outputPartition":{"dataUnitId":0, "partitionIndex":16}, "broadcast":false}, {"pipelineId":0, "scannedPartition":{"dataUnitId":1, "partitionIndex":17}, "requiredPartitions":[], "outputPartition":{"dataUnitId":0, "partitionIndex":17}, "broadcast":false}, {"pipelineId":0, "scannedPartition":{"dataUnitId":1, "partitionIndex":18}, "requiredPartitions":[], "outputPartition":{"dataUnitId":0, "partitionIndex":18}, "broadcast":false}, {"pipelineId":0, "scannedPartition":{"dataUnitId":1, "partitionIndex":19}, "requiredPartitions":[], "outputPartition":{"dataUnitId":0, "partitionIndex":19}, "broadcast":false}, {"pipelineId":0, "scannedPartition":{"dataUnitId":1, "partitionIndex":20}, "requiredPartitions":[], "outputPartition":{"dataUnitId":0, "partitionIndex":20}, "broadcast":false}, {"pipelineId":0, "scannedPartition":{"dataUnitId":1, "partitionIndex":21}, "requiredPartitions":[], "outputPartition":{"dataUnitId":0, "partitionIndex":21}, "broadcast":false}, {"pipelineId":0, "scannedPartition":{"dataUnitId":1, "partitionIndex":22}, "requiredPartitions":[], "outputPartition":{"dataUnitId":0, "partitionIndex":22}, "broadcast":false}, {"pipelineId":0, "scannedPartition":{"dataUnitId":1, "partitionIndex":23}, "requiredPartitions":[], "outputPartition":{"dataUnitId":0, "partitionIndex":23}, "broadcast":false}, {"pipelineId":0, "scannedPartition":{"dataUnitId":1, "partitionIndex":24}, "requiredPartitions":[], "outputPartition":{"dataUnitId":0, "partitionIndex":24}, "broadcast":false}, {"pipelineId":0, "scannedPartition":{"dataUnitId":1, "partitionIndex":25}, "requiredPartitions":[], "outputPartition":{"dataUnitId":0, "partitionIndex":25}, "broadcast":false}, {"pipelineId":0, "scannedPartition":{"dataUnitId":1, "partitionIndex":26}, "requiredPartitions":[], "outputPartition":{"dataUnitId":0, "partitionIndex":26}, "broadcast":false}, {"pipelineId":0, "scannedPartition":{"dataUnitId":1, "partitionIndex":27}, "requiredPartitions":[], "outputPartition":{"dataUnitId":0, "partitionIndex":27}, "broadcast":false}, {"pipelineId":0, "scannedPartition":{"dataUnitId":1, "partitionIndex":28}, "requiredPartitions":[], "outputPartition":{"dataUnitId":0, "partitionIndex":28}, "broadcast":false}, {"pipelineId":0, "scannedPartition":{"dataUnitId":1, "partitionIndex":29}, "requiredPartitions":[], "outputPartition":{"dataUnitId":0, "partitionIndex":29}, "broadcast":false}, {"pipelineId":0, "scannedPartition":{"dataUnitId":1, "partitionIndex":30}, "requiredPartitions":[], "outputPartition":{"dataUnitId":0, "partitionIndex":30}, "broadcast":false}, {"pipelineId":0, "scannedPartition":{"dataUnitId":1, "partitionIndex":31}, "requiredPartitions":[], "outputPartition":{"dataUnitId":0, "partitionIndex":31}, "broadcast":false}, {"pipelineId":0, "scannedPartition":{"dataUnitId":1, "partitionIndex":32}, "requiredPartitions":[], "outputPartition":{"dataUnitId":0, "partitionIndex":32}, "broadcast":false}, {"pipelineId":0, "scannedPartition":{"dataUnitId":1, "partitionIndex":33}, "requiredPartitions":[], "outputPartition":{"dataUnitId":0, "partitionIndex":33}, "broadcast":false}, {"pipelineId":0, "scannedPartition":{"dataUnitId":1, "partitionIndex":34}, "requiredPartitions":[], "outputPartition":{"dataUnitId":0, "partitionIndex":34}, "broadcast":false}, {"pipelineId":0, "scannedPartition":{"dataUnitId":1, "partitionIndex":35}, "requiredPartitions":[], "outputPartition":{"dataUnitId":0, "partitionIndex":35}, "broadcast":false}, {"pipelineId":0, "scannedPartition":{"dataUnitId":1, "partitionIndex":36}, "requiredPartitions":[], "outputPartition":{"dataUnitId":0, "partitionIndex":36}, "broadcast":false}, {"pipelineId":0, "scannedPartition":{"dataUnitId":1, "partitionIndex":37}, "requiredPartitions":[], "outputPartition":{"dataUnitId":0, "partitionIndex":37}, "broadcast":false}, {"pipelineId":0, "scannedPartition":{"dataUnitId":1, "partitionIndex":38}, "requiredPartitions":[], "outputPartition":{"dataUnitId":0, "partitionIndex":38}, "broadcast":false}, {"pipelineId":0, "scannedPartition":{"dataUnitId":1, "partitionIndex":39}, "requiredPartitions":[], "outputPartition":{"dataUnitId":0, "partitionIndex":39}, "broadcast":false}, {"pipelineId":0, "scannedPartition":{"dataUnitId":1, "partitionIndex":40}, "requiredPartitions":[], "outputPartition":{"dataUnitId":0, "partitionIndex":40}, "broadcast":false}, {"pipelineId":0, "scannedPartition":{"dataUnitId":1, "partitionIndex":41}, "requiredPartitions":[], "outputPartition":{"dataUnitId":0, "partitionIndex":41}, "broadcast":false}, {"pipelineId":0, "scannedPartition":{"dataUnitId":1, "partitionIndex":42}, "requiredPartitions":[], "outputPartition":{"dataUnitId":0, "partitionIndex":42}, "broadcast":false}, {"pipelineId":0, "scannedPartition":{"dataUnitId":1, "partitionIndex":43}, "requiredPartitions":[], "outputPartition":{"dataUnitId":0, "partitionIndex":43}, "broadcast":false}, {"pipelineId":0, "scannedPartition":{"dataUnitId":1, "partitionIndex":44}, "requiredPartitions":[], "outputPartition":{"dataUnitId":0, "partitionIndex":44}, "broadcast":false}, {"pipelineId":0, "scannedPartition":{"dataUnitId":1, "partitionIndex":45}, "requiredPartitions":[], "outputPartition":{"dataUnitId":0, "partitionIndex":45}, "broadcast":false}, {"pipelineId":0, "scannedPartition":{"dataUnitId":1, "partitionIndex":46}, "requiredPartitions":[], "outputPartition":{"dataUnitId":0, "partitionIndex":46}, "broadcast":false}, {"pipelineId":0, "scannedPartition":{"dataUnitId":1, "partitionIndex":47}, "requiredPartitions":[], "outputPartition":{"dataUnitId":0, "partitionIndex":47}, "broadcast":false}, {"pipelineId":0, "scannedPartition":{"dataUnitId":1, "partitionIndex":48}, "requiredPartitions":[], "outputPartition":{"dataUnitId":0, "partitionIndex":48}, "broadcast":false}, {"pipelineId":0, "scannedPartition":{"dataUnitId":1, "partitionIndex":49}, "requiredPartitions":[], "outputPartition":{"dataUnitId":0, "partitionIndex":49}, "broadcast":false}, {"pipelineId":0, "scannedPartition":{"dataUnitId":1, "partitionIndex":50}, "requiredPartitions":[], "outputPartition":{"dataUnitId":0, "partitionIndex":50}, "broadcast":false}, {"pipelineId":0, "scannedPartition":{"dataUnitId":1, "partitionIndex":51}, "requiredPartitions":[], "outputPartition":{"dataUnitId":0, "partitionIndex":51}, "broadcast":false}, {"pipelineId":0, "scannedPartition":{"dataUnitId":1, "partitionIndex":52}, "requiredPartitions":[], "outputPartition":{"dataUnitId":0, "partitionIndex":52}, "broadcast":false}, {"pipelineId":0, "scannedPartition":{"dataUnitId":1, "partitionIndex":53}, "requiredPartitions":[], "outputPartition":{"dataUnitId":0, "partitionIndex":53}, "broadcast":false}, {"pipelineId":0, "scannedPartition":{"dataUnitId":1, "partitionIndex":54}, "requiredPartitions":[], "outputPartition":{"dataUnitId":0, "partitionIndex":54}, "broadcast":false}, {"pipelineId":0, "scannedPartition":{"dataUnitId":1, "partitionIndex":55}, "requiredPartitions":[], "outputPartition":{"dataUnitId":0, "partitionIndex":55}, "broadcast":false}, {"pipelineId":0, "scannedPartition":{"dataUnitId":1, "partitionIndex":56}, "requiredPartitions":[], "outputPartition":{"dataUnitId":0, "partitionIndex":56}, "broadcast":false}, {"pipelineId":0, "scannedPartition":{"dataUnitId":1, "partitionIndex":57}, "requiredPartitions":[], "outputPartition":{"dataUnitId":0, "partitionIndex":57}, "broadcast":false}, {"pipelineId":0, "scannedPartition":{"dataUnitId":1, "partitionIndex":58}, "requiredPartitions":[], "outputPartition":{"dataUnitId":0, "partitionIndex":58}, "broadcast":false}, {"pipelineId":0, "scannedPartition":{"dataUnitId":1, "partitionIndex":59}, "requiredPartitions":[], "outputPartition":{"dataUnitId":0, "partitionIndex":59}, "broadcast":false}, {"pipelineId":0, "scannedPartition":{"dataUnitId":1, "partitionIndex":60}, "requiredPartitions":[], "outputPartition":{"dataUnitId":0, "partitionIndex":60}, "broadcast":false}, {"pipelineId":0, "scannedPartition":{"dataUnitId":1, "partitionIndex":61}, "requiredPartitions":[], "outputPartition":{"dataUnitId":0, "partitionIndex":61}, "broadcast":false}, {"pipelineId":0, "scannedPartition":{"dataUnitId":1, "partitionIndex":62}, "requiredPartitions":[], "outputPartition":{"dataUnitId":0, "partitionIndex":62}, "broadcast":false}, {"pipelineId":0, "scannedPartition":{"dataUnitId":1, "partitionIndex":63}, "requiredPartitions":[], "outputPartition":{"dataUnitId":0, "partitionIndex":63}, "broadcast":false}]}], "broadcastTasks":[{"k":4, "v":{"pipelineId":4, "scannedPartition":{"dataUnitId":9, "partitionIndex":0}, "requiredPartitions":[], "outputPartition":{"dataUnitId":8, "partitionIndex":0}, "broadcast":true}}, {"k":2, "v":{"pipelineId":2, "scannedPartition":{"dataUnitId":5, "partitionIndex":0}, "requiredPartitions":[], "outputPartition":{"dataUnitId":4, "partitionIndex":0}, "broadcast":true}}, {"k":1, "v":{"pipelineId":1, "scannedPartition":{"dataUnitId":3, "partitionIndex":0}, "requiredPartitions":[], "outputPartition":{"dataUnitId":2, "partitionIndex":0}, "broadcast":true}}], "initialPartitioning":{"owningNode":[{"k":{"dataUnitId":11, "partitionIndex":61}, "v":61}, {"k":{"dataUnitId":11, "partitionIndex":62}, "v":62}, {"k":{"dataUnitId":11, "partitionIndex":60}, "v":60}, {"k":{"dataUnitId":11, "partitionIndex":59}, "v":59}, {"k":{"dataUnitId":11, "partitionIndex":58}, "v":58}, {"k":{"dataUnitId":11, "partitionIndex":56}, "v":56}, {"k":{"dataUnitId":11, "partitionIndex":49}, "v":49}, {"k":{"dataUnitId":11, "partitionIndex":48}, "v":48}, {"k":{"dataUnitId":11, "partitionIndex":46}, "v":46}, {"k":{"dataUnitId":11, "partitionIndex":45}, "v":45}, {"k":{"dataUnitId":11, "partitionIndex":40}, "v":40}, {"k":{"dataUnitId":11, "partitionIndex":39}, "v":39}, {"k":{"dataUnitId":11, "partitionIndex":38}, "v":38}, {"k":{"dataUnitId":11, "partitionIndex":36}, "v":36}, {"k":{"dataUnitId":11, "partitionIndex":35}, "v":35}, {"k":{"dataUnitId":11, "partitionIndex":31}, "v":31}, {"k":{"dataUnitId":11, "partitionIndex":30}, "v":30}, {"k":{"dataUnitId":11, "partitionIndex":28}, "v":28}, {"k":{"dataUnitId":11, "partitionIndex":27}, "v":27}, {"k":{"dataUnitId":11, "partitionIndex":25}, "v":25}, {"k":{"dataUnitId":11, "partitionIndex":24}, "v":24}, {"k":{"dataUnitId":11, "partitionIndex":23}, "v":23}, {"k":{"dataUnitId":11, "partitionIndex":19}, "v":19}, {"k":{"dataUnitId":11, "partitionIndex":17}, "v":17}, {"k":{"dataUnitId":11, "partitionIndex":16}, "v":16}, {"k":{"dataUnitId":11, "partitionIndex":14}, "v":14}, {"k":{"dataUnitId":11, "partitionIndex":13}, "v":13}, {"k":{"dataUnitId":11, "partitionIndex":12}, "v":12}, {"k":{"dataUnitId":11, "partitionIndex":20}, "v":20}, {"k":{"dataUnitId":11, "partitionIndex":9}, "v":9}, {"k":{"dataUnitId":11, "partitionIndex":50}, "v":50}, {"k":{"dataUnitId":11, "partitionIndex":8}, "v":8}, {"k":{"dataUnitId":11, "partitionIndex":6}, "v":6}, {"k":{"dataUnitId":11, "partitionIndex":4}, "v":4}, {"k":{"dataUnitId":11, "partitionIndex":1}, "v":1}, {"k":{"dataUnitId":1, "partitionIndex":6}, "v":6}, {"k":{"dataUnitId":7, "partitionIndex":8}, "v":8}, {"k":{"dataUnitId":1, "partitionIndex":52}, "v":52}, {"k":{"dataUnitId":1, "partitionIndex":22}, "v":22}, {"k":{"dataUnitId":11, "partitionIndex":53}, "v":53}, {"k":{"dataUnitId":1, "partitionIndex":47}, "v":47}, {"k":{"dataUnitId":1, "partitionIndex":10}, "v":10}, {"k":{"dataUnitId":11, "partitionIndex":21}, "v":21}, {"k":{"dataUnitId":1, "partitionIndex":41}, "v":41}, {"k":{"dataUnitId":1, "partitionIndex":43}, "v":43}, {"k":{"dataUnitId":11, "partitionIndex":63}, "v":63}, {"k":{"dataUnitId":1, "partitionIndex":58}, "v":58}, {"k":{"dataUnitId":1, "partitionIndex":45}, "v":45}, {"k":{"dataUnitId":1, "partitionIndex":23}, "v":23}, {"k":{"dataUnitId":11, "partitionIndex":52}, "v":52}, {"k":{"dataUnitId":1, "partitionIndex":40}, "v":40}, {"k":{"dataUnitId":1, "partitionIndex":56}, "v":56}, {"k":{"dataUnitId":7, "partitionIndex":33}, "v":33}, {"k":{"dataUnitId":1, "partitionIndex":18}, "v":18}, {"k":{"dataUnitId":1, "partitionIndex":54}, "v":54}, {"k":{"dataUnitId":1, "partitionIndex":36}, "v":36}, {"k":{"dataUnitId":7, "partitionIndex":10}, "v":10}, {"k":{"dataUnitId":1, "partitionIndex":34}, "v":34}, {"k":{"dataUnitId":1, "partitionIndex":35}, "v":35}, {"k":{"dataUnitId":1, "partitionIndex":32}, "v":32}, {"k":{"dataUnitId":1, "partitionIndex":28}, "v":28}, {"k":{"dataUnitId":1, "partitionIndex":57}, "v":57}, {"k":{"dataUnitId":7, "partitionIndex":1}, "v":1}, {"k":{"dataUnitId":11, "partitionIndex":18}, "v":18}, {"k":{"dataUnitId":1, "partitionIndex":9}, "v":9}, {"k":{"dataUnitId":1, "partitionIndex":61}, "v":61}, {"k":{"dataUnitId":7, "partitionIndex":40}, "v":40}, {"k":{"dataUnitId":1, "partitionIndex":3}, "v":3}, {"k":{"dataUnitId":1, "partitionIndex":8}, "v":8}, {"k":{"dataUnitId":1, "partitionIndex":26}, "v":26}, {"k":{"dataUnitId":1, "partitionIndex":59}, "v":59}, {"k":{"dataUnitId":1, "partitionIndex":53}, "v":53}, {"k":{"dataUnitId":1, "partitionIndex":38}, "v":38}, {"k":{"dataUnitId":11, "partitionIndex":37}, "v":37}, {"k":{"dataUnitId":1, "partitionIndex":25}, "v":25}, {"k":{"dataUnitId":7, "partitionIndex":62}, "v":62}, {"k":{"dataUnitId":1, "partitionIndex":5}, "v":5}, {"k":{"dataUnitId":11, "partitionIndex":47}, "v":47}, {"k":{"dataUnitId":1, "partitionIndex":48}, "v":48}, {"k":{"dataUnitId":1, "partitionIndex":7}, "v":7}, {"k":{"dataUnitId":1, "partitionIndex":4}, "v":4}, {"k":{"dataUnitId":1, "partitionIndex":15}, "v":15}, {"k":{"dataUnitId":1, "partitionIndex":2}, "v":2}, {"k":{"dataUnitId":11, "partitionIndex":51}, "v":51}, {"k":{"dataUnitId":1, "partitionIndex":37}, "v":37}, {"k":{"dataUnitId":1, "partitionIndex":33}, "v":33}, {"k":{"dataUnitId":1, "partitionIndex":12}, "v":12}, {"k":{"dataUnitId":11, "partitionIndex":29}, "v":29}, {"k":{"dataUnitId":11, "partitionIndex":22}, "v":22}, {"k":{"dataUnitId":1, "partitionIndex":11}, "v":11}, {"k":{"dataUnitId":1, "partitionIndex":1}, "v":1}, {"k":{"dataUnitId":7, "partitionIndex":57}, "v":57}, {"k":{"dataUnitId":1, "partitionIndex":29}, "v":29}, {"k":{"dataUnitId":1, "partitionIndex":27}, "v":27}, {"k":{"dataUnitId":1, "partitionIndex":21}, "v":21}, {"k":{"dataUnitId":1, "partitionIndex":13}, "v":13}, {"k":{"dataUnitId":1, "partitionIndex":14}, "v":14}, {"k":{"dataUnitId":7, "partitionIndex":41}, "v":41}, {"k":{"dataUnitId":7, "partitionIndex":5}, "v":5}, {"k":{"dataUnitId":1, "partitionIndex":16}, "v":16}, {"k":{"dataUnitId":1, "partitionIndex":31}, "v":31}, {"k":{"dataUnitId":11, "partitionIndex":34}, "v":34}, {"k":{"dataUnitId":7, "partitionIndex":58}, "v":58}, {"k":{"dataUnitId":7, "partitionIndex":9}, "v":9}, {"k":{"dataUnitId":1, "partitionIndex":17}, "v":17}, {"k":{"dataUnitId":11, "partitionIndex":54}, "v":54}, {"k":{"dataUnitId":7, "partitionIndex":25}, "v":25}, {"k":{"dataUnitId":11, "partitionIndex":11}, "v":11}, {"k":{"dataUnitId":7, "partitionIndex":51}, "v":51}, {"k":{"dataUnitId":11, "partitionIndex":33}, "v":33}, {"k":{"dataUnitId":1, "partitionIndex":20}, "v":20}, {"k":{"dataUnitId":7, "partitionIndex":53}, "v":53}, {"k":{"dataUnitId":1, "partitionIndex":39}, "v":39}, {"k":{"dataUnitId":1, "partitionIndex":19}, "v":19}, {"k":{"dataUnitId":7, "partitionIndex":30}, "v":30}, {"k":{"dataUnitId":1, "partitionIndex":24}, "v":24}, {"k":{"dataUnitId":7, "partitionIndex":35}, "v":35}, {"k":{"dataUnitId":1, "partitionIndex":60}, "v":60}, {"k":{"dataUnitId":7, "partitionIndex":49}, "v":49}, {"k":{"dataUnitId":7, "partitionIndex":27}, "v":27}, {"k":{"dataUnitId":11, "partitionIndex":7}, "v":7}, {"k":{"dataUnitId":5, "partitionIndex":0}, "v":0}, {"k":{"dataUnitId":7, "partitionIndex":0}, "v":0}, {"k":{"dataUnitId":7, "partitionIndex":61}, "v":61}, {"k":{"dataUnitId":11, "partitionIndex":3}, "v":3}, {"k":{"dataUnitId":1, "partitionIndex":50}, "v":50}, {"k":{"dataUnitId":7, "partitionIndex":2}, "v":2}, {"k":{"dataUnitId":11, "partitionIndex":41}, "v":41}, {"k":{"dataUnitId":7, "partitionIndex":4}, "v":4}, {"k":{"dataUnitId":7, "partitionIndex":3}, "v":3}, {"k":{"dataUnitId":1, "partitionIndex":30}, "v":30}, {"k":{"dataUnitId":7, "partitionIndex":39}, "v":39}, {"k":{"dataUnitId":7, "partitionIndex":44}, "v":44}, {"k":{"dataUnitId":1, "partitionIndex":51}, "v":51}, {"k":{"dataUnitId":1, "partitionIndex":42}, "v":42}, {"k":{"dataUnitId":1, "partitionIndex":55}, "v":55}, {"k":{"dataUnitId":7, "partitionIndex":6}, "v":6}, {"k":{"dataUnitId":7, "partitionIndex":7}, "v":7}, {"k":{"dataUnitId":7, "partitionIndex":29}, "v":29}, {"k":{"dataUnitId":7, "partitionIndex":12}, "v":12}, {"k":{"dataUnitId":7, "partitionIndex":13}, "v":13}, {"k":{"dataUnitId":7, "partitionIndex":14}, "v":14}, {"k":{"dataUnitId":7, "partitionIndex":15}, "v":15}, {"k":{"dataUnitId":11, "partitionIndex":43}, "v":43}, {"k":{"dataUnitId":7, "partitionIndex":59}, "v":59}, {"k":{"dataUnitId":11, "partitionIndex":57}, "v":57}, {"k":{"dataUnitId":7, "partitionIndex":16}, "v":16}, {"k":{"dataUnitId":11, "partitionIndex":32}, "v":32}, {"k":{"dataUnitId":1, "partitionIndex":49}, "v":49}, {"k":{"dataUnitId":7, "partitionIndex":42}, "v":42}, {"k":{"dataUnitId":11, "partitionIndex":0}, "v":0}, {"k":{"dataUnitId":1, "partitionIndex":0}, "v":0}, {"k":{"dataUnitId":7, "partitionIndex":17}, "v":17}, {"k":{"dataUnitId":11, "partitionIndex":55}, "v":55}, {"k":{"dataUnitId":11, "partitionIndex":5}, "v":5}, {"k":{"dataUnitId":7, "partitionIndex":19}, "v":19}, {"k":{"dataUnitId":11, "partitionIndex":44}, "v":44}, {"k":{"dataUnitId":11, "partitionIndex":2}, "v":2}, {"k":{"dataUnitId":7, "partitionIndex":20}, "v":20}, {"k":{"dataUnitId":1, "partitionIndex":44}, "v":44}, {"k":{"dataUnitId":7, "partitionIndex":48}, "v":48}, {"k":{"dataUnitId":7, "partitionIndex":43}, "v":43}, {"k":{"dataUnitId":7, "partitionIndex":21}, "v":21}, {"k":{"dataUnitId":7, "partitionIndex":22}, "v":22}, {"k":{"dataUnitId":11, "partitionIndex":26}, "v":26}, {"k":{"dataUnitId":7, "partitionIndex":26}, "v":26}, {"k":{"dataUnitId":7, "partitionIndex":56}, "v":56}, {"k":{"dataUnitId":11, "partitionIndex":15}, "v":15}, {"k":{"dataUnitId":1, "partitionIndex":63}, "v":63}, {"k":{"dataUnitId":7, "partitionIndex":28}, "v":28}, {"k":{"dataUnitId":7, "partitionIndex":31}, "v":31}, {"k":{"dataUnitId":7, "partitionIndex":34}, "v":34}, {"k":{"dataUnitId":7, "partitionIndex":24}, "v":24}, {"k":{"dataUnitId":7, "partitionIndex":36}, "v":36}, {"k":{"dataUnitId":7, "partitionIndex":32}, "v":32}, {"k":{"dataUnitId":7, "partitionIndex":23}, "v":23}, {"k":{"dataUnitId":7, "partitionIndex":55}, "v":55}, {"k":{"dataUnitId":7, "partitionIndex":37}, "v":37}, {"k":{"dataUnitId":11, "partitionIndex":42}, "v":42}, {"k":{"dataUnitId":7, "partitionIndex":63}, "v":63}, {"k":{"dataUnitId":7, "partitionIndex":54}, "v":54}, {"k":{"dataUnitId":7, "partitionIndex":38}, "v":38}, {"k":{"dataUnitId":11, "partitionIndex":10}, "v":10}, {"k":{"dataUnitId":7, "partitionIndex":45}, "v":45}, {"k":{"dataUnitId":7, "partitionIndex":46}, "v":46}, {"k":{"dataUnitId":1, "partitionIndex":46}, "v":46}, {"k":{"dataUnitId":7, "partitionIndex":18}, "v":18}, {"k":{"dataUnitId":7, "partitionIndex":11}, "v":11}, {"k":{"dataUnitId":7, "partitionIndex":47}, "v":47}, {"k":{"dataUnitId":1, "partitionIndex":62}, "v":62}, {"k":{"dataUnitId":7, "partitionIndex":60}, "v":60}, {"k":{"dataUnitId":7, "partitionIndex":50}, "v":50}, {"k":{"dataUnitId":7, "partitionIndex":52}, "v":52}], "cachingNodes":[{"k":{"dataUnitId":11, "partitionIndex":61}, "v":[128]}, {"k":{"dataUnitId":11, "partitionIndex":62}, "v":[128]}, {"k":{"dataUnitId":11, "partitionIndex":60}, "v":[128]}, {"k":{"dataUnitId":11, "partitionIndex":59}, "v":[128]}, {"k":{"dataUnitId":11, "partitionIndex":58}, "v":[128]}, {"k":{"dataUnitId":11, "partitionIndex":56}, "v":[128]}, {"k":{"dataUnitId":11, "partitionIndex":49}, "v":[128]}, {"k":{"dataUnitId":11, "partitionIndex":48}, "v":[128]}, {"k":{"dataUnitId":11, "partitionIndex":46}, "v":[128]}, {"k":{"dataUnitId":11, "partitionIndex":45}, "v":[128]}, {"k":{"dataUnitId":11, "partitionIndex":40}, "v":[128]}, {"k":{"dataUnitId":11, "partitionIndex":39}, "v":[128]}, {"k":{"dataUnitId":11, "partitionIndex":38}, "v":[128]}, {"k":{"dataUnitId":11, "partitionIndex":36}, "v":[128]}, {"k":{"dataUnitId":11, "partitionIndex":35}, "v":[128]}, {"k":{"dataUnitId":11, "partitionIndex":31}, "v":[128]}, {"k":{"dataUnitId":11, "partitionIndex":30}, "v":[128]}, {"k":{"dataUnitId":11, "partitionIndex":28}, "v":[128]}, {"k":{"dataUnitId":11, "partitionIndex":27}, "v":[128]}, {"k":{"dataUnitId":11, "partitionIndex":25}, "v":[128]}, {"k":{"dataUnitId":11, "partitionIndex":24}, "v":[128]}, {"k":{"dataUnitId":11, "partitionIndex":23}, "v":[128]}, {"k":{"dataUnitId":11, "partitionIndex":19}, "v":[128]}, {"k":{"dataUnitId":11, "partitionIndex":17}, "v":[128]}, {"k":{"dataUnitId":11, "partitionIndex":16}, "v":[128]}, {"k":{"dataUnitId":11, "partitionIndex":14}, "v":[128]}, {"k":{"dataUnitId":11, "partitionIndex":13}, "v":[128]}, {"k":{"dataUnitId":11, "partitionIndex":12}, "v":[128]}, {"k":{"dataUnitId":11, "partitionIndex":20}, "v":[128]}, {"k":{"dataUnitId":11, "partitionIndex":9}, "v":[128]}, {"k":{"dataUnitId":11, "partitionIndex":50}, "v":[128]}, {"k":{"dataUnitId":11, "partitionIndex":8}, "v":[128]}, {"k":{"dataUnitId":11, "partitionIndex":6}, "v":[128]}, {"k":{"dataUnitId":11, "partitionIndex":4}, "v":[128]}, {"k":{"dataUnitId":11, "partitionIndex":1}, "v":[128]}, {"k":{"dataUnitId":1, "partitionIndex":6}, "v":[128]}, {"k":{"dataUnitId":7, "partitionIndex":8}, "v":[128]}, {"k":{"dataUnitId":1, "partitionIndex":52}, "v":[128]}, {"k":{"dataUnitId":1, "partitionIndex":22}, "v":[128]}, {"k":{"dataUnitId":11, "partitionIndex":53}, "v":[128]}, {"k":{"dataUnitId":1, "partitionIndex":47}, "v":[128]}, {"k":{"dataUnitId":1, "partitionIndex":10}, "v":[128]}, {"k":{"dataUnitId":11, "partitionIndex":21}, "v":[128]}, {"k":{"dataUnitId":1, "partitionIndex":41}, "v":[128]}, {"k":{"dataUnitId":1, "partitionIndex":43}, "v":[128]}, {"k":{"dataUnitId":11, "partitionIndex":63}, "v":[128]}, {"k":{"dataUnitId":1, "partitionIndex":58}, "v":[128]}, {"k":{"dataUnitId":1, "partitionIndex":45}, "v":[128]}, {"k":{"dataUnitId":1, "partitionIndex":23}, "v":[128]}, {"k":{"dataUnitId":11, "partitionIndex":52}, "v":[128]}, {"k":{"dataUnitId":1, "partitionIndex":40}, "v":[128]}, {"k":{"dataUnitId":1, "partitionIndex":56}, "v":[128]}, {"k":{"dataUnitId":7, "partitionIndex":33}, "v":[128]}, {"k":{"dataUnitId":1, "partitionIndex":18}, "v":[128]}, {"k":{"dataUnitId":1, "partitionIndex":54}, "v":[128]}, {"k":{"dataUnitId":1, "partitionIndex":36}, "v":[128]}, {"k":{"dataUnitId":7, "partitionIndex":10}, "v":[128]}, {"k":{"dataUnitId":1, "partitionIndex":34}, "v":[128]}, {"k":{"dataUnitId":1, "partitionIndex":35}, "v":[128]}, {"k":{"dataUnitId":1, "partitionIndex":32}, "v":[128]}, {"k":{"dataUnitId":1, "partitionIndex":28}, "v":[128]}, {"k":{"dataUnitId":1, "partitionIndex":57}, "v":[128]}, {"k":{"dataUnitId":7, "partitionIndex":1}, "v":[128]}, {"k":{"dataUnitId":11, "partitionIndex":18}, "v":[128]}, {"k":{"dataUnitId":1, "partitionIndex":9}, "v":[128]}, {"k":{"dataUnitId":1, "partitionIndex":61}, "v":[128]}, {"k":{"dataUnitId":7, "partitionIndex":40}, "v":[128]}, {"k":{"dataUnitId":1, "partitionIndex":3}, "v":[128]}, {"k":{"dataUnitId":1, "partitionIndex":8}, "v":[128]}, {"k":{"dataUnitId":1, "partitionIndex":26}, "v":[128]}, {"k":{"dataUnitId":1, "partitionIndex":59}, "v":[128]}, {"k":{"dataUnitId":1, "partitionIndex":53}, "v":[128]}, {"k":{"dataUnitId":1, "partitionIndex":38}, "v":[128]}, {"k":{"dataUnitId":11, "partitionIndex":37}, "v":[128]}, {"k":{"dataUnitId":1, "partitionIndex":25}, "v":[128]}, {"k":{"dataUnitId":7, "partitionIndex":62}, "v":[128]}, {"k":{"dataUnitId":1, "partitionIndex":5}, "v":[128]}, {"k":{"dataUnitId":11, "partitionIndex":47}, "v":[128]}, {"k":{"dataUnitId":1, "partitionIndex":48}, "v":[128]}, {"k":{"dataUnitId":1, "partitionIndex":7}, "v":[128]}, {"k":{"dataUnitId":1, "partitionIndex":4}, "v":[128]}, {"k":{"dataUnitId":1, "partitionIndex":15}, "v":[128]}, {"k":{"dataUnitId":1, "partitionIndex":2}, "v":[128]}, {"k":{"dataUnitId":11, "partitionIndex":51}, "v":[128]}, {"k":{"dataUnitId":1, "partitionIndex":37}, "v":[128]}, {"k":{"dataUnitId":1, "partitionIndex":33}, "v":[128]}, {"k":{"dataUnitId":1, "partitionIndex":12}, "v":[128]}, {"k":{"dataUnitId":11, "partitionIndex":29}, "v":[128]}, {"k":{"dataUnitId":11, "partitionIndex":22}, "v":[128]}, {"k":{"dataUnitId":1, "partitionIndex":11}, "v":[128]}, {"k":{"dataUnitId":1, "partitionIndex":1}, "v":[128]}, {"k":{"dataUnitId":7, "partitionIndex":57}, "v":[128]}, {"k":{"dataUnitId":1, "partitionIndex":29}, "v":[128]}, {"k":{"dataUnitId":1, "partitionIndex":27}, "v":[128]}, {"k":{"dataUnitId":1, "partitionIndex":21}, "v":[128]}, {"k":{"dataUnitId":1, "partitionIndex":13}, "v":[128]}, {"k":{"dataUnitId":1, "partitionIndex":14}, "v":[128]}, {"k":{"dataUnitId":7, "partitionIndex":41}, "v":[128]}, {"k":{"dataUnitId":7, "partitionIndex":5}, "v":[128]}, {"k":{"dataUnitId":1, "partitionIndex":16}, "v":[128]}, {"k":{"dataUnitId":1, "partitionIndex":31}, "v":[128]}, {"k":{"dataUnitId":11, "partitionIndex":34}, "v":[128]}, {"k":{"dataUnitId":7, "partitionIndex":58}, "v":[128]}, {"k":{"dataUnitId":7, "partitionIndex":9}, "v":[128]}, {"k":{"dataUnitId":1, "partitionIndex":17}, "v":[128]}, {"k":{"dataUnitId":11, "partitionIndex":54}, "v":[128]}, {"k":{"dataUnitId":7, "partitionIndex":25}, "v":[128]}, {"k":{"dataUnitId":11, "partitionIndex":11}, "v":[128]}, {"k":{"dataUnitId":7, "partitionIndex":51}, "v":[128]}, {"k":{"dataUnitId":11, "partitionIndex":33}, "v":[128]}, {"k":{"dataUnitId":1, "partitionIndex":20}, "v":[128]}, {"k":{"dataUnitId":7, "partitionIndex":53}, "v":[128]}, {"k":{"dataUnitId":1, "partitionIndex":39}, "v":[128]}, {"k":{"dataUnitId":1, "partitionIndex":19}, "v":[128]}, {"k":{"dataUnitId":7, "partitionIndex":30}, "v":[128]}, {"k":{"dataUnitId":1, "partitionIndex":24}, "v":[128]}, {"k":{"dataUnitId":7, "partitionIndex":35}, "v":[128]}, {"k":{"dataUnitId":1, "partitionIndex":60}, "v":[128]}, {"k":{"dataUnitId":7, "partitionIndex":49}, "v":[128]}, {"k":{"dataUnitId":7, "partitionIndex":27}, "v":[128]}, {"k":{"dataUnitId":11, "partitionIndex":7}, "v":[128]}, {"k":{"dataUnitId":5, "partitionIndex":0}, "v":[127, 126, 125, 124, 123, 122, 121, 120, 119, 118, 117, 116, 115, 114, 113, 112, 111, 110, 109, 108, 107, 106, 105, 104, 103, 102, 101, 100, 99, 98, 97, 96, 95, 94, 93, 92, 91, 90, 89, 88, 87, 86, 85, 84, 83, 82, 81, 80, 79, 78, 77, 76, 75, 74, 73, 72, 71, 70, 69, 68, 67, 66, 65, 64, 63, 62, 61, 60, 29, 28, 27, 26, 25, 24, 23, 22, 21, 20, 19, 18, 17, 16, 15, 14, 1, 2, 3, 4, 5, 6, 7, 8, 9, 10, 11, 12, 13, 30, 31, 32, 33, 34, 35, 36, 37, 38, 39, 40, 41, 42, 43, 44, 45, 46, 47, 48, 49, 50, 51, 52, 53, 54, 55, 56, 57, 58, 59]}, {"k":{"dataUnitId":7, "partitionIndex":0}, "v":[128]}, {"k":{"dataUnitId":7, "partitionIndex":61}, "v":[128]}, {"k":{"dataUnitId":11, "partitionIndex":3}, "v":[128]}, {"k":{"dataUnitId":1, "partitionIndex":50}, "v":[128]}, {"k":{"dataUnitId":7, "partitionIndex":2}, "v":[128]}, {"k":{"dataUnitId":11, "partitionIndex":41}, "v":[128]}, {"k":{"dataUnitId":7, "partitionIndex":4}, "v":[128]}, {"k":{"dataUnitId":7, "partitionIndex":3}, "v":[128]}, {"k":{"dataUnitId":1, "partitionIndex":30}, "v":[128]}, {"k":{"dataUnitId":7, "partitionIndex":39}, "v":[128]}, {"k":{"dataUnitId":7, "partitionIndex":44}, "v":[128]}, {"k":{"dataUnitId":1, "partitionIndex":51}, "v":[128]}, {"k":{"dataUnitId":1, "partitionIndex":42}, "v":[128]}, {"k":{"dataUnitId":1, "partitionIndex":55}, "v":[128]}, {"k":{"dataUnitId":7, "partitionIndex":6}, "v":[128]}, {"k":{"dataUnitId":7, "partitionIndex":7}, "v":[128]}, {"k":{"dataUnitId":7, "partitionIndex":29}, "v":[128]}, {"k":{"dataUnitId":7, "partitionIndex":12}, "v":[128]}, {"k":{"dataUnitId":7, "partitionIndex":13}, "v":[128]}, {"k":{"dataUnitId":7, "partitionIndex":14}, "v":[128]}, {"k":{"dataUnitId":7, "partitionIndex":15}, "v":[128]}, {"k":{"dataUnitId":11, "partitionIndex":43}, "v":[128]}, {"k":{"dataUnitId":7, "partitionIndex":59}, "v":[128]}, {"k":{"dataUnitId":11, "partitionIndex":57}, "v":[128]}, {"k":{"dataUnitId":7, "partitionIndex":16}, "v":[128]}, {"k":{"dataUnitId":11, "partitionIndex":32}, "v":[128]}, {"k":{"dataUnitId":1, "partitionIndex":49}, "v":[128]}, {"k":{"dataUnitId":7, "partitionIndex":42}, "v":[128]}, {"k":{"dataUnitId":11, "partitionIndex":0}, "v":[128]}, {"k":{"dataUnitId":1, "partitionIndex":0}, "v":[128]}, {"k":{"dataUnitId":7, "partitionIndex":17}, "v":[128]}, {"k":{"dataUnitId":11, "partitionIndex":55}, "v":[128]}, {"k":{"dataUnitId":11, "partitionIndex":5}, "v":[128]}, {"k":{"dataUnitId":7, "partitionIndex":19}, "v":[128]}, {"k":{"dataUnitId":11, "partitionIndex":44}, "v":[128]}, {"k":{"dataUnitId":11, "partitionIndex":2}, "v":[128]}, {"k":{"dataUnitId":7, "partitionIndex":20}, "v":[128]}, {"k":{"dataUnitId":1, "partitionIndex":44}, "v":[128]}, {"k":{"dataUnitId":7, "partitionIndex":48}, "v":[128]}, {"k":{"dataUnitId":7, "partitionIndex":43}, "v":[128]}, {"k":{"dataUnitId":7, "partitionIndex":21}, "v":[128]}, {"k":{"dataUnitId":7, "partitionIndex":22}, "v":[128]}, {"k":{"dataUnitId":11, "partitionIndex":26}, "v":[128]}, {"k":{"dataUnitId":7, "partitionIndex":26}, "v":[128]}, {"k":{"dataUnitId":7, "partitionIndex":56}, "v":[128]}, {"k":{"dataUnitId":11, "partitionIndex":15}, "v":[128]}, {"k":{"dataUnitId":1, "partitionIndex":63}, "v":[128]}, {"k":{"dataUnitId":7, "partitionIndex":28}, "v":[128]}, {"k":{"dataUnitId":7, "partitionIndex":31}, "v":[128]}, {"k":{"dataUnitId":7, "partitionIndex":34}, "v":[128]}, {"k":{"dataUnitId":7, "partitionIndex":24}, "v":[128]}, {"k":{"dataUnitId":7, "partitionIndex":36}, "v":[128]}, {"k":{"dataUnitId":7, "partitionIndex":32}, "v":[128]}, {"k":{"dataUnitId":7, "partitionIndex":23}, "v":[128]}, {"k":{"dataUnitId":7, "partitionIndex":55}, "v":[128]}, {"k":{"dataUnitId":7, "partitionIndex":37}, "v":[128]}, {"k":{"dataUnitId":11, "partitionIndex":42}, "v":[128]}, {"k":{"dataUnitId":7, "partitionIndex":63}, "v":[128]}, {"k":{"dataUnitId":7, "partitionIndex":54}, "v":[128]}, {"k":{"dataUnitId":7, "partitionIndex":38}, "v":[128]}, {"k":{"dataUnitId":11, "partitionIndex":10}, "v":[128]}, {"k":{"dataUnitId":7, "partitionIndex":45}, "v":[128]}, {"k":{"dataUnitId":7, "partitionIndex":46}, "v":[128]}, {"k":{"dataUnitId":1, "partitionIndex":46}, "v":[128]}, {"k":{"dataUnitId":7, "partitionIndex":18}, "v":[128]}, {"k":{"dataUnitId":7, "partitionIndex":11}, "v":[128]}, {"k":{"dataUnitId":7, "partitionIndex":47}, "v":[128]}, {"k":{"dataUnitId":1, "partitionIndex":62}, "v":[128]}, {"k":{"dataUnitId":7, "partitionIndex":60}, "v":[128]}, {"k":{"dataUnitId":7, "partitionIndex":50}, "v":[128]}, {"k":{"dataUnitId":7, "partitionIndex":52}, "v":[128]}], "nNodes":129}, "name":"c5n18xlargex128_rrall_64_q10", "resultNode":0, "nParallelTasks":10000}