{"cluster":{"nodes":[{"nCores":72, "memorySize":192, "networkSpeed":100, "networkLatency":0.00025}, {"nCores":72, "memorySize":192, "networkSpeed":100, "networkLatency":0.00025}, {"nCores":72, "memorySize":192, "networkSpeed":100, "networkLatency":0.00025}, {"nCores":72, "memorySize":192, "networkSpeed":100, "networkLatency":0.00025}, {"nCores":0, "memorySize":1e+06, "networkSpeed":1e+06, "networkLatency":0.1}], "storageService":true}, "plan":{"dataUnits":[{"name":"intermediate_0", "id":0, "estimatedCard":195, "isIntermediate":true, "attributes":[{"name":"p_partkey", "dataUnitId":0, "attributeIndex":0, "size":4}], "partitionLayout":{"type":"hashpartitioned", "nPartitions":64, "attributes":[{"name":"p_partkey", "dataUnitId":0, "attributeIndex":0, "size":4}]}}, {"name":"part", "id":1, "estimatedCard":200000, "isIntermediate":false, "attributes":[{"name":"p_partkey", "dataUnitId":1, "attributeIndex":0, "size":4}, {"name":"p_name", "dataUnitId":1, "attributeIndex":1, "size":10}, {"name":"p_mfgr", "dataUnitId":1, "attributeIndex":2, "size":1}, {"name":"p_brand", "dataUnitId":1, "attributeIndex":3, "size":1}, {"name":"p_type", "dataUnitId":1, "attributeIndex":4, "size":10}, {"name":"p_size", "dataUnitId":1, "attributeIndex":5, "size":4}, {"name":"p_container", "dataUnitId":1, "attributeIndex":6, "size":1}, {"name":"p_retailprice", "dataUnitId":1, "attributeIndex":7, "size":8}, {"name":"p_comment", "dataUnitId":1, "attributeIndex":8, "size":10}], "partitionLayout":{"type":"hashpartitioned", "nPartitions":64, "attributes":[{"name":"p_partkey", "dataUnitId":1, "attributeIndex":0, "size":4}]}}, {"name":"intermediate_1", "id":2, "estimatedCard":195, "isIntermediate":true, "attributes":[{"name":"p_partkey", "dataUnitId":2, "attributeIndex":0, "size":4}, {"name":"l_partkey", "dataUnitId":2, "attributeIndex":1, "size":4}, {"name":"l_quantity", "dataUnitId":2, "attributeIndex":2, "size":8}], "partitionLayout":{"type":"broadcast", "nPartitions":1, "attributes":[]}}, {"name":"intermediate_0_shuffled", "id":3, "estimatedCard":195, "isIntermediate":true, "attributes":[{"name":"p_partkey", "dataUnitId":0, "attributeIndex":0, "size":4}], "partitionLayout":{"type":"broadcast", "nPartitions":1, "attributes":[]}}, {"name":"intermediate_2", "id":4, "estimatedCard":5304.60585035383701, "isIntermediate":true, "attributes":[{"name":"avg(l_quantity)", "dataUnitId":4, "attributeIndex":0, "size":16}, {"name":"l_partkey", "dataUnitId":4, "attributeIndex":1, "size":4}], "partitionLayout":{"type":"hashpartitioned", "nPartitions":64, "attributes":[{"name":"l_orderkey", "dataUnitId":5, "attributeIndex":0, "size":4}]}}, {"name":"lineitem", "id":5, "estimatedCard":6001215, "isIntermediate":false, "attributes":[{"name":"l_orderkey", "dataUnitId":5, "attributeIndex":0, "size":4}, {"name":"l_partkey", "dataUnitId":5, "attributeIndex":1, "size":4}, {"name":"l_suppkey", "dataUnitId":5, "attributeIndex":2, "size":4}, {"name":"l_linenumber", "dataUnitId":5, "attributeIndex":3, "size":4}, {"name":"l_quantity", "dataUnitId":5, "attributeIndex":4, "size":8}, {"name":"l_extendedprice", "dataUnitId":5, "attributeIndex":5, "size":8}, {"name":"l_discount", "dataUnitId":5, "attributeIndex":6, "size":8}, {"name":"l_tax", "dataUnitId":5, "attributeIndex":7, "size":8}, {"name":"l_returnflag", "dataUnitId":5, "attributeIndex":8, "size":1}, {"name":"l_linestatus", "dataUnitId":5, "attributeIndex":9, "size":1}, {"name":"l_shipdate", "dataUnitId":5, "attributeIndex":10, "size":32}, {"name":"l_commitdate", "dataUnitId":5, "attributeIndex":11, "size":32}, {"name":"l_receiptdate", "dataUnitId":5, "attributeIndex":12, "size":32}, {"name":"l_shipinstruct", "dataUnitId":5, "attributeIndex":13, "size":1}, {"name":"l_shipmode", "dataUnitId":5, "attributeIndex":14, "size":1}, {"name":"l_comment", "dataUnitId":5, "attributeIndex":15, "size":10}], "partitionLayout":{"type":"hashpartitioned", "nPartitions":64, "attributes":[{"name":"l_orderkey", "dataUnitId":5, "attributeIndex":0, "size":4}]}}, {"name":"intermediate_3", "id":6, "estimatedCard":5304.60585035383701, "isIntermediate":true, "attributes":[{"name":"l_partkey", "dataUnitId":6, "attributeIndex":0, "size":4}, {"name":"l_quantity", "dataUnitId":6, "attributeIndex":1, "size":8}, {"name":"l_extendedprice", "dataUnitId":6, "attributeIndex":2, "size":8}, {"name":"avg(l_quantity)", "dataUnitId":6, "attributeIndex":3, "size":16}, {"name":"l_partkey", "dataUnitId":6, "attributeIndex":4, "size":4}], "partitionLayout":{"type":"broadcast", "nPartitions":1, "attributes":[]}}, {"name":"intermediate_2_shuffled", "id":7, "estimatedCard":5304.60585035383701, "isIntermediate":true, "attributes":[{"name":"avg(l_quantity)", "dataUnitId":4, "attributeIndex":0, "size":16}, {"name":"l_partkey", "dataUnitId":4, "attributeIndex":1, "size":4}], "partitionLayout":{"type":"broadcast", "nPartitions":1, "attributes":[]}}, {"name":"intermediate_4", "id":8, "estimatedCard":1, "isIntermediate":true, "attributes":[{"name":"sum(l_extendedprice)", "dataUnitId":8, "attributeIndex":0, "size":8}], "partitionLayout":{"type":"hashpartitioned", "nPartitions":64, "attributes":[{"name":"l_orderkey", "dataUnitId":9, "attributeIndex":0, "size":4}]}}, {"name":"lineitem", "id":9, "estimatedCard":6001215, "isIntermediate":false, "attributes":[{"name":"l_orderkey", "dataUnitId":9, "attributeIndex":0, "size":4}, {"name":"l_partkey", "dataUnitId":9, "attributeIndex":1, "size":4}, {"name":"l_suppkey", "dataUnitId":9, "attributeIndex":2, "size":4}, {"name":"l_linenumber", "dataUnitId":9, "attributeIndex":3, "size":4}, {"name":"l_quantity", "dataUnitId":9, "attributeIndex":4, "size":8}, {"name":"l_extendedprice", "dataUnitId":9, "attributeIndex":5, "size":8}, {"name":"l_discount", "dataUnitId":9, "attributeIndex":6, "size":8}, {"name":"l_tax", "dataUnitId":9, "attributeIndex":7, "size":8}, {"name":"l_returnflag", "dataUnitId":9, "attributeIndex":8, "size":1}, {"name":"l_linestatus", "dataUnitId":9, "attributeIndex":9, "size":1}, {"name":"l_shipdate", "dataUnitId":9, "attributeIndex":10, "size":32}, {"name":"l_commitdate", "dataUnitId":9, "attributeIndex":11, "size":32}, {"name":"l_receiptdate", "dataUnitId":9, "attributeIndex":12, "size":32}, {"name":"l_shipinstruct", "dataUnitId":9, "attributeIndex":13, "size":1}, {"name":"l_shipmode", "dataUnitId":9, "attributeIndex":14, "size":1}, {"name":"l_comment", "dataUnitId":9, "attributeIndex":15, "size":10}], "partitionLayout":{"type":"hashpartitioned", "nPartitions":64, "attributes":[{"name":"l_orderkey", "dataUnitId":9, "attributeIndex":0, "size":4}]}}, {"name":"intermediate_5", "id":10, "estimatedCard":1, "isIntermediate":true, "attributes":[{"name":"sum(l_extendedprice)", "dataUnitId":10, "attributeIndex":0, "size":8}], "partitionLayout":{"type":"singlenode", "nPartitions":1, "attributes":[]}}, {"name":"intermediate_4_shuffled", "id":11, "estimatedCard":1, "isIntermediate":true, "attributes":[{"name":"sum(l_extendedprice)", "dataUnitId":8, "attributeIndex":0, "size":8}], "partitionLayout":{"type":"singlenode", "nPartitions":1, "attributes":[]}}], "pipelines":[{"id":0, "scan":1, "output":0, "estimatedLoad":3.98903980591142231e-10, "requiredData":[]}, {"id":1, "scan":3, "output":2, "estimatedLoad":5.44579548632693468e-08, "requiredData":[]}, {"id":2, "scan":5, "output":4, "estimatedLoad":3.55079825815814452e-10, "requiredData":[2]}, {"id":3, "scan":7, "output":6, "estimatedLoad":8.52592608145829e-08, "requiredData":[]}, {"id":4, "scan":9, "output":8, "estimatedLoad":2.25446542364530368e-10, "requiredData":[6]}, {"id":5, "scan":11, "output":10, "estimatedLoad":9.98009529223567107e-07, "requiredData":[]}], "shuffleStages":[{"from":8, "to":11}, {"from":4, "to":7}, {"from":0, "to":3}], "dependencyOrder":[0, 1, 2, 3, 4, 5]}, "tasks":[{"k":5, "v":[{"pipelineId":5, "scannedPartition":{"dataUnitId":11, "partitionIndex":0}, "requiredPartitions":[], "outputPartition":{"dataUnitId":10, "partitionIndex":0}, "broadcast":false}]}, {"k":4, "v":[{"pipelineId":4, "scannedPartition":{"dataUnitId":9, "partitionIndex":0}, "requiredPartitions":[{"dataUnitId":6, "partitionIndex":0}], "outputPartition":{"dataUnitId":8, "partitionIndex":0}, "broadcast":false}, {"pipelineId":4, "scannedPartition":{"dataUnitId":9, "partitionIndex":1}, "requiredPartitions":[{"dataUnitId":6, "partitionIndex":0}], "outputPartition":{"dataUnitId":8, "partitionIndex":1}, "broadcast":false}, {"pipelineId":4, "scannedPartition":{"dataUnitId":9, "partitionIndex":2}, "requiredPartitions":[{"dataUnitId":6, "partitionIndex":0}], "outputPartition":{"dataUnitId":8, "partitionIndex":2}, "broadcast":false}, {"pipelineId":4, "scannedPartition":{"dataUnitId":9, "partitionIndex":3}, "requiredPartitions":[{"dataUnitId":6, "partitionIndex":0}], "outputPartition":{"dataUnitId":8, "partitionIndex":3}, "broadcast":false}, {"pipelineId":4, "scannedPartition":{"dataUnitId":9, "partitionIndex":4}, "requiredPartitions":[{"dataUnitId":6, "partitionIndex":0}], "outputPartition":{"dataUnitId":8, "partitionIndex":4}, "broadcast":false}, {"pipelineId":4, "scannedPartition":{"dataUnitId":9, "partitionIndex":5}, "requiredPartitions":[{"dataUnitId":6, "partitionIndex":0}], "outputPartition":{"dataUnitId":8, "partitionIndex":5}, "broadcast":false}, {"pipelineId":4, "scannedPartition":{"dataUnitId":9, "partitionIndex":6}, "requiredPartitions":[{"dataUnitId":6, "partitionIndex":0}], "outputPartition":{"dataUnitId":8, "partitionIndex":6}, "broadcast":false}, {"pipelineId":4, "scannedPartition":{"dataUnitId":9, "partitionIndex":7}, "requiredPartitions":[{"dataUnitId":6, "partitionIndex":0}], "outputPartition":{"dataUnitId":8, "partitionIndex":7}, "broadcast":false}, {"pipelineId":4, "scannedPartition":{"dataUnitId":9, "partitionIndex":8}, "requiredPartitions":[{"dataUnitId":6, "partitionIndex":0}], "outputPartition":{"dataUnitId":8, "partitionIndex":8}, "broadcast":false}, {"pipelineId":4, "scannedPartition":{"dataUnitId":9, "partitionIndex":9}, "requiredPartitions":[{"dataUnitId":6, "partitionIndex":0}], "outputPartition":{"dataUnitId":8, "partitionIndex":9}, "broadcast":false}, {"pipelineId":4, "scannedPartition":{"dataUnitId":9, "partitionIndex":10}, "requiredPartitions":[{"dataUnitId":6, "partitionIndex":0}], "outputPartition":{"dataUnitId":8, "partitionIndex":10}, "broadcast":false}, {"pipelineId":4, "scannedPartition":{"dataUnitId":9, "partitionIndex":11}, "requiredPartitions":[{"dataUnitId":6, "partitionIndex":0}], "outputPartition":{"dataUnitId":8, "partitionIndex":11}, "broadcast":false}, {"pipelineId":4, "scannedPartition":{"dataUnitId":9, "partitionIndex":12}, "requiredPartitions":[{"dataUnitId":6, "partitionIndex":0}], "outputPartition":{"dataUnitId":8, "partitionIndex":12}, "broadcast":false}, {"pipelineId":4, "scannedPartition":{"dataUnitId":9, "partitionIndex":13}, "requiredPartitions":[{"dataUnitId":6, "partitionIndex":0}], "outputPartition":{"dataUnitId":8, "partitionIndex":13}, "broadcast":false}, {"pipelineId":4, "scannedPartition":{"dataUnitId":9, "partitionIndex":14}, "requiredPartitions":[{"dataUnitId":6, "partitionIndex":0}], "outputPartition":{"dataUnitId":8, "partitionIndex":14}, "broadcast":false}, {"pipelineId":4, "scannedPartition":{"dataUnitId":9, "partitionIndex":15}, "requiredPartitions":[{"dataUnitId":6, "partitionIndex":0}], "outputPartition":{"dataUnitId":8, "partitionIndex":15}, "broadcast":false}, {"pipelineId":4, "scannedPartition":{"dataUnitId":9, "partitionIndex":16}, "requiredPartitions":[{"dataUnitId":6, "partitionIndex":0}], "outputPartition":{"dataUnitId":8, "partitionIndex":16}, "broadcast":false}, {"pipelineId":4, "scannedPartition":{"dataUnitId":9, "partitionIndex":17}, "requiredPartitions":[{"dataUnitId":6, "partitionIndex":0}], "outputPartition":{"dataUnitId":8, "partitionIndex":17}, "broadcast":false}, {"pipelineId":4, "scannedPartition":{"dataUnitId":9, "partitionIndex":18}, "requiredPartitions":[{"dataUnitId":6, "partitionIndex":0}], "outputPartition":{"dataUnitId":8, "partitionIndex":18}, "broadcast":false}, {"pipelineId":4, "scannedPartition":{"dataUnitId":9, "partitionIndex":19}, "requiredPartitions":[{"dataUnitId":6, "partitionIndex":0}], "outputPartition":{"dataUnitId":8, "partitionIndex":19}, "broadcast":false}, {"pipelineId":4, "scannedPartition":{"dataUnitId":9, "partitionIndex":20}, "requiredPartitions":[{"dataUnitId":6, "partitionIndex":0}], "outputPartition":{"dataUnitId":8, "partitionIndex":20}, "broadcast":false}, {"pipelineId":4, "scannedPartition":{"dataUnitId":9, "partitionIndex":21}, "requiredPartitions":[{"dataUnitId":6, "partitionIndex":0}], "outputPartition":{"dataUnitId":8, "partitionIndex":21}, "broadcast":false}, {"pipelineId":4, "scannedPartition":{"dataUnitId":9, "partitionIndex":22}, "requiredPartitions":[{"dataUnitId":6, "partitionIndex":0}], "outputPartition":{"dataUnitId":8, "partitionIndex":22}, "broadcast":false}, {"pipelineId":4, "scannedPartition":{"dataUnitId":9, "partitionIndex":23}, "requiredPartitions":[{"dataUnitId":6, "partitionIndex":0}], "outputPartition":{"dataUnitId":8, "partitionIndex":23}, "broadcast":false}, {"pipelineId":4, "scannedPartition":{"dataUnitId":9, "partitionIndex":24}, "requiredPartitions":[{"dataUnitId":6, "partitionIndex":0}], "outputPartition":{"dataUnitId":8, "partitionIndex":24}, "broadcast":false}, {"pipelineId":4, "scannedPartition":{"dataUnitId":9, "partitionIndex":25}, "requiredPartitions":[{"dataUnitId":6, "partitionIndex":0}], "outputPartition":{"dataUnitId":8, "partitionIndex":25}, "broadcast":false}, {"pipelineId":4, "scannedPartition":{"dataUnitId":9, "partitionIndex":26}, "requiredPartitions":[{"dataUnitId":6, "partitionIndex":0}], "outputPartition":{"dataUnitId":8, "partitionIndex":26}, "broadcast":false}, {"pipelineId":4, "scannedPartition":{"dataUnitId":9, "partitionIndex":27}, "requiredPartitions":[{"dataUnitId":6, "partitionIndex":0}], "outputPartition":{"dataUnitId":8, "partitionIndex":27}, "broadcast":false}, {"pipelineId":4, "scannedPartition":{"dataUnitId":9, "partitionIndex":28}, "requiredPartitions":[{"dataUnitId":6, "partitionIndex":0}], "outputPartition":{"dataUnitId":8, "partitionIndex":28}, "broadcast":false}, {"pipelineId":4, "scannedPartition":{"dataUnitId":9, "partitionIndex":29}, "requiredPartitions":[{"dataUnitId":6, "partitionIndex":0}], "outputPartition":{"dataUnitId":8, "partitionIndex":29}, "broadcast":false}, {"pipelineId":4, "scannedPartition":{"dataUnitId":9, "partitionIndex":30}, "requiredPartitions":[{"dataUnitId":6, "partitionIndex":0}], "outputPartition":{"dataUnitId":8, "partitionIndex":30}, "broadcast":false}, {"pipelineId":4, "scannedPartition":{"dataUnitId":9, "partitionIndex":31}, "requiredPartitions":[{"dataUnitId":6, "partitionIndex":0}], "outputPartition":{"dataUnitId":8, "partitionIndex":31}, "broadcast":false}, {"pipelineId":4, "scannedPartition":{"dataUnitId":9, "partitionIndex":32}, "requiredPartitions":[{"dataUnitId":6, "partitionIndex":0}], "outputPartition":{"dataUnitId":8, "partitionIndex":32}, "broadcast":false}, {"pipelineId":4, "scannedPartition":{"dataUnitId":9, "partitionIndex":33}, "requiredPartitions":[{"dataUnitId":6, "partitionIndex":0}], "outputPartition":{"dataUnitId":8, "partitionIndex":33}, "broadcast":false}, {"pipelineId":4, "scannedPartition":{"dataUnitId":9, "partitionIndex":34}, "requiredPartitions":[{"dataUnitId":6, "partitionIndex":0}], "outputPartition":{"dataUnitId":8, "partitionIndex":34}, "broadcast":false}, {"pipelineId":4, "scannedPartition":{"dataUnitId":9, "partitionIndex":35}, "requiredPartitions":[{"dataUnitId":6, "partitionIndex":0}], "outputPartition":{"dataUnitId":8, "partitionIndex":35}, "broadcast":false}, {"pipelineId":4, "scannedPartition":{"dataUnitId":9, "partitionIndex":36}, "requiredPartitions":[{"dataUnitId":6, "partitionIndex":0}], "outputPartition":{"dataUnitId":8, "partitionIndex":36}, "broadcast":false}, {"pipelineId":4, "scannedPartition":{"dataUnitId":9, "partitionIndex":37}, "requiredPartitions":[{"dataUnitId":6, "partitionIndex":0}], "outputPartition":{"dataUnitId":8, "partitionIndex":37}, "broadcast":false}, {"pipelineId":4, "scannedPartition":{"dataUnitId":9, "partitionIndex":38}, "requiredPartitions":[{"dataUnitId":6, "partitionIndex":0}], "outputPartition":{"dataUnitId":8, "partitionIndex":38}, "broadcast":false}, {"pipelineId":4, "scannedPartition":{"dataUnitId":9, "partitionIndex":39}, "requiredPartitions":[{"dataUnitId":6, "partitionIndex":0}], "outputPartition":{"dataUnitId":8, "partitionIndex":39}, "broadcast":false}, {"pipelineId":4, "scannedPartition":{"dataUnitId":9, "partitionIndex":40}, "requiredPartitions":[{"dataUnitId":6, "partitionIndex":0}], "outputPartition":{"dataUnitId":8, "partitionIndex":40}, "broadcast":false}, {"pipelineId":4, "scannedPartition":{"dataUnitId":9, "partitionIndex":41}, "requiredPartitions":[{"dataUnitId":6, "partitionIndex":0}], "outputPartition":{"dataUnitId":8, "partitionIndex":41}, "broadcast":false}, {"pipelineId":4, "scannedPartition":{"dataUnitId":9, "partitionIndex":42}, "requiredPartitions":[{"dataUnitId":6, "partitionIndex":0}], "outputPartition":{"dataUnitId":8, "partitionIndex":42}, "broadcast":false}, {"pipelineId":4, "scannedPartition":{"dataUnitId":9, "partitionIndex":43}, "requiredPartitions":[{"dataUnitId":6, "partitionIndex":0}], "outputPartition":{"dataUnitId":8, "partitionIndex":43}, "broadcast":false}, {"pipelineId":4, "scannedPartition":{"dataUnitId":9, "partitionIndex":44}, "requiredPartitions":[{"dataUnitId":6, "partitionIndex":0}], "outputPartition":{"dataUnitId":8, "partitionIndex":44}, "broadcast":false}, {"pipelineId":4, "scannedPartition":{"dataUnitId":9, "partitionIndex":45}, "requiredPartitions":[{"dataUnitId":6, "partitionIndex":0}], "outputPartition":{"dataUnitId":8, "partitionIndex":45}, "broadcast":false}, {"pipelineId":4, "scannedPartition":{"dataUnitId":9, "partitionIndex":46}, "requiredPartitions":[{"dataUnitId":6, "partitionIndex":0}], "outputPartition":{"dataUnitId":8, "partitionIndex":46}, "broadcast":false}, {"pipelineId":4, "scannedPartition":{"dataUnitId":9, "partitionIndex":47}, "requiredPartitions":[{"dataUnitId":6, "partitionIndex":0}], "outputPartition":{"dataUnitId":8, "partitionIndex":47}, "broadcast":false}, {"pipelineId":4, "scannedPartition":{"dataUnitId":9, "partitionIndex":48}, "requiredPartitions":[{"dataUnitId":6, "partitionIndex":0}], "outputPartition":{"dataUnitId":8, "partitionIndex":48}, "broadcast":false}, {"pipelineId":4, "scannedPartition":{"dataUnitId":9, "partitionIndex":49}, "requiredPartitions":[{"dataUnitId":6, "partitionIndex":0}], "outputPartition":{"dataUnitId":8, "partitionIndex":49}, "broadcast":false}, {"pipelineId":4, "scannedPartition":{"dataUnitId":9, "partitionIndex":50}, "requiredPartitions":[{"dataUnitId":6, "partitionIndex":0}], "outputPartition":{"dataUnitId":8, "partitionIndex":50}, "broadcast":false}, {"pipelineId":4, "scannedPartition":{"dataUnitId":9, "partitionIndex":51}, "requiredPartitions":[{"dataUnitId":6, "partitionIndex":0}], "outputPartition":{"dataUnitId":8, "partitionIndex":51}, "broadcast":false}, {"pipelineId":4, "scannedPartition":{"dataUnitId":9, "partitionIndex":52}, "requiredPartitions":[{"dataUnitId":6, "partitionIndex":0}], "outputPartition":{"dataUnitId":8, "partitionIndex":52}, "broadcast":false}, {"pipelineId":4, "scannedPartition":{"dataUnitId":9, "partitionIndex":53}, "requiredPartitions":[{"dataUnitId":6, "partitionIndex":0}], "outputPartition":{"dataUnitId":8, "partitionIndex":53}, "broadcast":false}, {"pipelineId":4, "scannedPartition":{"dataUnitId":9, "partitionIndex":54}, "requiredPartitions":[{"dataUnitId":6, "partitionIndex":0}], "outputPartition":{"dataUnitId":8, "partitionIndex":54}, "broadcast":false}, {"pipelineId":4, "scannedPartition":{"dataUnitId":9, "partitionIndex":55}, "requiredPartitions":[{"dataUnitId":6, "partitionIndex":0}], "outputPartition":{"dataUnitId":8, "partitionIndex":55}, "broadcast":false}, {"pipelineId":4, "scannedPartition":{"dataUnitId":9, "partitionIndex":56}, "requiredPartitions":[{"dataUnitId":6, "partitionIndex":0}], "outputPartition":{"dataUnitId":8, "partitionIndex":56}, "broadcast":false}, {"pipelineId":4, "scannedPartition":{"dataUnitId":9, "partitionIndex":57}, "requiredPartitions":[{"dataUnitId":6, "partitionIndex":0}], "outputPartition":{"dataUnitId":8, "partitionIndex":57}, "broadcast":false}, {"pipelineId":4, "scannedPartition":{"dataUnitId":9, "partitionIndex":58}, "requiredPartitions":[{"dataUnitId":6, "partitionIndex":0}], "outputPartition":{"dataUnitId":8, "partitionIndex":58}, "broadcast":false}, {"pipelineId":4, "scannedPartition":{"dataUnitId":9, "partitionIndex":59}, "requiredPartitions":[{"dataUnitId":6, "partitionIndex":0}], "outputPartition":{"dataUnitId":8, "partitionIndex":59}, "broadcast":false}, {"pipelineId":4, "scannedPartition":{"dataUnitId":9, "partitionIndex":60}, "requiredPartitions":[{"dataUnitId":6, "partitionIndex":0}], "outputPartition":{"dataUnitId":8, "partitionIndex":60}, "broadcast":false}, {"pipelineId":4, "scannedPartition":{"dataUnitId":9, "partitionIndex":61}, "requiredPartitions":[{"dataUnitId":6, "partitionIndex":0}], "outputPartition":{"dataUnitId":8, "partitionIndex":61}, "broadcast":false}, {"pipelineId":4, "scannedPartition":{"dataUnitId":9, "partitionIndex":62}, "requiredPartitions":[{"dataUnitId":6, "partitionIndex":0}], "outputPartition":{"dataUnitId":8, "partitionIndex":62}, "broadcast":false}, {"pipelineId":4, "scannedPartition":{"dataUnitId":9, "partitionIndex":63}, "requiredPartitions":[{"dataUnitId":6, "partitionIndex":0}], "outputPartition":{"dataUnitId":8, "partitionIndex":63}, "broadcast":false}]}, {"k":2, "v":[{"pipelineId":2, "scannedPartition":{"dataUnitId":5, "partitionIndex":0}, "requiredPartitions":[{"dataUnitId":2, "partitionIndex":0}], "outputPartition":{"dataUnitId":4, "partitionIndex":0}, "broadcast":false}, {"pipelineId":2, "scannedPartition":{"dataUnitId":5, "partitionIndex":1}, "requiredPartitions":[{"dataUnitId":2, "partitionIndex":0}], "outputPartition":{"dataUnitId":4, "partitionIndex":1}, "broadcast":false}, {"pipelineId":2, "scannedPartition":{"dataUnitId":5, "partitionIndex":2}, "requiredPartitions":[{"dataUnitId":2, "partitionIndex":0}], "outputPartition":{"dataUnitId":4, "partitionIndex":2}, "broadcast":false}, {"pipelineId":2, "scannedPartition":{"dataUnitId":5, "partitionIndex":3}, "requiredPartitions":[{"dataUnitId":2, "partitionIndex":0}], "outputPartition":{"dataUnitId":4, "partitionIndex":3}, "broadcast":false}, {"pipelineId":2, "scannedPartition":{"dataUnitId":5, "partitionIndex":4}, "requiredPartitions":[{"dataUnitId":2, "partitionIndex":0}], "outputPartition":{"dataUnitId":4, "partitionIndex":4}, "broadcast":false}, {"pipelineId":2, "scannedPartition":{"dataUnitId":5, "partitionIndex":5}, "requiredPartitions":[{"dataUnitId":2, "partitionIndex":0}], "outputPartition":{"dataUnitId":4, "partitionIndex":5}, "broadcast":false}, {"pipelineId":2, "scannedPartition":{"dataUnitId":5, "partitionIndex":6}, "requiredPartitions":[{"dataUnitId":2, "partitionIndex":0}], "outputPartition":{"dataUnitId":4, "partitionIndex":6}, "broadcast":false}, {"pipelineId":2, "scannedPartition":{"dataUnitId":5, "partitionIndex":7}, "requiredPartitions":[{"dataUnitId":2, "partitionIndex":0}], "outputPartition":{"dataUnitId":4, "partitionIndex":7}, "broadcast":false}, {"pipelineId":2, "scannedPartition":{"dataUnitId":5, "partitionIndex":8}, "requiredPartitions":[{"dataUnitId":2, "partitionIndex":0}], "outputPartition":{"dataUnitId":4, "partitionIndex":8}, "broadcast":false}, {"pipelineId":2, "scannedPartition":{"dataUnitId":5, "partitionIndex":9}, "requiredPartitions":[{"dataUnitId":2, "partitionIndex":0}], "outputPartition":{"dataUnitId":4, "partitionIndex":9}, "broadcast":false}, {"pipelineId":2, "scannedPartition":{"dataUnitId":5, "partitionIndex":10}, "requiredPartitions":[{"dataUnitId":2, "partitionIndex":0}], "outputPartition":{"dataUnitId":4, "partitionIndex":10}, "broadcast":false}, {"pipelineId":2, "scannedPartition":{"dataUnitId":5, "partitionIndex":11}, "requiredPartitions":[{"dataUnitId":2, "partitionIndex":0}], "outputPartition":{"dataUnitId":4, "partitionIndex":11}, "broadcast":false}, {"pipelineId":2, "scannedPartition":{"dataUnitId":5, "partitionIndex":12}, "requiredPartitions":[{"dataUnitId":2, "partitionIndex":0}], "outputPartition":{"dataUnitId":4, "partitionIndex":12}, "broadcast":false}, {"pipelineId":2, "scannedPartition":{"dataUnitId":5, "partitionIndex":13}, "requiredPartitions":[{"dataUnitId":2, "partitionIndex":0}], "outputPartition":{"dataUnitId":4, "partitionIndex":13}, "broadcast":false}, {"pipelineId":2, "scannedPartition":{"dataUnitId":5, "partitionIndex":14}, "requiredPartitions":[{"dataUnitId":2, "partitionIndex":0}], "outputPartition":{"dataUnitId":4, "partitionIndex":14}, "broadcast":false}, {"pipelineId":2, "scannedPartition":{"dataUnitId":5, "partitionIndex":15}, "requiredPartitions":[{"dataUnitId":2, "partitionIndex":0}], "outputPartition":{"dataUnitId":4, "partitionIndex":15}, "broadcast":false}, {"pipelineId":2, "scannedPartition":{"dataUnitId":5, "partitionIndex":16}, "requiredPartitions":[{"dataUnitId":2, "partitionIndex":0}], "outputPartition":{"dataUnitId":4, "partitionIndex":16}, "broadcast":false}, {"pipelineId":2, "scannedPartition":{"dataUnitId":5, "partitionIndex":17}, "requiredPartitions":[{"dataUnitId":2, "partitionIndex":0}], "outputPartition":{"dataUnitId":4, "partitionIndex":17}, "broadcast":false}, {"pipelineId":2, "scannedPartition":{"dataUnitId":5, "partitionIndex":18}, "requiredPartitions":[{"dataUnitId":2, "partitionIndex":0}], "outputPartition":{"dataUnitId":4, "partitionIndex":18}, "broadcast":false}, {"pipelineId":2, "scannedPartition":{"dataUnitId":5, "partitionIndex":19}, "requiredPartitions":[{"dataUnitId":2, "partitionIndex":0}], "outputPartition":{"dataUnitId":4, "partitionIndex":19}, "broadcast":false}, {"pipelineId":2, "scannedPartition":{"dataUnitId":5, "partitionIndex":20}, "requiredPartitions":[{"dataUnitId":2, "partitionIndex":0}], "outputPartition":{"dataUnitId":4, "partitionIndex":20}, "broadcast":false}, {"pipelineId":2, "scannedPartition":{"dataUnitId":5, "partitionIndex":21}, "requiredPartitions":[{"dataUnitId":2, "partitionIndex":0}], "outputPartition":{"dataUnitId":4, "partitionIndex":21}, "broadcast":false}, {"pipelineId":2, "scannedPartition":{"dataUnitId":5, "partitionIndex":22}, "requiredPartitions":[{"dataUnitId":2, "partitionIndex":0}], "outputPartition":{"dataUnitId":4, "partitionIndex":22}, "broadcast":false}, {"pipelineId":2, "scannedPartition":{"dataUnitId":5, "partitionIndex":23}, "requiredPartitions":[{"dataUnitId":2, "partitionIndex":0}], "outputPartition":{"dataUnitId":4, "partitionIndex":23}, "broadcast":false}, {"pipelineId":2, "scannedPartition":{"dataUnitId":5, "partitionIndex":24}, "requiredPartitions":[{"dataUnitId":2, "partitionIndex":0}], "outputPartition":{"dataUnitId":4, "partitionIndex":24}, "broadcast":false}, {"pipelineId":2, "scannedPartition":{"dataUnitId":5, "partitionIndex":25}, "requiredPartitions":[{"dataUnitId":2, "partitionIndex":0}], "outputPartition":{"dataUnitId":4, "partitionIndex":25}, "broadcast":false}, {"pipelineId":2, "scannedPartition":{"dataUnitId":5, "partitionIndex":26}, "requiredPartitions":[{"dataUnitId":2, "partitionIndex":0}], "outputPartition":{"dataUnitId":4, "partitionIndex":26}, "broadcast":false}, {"pipelineId":2, "scannedPartition":{"dataUnitId":5, "partitionIndex":27}, "requiredPartitions":[{"dataUnitId":2, "partitionIndex":0}], "outputPartition":{"dataUnitId":4, "partitionIndex":27}, "broadcast":false}, {"pipelineId":2, "scannedPartition":{"dataUnitId":5, "partitionIndex":28}, "requiredPartitions":[{"dataUnitId":2, "partitionIndex":0}], "outputPartition":{"dataUnitId":4, "partitionIndex":28}, "broadcast":false}, {"pipelineId":2, "scannedPartition":{"dataUnitId":5, "partitionIndex":29}, "requiredPartitions":[{"dataUnitId":2, "partitionIndex":0}], "outputPartition":{"dataUnitId":4, "partitionIndex":29}, "broadcast":false}, {"pipelineId":2, "scannedPartition":{"dataUnitId":5, "partitionIndex":30}, "requiredPartitions":[{"dataUnitId":2, "partitionIndex":0}], "outputPartition":{"dataUnitId":4, "partitionIndex":30}, "broadcast":false}, {"pipelineId":2, "scannedPartition":{"dataUnitId":5, "partitionIndex":31}, "requiredPartitions":[{"dataUnitId":2, "partitionIndex":0}], "outputPartition":{"dataUnitId":4, "partitionIndex":31}, "broadcast":false}, {"pipelineId":2, "scannedPartition":{"dataUnitId":5, "partitionIndex":32}, "requiredPartitions":[{"dataUnitId":2, "partitionIndex":0}], "outputPartition":{"dataUnitId":4, "partitionIndex":32}, "broadcast":false}, {"pipelineId":2, "scannedPartition":{"dataUnitId":5, "partitionIndex":33}, "requiredPartitions":[{"dataUnitId":2, "partitionIndex":0}], "outputPartition":{"dataUnitId":4, "partitionIndex":33}, "broadcast":false}, {"pipelineId":2, "scannedPartition":{"dataUnitId":5, "partitionIndex":34}, "requiredPartitions":[{"dataUnitId":2, "partitionIndex":0}], "outputPartition":{"dataUnitId":4, "partitionIndex":34}, "broadcast":false}, {"pipelineId":2, "scannedPartition":{"dataUnitId":5, "partitionIndex":35}, "requiredPartitions":[{"dataUnitId":2, "partitionIndex":0}], "outputPartition":{"dataUnitId":4, "partitionIndex":35}, "broadcast":false}, {"pipelineId":2, "scannedPartition":{"dataUnitId":5, "partitionIndex":36}, "requiredPartitions":[{"dataUnitId":2, "partitionIndex":0}], "outputPartition":{"dataUnitId":4, "partitionIndex":36}, "broadcast":false}, {"pipelineId":2, "scannedPartition":{"dataUnitId":5, "partitionIndex":37}, "requiredPartitions":[{"dataUnitId":2, "partitionIndex":0}], "outputPartition":{"dataUnitId":4, "partitionIndex":37}, "broadcast":false}, {"pipelineId":2, "scannedPartition":{"dataUnitId":5, "partitionIndex":38}, "requiredPartitions":[{"dataUnitId":2, "partitionIndex":0}], "outputPartition":{"dataUnitId":4, "partitionIndex":38}, "broadcast":false}, {"pipelineId":2, "scannedPartition":{"dataUnitId":5, "partitionIndex":39}, "requiredPartitions":[{"dataUnitId":2, "partitionIndex":0}], "outputPartition":{"dataUnitId":4, "partitionIndex":39}, "broadcast":false}, {"pipelineId":2, "scannedPartition":{"dataUnitId":5, "partitionIndex":40}, "requiredPartitions":[{"dataUnitId":2, "partitionIndex":0}], "outputPartition":{"dataUnitId":4, "partitionIndex":40}, "broadcast":false}, {"pipelineId":2, "scannedPartition":{"dataUnitId":5, "partitionIndex":41}, "requiredPartitions":[{"dataUnitId":2, "partitionIndex":0}], "outputPartition":{"dataUnitId":4, "partitionIndex":41}, "broadcast":false}, {"pipelineId":2, "scannedPartition":{"dataUnitId":5, "partitionIndex":42}, "requiredPartitions":[{"dataUnitId":2, "partitionIndex":0}], "outputPartition":{"dataUnitId":4, "partitionIndex":42}, "broadcast":false}, {"pipelineId":2, "scannedPartition":{"dataUnitId":5, "partitionIndex":43}, "requiredPartitions":[{"dataUnitId":2, "partitionIndex":0}], "outputPartition":{"dataUnitId":4, "partitionIndex":43}, "broadcast":false}, {"pipelineId":2, "scannedPartition":{"dataUnitId":5, "partitionIndex":44}, "requiredPartitions":[{"dataUnitId":2, "partitionIndex":0}], "outputPartition":{"dataUnitId":4, "partitionIndex":44}, "broadcast":false}, {"pipelineId":2, "scannedPartition":{"dataUnitId":5, "partitionIndex":45}, "requiredPartitions":[{"dataUnitId":2, "partitionIndex":0}], "outputPartition":{"dataUnitId":4, "partitionIndex":45}, "broadcast":false}, {"pipelineId":2, "scannedPartition":{"dataUnitId":5, "partitionIndex":46}, "requiredPartitions":[{"dataUnitId":2, "partitionIndex":0}], "outputPartition":{"dataUnitId":4, "partitionIndex":46}, "broadcast":false}, {"pipelineId":2, "scannedPartition":{"dataUnitId":5, "partitionIndex":47}, "requiredPartitions":[{"dataUnitId":2, "partitionIndex":0}], "outputPartition":{"dataUnitId":4, "partitionIndex":47}, "broadcast":false}, {"pipelineId":2, "scannedPartition":{"dataUnitId":5, "partitionIndex":48}, "requiredPartitions":[{"dataUnitId":2, "partitionIndex":0}], "outputPartition":{"dataUnitId":4, "partitionIndex":48}, "broadcast":false}, {"pipelineId":2, "scannedPartition":{"dataUnitId":5, "partitionIndex":49}, "requiredPartitions":[{"dataUnitId":2, "partitionIndex":0}], "outputPartition":{"dataUnitId":4, "partitionIndex":49}, "broadcast":false}, {"pipelineId":2, "scannedPartition":{"dataUnitId":5, "partitionIndex":50}, "requiredPartitions":[{"dataUnitId":2, "partitionIndex":0}], "outputPartition":{"dataUnitId":4, "partitionIndex":50}, "broadcast":false}, {"pipelineId":2, "scannedPartition":{"dataUnitId":5, "partitionIndex":51}, "requiredPartitions":[{"dataUnitId":2, "partitionIndex":0}], "outputPartition":{"dataUnitId":4, "partitionIndex":51}, "broadcast":false}, {"pipelineId":2, "scannedPartition":{"dataUnitId":5, "partitionIndex":52}, "requiredPartitions":[{"dataUnitId":2, "partitionIndex":0}], "outputPartition":{"dataUnitId":4, "partitionIndex":52}, "broadcast":false}, {"pipelineId":2, "scannedPartition":{"dataUnitId":5, "partitionIndex":53}, "requiredPartitions":[{"dataUnitId":2, "partitionIndex":0}], "outputPartition":{"dataUnitId":4, "partitionIndex":53}, "broadcast":false}, {"pipelineId":2, "scannedPartition":{"dataUnitId":5, "partitionIndex":54}, "requiredPartitions":[{"dataUnitId":2, "partitionIndex":0}], "outputPartition":{"dataUnitId":4, "partitionIndex":54}, "broadcast":false}, {"pipelineId":2, "scannedPartition":{"dataUnitId":5, "partitionIndex":55}, "requiredPartitions":[{"dataUnitId":2, "partitionIndex":0}], "outputPartition":{"dataUnitId":4, "partitionIndex":55}, "broadcast":false}, {"pipelineId":2, "scannedPartition":{"dataUnitId":5, "partitionIndex":56}, "requiredPartitions":[{"dataUnitId":2, "partitionIndex":0}], "outputPartition":{"dataUnitId":4, "partitionIndex":56}, "broadcast":false}, {"pipelineId":2, "scannedPartition":{"dataUnitId":5, "partitionIndex":57}, "requiredPartitions":[{"dataUnitId":2, "partitionIndex":0}], "outputPartition":{"dataUnitId":4, "partitionIndex":57}, "broadcast":false}, {"pipelineId":2, "scannedPartition":{"dataUnitId":5, "partitionIndex":58}, "requiredPartitions":[{"dataUnitId":2, "partitionIndex":0}], "outputPartition":{"dataUnitId":4, "partitionIndex":58}, "broadcast":false}, {"pipelineId":2, "scannedPartition":{"dataUnitId":5, "partitionIndex":59}, "requiredPartitions":[{"dataUnitId":2, "partitionIndex":0}], "outputPartition":{"dataUnitId":4, "partitionIndex":59}, "broadcast":false}, {"pipelineId":2, "scannedPartition":{"dataUnitId":5, "partitionIndex":60}, "requiredPartitions":[{"dataUnitId":2, "partitionIndex":0}], "outputPartition":{"dataUnitId":4, "partitionIndex":60}, "broadcast":false}, {"pipelineId":2, "scannedPartition":{"dataUnitId":5, "partitionIndex":61}, "requiredPartitions":[{"dataUnitId":2, "partitionIndex":0}], "outputPartition":{"dataUnitId":4, "partitionIndex":61}, "broadcast":false}, {"pipelineId":2, "scannedPartition":{"dataUnitId":5, "partitionIndex":62}, "requiredPartitions":[{"dataUnitId":2, "partitionIndex":0}], "outputPartition":{"dataUnitId":4, "partitionIndex":62}, "broadcast":false}, {"pipelineId":2, "scannedPartition":{"dataUnitId":5, "partitionIndex":63}, "requiredPartitions":[{"dataUnitId":2, "partitionIndex":0}], "outputPartition":{"dataUnitId":4, "partitionIndex":63}, "broadcast":false}]}, {"k":0, "v":[{"pipelineId":0, "scannedPartition":{"dataUnitId":1, "partitionIndex":0}, "requiredPartitions":[], "outputPartition":{"dataUnitId":0, "partitionIndex":0}, "broadcast":false}, {"pipelineId":0, "scannedPartition":{"dataUnitId":1, "partitionIndex":1}, "requiredPartitions":[], "outputPartition":{"dataUnitId":0, "partitionIndex":1}, "broadcast":false}, {"pipelineId":0, "scannedPartition":{"dataUnitId":1, "partitionIndex":2}, "requiredPartitions":[], "outputPartition":{"dataUnitId":0, "partitionIndex":2}, "broadcast":false}, {"pipelineId":0, "scannedPartition":{"dataUnitId":1, "partitionIndex":3}, "requiredPartitions":[], "outputPartition":{"dataUnitId":0, "partitionIndex":3}, "broadcast":false}, {"pipelineId":0, "scannedPartition":{"dataUnitId":1, "partitionIndex":4}, "requiredPartitions":[], "outputPartition":{"dataUnitId":0, "partitionIndex":4}, "broadcast":false}, {"pipelineId":0, "scannedPartition":{"dataUnitId":1, "partitionIndex":5}, "requiredPartitions":[], "outputPartition":{"dataUnitId":0, "partitionIndex":5}, "broadcast":false}, {"pipelineId":0, "scannedPartition":{"dataUnitId":1, "partitionIndex":6}, "requiredPartitions":[], "outputPartition":{"dataUnitId":0, "partitionIndex":6}, "broadcast":false}, {"pipelineId":0, "scannedPartition":{"dataUnitId":1, "partitionIndex":7}, "requiredPartitions":[], "outputPartition":{"dataUnitId":0, "partitionIndex":7}, "broadcast":false}, {"pipelineId":0, "scannedPartition":{"dataUnitId":1, "partitionIndex":8}, "requiredPartitions":[], "outputPartition":{"dataUnitId":0, "partitionIndex":8}, "broadcast":false}, {"pipelineId":0, "scannedPartition":{"dataUnitId":1, "partitionIndex":9}, "requiredPartitions":[], "outputPartition":{"dataUnitId":0, "partitionIndex":9}, "broadcast":false}, {"pipelineId":0, "scannedPartition":{"dataUnitId":1, "partitionIndex":10}, "requiredPartitions":[], "outputPartition":{"dataUnitId":0, "partitionIndex":10}, "broadcast":false}, {"pipelineId":0, "scannedPartition":{"dataUnitId":1, "partitionIndex":11}, "requiredPartitions":[], "outputPartition":{"dataUnitId":0, "partitionIndex":11}, "broadcast":false}, {"pipelineId":0, "scannedPartition":{"dataUnitId":1, "partitionIndex":12}, "requiredPartitions":[], "outputPartition":{"dataUnitId":0, "partitionIndex":12}, "broadcast":false}, {"pipelineId":0, "scannedPartition":{"dataUnitId":1, "partitionIndex":13}, "requiredPartitions":[], "outputPartition":{"dataUnitId":0, "partitionIndex":13}, "broadcast":false}, {"pipelineId":0, "scannedPartition":{"dataUnitId":1, "partitionIndex":14}, "requiredPartitions":[], "outputPartition":{"dataUnitId":0, "partitionIndex":14}, "broadcast":false}, {"pipelineId":0, "scannedPartition":{"dataUnitId":1, "partitionIndex":15}, "requiredPartitions":[], "outputPartition":{"dataUnitId":0, "partitionIndex":15}, "broadcast":false}, {"pipelineId":0, "scannedPartition":{"dataUnitId":1, "partitionIndex":16}, "requiredPartitions":[], "outputPartition":{"dataUnitId":0, "partitionIndex":16}, "broadcast":false}, {"pipelineId":0, "scannedPartition":{"dataUnitId":1, "partitionIndex":17}, "requiredPartitions":[], "outputPartition":{"dataUnitId":0, "partitionIndex":17}, "broadcast":false}, {"pipelineId":0, "scannedPartition":{"dataUnitId":1, "partitionIndex":18}, "requiredPartitions":[], "outputPartition":{"dataUnitId":0, "partitionIndex":18}, "broadcast":false}, {"pipelineId":0, "scannedPartition":{"dataUnitId":1, "partitionIndex":19}, "requiredPartitions":[], "outputPartition":{"dataUnitId":0, "partitionIndex":19}, "broadcast":false}, {"pipelineId":0, "scannedPartition":{"dataUnitId":1, "partitionIndex":20}, "requiredPartitions":[], "outputPartition":{"dataUnitId":0, "partitionIndex":20}, "broadcast":false}, {"pipelineId":0, "scannedPartition":{"dataUnitId":1, "partitionIndex":21}, "requiredPartitions":[], "outputPartition":{"dataUnitId":0, "partitionIndex":21}, "broadcast":false}, {"pipelineId":0, "scannedPartition":{"dataUnitId":1, "partitionIndex":22}, "requiredPartitions":[], "outputPartition":{"dataUnitId":0, "partitionIndex":22}, "broadcast":false}, {"pipelineId":0, "scannedPartition":{"dataUnitId":1, "partitionIndex":23}, "requiredPartitions":[], "outputPartition":{"dataUnitId":0, "partitionIndex":23}, "broadcast":false}, {"pipelineId":0, "scannedPartition":{"dataUnitId":1, "partitionIndex":24}, "requiredPartitions":[], "outputPartition":{"dataUnitId":0, "partitionIndex":24}, "broadcast":false}, {"pipelineId":0, "scannedPartition":{"dataUnitId":1, "partitionIndex":25}, "requiredPartitions":[], "outputPartition":{"dataUnitId":0, "partitionIndex":25}, "broadcast":false}, {"pipelineId":0, "scannedPartition":{"dataUnitId":1, "partitionIndex":26}, "requiredPartitions":[], "outputPartition":{"dataUnitId":0, "partitionIndex":26}, "broadcast":false}, {"pipelineId":0, "scannedPartition":{"dataUnitId":1, "partitionIndex":27}, "requiredPartitions":[], "outputPartition":{"dataUnitId":0, "partitionIndex":27}, "broadcast":false}, {"pipelineId":0, "scannedPartition":{"dataUnitId":1, "partitionIndex":28}, "requiredPartitions":[], "outputPartition":{"dataUnitId":0, "partitionIndex":28}, "broadcast":false}, {"pipelineId":0, "scannedPartition":{"dataUnitId":1, "partitionIndex":29}, "requiredPartitions":[], "outputPartition":{"dataUnitId":0, "partitionIndex":29}, "broadcast":false}, {"pipelineId":0, "scannedPartition":{"dataUnitId":1, "partitionIndex":30}, "requiredPartitions":[], "outputPartition":{"dataUnitId":0, "partitionIndex":30}, "broadcast":false}, {"pipelineId":0, "scannedPartition":{"dataUnitId":1, "partitionIndex":31}, "requiredPartitions":[], "outputPartition":{"dataUnitId":0, "partitionIndex":31}, "broadcast":false}, {"pipelineId":0, "scannedPartition":{"dataUnitId":1, "partitionIndex":32}, "requiredPartitions":[], "outputPartition":{"dataUnitId":0, "partitionIndex":32}, "broadcast":false}, {"pipelineId":0, "scannedPartition":{"dataUnitId":1, "partitionIndex":33}, "requiredPartitions":[], "outputPartition":{"dataUnitId":0, "partitionIndex":33}, "broadcast":false}, {"pipelineId":0, "scannedPartition":{"dataUnitId":1, "partitionIndex":34}, "requiredPartitions":[], "outputPartition":{"dataUnitId":0, "partitionIndex":34}, "broadcast":false}, {"pipelineId":0, "scannedPartition":{"dataUnitId":1, "partitionIndex":35}, "requiredPartitions":[], "outputPartition":{"dataUnitId":0, "partitionIndex":35}, "broadcast":false}, {"pipelineId":0, "scannedPartition":{"dataUnitId":1, "partitionIndex":36}, "requiredPartitions":[], "outputPartition":{"dataUnitId":0, "partitionIndex":36}, "broadcast":false}, {"pipelineId":0, "scannedPartition":{"dataUnitId":1, "partitionIndex":37}, "requiredPartitions":[], "outputPartition":{"dataUnitId":0, "partitionIndex":37}, "broadcast":false}, {"pipelineId":0, "scannedPartition":{"dataUnitId":1, "partitionIndex":38}, "requiredPartitions":[], "outputPartition":{"dataUnitId":0, "partitionIndex":38}, "broadcast":false}, {"pipelineId":0, "scannedPartition":{"dataUnitId":1, "partitionIndex":39}, "requiredPartitions":[], "outputPartition":{"dataUnitId":0, "partitionIndex":39}, "broadcast":false}, {"pipelineId":0, "scannedPartition":{"dataUnitId":1, "partitionIndex":40}, "requiredPartitions":[], "outputPartition":{"dataUnitId":0, "partitionIndex":40}, "broadcast":false}, {"pipelineId":0, "scannedPartition":{"dataUnitId":1, "partitionIndex":41}, "requiredPartitions":[], "outputPartition":{"dataUnitId":0, "partitionIndex":41}, "broadcast":false}, {"pipelineId":0, "scannedPartition":{"dataUnitId":1, "partitionIndex":42}, "requiredPartitions":[], "outputPartition":{"dataUnitId":0, "partitionIndex":42}, "broadcast":false}, {"pipelineId":0, "scannedPartition":{"dataUnitId":1, "partitionIndex":43}, "requiredPartitions":[], "outputPartition":{"dataUnitId":0, "partitionIndex":43}, "broadcast":false}, {"pipelineId":0, "scannedPartition":{"dataUnitId":1, "partitionIndex":44}, "requiredPartitions":[], "outputPartition":{"dataUnitId":0, "partitionIndex":44}, "broadcast":false}, {"pipelineId":0, "scannedPartition":{"dataUnitId":1, "partitionIndex":45}, "requiredPartitions":[], "outputPartition":{"dataUnitId":0, "partitionIndex":45}, "broadcast":false}, {"pipelineId":0, "scannedPartition":{"dataUnitId":1, "partitionIndex":46}, "requiredPartitions":[], "outputPartition":{"dataUnitId":0, "partitionIndex":46}, "broadcast":false}, {"pipelineId":0, "scannedPartition":{"dataUnitId":1, "partitionIndex":47}, "requiredPartitions":[], "outputPartition":{"dataUnitId":0, "partitionIndex":47}, "broadcast":false}, {"pipelineId":0, "scannedPartition":{"dataUnitId":1, "partitionIndex":48}, "requiredPartitions":[], "outputPartition":{"dataUnitId":0, "partitionIndex":48}, "broadcast":false}, {"pipelineId":0, "scannedPartition":{"dataUnitId":1, "partitionIndex":49}, "requiredPartitions":[], "outputPartition":{"dataUnitId":0, "partitionIndex":49}, "broadcast":false}, {"pipelineId":0, "scannedPartition":{"dataUnitId":1, "partitionIndex":50}, "requiredPartitions":[], "outputPartition":{"dataUnitId":0, "partitionIndex":50}, "broadcast":false}, {"pipelineId":0, "scannedPartition":{"dataUnitId":1, "partitionIndex":51}, "requiredPartitions":[], "outputPartition":{"dataUnitId":0, "partitionIndex":51}, "broadcast":false}, {"pipelineId":0, "scannedPartition":{"dataUnitId":1, "partitionIndex":52}, "requiredPartitions":[], "outputPartition":{"dataUnitId":0, "partitionIndex":52}, "broadcast":false}, {"pipelineId":0, "scannedPartition":{"dataUnitId":1, "partitionIndex":53}, "requiredPartitions":[], "outputPartition":{"dataUnitId":0, "partitionIndex":53}, "broadcast":false}, {"pipelineId":0, "scannedPartition":{"dataUnitId":1, "partitionIndex":54}, "requiredPartitions":[], "outputPartition":{"dataUnitId":0, "partitionIndex":54}, "broadcast":false}, {"pipelineId":0, "scannedPartition":{"dataUnitId":1, "partitionIndex":55}, "requiredPartitions":[], "outputPartition":{"dataUnitId":0, "partitionIndex":55}, "broadcast":false}, {"pipelineId":0, "scannedPartition":{"dataUnitId":1, "partitionIndex":56}, "requiredPartitions":[], "outputPartition":{"dataUnitId":0, "partitionIndex":56}, "broadcast":false}, {"pipelineId":0, "scannedPartition":{"dataUnitId":1, "partitionIndex":57}, "requiredPartitions":[], "outputPartition":{"dataUnitId":0, "partitionIndex":57}, "broadcast":false}, {"pipelineId":0, "scannedPartition":{"dataUnitId":1, "partitionIndex":58}, "requiredPartitions":[], "outputPartition":{"dataUnitId":0, "partitionIndex":58}, "broadcast":false}, {"pipelineId":0, "scannedPartition":{"dataUnitId":1, "partitionIndex":59}, "requiredPartitions":[], "outputPartition":{"dataUnitId":0, "partitionIndex":59}, "broadcast":false}, {"pipelineId":0, "scannedPartition":{"dataUnitId":1, "partitionIndex":60}, "requiredPartitions":[], "outputPartition":{"dataUnitId":0, "partitionIndex":60}, "broadcast":false}, {"pipelineId":0, "scannedPartition":{"dataUnitId":1, "partitionIndex":61}, "requiredPartitions":[], "outputPartition":{"dataUnitId":0, "partitionIndex":61}, "broadcast":false}, {"pipelineId":0, "scannedPartition":{"dataUnitId":1, "partitionIndex":62}, "requiredPartitions":[], "outputPartition":{"dataUnitId":0, "partitionIndex":62}, "broadcast":false}, {"pipelineId":0, "scannedPartition":{"dataUnitId":1, "partitionIndex":63}, "requiredPartitions":[], "outputPartition":{"dataUnitId":0, "partitionIndex":63}, "broadcast":false}]}], "broadcastTasks":[{"k":3, "v":{"pipelineId":3, "scannedPartition":{"dataUnitId":7, "partitionIndex":0}, "requiredPartitions":[], "outputPartition":{"dataUnitId":6, "partitionIndex":0}, "broadcast":true}}, {"k":1, "v":{"pipelineId":1, "scannedPartition":{"dataUnitId":3, "partitionIndex":0}, "requiredPartitions":[], "outputPartition":{"dataUnitId":2, "partitionIndex":0}, "broadcast":true}}], "initialPartitioning":{"owningNode":[{"k":{"dataUnitId":9, "partitionIndex":63}, "v":3}, {"k":{"dataUnitId":9, "partitionIndex":61}, "v":1}, {"k":{"dataUnitId":9, "partitionIndex":57}, "v":1}, {"k":{"dataUnitId":9, "partitionIndex":48}, "v":0}, {"k":{"dataUnitId":9, "partitionIndex":47}, "v":3}, {"k":{"dataUnitId":9, "partitionIndex":46}, "v":2}, {"k":{"dataUnitId":9, "partitionIndex":43}, "v":3}, {"k":{"dataUnitId":9, "partitionIndex":40}, "v":0}, {"k":{"dataUnitId":9, "partitionIndex":39}, "v":3}, {"k":{"dataUnitId":9, "partitionIndex":38}, "v":2}, {"k":{"dataUnitId":9, "partitionIndex":30}, "v":2}, {"k":{"dataUnitId":9, "partitionIndex":28}, "v":0}, {"k":{"dataUnitId":9, "partitionIndex":45}, "v":1}, {"k":{"dataUnitId":9, "partitionIndex":26}, "v":2}, {"k":{"dataUnitId":9, "partitionIndex":25}, "v":1}, {"k":{"dataUnitId":9, "partitionIndex":24}, "v":0}, {"k":{"dataUnitId":9, "partitionIndex":50}, "v":2}, {"k":{"dataUnitId":9, "partitionIndex":23}, "v":3}, {"k":{"dataUnitId":9, "partitionIndex":22}, "v":2}, {"k":{"dataUnitId":9, "partitionIndex":21}, "v":1}, {"k":{"dataUnitId":9, "partitionIndex":18}, "v":2}, {"k":{"dataUnitId":9, "partitionIndex":17}, "v":1}, {"k":{"dataUnitId":9, "partitionIndex":16}, "v":0}, {"k":{"dataUnitId":9, "partitionIndex":15}, "v":3}, {"k":{"dataUnitId":9, "partitionIndex":13}, "v":1}, {"k":{"dataUnitId":9, "partitionIndex":9}, "v":1}, {"k":{"dataUnitId":9, "partitionIndex":7}, "v":3}, {"k":{"dataUnitId":9, "partitionIndex":6}, "v":2}, {"k":{"dataUnitId":9, "partitionIndex":5}, "v":1}, {"k":{"dataUnitId":9, "partitionIndex":3}, "v":3}, {"k":{"dataUnitId":9, "partitionIndex":2}, "v":2}, {"k":{"dataUnitId":9, "partitionIndex":1}, "v":1}, {"k":{"dataUnitId":9, "partitionIndex":0}, "v":0}, {"k":{"dataUnitId":1, "partitionIndex":57}, "v":1}, {"k":{"dataUnitId":1, "partitionIndex":6}, "v":2}, {"k":{"dataUnitId":1, "partitionIndex":52}, "v":0}, {"k":{"dataUnitId":1, "partitionIndex":47}, "v":3}, {"k":{"dataUnitId":1, "partitionIndex":41}, "v":1}, {"k":{"dataUnitId":9, "partitionIndex":31}, "v":3}, {"k":{"dataUnitId":5, "partitionIndex":49}, "v":1}, {"k":{"dataUnitId":5, "partitionIndex":8}, "v":0}, {"k":{"dataUnitId":5, "partitionIndex":13}, "v":1}, {"k":{"dataUnitId":5, "partitionIndex":43}, "v":3}, {"k":{"dataUnitId":1, "partitionIndex":43}, "v":3}, {"k":{"dataUnitId":9, "partitionIndex":34}, "v":2}, {"k":{"dataUnitId":1, "partitionIndex":0}, "v":0}, {"k":{"dataUnitId":5, "partitionIndex":36}, "v":0}, {"k":{"dataUnitId":1, "partitionIndex":45}, "v":1}, {"k":{"dataUnitId":1, "partitionIndex":23}, "v":3}, {"k":{"dataUnitId":9, "partitionIndex":51}, "v":3}, {"k":{"dataUnitId":1, "partitionIndex":40}, "v":0}, {"k":{"dataUnitId":1, "partitionIndex":56}, "v":0}, {"k":{"dataUnitId":9, "partitionIndex":58}, "v":2}, {"k":{"dataUnitId":1, "partitionIndex":49}, "v":1}, {"k":{"dataUnitId":1, "partitionIndex":18}, "v":2}, {"k":{"dataUnitId":1, "partitionIndex":54}, "v":2}, {"k":{"dataUnitId":5, "partitionIndex":16}, "v":0}, {"k":{"dataUnitId":1, "partitionIndex":36}, "v":0}, {"k":{"dataUnitId":9, "partitionIndex":56}, "v":0}, {"k":{"dataUnitId":9, "partitionIndex":11}, "v":3}, {"k":{"dataUnitId":5, "partitionIndex":5}, "v":1}, {"k":{"dataUnitId":9, "partitionIndex":35}, "v":3}, {"k":{"dataUnitId":1, "partitionIndex":44}, "v":0}, {"k":{"dataUnitId":5, "partitionIndex":58}, "v":2}, {"k":{"dataUnitId":1, "partitionIndex":35}, "v":3}, {"k":{"dataUnitId":1, "partitionIndex":32}, "v":0}, {"k":{"dataUnitId":1, "partitionIndex":28}, "v":0}, {"k":{"dataUnitId":1, "partitionIndex":9}, "v":1}, {"k":{"dataUnitId":1, "partitionIndex":30}, "v":2}, {"k":{"dataUnitId":1, "partitionIndex":61}, "v":1}, {"k":{"dataUnitId":1, "partitionIndex":3}, "v":3}, {"k":{"dataUnitId":5, "partitionIndex":15}, "v":3}, {"k":{"dataUnitId":9, "partitionIndex":29}, "v":1}, {"k":{"dataUnitId":1, "partitionIndex":8}, "v":0}, {"k":{"dataUnitId":9, "partitionIndex":10}, "v":2}, {"k":{"dataUnitId":1, "partitionIndex":51}, "v":3}, {"k":{"dataUnitId":1, "partitionIndex":42}, "v":2}, {"k":{"dataUnitId":1, "partitionIndex":55}, "v":3}, {"k":{"dataUnitId":1, "partitionIndex":59}, "v":3}, {"k":{"dataUnitId":1, "partitionIndex":53}, "v":1}, {"k":{"dataUnitId":1, "partitionIndex":38}, "v":2}, {"k":{"dataUnitId":9, "partitionIndex":55}, "v":3}, {"k":{"dataUnitId":1, "partitionIndex":25}, "v":1}, {"k":{"dataUnitId":9, "partitionIndex":37}, "v":1}, {"k":{"dataUnitId":1, "partitionIndex":5}, "v":1}, {"k":{"dataUnitId":1, "partitionIndex":48}, "v":0}, {"k":{"dataUnitId":9, "partitionIndex":4}, "v":0}, {"k":{"dataUnitId":1, "partitionIndex":7}, "v":3}, {"k":{"dataUnitId":1, "partitionIndex":4}, "v":0}, {"k":{"dataUnitId":9, "partitionIndex":59}, "v":3}, {"k":{"dataUnitId":9, "partitionIndex":27}, "v":3}, {"k":{"dataUnitId":5, "partitionIndex":41}, "v":1}, {"k":{"dataUnitId":1, "partitionIndex":15}, "v":3}, {"k":{"dataUnitId":9, "partitionIndex":42}, "v":2}, {"k":{"dataUnitId":9, "partitionIndex":14}, "v":2}, {"k":{"dataUnitId":1, "partitionIndex":2}, "v":2}, {"k":{"dataUnitId":9, "partitionIndex":32}, "v":0}, {"k":{"dataUnitId":1, "partitionIndex":62}, "v":2}, {"k":{"dataUnitId":1, "partitionIndex":37}, "v":1}, {"k":{"dataUnitId":1, "partitionIndex":33}, "v":1}, {"k":{"dataUnitId":1, "partitionIndex":12}, "v":0}, {"k":{"dataUnitId":9, "partitionIndex":53}, "v":1}, {"k":{"dataUnitId":1, "partitionIndex":11}, "v":3}, {"k":{"dataUnitId":9, "partitionIndex":36}, "v":0}, {"k":{"dataUnitId":5, "partitionIndex":33}, "v":1}, {"k":{"dataUnitId":1, "partitionIndex":1}, "v":1}, {"k":{"dataUnitId":9, "partitionIndex":41}, "v":1}, {"k":{"dataUnitId":1, "partitionIndex":29}, "v":1}, {"k":{"dataUnitId":9, "partitionIndex":60}, "v":0}, {"k":{"dataUnitId":5, "partitionIndex":22}, "v":2}, {"k":{"dataUnitId":5, "partitionIndex":24}, "v":0}, {"k":{"dataUnitId":1, "partitionIndex":22}, "v":2}, {"k":{"dataUnitId":5, "partitionIndex":32}, "v":0}, {"k":{"dataUnitId":1, "partitionIndex":21}, "v":1}, {"k":{"dataUnitId":5, "partitionIndex":62}, "v":2}, {"k":{"dataUnitId":1, "partitionIndex":13}, "v":1}, {"k":{"dataUnitId":1, "partitionIndex":14}, "v":2}, {"k":{"dataUnitId":5, "partitionIndex":19}, "v":3}, {"k":{"dataUnitId":5, "partitionIndex":2}, "v":2}, {"k":{"dataUnitId":1, "partitionIndex":46}, "v":2}, {"k":{"dataUnitId":1, "partitionIndex":16}, "v":0}, {"k":{"dataUnitId":9, "partitionIndex":12}, "v":0}, {"k":{"dataUnitId":1, "partitionIndex":26}, "v":2}, {"k":{"dataUnitId":5, "partitionIndex":1}, "v":1}, {"k":{"dataUnitId":1, "partitionIndex":17}, "v":1}, {"k":{"dataUnitId":1, "partitionIndex":20}, "v":0}, {"k":{"dataUnitId":1, "partitionIndex":39}, "v":3}, {"k":{"dataUnitId":5, "partitionIndex":57}, "v":1}, {"k":{"dataUnitId":1, "partitionIndex":19}, "v":3}, {"k":{"dataUnitId":1, "partitionIndex":60}, "v":0}, {"k":{"dataUnitId":1, "partitionIndex":63}, "v":3}, {"k":{"dataUnitId":5, "partitionIndex":63}, "v":3}, {"k":{"dataUnitId":5, "partitionIndex":61}, "v":1}, {"k":{"dataUnitId":5, "partitionIndex":3}, "v":3}, {"k":{"dataUnitId":9, "partitionIndex":62}, "v":2}, {"k":{"dataUnitId":5, "partitionIndex":4}, "v":0}, {"k":{"dataUnitId":5, "partitionIndex":6}, "v":2}, {"k":{"dataUnitId":5, "partitionIndex":53}, "v":1}, {"k":{"dataUnitId":1, "partitionIndex":24}, "v":0}, {"k":{"dataUnitId":5, "partitionIndex":9}, "v":1}, {"k":{"dataUnitId":1, "partitionIndex":50}, "v":2}, {"k":{"dataUnitId":5, "partitionIndex":20}, "v":0}, {"k":{"dataUnitId":9, "partitionIndex":52}, "v":0}, {"k":{"dataUnitId":5, "partitionIndex":34}, "v":2}, {"k":{"dataUnitId":9, "partitionIndex":8}, "v":0}, {"k":{"dataUnitId":5, "partitionIndex":11}, "v":3}, {"k":{"dataUnitId":5, "partitionIndex":29}, "v":1}, {"k":{"dataUnitId":1, "partitionIndex":58}, "v":2}, {"k":{"dataUnitId":5, "partitionIndex":12}, "v":0}, {"k":{"dataUnitId":9, "partitionIndex":19}, "v":3}, {"k":{"dataUnitId":5, "partitionIndex":38}, "v":2}, {"k":{"dataUnitId":9, "partitionIndex":54}, "v":2}, {"k":{"dataUnitId":9, "partitionIndex":44}, "v":0}, {"k":{"dataUnitId":5, "partitionIndex":18}, "v":2}, {"k":{"dataUnitId":5, "partitionIndex":48}, "v":0}, {"k":{"dataUnitId":5, "partitionIndex":21}, "v":1}, {"k":{"dataUnitId":5, "partitionIndex":7}, "v":3}, {"k":{"dataUnitId":5, "partitionIndex":14}, "v":2}, {"k":{"dataUnitId":5, "partitionIndex":23}, "v":3}, {"k":{"dataUnitId":5, "partitionIndex":51}, "v":3}, {"k":{"dataUnitId":1, "partitionIndex":10}, "v":2}, {"k":{"dataUnitId":5, "partitionIndex":25}, "v":1}, {"k":{"dataUnitId":5, "partitionIndex":26}, "v":2}, {"k":{"dataUnitId":5, "partitionIndex":46}, "v":2}, {"k":{"dataUnitId":5, "partitionIndex":28}, "v":0}, {"k":{"dataUnitId":5, "partitionIndex":30}, "v":2}, {"k":{"dataUnitId":5, "partitionIndex":47}, "v":3}, {"k":{"dataUnitId":9, "partitionIndex":20}, "v":0}, {"k":{"dataUnitId":5, "partitionIndex":31}, "v":3}, {"k":{"dataUnitId":5, "partitionIndex":35}, "v":3}, {"k":{"dataUnitId":1, "partitionIndex":34}, "v":2}, {"k":{"dataUnitId":5, "partitionIndex":37}, "v":1}, {"k":{"dataUnitId":5, "partitionIndex":0}, "v":0}, {"k":{"dataUnitId":5, "partitionIndex":39}, "v":3}, {"k":{"dataUnitId":5, "partitionIndex":27}, "v":3}, {"k":{"dataUnitId":5, "partitionIndex":17}, "v":1}, {"k":{"dataUnitId":5, "partitionIndex":40}, "v":0}, {"k":{"dataUnitId":5, "partitionIndex":42}, "v":2}, {"k":{"dataUnitId":5, "partitionIndex":44}, "v":0}, {"k":{"dataUnitId":5, "partitionIndex":45}, "v":1}, {"k":{"dataUnitId":1, "partitionIndex":31}, "v":3}, {"k":{"dataUnitId":5, "partitionIndex":10}, "v":2}, {"k":{"dataUnitId":5, "partitionIndex":50}, "v":2}, {"k":{"dataUnitId":9, "partitionIndex":49}, "v":1}, {"k":{"dataUnitId":5, "partitionIndex":52}, "v":0}, {"k":{"dataUnitId":1, "partitionIndex":27}, "v":3}, {"k":{"dataUnitId":5, "partitionIndex":54}, "v":2}, {"k":{"dataUnitId":5, "partitionIndex":55}, "v":3}, {"k":{"dataUnitId":9, "partitionIndex":33}, "v":1}, {"k":{"dataUnitId":5, "partitionIndex":56}, "v":0}, {"k":{"dataUnitId":5, "partitionIndex":59}, "v":3}, {"k":{"dataUnitId":5, "partitionIndex":60}, "v":0}], "cachingNodes":[{"k":{"dataUnitId":9, "partitionIndex":63}, "v":[4]}, {"k":{"dataUnitId":9, "partitionIndex":61}, "v":[4]}, {"k":{"dataUnitId":9, "partitionIndex":57}, "v":[4]}, {"k":{"dataUnitId":9, "partitionIndex":48}, "v":[4]}, {"k":{"dataUnitId":9, "partitionIndex":47}, "v":[4]}, {"k":{"dataUnitId":9, "partitionIndex":46}, "v":[4]}, {"k":{"dataUnitId":9, "partitionIndex":43}, "v":[4]}, {"k":{"dataUnitId":9, "partitionIndex":40}, "v":[4]}, {"k":{"dataUnitId":9, "partitionIndex":39}, "v":[4]}, {"k":{"dataUnitId":9, "partitionIndex":38}, "v":[4]}, {"k":{"dataUnitId":9, "partitionIndex":30}, "v":[4]}, {"k":{"dataUnitId":9, "partitionIndex":28}, "v":[4]}, {"k":{"dataUnitId":9, "partitionIndex":45}, "v":[4]}, {"k":{"dataUnitId":9, "partitionIndex":26}, "v":[4]}, {"k":{"dataUnitId":9, "partitionIndex":25}, "v":[4]}, {"k":{"dataUnitId":9, "partitionIndex":24}, "v":[4]}, {"k":{"dataUnitId":9, "partitionIndex":50}, "v":[4]}, {"k":{"dataUnitId":9, "partitionIndex":23}, "v":[4]}, {"k":{"dataUnitId":9, "partitionIndex":22}, "v":[4]}, {"k":{"dataUnitId":9, "partitionIndex":21}, "v":[4]}, {"k":{"dataUnitId":9, "partitionIndex":18}, "v":[4]}, {"k":{"dataUnitId":9, "partitionIndex":17}, "v":[4]}, {"k":{"dataUnitId":9, "partitionIndex":16}, "v":[4]}, {"k":{"dataUnitId":9, "partitionIndex":15}, "v":[4]}, {"k":{"dataUnitId":9, "partitionIndex":13}, "v":[4]}, {"k":{"dataUnitId":9, "partitionIndex":9}, "v":[4]}, {"k":{"dataUnitId":9, "partitionIndex":7}, "v":[4]}, {"k":{"dataUnitId":9, "partitionIndex":6}, "v":[4]}, {"k":{"dataUnitId":9, "partitionIndex":5}, "v":[4]}, {"k":{"dataUnitId":9, "partitionIndex":3}, "v":[4]}, {"k":{"dataUnitId":9, "partitionIndex":2}, "v":[4]}, {"k":{"dataUnitId":9, "partitionIndex":1}, "v":[4]}, {"k":{"dataUnitId":9, "partitionIndex":0}, "v":[4]}, {"k":{"dataUnitId":1, "partitionIndex":57}, "v":[4]}, {"k":{"dataUnitId":1, "partitionIndex":6}, "v":[4]}, {"k":{"dataUnitId":1, "partitionIndex":52}, "v":[4]}, {"k":{"dataUnitId":1, "partitionIndex":47}, "v":[4]}, {"k":{"dataUnitId":1, "partitionIndex":41}, "v":[4]}, {"k":{"dataUnitId":9, "partitionIndex":31}, "v":[4]}, {"k":{"dataUnitId":5, "partitionIndex":49}, "v":[4]}, {"k":{"dataUnitId":5, "partitionIndex":8}, "v":[4]}, {"k":{"dataUnitId":5, "partitionIndex":13}, "v":[4]}, {"k":{"dataUnitId":5, "partitionIndex":43}, "v":[4]}, {"k":{"dataUnitId":1, "partitionIndex":43}, "v":[4]}, {"k":{"dataUnitId":9, "partitionIndex":34}, "v":[4]}, {"k":{"dataUnitId":1, "partitionIndex":0}, "v":[4]}, {"k":{"dataUnitId":5, "partitionIndex":36}, "v":[4]}, {"k":{"dataUnitId":1, "partitionIndex":45}, "v":[4]}, {"k":{"dataUnitId":1, "partitionIndex":23}, "v":[4]}, {"k":{"dataUnitId":9, "partitionIndex":51}, "v":[4]}, {"k":{"dataUnitId":1, "partitionIndex":40}, "v":[4]}, {"k":{"dataUnitId":1, "partitionIndex":56}, "v":[4]}, {"k":{"dataUnitId":9, "partitionIndex":58}, "v":[4]}, {"k":{"dataUnitId":1, "partitionIndex":49}, "v":[4]}, {"k":{"dataUnitId":1, "partitionIndex":18}, "v":[4]}, {"k":{"dataUnitId":1, "partitionIndex":54}, "v":[4]}, {"k":{"dataUnitId":5, "partitionIndex":16}, "v":[4]}, {"k":{"dataUnitId":1, "partitionIndex":36}, "v":[4]}, {"k":{"dataUnitId":9, "partitionIndex":56}, "v":[4]}, {"k":{"dataUnitId":9, "partitionIndex":11}, "v":[4]}, {"k":{"dataUnitId":5, "partitionIndex":5}, "v":[4]}, {"k":{"dataUnitId":9, "partitionIndex":35}, "v":[4]}, {"k":{"dataUnitId":1, "partitionIndex":44}, "v":[4]}, {"k":{"dataUnitId":5, "partitionIndex":58}, "v":[4]}, {"k":{"dataUnitId":1, "partitionIndex":35}, "v":[4]}, {"k":{"dataUnitId":1, "partitionIndex":32}, "v":[4]}, {"k":{"dataUnitId":1, "partitionIndex":28}, "v":[4]}, {"k":{"dataUnitId":1, "partitionIndex":9}, "v":[4]}, {"k":{"dataUnitId":1, "partitionIndex":30}, "v":[4]}, {"k":{"dataUnitId":1, "partitionIndex":61}, "v":[4]}, {"k":{"dataUnitId":1, "partitionIndex":3}, "v":[4]}, {"k":{"dataUnitId":5, "partitionIndex":15}, "v":[4]}, {"k":{"dataUnitId":9, "partitionIndex":29}, "v":[4]}, {"k":{"dataUnitId":1, "partitionIndex":8}, "v":[4]}, {"k":{"dataUnitId":9, "partitionIndex":10}, "v":[4]}, {"k":{"dataUnitId":1, "partitionIndex":51}, "v":[4]}, {"k":{"dataUnitId":1, "partitionIndex":42}, "v":[4]}, {"k":{"dataUnitId":1, "partitionIndex":55}, "v":[4]}, {"k":{"dataUnitId":1, "partitionIndex":59}, "v":[4]}, {"k":{"dataUnitId":1, "partitionIndex":53}, "v":[4]}, {"k":{"dataUnitId":1, "partitionIndex":38}, "v":[4]}, {"k":{"dataUnitId":9, "partitionIndex":55}, "v":[4]}, {"k":{"dataUnitId":1, "partitionIndex":25}, "v":[4]}, {"k":{"dataUnitId":9, "partitionIndex":37}, "v":[4]}, {"k":{"dataUnitId":1, "partitionIndex":5}, "v":[4]}, {"k":{"dataUnitId":1, "partitionIndex":48}, "v":[4]}, {"k":{"dataUnitId":9, "partitionIndex":4}, "v":[4]}, {"k":{"dataUnitId":1, "partitionIndex":7}, "v":[4]}, {"k":{"dataUnitId":1, "partitionIndex":4}, "v":[4]}, {"k":{"dataUnitId":9, "partitionIndex":59}, "v":[4]}, {"k":{"dataUnitId":9, "partitionIndex":27}, "v":[4]}, {"k":{"dataUnitId":5, "partitionIndex":41}, "v":[4]}, {"k":{"dataUnitId":1, "partitionIndex":15}, "v":[4]}, {"k":{"dataUnitId":9, "partitionIndex":42}, "v":[4]}, {"k":{"dataUnitId":9, "partitionIndex":14}, "v":[4]}, {"k":{"dataUnitId":1, "partitionIndex":2}, "v":[4]}, {"k":{"dataUnitId":9, "partitionIndex":32}, "v":[4]}, {"k":{"dataUnitId":1, "partitionIndex":62}, "v":[4]}, {"k":{"dataUnitId":1, "partitionIndex":37}, "v":[4]}, {"k":{"dataUnitId":1, "partitionIndex":33}, "v":[4]}, {"k":{"dataUnitId":1, "partitionIndex":12}, "v":[4]}, {"k":{"dataUnitId":9, "partitionIndex":53}, "v":[4]}, {"k":{"dataUnitId":1, "partitionIndex":11}, "v":[4]}, {"k":{"dataUnitId":9, "partitionIndex":36}, "v":[4]}, {"k":{"dataUnitId":5, "partitionIndex":33}, "v":[4]}, {"k":{"dataUnitId":1, "partitionIndex":1}, "v":[4]}, {"k":{"dataUnitId":9, "partitionIndex":41}, "v":[4]}, {"k":{"dataUnitId":1, "partitionIndex":29}, "v":[4]}, {"k":{"dataUnitId":9, "partitionIndex":60}, "v":[4]}, {"k":{"dataUnitId":5, "partitionIndex":22}, "v":[4]}, {"k":{"dataUnitId":5, "partitionIndex":24}, "v":[4]}, {"k":{"dataUnitId":1, "partitionIndex":22}, "v":[4]}, {"k":{"dataUnitId":5, "partitionIndex":32}, "v":[4]}, {"k":{"dataUnitId":1, "partitionIndex":21}, "v":[4]}, {"k":{"dataUnitId":5, "partitionIndex":62}, "v":[4]}, {"k":{"dataUnitId":1, "partitionIndex":13}, "v":[4]}, {"k":{"dataUnitId":1, "partitionIndex":14}, "v":[4]}, {"k":{"dataUnitId":5, "partitionIndex":19}, "v":[4]}, {"k":{"dataUnitId":5, "partitionIndex":2}, "v":[4]}, {"k":{"dataUnitId":1, "partitionIndex":46}, "v":[4]}, {"k":{"dataUnitId":1, "partitionIndex":16}, "v":[4]}, {"k":{"dataUnitId":9, "partitionIndex":12}, "v":[4]}, {"k":{"dataUnitId":1, "partitionIndex":26}, "v":[4]}, {"k":{"dataUnitId":5, "partitionIndex":1}, "v":[4]}, {"k":{"dataUnitId":1, "partitionIndex":17}, "v":[4]}, {"k":{"dataUnitId":1, "partitionIndex":20}, "v":[4]}, {"k":{"dataUnitId":1, "partitionIndex":39}, "v":[4]}, {"k":{"dataUnitId":5, "partitionIndex":57}, "v":[4]}, {"k":{"dataUnitId":1, "partitionIndex":19}, "v":[4]}, {"k":{"dataUnitId":1, "partitionIndex":60}, "v":[4]}, {"k":{"dataUnitId":1, "partitionIndex":63}, "v":[4]}, {"k":{"dataUnitId":5, "partitionIndex":63}, "v":[4]}, {"k":{"dataUnitId":5, "partitionIndex":61}, "v":[4]}, {"k":{"dataUnitId":5, "partitionIndex":3}, "v":[4]}, {"k":{"dataUnitId":9, "partitionIndex":62}, "v":[4]}, {"k":{"dataUnitId":5, "partitionIndex":4}, "v":[4]}, {"k":{"dataUnitId":5, "partitionIndex":6}, "v":[4]}, {"k":{"dataUnitId":5, "partitionIndex":53}, "v":[4]}, {"k":{"dataUnitId":1, "partitionIndex":24}, "v":[4]}, {"k":{"dataUnitId":5, "partitionIndex":9}, "v":[4]}, {"k":{"dataUnitId":1, "partitionIndex":50}, "v":[4]}, {"k":{"dataUnitId":5, "partitionIndex":20}, "v":[4]}, {"k":{"dataUnitId":9, "partitionIndex":52}, "v":[4]}, {"k":{"dataUnitId":5, "partitionIndex":34}, "v":[4]}, {"k":{"dataUnitId":9, "partitionIndex":8}, "v":[4]}, {"k":{"dataUnitId":5, "partitionIndex":11}, "v":[4]}, {"k":{"dataUnitId":5, "partitionIndex":29}, "v":[4]}, {"k":{"dataUnitId":1, "partitionIndex":58}, "v":[4]}, {"k":{"dataUnitId":5, "partitionIndex":12}, "v":[4]}, {"k":{"dataUnitId":9, "partitionIndex":19}, "v":[4]}, {"k":{"dataUnitId":5, "partitionIndex":38}, "v":[4]}, {"k":{"dataUnitId":9, "partitionIndex":54}, "v":[4]}, {"k":{"dataUnitId":9, "partitionIndex":44}, "v":[4]}, {"k":{"dataUnitId":5, "partitionIndex":18}, "v":[4]}, {"k":{"dataUnitId":5, "partitionIndex":48}, "v":[4]}, {"k":{"dataUnitId":5, "partitionIndex":21}, "v":[4]}, {"k":{"dataUnitId":5, "partitionIndex":7}, "v":[4]}, {"k":{"dataUnitId":5, "partitionIndex":14}, "v":[4]}, {"k":{"dataUnitId":5, "partitionIndex":23}, "v":[4]}, {"k":{"dataUnitId":5, "partitionIndex":51}, "v":[4]}, {"k":{"dataUnitId":1, "partitionIndex":10}, "v":[4]}, {"k":{"dataUnitId":5, "partitionIndex":25}, "v":[4]}, {"k":{"dataUnitId":5, "partitionIndex":26}, "v":[4]}, {"k":{"dataUnitId":5, "partitionIndex":46}, "v":[4]}, {"k":{"dataUnitId":5, "partitionIndex":28}, "v":[4]}, {"k":{"dataUnitId":5, "partitionIndex":30}, "v":[4]}, {"k":{"dataUnitId":5, "partitionIndex":47}, "v":[4]}, {"k":{"dataUnitId":9, "partitionIndex":20}, "v":[4]}, {"k":{"dataUnitId":5, "partitionIndex":31}, "v":[4]}, {"k":{"dataUnitId":5, "partitionIndex":35}, "v":[4]}, {"k":{"dataUnitId":1, "partitionIndex":34}, "v":[4]}, {"k":{"dataUnitId":5, "partitionIndex":37}, "v":[4]}, {"k":{"dataUnitId":5, "partitionIndex":0}, "v":[4]}, {"k":{"dataUnitId":5, "partitionIndex":39}, "v":[4]}, {"k":{"dataUnitId":5, "partitionIndex":27}, "v":[4]}, {"k":{"dataUnitId":5, "partitionIndex":17}, "v":[4]}, {"k":{"dataUnitId":5, "partitionIndex":40}, "v":[4]}, {"k":{"dataUnitId":5, "partitionIndex":42}, "v":[4]}, {"k":{"dataUnitId":5, "partitionIndex":44}, "v":[4]}, {"k":{"dataUnitId":5, "partitionIndex":45}, "v":[4]}, {"k":{"dataUnitId":1, "partitionIndex":31}, "v":[4]}, {"k":{"dataUnitId":5, "partitionIndex":10}, "v":[4]}, {"k":{"dataUnitId":5, "partitionIndex":50}, "v":[4]}, {"k":{"dataUnitId":9, "partitionIndex":49}, "v":[4]}, {"k":{"dataUnitId":5, "partitionIndex":52}, "v":[4]}, {"k":{"dataUnitId":1, "partitionIndex":27}, "v":[4]}, {"k":{"dataUnitId":5, "partitionIndex":54}, "v":[4]}, {"k":{"dataUnitId":5, "partitionIndex":55}, "v":[4]}, {"k":{"dataUnitId":9, "partitionIndex":33}, "v":[4]}, {"k":{"dataUnitId":5, "partitionIndex":56}, "v":[4]}, {"k":{"dataUnitId":5, "partitionIndex":59}, "v":[4]}, {"k":{"dataUnitId":5, "partitionIndex":60}, "v":[4]}], "nNodes":5}, "name":"c5n18xlargex4_rrall_64_q17", "resultNode":0, "nParallelTasks":10000}