{"cluster":{"nodes":[{"nCores":72, "memorySize":192, "networkSpeed":100, "networkLatency":0.00025}, {"nCores":72, "memorySize":192, "networkSpeed":100, "networkLatency":0.00025}, {"nCores":72, "memorySize":192, "networkSpeed":100, "networkLatency":0.00025}, {"nCores":72, "memorySize":192, "networkSpeed":100, "networkLatency":0.00025}, {"nCores":0, "memorySize":1e+06, "networkSpeed":1e+06, "networkLatency":0.1}], "storageService":true}, "plan":{"dataUnits":[{"name":"intermediate_0", "id":0, "estimatedCard":1, "isIntermediate":true, "attributes":[{"name":"n_nationkey", "dataUnitId":0, "attributeIndex":0, "size":4}, {"name":"n_name", "dataUnitId":0, "attributeIndex":1, "size":1}, {"name":"n_regionkey", "dataUnitId":0, "attributeIndex":2, "size":4}, {"name":"r_regionkey", "dataUnitId":0, "attributeIndex":3, "size":4}], "partitionLayout":{"type":"broadcast", "nPartitions":1, "attributes":[]}}, {"name":"region", "id":1, "estimatedCard":5, "isIntermediate":false, "attributes":[{"name":"r_regionkey", "dataUnitId":1, "attributeIndex":0, "size":4}, {"name":"r_name", "dataUnitId":1, "attributeIndex":1, "size":1}, {"name":"r_comment", "dataUnitId":1, "attributeIndex":2, "size":10}], "partitionLayout":{"type":"broadcast", "nPartitions":1, "attributes":[]}}, {"name":"intermediate_1", "id":2, "estimatedCard":5, "isIntermediate":true, "attributes":[{"name":"c_custkey", "dataUnitId":2, "attributeIndex":0, "size":4}, {"name":"c_nationkey", "dataUnitId":2, "attributeIndex":1, "size":4}, {"name":"n_nationkey", "dataUnitId":2, "attributeIndex":2, "size":4}, {"name":"n_name", "dataUnitId":2, "attributeIndex":3, "size":1}, {"name":"n_regionkey", "dataUnitId":2, "attributeIndex":4, "size":4}, {"name":"r_regionkey", "dataUnitId":2, "attributeIndex":5, "size":4}], "partitionLayout":{"type":"broadcast", "nPartitions":1, "attributes":[]}}, {"name":"nation", "id":3, "estimatedCard":25, "isIntermediate":false, "attributes":[{"name":"n_nationkey", "dataUnitId":3, "attributeIndex":0, "size":4}, {"name":"n_name", "dataUnitId":3, "attributeIndex":1, "size":1}, {"name":"n_regionkey", "dataUnitId":3, "attributeIndex":2, "size":4}, {"name":"n_comment", "dataUnitId":3, "attributeIndex":3, "size":10}], "partitionLayout":{"type":"broadcast", "nPartitions":1, "attributes":[]}}, {"name":"intermediate_2", "id":4, "estimatedCard":29728.3113177596824, "isIntermediate":true, "attributes":[{"name":"c_custkey", "dataUnitId":4, "attributeIndex":0, "size":4}, {"name":"c_nationkey", "dataUnitId":4, "attributeIndex":1, "size":4}, {"name":"n_nationkey", "dataUnitId":4, "attributeIndex":2, "size":4}, {"name":"n_name", "dataUnitId":4, "attributeIndex":3, "size":1}, {"name":"n_regionkey", "dataUnitId":4, "attributeIndex":4, "size":4}, {"name":"r_regionkey", "dataUnitId":4, "attributeIndex":5, "size":4}], "partitionLayout":{"type":"hashpartitioned", "nPartitions":64, "attributes":[{"name":"c_custkey", "dataUnitId":4, "attributeIndex":0, "size":4}]}}, {"name":"customer", "id":5, "estimatedCard":150000, "isIntermediate":false, "attributes":[{"name":"c_custkey", "dataUnitId":5, "attributeIndex":0, "size":4}, {"name":"c_name", "dataUnitId":5, "attributeIndex":1, "size":10}, {"name":"c_address", "dataUnitId":5, "attributeIndex":2, "size":10}, {"name":"c_nationkey", "dataUnitId":5, "attributeIndex":3, "size":4}, {"name":"c_phone", "dataUnitId":5, "attributeIndex":4, "size":1}, {"name":"c_acctbal", "dataUnitId":5, "attributeIndex":5, "size":8}, {"name":"c_mktsegment", "dataUnitId":5, "attributeIndex":6, "size":1}, {"name":"c_comment", "dataUnitId":5, "attributeIndex":7, "size":10}], "partitionLayout":{"type":"hashpartitioned", "nPartitions":64, "attributes":[{"name":"c_custkey", "dataUnitId":5, "attributeIndex":0, "size":4}]}}, {"name":"intermediate_3", "id":6, "estimatedCard":29728.3113177596824, "isIntermediate":true, "attributes":[{"name":"c_custkey", "dataUnitId":6, "attributeIndex":0, "size":4}, {"name":"c_nationkey", "dataUnitId":6, "attributeIndex":1, "size":4}, {"name":"o_orderkey", "dataUnitId":6, "attributeIndex":2, "size":4}, {"name":"o_custkey", "dataUnitId":6, "attributeIndex":3, "size":4}, {"name":"n_nationkey", "dataUnitId":6, "attributeIndex":4, "size":4}, {"name":"n_name", "dataUnitId":6, "attributeIndex":5, "size":1}, {"name":"n_regionkey", "dataUnitId":6, "attributeIndex":6, "size":4}, {"name":"r_regionkey", "dataUnitId":6, "attributeIndex":7, "size":4}], "partitionLayout":{"type":"broadcast", "nPartitions":1, "attributes":[]}}, {"name":"intermediate_2_shuffled", "id":7, "estimatedCard":29728.3113177596824, "isIntermediate":true, "attributes":[{"name":"c_custkey", "dataUnitId":4, "attributeIndex":0, "size":4}, {"name":"c_nationkey", "dataUnitId":4, "attributeIndex":1, "size":4}, {"name":"n_nationkey", "dataUnitId":4, "attributeIndex":2, "size":4}, {"name":"n_name", "dataUnitId":4, "attributeIndex":3, "size":1}, {"name":"n_regionkey", "dataUnitId":4, "attributeIndex":4, "size":4}, {"name":"r_regionkey", "dataUnitId":4, "attributeIndex":5, "size":4}], "partitionLayout":{"type":"broadcast", "nPartitions":1, "attributes":[]}}, {"name":"intermediate_4", "id":8, "estimatedCard":46450.4864339995038, "isIntermediate":true, "attributes":[{"name":"c_custkey", "dataUnitId":8, "attributeIndex":0, "size":4}, {"name":"c_nationkey", "dataUnitId":8, "attributeIndex":1, "size":4}, {"name":"o_orderkey", "dataUnitId":8, "attributeIndex":2, "size":4}, {"name":"o_custkey", "dataUnitId":8, "attributeIndex":3, "size":4}, {"name":"n_nationkey", "dataUnitId":8, "attributeIndex":4, "size":4}, {"name":"n_name", "dataUnitId":8, "attributeIndex":5, "size":1}, {"name":"n_regionkey", "dataUnitId":8, "attributeIndex":6, "size":4}, {"name":"r_regionkey", "dataUnitId":8, "attributeIndex":7, "size":4}], "partitionLayout":{"type":"hashpartitioned", "nPartitions":64, "attributes":[{"name":"o_orderkey", "dataUnitId":8, "attributeIndex":2, "size":4}]}}, {"name":"orders", "id":9, "estimatedCard":1.5e+06, "isIntermediate":false, "attributes":[{"name":"o_orderkey", "dataUnitId":9, "attributeIndex":0, "size":4}, {"name":"o_custkey", "dataUnitId":9, "attributeIndex":1, "size":4}, {"name":"o_orderstatus", "dataUnitId":9, "attributeIndex":2, "size":1}, {"name":"o_totalprice", "dataUnitId":9, "attributeIndex":3, "size":8}, {"name":"o_orderdate", "dataUnitId":9, "attributeIndex":4, "size":32}, {"name":"o_orderpriority", "dataUnitId":9, "attributeIndex":5, "size":1}, {"name":"o_clerk", "dataUnitId":9, "attributeIndex":6, "size":1}, {"name":"o_shippriority", "dataUnitId":9, "attributeIndex":7, "size":4}, {"name":"o_comment", "dataUnitId":9, "attributeIndex":8, "size":10}], "partitionLayout":{"type":"hashpartitioned", "nPartitions":64, "attributes":[{"name":"o_orderkey", "dataUnitId":9, "attributeIndex":0, "size":4}]}}, {"name":"intermediate_5", "id":10, "estimatedCard":46450.4864339995038, "isIntermediate":true, "attributes":[{"name":"c_custkey", "dataUnitId":10, "attributeIndex":0, "size":4}, {"name":"c_nationkey", "dataUnitId":10, "attributeIndex":1, "size":4}, {"name":"o_orderkey", "dataUnitId":10, "attributeIndex":2, "size":4}, {"name":"o_custkey", "dataUnitId":10, "attributeIndex":3, "size":4}, {"name":"l_orderkey", "dataUnitId":10, "attributeIndex":4, "size":4}, {"name":"l_suppkey", "dataUnitId":10, "attributeIndex":5, "size":4}, {"name":"l_extendedprice", "dataUnitId":10, "attributeIndex":6, "size":8}, {"name":"l_discount", "dataUnitId":10, "attributeIndex":7, "size":8}, {"name":"n_nationkey", "dataUnitId":10, "attributeIndex":8, "size":4}, {"name":"n_name", "dataUnitId":10, "attributeIndex":9, "size":1}, {"name":"n_regionkey", "dataUnitId":10, "attributeIndex":10, "size":4}, {"name":"r_regionkey", "dataUnitId":10, "attributeIndex":11, "size":4}], "partitionLayout":{"type":"broadcast", "nPartitions":1, "attributes":[]}}, {"name":"intermediate_4_shuffled", "id":11, "estimatedCard":46450.4864339995038, "isIntermediate":true, "attributes":[{"name":"c_custkey", "dataUnitId":8, "attributeIndex":0, "size":4}, {"name":"c_nationkey", "dataUnitId":8, "attributeIndex":1, "size":4}, {"name":"o_orderkey", "dataUnitId":8, "attributeIndex":2, "size":4}, {"name":"o_custkey", "dataUnitId":8, "attributeIndex":3, "size":4}, {"name":"n_nationkey", "dataUnitId":8, "attributeIndex":4, "size":4}, {"name":"n_name", "dataUnitId":8, "attributeIndex":5, "size":1}, {"name":"n_regionkey", "dataUnitId":8, "attributeIndex":6, "size":4}, {"name":"r_regionkey", "dataUnitId":8, "attributeIndex":7, "size":4}], "partitionLayout":{"type":"broadcast", "nPartitions":1, "attributes":[]}}, {"name":"intermediate_6", "id":12, "estimatedCard":10000, "isIntermediate":true, "attributes":[{"name":"s_suppkey", "dataUnitId":12, "attributeIndex":0, "size":4}, {"name":"s_nationkey", "dataUnitId":12, "attributeIndex":1, "size":4}], "partitionLayout":{"type":"hashpartitioned", "nPartitions":64, "attributes":[{"name":"s_suppkey", "dataUnitId":12, "attributeIndex":0, "size":4}]}}, {"name":"supplier", "id":13, "estimatedCard":10000, "isIntermediate":false, "attributes":[{"name":"s_suppkey", "dataUnitId":13, "attributeIndex":0, "size":4}, {"name":"s_name", "dataUnitId":13, "attributeIndex":1, "size":1}, {"name":"s_address", "dataUnitId":13, "attributeIndex":2, "size":10}, {"name":"s_nationkey", "dataUnitId":13, "attributeIndex":3, "size":4}, {"name":"s_phone", "dataUnitId":13, "attributeIndex":4, "size":1}, {"name":"s_acctbal", "dataUnitId":13, "attributeIndex":5, "size":8}, {"name":"s_comment", "dataUnitId":13, "attributeIndex":6, "size":10}], "partitionLayout":{"type":"hashpartitioned", "nPartitions":64, "attributes":[{"name":"s_suppkey", "dataUnitId":13, "attributeIndex":0, "size":4}]}}, {"name":"intermediate_7", "id":14, "estimatedCard":10000, "isIntermediate":true, "attributes":[{"name":"c_custkey", "dataUnitId":14, "attributeIndex":0, "size":4}, {"name":"c_nationkey", "dataUnitId":14, "attributeIndex":1, "size":4}, {"name":"o_orderkey", "dataUnitId":14, "attributeIndex":2, "size":4}, {"name":"o_custkey", "dataUnitId":14, "attributeIndex":3, "size":4}, {"name":"l_orderkey", "dataUnitId":14, "attributeIndex":4, "size":4}, {"name":"l_suppkey", "dataUnitId":14, "attributeIndex":5, "size":4}, {"name":"l_extendedprice", "dataUnitId":14, "attributeIndex":6, "size":8}, {"name":"l_discount", "dataUnitId":14, "attributeIndex":7, "size":8}, {"name":"s_suppkey", "dataUnitId":14, "attributeIndex":8, "size":4}, {"name":"s_nationkey", "dataUnitId":14, "attributeIndex":9, "size":4}, {"name":"n_nationkey", "dataUnitId":14, "attributeIndex":10, "size":4}, {"name":"n_name", "dataUnitId":14, "attributeIndex":11, "size":1}, {"name":"n_regionkey", "dataUnitId":14, "attributeIndex":12, "size":4}, {"name":"r_regionkey", "dataUnitId":14, "attributeIndex":13, "size":4}], "partitionLayout":{"type":"broadcast", "nPartitions":1, "attributes":[]}}, {"name":"intermediate_6_shuffled", "id":15, "estimatedCard":10000, "isIntermediate":true, "attributes":[{"name":"s_suppkey", "dataUnitId":12, "attributeIndex":0, "size":4}, {"name":"s_nationkey", "dataUnitId":12, "attributeIndex":1, "size":4}], "partitionLayout":{"type":"broadcast", "nPartitions":1, "attributes":[]}}, {"name":"intermediate_8", "id":16, "estimatedCard":5, "isIntermediate":true, "attributes":[{"name":"n_name", "dataUnitId":16, "attributeIndex":0, "size":1}, {"name":"sum()", "dataUnitId":16, "attributeIndex":1, "size":16}], "partitionLayout":{"type":"hashpartitioned", "nPartitions":64, "attributes":[{"name":"l_orderkey", "dataUnitId":17, "attributeIndex":0, "size":4}]}}, {"name":"lineitem", "id":17, "estimatedCard":6001215, "isIntermediate":false, "attributes":[{"name":"l_orderkey", "dataUnitId":17, "attributeIndex":0, "size":4}, {"name":"l_partkey", "dataUnitId":17, "attributeIndex":1, "size":4}, {"name":"l_suppkey", "dataUnitId":17, "attributeIndex":2, "size":4}, {"name":"l_linenumber", "dataUnitId":17, "attributeIndex":3, "size":4}, {"name":"l_quantity", "dataUnitId":17, "attributeIndex":4, "size":8}, {"name":"l_extendedprice", "dataUnitId":17, "attributeIndex":5, "size":8}, {"name":"l_discount", "dataUnitId":17, "attributeIndex":6, "size":8}, {"name":"l_tax", "dataUnitId":17, "attributeIndex":7, "size":8}, {"name":"l_returnflag", "dataUnitId":17, "attributeIndex":8, "size":1}, {"name":"l_linestatus", "dataUnitId":17, "attributeIndex":9, "size":1}, {"name":"l_shipdate", "dataUnitId":17, "attributeIndex":10, "size":32}, {"name":"l_commitdate", "dataUnitId":17, "attributeIndex":11, "size":32}, {"name":"l_receiptdate", "dataUnitId":17, "attributeIndex":12, "size":32}, {"name":"l_shipinstruct", "dataUnitId":17, "attributeIndex":13, "size":1}, {"name":"l_shipmode", "dataUnitId":17, "attributeIndex":14, "size":1}, {"name":"l_comment", "dataUnitId":17, "attributeIndex":15, "size":10}], "partitionLayout":{"type":"hashpartitioned", "nPartitions":64, "attributes":[{"name":"l_orderkey", "dataUnitId":17, "attributeIndex":0, "size":4}]}}, {"name":"intermediate_9", "id":18, "estimatedCard":5, "isIntermediate":true, "attributes":[{"name":"n_name", "dataUnitId":18, "attributeIndex":0, "size":1}, {"name":"sum()", "dataUnitId":18, "attributeIndex":1, "size":16}], "partitionLayout":{"type":"singlenode", "nPartitions":1, "attributes":[]}}, {"name":"intermediate_8_shuffled", "id":19, "estimatedCard":5, "isIntermediate":true, "attributes":[{"name":"n_name", "dataUnitId":16, "attributeIndex":0, "size":1}, {"name":"sum()", "dataUnitId":16, "attributeIndex":1, "size":16}], "partitionLayout":{"type":"singlenode", "nPartitions":1, "attributes":[]}}, {"name":"intermediate_10", "id":20, "estimatedCard":5, "isIntermediate":true, "attributes":[{"name":"n_name", "dataUnitId":20, "attributeIndex":0, "size":1}, {"name":"sum()", "dataUnitId":20, "attributeIndex":1, "size":16}], "partitionLayout":{"type":"singlenode", "nPartitions":1, "attributes":[]}}], "pipelines":[{"id":0, "scan":1, "output":0, "estimatedLoad":6.8134813911788e-07, "requiredData":[]}, {"id":1, "scan":3, "output":2, "estimatedLoad":2.52620940960421612e-07, "requiredData":[0]}, {"id":2, "scan":5, "output":4, "estimatedLoad":6.1944736180239e-10, "requiredData":[2]}, {"id":3, "scan":7, "output":6, "estimatedLoad":1.13514361019980203e-08, "requiredData":[]}, {"id":4, "scan":9, "output":8, "estimatedLoad":5.66865414490212801e-10, "requiredData":[6]}, {"id":5, "scan":11, "output":10, "estimatedLoad":9.25769493325235914e-09, "requiredData":[]}, {"id":6, "scan":13, "output":12, "estimatedLoad":2.50623420927721193e-09, "requiredData":[]}, {"id":7, "scan":15, "output":14, "estimatedLoad":2.21763063561657848e-08, "requiredData":[]}, {"id":8, "scan":17, "output":16, "estimatedLoad":4.56439953792411466e-10, "requiredData":[10, 14]}, {"id":9, "scan":19, "output":18, "estimatedLoad":9.78437363608177208e-06, "requiredData":[]}, {"id":10, "scan":18, "output":20, "estimatedLoad":3.45729626408444952e-06, "requiredData":[]}], "shuffleStages":[{"from":16, "to":19}, {"from":12, "to":15}, {"from":8, "to":11}, {"from":4, "to":7}], "dependencyOrder":[0, 1, 2, 3, 4, 5, 6, 7, 8, 9, 10]}, "tasks":[{"k":10, "v":[{"pipelineId":10, "scannedPartition":{"dataUnitId":18, "partitionIndex":0}, "requiredPartitions":[], "outputPartition":{"dataUnitId":20, "partitionIndex":0}, "broadcast":false}]}, {"k":9, "v":[{"pipelineId":9, "scannedPartition":{"dataUnitId":19, "partitionIndex":0}, "requiredPartitions":[], "outputPartition":{"dataUnitId":18, "partitionIndex":0}, "broadcast":false}]}, {"k":8, "v":[{"pipelineId":8, "scannedPartition":{"dataUnitId":17, "partitionIndex":0}, "requiredPartitions":[{"dataUnitId":10, "partitionIndex":0}, {"dataUnitId":14, "partitionIndex":0}], "outputPartition":{"dataUnitId":16, "partitionIndex":0}, "broadcast":false}, {"pipelineId":8, "scannedPartition":{"dataUnitId":17, "partitionIndex":1}, "requiredPartitions":[{"dataUnitId":10, "partitionIndex":0}, {"dataUnitId":14, "partitionIndex":0}], "outputPartition":{"dataUnitId":16, "partitionIndex":1}, "broadcast":false}, {"pipelineId":8, "scannedPartition":{"dataUnitId":17, "partitionIndex":2}, "requiredPartitions":[{"dataUnitId":10, "partitionIndex":0}, {"dataUnitId":14, "partitionIndex":0}], "outputPartition":{"dataUnitId":16, "partitionIndex":2}, "broadcast":false}, {"pipelineId":8, "scannedPartition":{"dataUnitId":17, "partitionIndex":3}, "requiredPartitions":[{"dataUnitId":10, "partitionIndex":0}, {"dataUnitId":14, "partitionIndex":0}], "outputPartition":{"dataUnitId":16, "partitionIndex":3}, "broadcast":false}, {"pipelineId":8, "scannedPartition":{"dataUnitId":17, "partitionIndex":4}, "requiredPartitions":[{"dataUnitId":10, "partitionIndex":0}, {"dataUnitId":14, "partitionIndex":0}], "outputPartition":{"dataUnitId":16, "partitionIndex":4}, "broadcast":false}, {"pipelineId":8, "scannedPartition":{"dataUnitId":17, "partitionIndex":5}, "requiredPartitions":[{"dataUnitId":10, "partitionIndex":0}, {"dataUnitId":14, "partitionIndex":0}], "outputPartition":{"dataUnitId":16, "partitionIndex":5}, "broadcast":false}, {"pipelineId":8, "scannedPartition":{"dataUnitId":17, "partitionIndex":6}, "requiredPartitions":[{"dataUnitId":10, "partitionIndex":0}, {"dataUnitId":14, "partitionIndex":0}], "outputPartition":{"dataUnitId":16, "partitionIndex":6}, "broadcast":false}, {"pipelineId":8, "scannedPartition":{"dataUnitId":17, "partitionIndex":7}, "requiredPartitions":[{"dataUnitId":10, "partitionIndex":0}, {"dataUnitId":14, "partitionIndex":0}], "outputPartition":{"dataUnitId":16, "partitionIndex":7}, "broadcast":false}, {"pipelineId":8, "scannedPartition":{"dataUnitId":17, "partitionIndex":8}, "requiredPartitions":[{"dataUnitId":10, "partitionIndex":0}, {"dataUnitId":14, "partitionIndex":0}], "outputPartition":{"dataUnitId":16, "partitionIndex":8}, "broadcast":false}, {"pipelineId":8, "scannedPartition":{"dataUnitId":17, "partitionIndex":9}, "requiredPartitions":[{"dataUnitId":10, "partitionIndex":0}, {"dataUnitId":14, "partitionIndex":0}], "outputPartition":{"dataUnitId":16, "partitionIndex":9}, "broadcast":false}, {"pipelineId":8, "scannedPartition":{"dataUnitId":17, "partitionIndex":10}, "requiredPartitions":[{"dataUnitId":10, "partitionIndex":0}, {"dataUnitId":14, "partitionIndex":0}], "outputPartition":{"dataUnitId":16, "partitionIndex":10}, "broadcast":false}, {"pipelineId":8, "scannedPartition":{"dataUnitId":17, "partitionIndex":11}, "requiredPartitions":[{"dataUnitId":10, "partitionIndex":0}, {"dataUnitId":14, "partitionIndex":0}], "outputPartition":{"dataUnitId":16, "partitionIndex":11}, "broadcast":false}, {"pipelineId":8, "scannedPartition":{"dataUnitId":17, "partitionIndex":12}, "requiredPartitions":[{"dataUnitId":10, "partitionIndex":0}, {"dataUnitId":14, "partitionIndex":0}], "outputPartition":{"dataUnitId":16, "partitionIndex":12}, "broadcast":false}, {"pipelineId":8, "scannedPartition":{"dataUnitId":17, "partitionIndex":13}, "requiredPartitions":[{"dataUnitId":10, "partitionIndex":0}, {"dataUnitId":14, "partitionIndex":0}], "outputPartition":{"dataUnitId":16, "partitionIndex":13}, "broadcast":false}, {"pipelineId":8, "scannedPartition":{"dataUnitId":17, "partitionIndex":14}, "requiredPartitions":[{"dataUnitId":10, "partitionIndex":0}, {"dataUnitId":14, "partitionIndex":0}], "outputPartition":{"dataUnitId":16, "partitionIndex":14}, "broadcast":false}, {"pipelineId":8, "scannedPartition":{"dataUnitId":17, "partitionIndex":15}, "requiredPartitions":[{"dataUnitId":10, "partitionIndex":0}, {"dataUnitId":14, "partitionIndex":0}], "outputPartition":{"dataUnitId":16, "partitionIndex":15}, "broadcast":false}, {"pipelineId":8, "scannedPartition":{"dataUnitId":17, "partitionIndex":16}, "requiredPartitions":[{"dataUnitId":10, "partitionIndex":0}, {"dataUnitId":14, "partitionIndex":0}], "outputPartition":{"dataUnitId":16, "partitionIndex":16}, "broadcast":false}, {"pipelineId":8, "scannedPartition":{"dataUnitId":17, "partitionIndex":17}, "requiredPartitions":[{"dataUnitId":10, "partitionIndex":0}, {"dataUnitId":14, "partitionIndex":0}], "outputPartition":{"dataUnitId":16, "partitionIndex":17}, "broadcast":false}, {"pipelineId":8, "scannedPartition":{"dataUnitId":17, "partitionIndex":18}, "requiredPartitions":[{"dataUnitId":10, "partitionIndex":0}, {"dataUnitId":14, "partitionIndex":0}], "outputPartition":{"dataUnitId":16, "partitionIndex":18}, "broadcast":false}, {"pipelineId":8, "scannedPartition":{"dataUnitId":17, "partitionIndex":19}, "requiredPartitions":[{"dataUnitId":10, "partitionIndex":0}, {"dataUnitId":14, "partitionIndex":0}], "outputPartition":{"dataUnitId":16, "partitionIndex":19}, "broadcast":false}, {"pipelineId":8, "scannedPartition":{"dataUnitId":17, "partitionIndex":20}, "requiredPartitions":[{"dataUnitId":10, "partitionIndex":0}, {"dataUnitId":14, "partitionIndex":0}], "outputPartition":{"dataUnitId":16, "partitionIndex":20}, "broadcast":false}, {"pipelineId":8, "scannedPartition":{"dataUnitId":17, "partitionIndex":21}, "requiredPartitions":[{"dataUnitId":10, "partitionIndex":0}, {"dataUnitId":14, "partitionIndex":0}], "outputPartition":{"dataUnitId":16, "partitionIndex":21}, "broadcast":false}, {"pipelineId":8, "scannedPartition":{"dataUnitId":17, "partitionIndex":22}, "requiredPartitions":[{"dataUnitId":10, "partitionIndex":0}, {"dataUnitId":14, "partitionIndex":0}], "outputPartition":{"dataUnitId":16, "partitionIndex":22}, "broadcast":false}, {"pipelineId":8, "scannedPartition":{"dataUnitId":17, "partitionIndex":23}, "requiredPartitions":[{"dataUnitId":10, "partitionIndex":0}, {"dataUnitId":14, "partitionIndex":0}], "outputPartition":{"dataUnitId":16, "partitionIndex":23}, "broadcast":false}, {"pipelineId":8, "scannedPartition":{"dataUnitId":17, "partitionIndex":24}, "requiredPartitions":[{"dataUnitId":10, "partitionIndex":0}, {"dataUnitId":14, "partitionIndex":0}], "outputPartition":{"dataUnitId":16, "partitionIndex":24}, "broadcast":false}, {"pipelineId":8, "scannedPartition":{"dataUnitId":17, "partitionIndex":25}, "requiredPartitions":[{"dataUnitId":10, "partitionIndex":0}, {"dataUnitId":14, "partitionIndex":0}], "outputPartition":{"dataUnitId":16, "partitionIndex":25}, "broadcast":false}, {"pipelineId":8, "scannedPartition":{"dataUnitId":17, "partitionIndex":26}, "requiredPartitions":[{"dataUnitId":10, "partitionIndex":0}, {"dataUnitId":14, "partitionIndex":0}], "outputPartition":{"dataUnitId":16, "partitionIndex":26}, "broadcast":false}, {"pipelineId":8, "scannedPartition":{"dataUnitId":17, "partitionIndex":27}, "requiredPartitions":[{"dataUnitId":10, "partitionIndex":0}, {"dataUnitId":14, "partitionIndex":0}], "outputPartition":{"dataUnitId":16, "partitionIndex":27}, "broadcast":false}, {"pipelineId":8, "scannedPartition":{"dataUnitId":17, "partitionIndex":28}, "requiredPartitions":[{"dataUnitId":10, "partitionIndex":0}, {"dataUnitId":14, "partitionIndex":0}], "outputPartition":{"dataUnitId":16, "partitionIndex":28}, "broadcast":false}, {"pipelineId":8, "scannedPartition":{"dataUnitId":17, "partitionIndex":29}, "requiredPartitions":[{"dataUnitId":10, "partitionIndex":0}, {"dataUnitId":14, "partitionIndex":0}], "outputPartition":{"dataUnitId":16, "partitionIndex":29}, "broadcast":false}, {"pipelineId":8, "scannedPartition":{"dataUnitId":17, "partitionIndex":30}, "requiredPartitions":[{"dataUnitId":10, "partitionIndex":0}, {"dataUnitId":14, "partitionIndex":0}], "outputPartition":{"dataUnitId":16, "partitionIndex":30}, "broadcast":false}, {"pipelineId":8, "scannedPartition":{"dataUnitId":17, "partitionIndex":31}, "requiredPartitions":[{"dataUnitId":10, "partitionIndex":0}, {"dataUnitId":14, "partitionIndex":0}], "outputPartition":{"dataUnitId":16, "partitionIndex":31}, "broadcast":false}, {"pipelineId":8, "scannedPartition":{"dataUnitId":17, "partitionIndex":32}, "requiredPartitions":[{"dataUnitId":10, "partitionIndex":0}, {"dataUnitId":14, "partitionIndex":0}], "outputPartition":{"dataUnitId":16, "partitionIndex":32}, "broadcast":false}, {"pipelineId":8, "scannedPartition":{"dataUnitId":17, "partitionIndex":33}, "requiredPartitions":[{"dataUnitId":10, "partitionIndex":0}, {"dataUnitId":14, "partitionIndex":0}], "outputPartition":{"dataUnitId":16, "partitionIndex":33}, "broadcast":false}, {"pipelineId":8, "scannedPartition":{"dataUnitId":17, "partitionIndex":34}, "requiredPartitions":[{"dataUnitId":10, "partitionIndex":0}, {"dataUnitId":14, "partitionIndex":0}], "outputPartition":{"dataUnitId":16, "partitionIndex":34}, "broadcast":false}, {"pipelineId":8, "scannedPartition":{"dataUnitId":17, "partitionIndex":35}, "requiredPartitions":[{"dataUnitId":10, "partitionIndex":0}, {"dataUnitId":14, "partitionIndex":0}], "outputPartition":{"dataUnitId":16, "partitionIndex":35}, "broadcast":false}, {"pipelineId":8, "scannedPartition":{"dataUnitId":17, "partitionIndex":36}, "requiredPartitions":[{"dataUnitId":10, "partitionIndex":0}, {"dataUnitId":14, "partitionIndex":0}], "outputPartition":{"dataUnitId":16, "partitionIndex":36}, "broadcast":false}, {"pipelineId":8, "scannedPartition":{"dataUnitId":17, "partitionIndex":37}, "requiredPartitions":[{"dataUnitId":10, "partitionIndex":0}, {"dataUnitId":14, "partitionIndex":0}], "outputPartition":{"dataUnitId":16, "partitionIndex":37}, "broadcast":false}, {"pipelineId":8, "scannedPartition":{"dataUnitId":17, "partitionIndex":38}, "requiredPartitions":[{"dataUnitId":10, "partitionIndex":0}, {"dataUnitId":14, "partitionIndex":0}], "outputPartition":{"dataUnitId":16, "partitionIndex":38}, "broadcast":false}, {"pipelineId":8, "scannedPartition":{"dataUnitId":17, "partitionIndex":39}, "requiredPartitions":[{"dataUnitId":10, "partitionIndex":0}, {"dataUnitId":14, "partitionIndex":0}], "outputPartition":{"dataUnitId":16, "partitionIndex":39}, "broadcast":false}, {"pipelineId":8, "scannedPartition":{"dataUnitId":17, "partitionIndex":40}, "requiredPartitions":[{"dataUnitId":10, "partitionIndex":0}, {"dataUnitId":14, "partitionIndex":0}], "outputPartition":{"dataUnitId":16, "partitionIndex":40}, "broadcast":false}, {"pipelineId":8, "scannedPartition":{"dataUnitId":17, "partitionIndex":41}, "requiredPartitions":[{"dataUnitId":10, "partitionIndex":0}, {"dataUnitId":14, "partitionIndex":0}], "outputPartition":{"dataUnitId":16, "partitionIndex":41}, "broadcast":false}, {"pipelineId":8, "scannedPartition":{"dataUnitId":17, "partitionIndex":42}, "requiredPartitions":[{"dataUnitId":10, "partitionIndex":0}, {"dataUnitId":14, "partitionIndex":0}], "outputPartition":{"dataUnitId":16, "partitionIndex":42}, "broadcast":false}, {"pipelineId":8, "scannedPartition":{"dataUnitId":17, "partitionIndex":43}, "requiredPartitions":[{"dataUnitId":10, "partitionIndex":0}, {"dataUnitId":14, "partitionIndex":0}], "outputPartition":{"dataUnitId":16, "partitionIndex":43}, "broadcast":false}, {"pipelineId":8, "scannedPartition":{"dataUnitId":17, "partitionIndex":44}, "requiredPartitions":[{"dataUnitId":10, "partitionIndex":0}, {"dataUnitId":14, "partitionIndex":0}], "outputPartition":{"dataUnitId":16, "partitionIndex":44}, "broadcast":false}, {"pipelineId":8, "scannedPartition":{"dataUnitId":17, "partitionIndex":45}, "requiredPartitions":[{"dataUnitId":10, "partitionIndex":0}, {"dataUnitId":14, "partitionIndex":0}], "outputPartition":{"dataUnitId":16, "partitionIndex":45}, "broadcast":false}, {"pipelineId":8, "scannedPartition":{"dataUnitId":17, "partitionIndex":46}, "requiredPartitions":[{"dataUnitId":10, "partitionIndex":0}, {"dataUnitId":14, "partitionIndex":0}], "outputPartition":{"dataUnitId":16, "partitionIndex":46}, "broadcast":false}, {"pipelineId":8, "scannedPartition":{"dataUnitId":17, "partitionIndex":47}, "requiredPartitions":[{"dataUnitId":10, "partitionIndex":0}, {"dataUnitId":14, "partitionIndex":0}], "outputPartition":{"dataUnitId":16, "partitionIndex":47}, "broadcast":false}, {"pipelineId":8, "scannedPartition":{"dataUnitId":17, "partitionIndex":48}, "requiredPartitions":[{"dataUnitId":10, "partitionIndex":0}, {"dataUnitId":14, "partitionIndex":0}], "outputPartition":{"dataUnitId":16, "partitionIndex":48}, "broadcast":false}, {"pipelineId":8, "scannedPartition":{"dataUnitId":17, "partitionIndex":49}, "requiredPartitions":[{"dataUnitId":10, "partitionIndex":0}, {"dataUnitId":14, "partitionIndex":0}], "outputPartition":{"dataUnitId":16, "partitionIndex":49}, "broadcast":false}, {"pipelineId":8, "scannedPartition":{"dataUnitId":17, "partitionIndex":50}, "requiredPartitions":[{"dataUnitId":10, "partitionIndex":0}, {"dataUnitId":14, "partitionIndex":0}], "outputPartition":{"dataUnitId":16, "partitionIndex":50}, "broadcast":false}, {"pipelineId":8, "scannedPartition":{"dataUnitId":17, "partitionIndex":51}, "requiredPartitions":[{"dataUnitId":10, "partitionIndex":0}, {"dataUnitId":14, "partitionIndex":0}], "outputPartition":{"dataUnitId":16, "partitionIndex":51}, "broadcast":false}, {"pipelineId":8, "scannedPartition":{"dataUnitId":17, "partitionIndex":52}, "requiredPartitions":[{"dataUnitId":10, "partitionIndex":0}, {"dataUnitId":14, "partitionIndex":0}], "outputPartition":{"dataUnitId":16, "partitionIndex":52}, "broadcast":false}, {"pipelineId":8, "scannedPartition":{"dataUnitId":17, "partitionIndex":53}, "requiredPartitions":[{"dataUnitId":10, "partitionIndex":0}, {"dataUnitId":14, "partitionIndex":0}], "outputPartition":{"dataUnitId":16, "partitionIndex":53}, "broadcast":false}, {"pipelineId":8, "scannedPartition":{"dataUnitId":17, "partitionIndex":54}, "requiredPartitions":[{"dataUnitId":10, "partitionIndex":0}, {"dataUnitId":14, "partitionIndex":0}], "outputPartition":{"dataUnitId":16, "partitionIndex":54}, "broadcast":false}, {"pipelineId":8, "scannedPartition":{"dataUnitId":17, "partitionIndex":55}, "requiredPartitions":[{"dataUnitId":10, "partitionIndex":0}, {"dataUnitId":14, "partitionIndex":0}], "outputPartition":{"dataUnitId":16, "partitionIndex":55}, "broadcast":false}, {"pipelineId":8, "scannedPartition":{"dataUnitId":17, "partitionIndex":56}, "requiredPartitions":[{"dataUnitId":10, "partitionIndex":0}, {"dataUnitId":14, "partitionIndex":0}], "outputPartition":{"dataUnitId":16, "partitionIndex":56}, "broadcast":false}, {"pipelineId":8, "scannedPartition":{"dataUnitId":17, "partitionIndex":57}, "requiredPartitions":[{"dataUnitId":10, "partitionIndex":0}, {"dataUnitId":14, "partitionIndex":0}], "outputPartition":{"dataUnitId":16, "partitionIndex":57}, "broadcast":false}, {"pipelineId":8, "scannedPartition":{"dataUnitId":17, "partitionIndex":58}, "requiredPartitions":[{"dataUnitId":10, "partitionIndex":0}, {"dataUnitId":14, "partitionIndex":0}], "outputPartition":{"dataUnitId":16, "partitionIndex":58}, "broadcast":false}, {"pipelineId":8, "scannedPartition":{"dataUnitId":17, "partitionIndex":59}, "requiredPartitions":[{"dataUnitId":10, "partitionIndex":0}, {"dataUnitId":14, "partitionIndex":0}], "outputPartition":{"dataUnitId":16, "partitionIndex":59}, "broadcast":false}, {"pipelineId":8, "scannedPartition":{"dataUnitId":17, "partitionIndex":60}, "requiredPartitions":[{"dataUnitId":10, "partitionIndex":0}, {"dataUnitId":14, "partitionIndex":0}], "outputPartition":{"dataUnitId":16, "partitionIndex":60}, "broadcast":false}, {"pipelineId":8, "scannedPartition":{"dataUnitId":17, "partitionIndex":61}, "requiredPartitions":[{"dataUnitId":10, "partitionIndex":0}, {"dataUnitId":14, "partitionIndex":0}], "outputPartition":{"dataUnitId":16, "partitionIndex":61}, "broadcast":false}, {"pipelineId":8, "scannedPartition":{"dataUnitId":17, "partitionIndex":62}, "requiredPartitions":[{"dataUnitId":10, "partitionIndex":0}, {"dataUnitId":14, "partitionIndex":0}], "outputPartition":{"dataUnitId":16, "partitionIndex":62}, "broadcast":false}, {"pipelineId":8, "scannedPartition":{"dataUnitId":17, "partitionIndex":63}, "requiredPartitions":[{"dataUnitId":10, "partitionIndex":0}, {"dataUnitId":14, "partitionIndex":0}], "outputPartition":{"dataUnitId":16, "partitionIndex":63}, "broadcast":false}]}, {"k":6, "v":[{"pipelineId":6, "scannedPartition":{"dataUnitId":13, "partitionIndex":0}, "requiredPartitions":[], "outputPartition":{"dataUnitId":12, "partitionIndex":0}, "broadcast":false}, {"pipelineId":6, "scannedPartition":{"dataUnitId":13, "partitionIndex":1}, "requiredPartitions":[], "outputPartition":{"dataUnitId":12, "partitionIndex":1}, "broadcast":false}, {"pipelineId":6, "scannedPartition":{"dataUnitId":13, "partitionIndex":2}, "requiredPartitions":[], "outputPartition":{"dataUnitId":12, "partitionIndex":2}, "broadcast":false}, {"pipelineId":6, "scannedPartition":{"dataUnitId":13, "partitionIndex":3}, "requiredPartitions":[], "outputPartition":{"dataUnitId":12, "partitionIndex":3}, "broadcast":false}, {"pipelineId":6, "scannedPartition":{"dataUnitId":13, "partitionIndex":4}, "requiredPartitions":[], "outputPartition":{"dataUnitId":12, "partitionIndex":4}, "broadcast":false}, {"pipelineId":6, "scannedPartition":{"dataUnitId":13, "partitionIndex":5}, "requiredPartitions":[], "outputPartition":{"dataUnitId":12, "partitionIndex":5}, "broadcast":false}, {"pipelineId":6, "scannedPartition":{"dataUnitId":13, "partitionIndex":6}, "requiredPartitions":[], "outputPartition":{"dataUnitId":12, "partitionIndex":6}, "broadcast":false}, {"pipelineId":6, "scannedPartition":{"dataUnitId":13, "partitionIndex":7}, "requiredPartitions":[], "outputPartition":{"dataUnitId":12, "partitionIndex":7}, "broadcast":false}, {"pipelineId":6, "scannedPartition":{"dataUnitId":13, "partitionIndex":8}, "requiredPartitions":[], "outputPartition":{"dataUnitId":12, "partitionIndex":8}, "broadcast":false}, {"pipelineId":6, "scannedPartition":{"dataUnitId":13, "partitionIndex":9}, "requiredPartitions":[], "outputPartition":{"dataUnitId":12, "partitionIndex":9}, "broadcast":false}, {"pipelineId":6, "scannedPartition":{"dataUnitId":13, "partitionIndex":10}, "requiredPartitions":[], "outputPartition":{"dataUnitId":12, "partitionIndex":10}, "broadcast":false}, {"pipelineId":6, "scannedPartition":{"dataUnitId":13, "partitionIndex":11}, "requiredPartitions":[], "outputPartition":{"dataUnitId":12, "partitionIndex":11}, "broadcast":false}, {"pipelineId":6, "scannedPartition":{"dataUnitId":13, "partitionIndex":12}, "requiredPartitions":[], "outputPartition":{"dataUnitId":12, "partitionIndex":12}, "broadcast":false}, {"pipelineId":6, "scannedPartition":{"dataUnitId":13, "partitionIndex":13}, "requiredPartitions":[], "outputPartition":{"dataUnitId":12, "partitionIndex":13}, "broadcast":false}, {"pipelineId":6, "scannedPartition":{"dataUnitId":13, "partitionIndex":14}, "requiredPartitions":[], "outputPartition":{"dataUnitId":12, "partitionIndex":14}, "broadcast":false}, {"pipelineId":6, "scannedPartition":{"dataUnitId":13, "partitionIndex":15}, "requiredPartitions":[], "outputPartition":{"dataUnitId":12, "partitionIndex":15}, "broadcast":false}, {"pipelineId":6, "scannedPartition":{"dataUnitId":13, "partitionIndex":16}, "requiredPartitions":[], "outputPartition":{"dataUnitId":12, "partitionIndex":16}, "broadcast":false}, {"pipelineId":6, "scannedPartition":{"dataUnitId":13, "partitionIndex":17}, "requiredPartitions":[], "outputPartition":{"dataUnitId":12, "partitionIndex":17}, "broadcast":false}, {"pipelineId":6, "scannedPartition":{"dataUnitId":13, "partitionIndex":18}, "requiredPartitions":[], "outputPartition":{"dataUnitId":12, "partitionIndex":18}, "broadcast":false}, {"pipelineId":6, "scannedPartition":{"dataUnitId":13, "partitionIndex":19}, "requiredPartitions":[], "outputPartition":{"dataUnitId":12, "partitionIndex":19}, "broadcast":false}, {"pipelineId":6, "scannedPartition":{"dataUnitId":13, "partitionIndex":20}, "requiredPartitions":[], "outputPartition":{"dataUnitId":12, "partitionIndex":20}, "broadcast":false}, {"pipelineId":6, "scannedPartition":{"dataUnitId":13, "partitionIndex":21}, "requiredPartitions":[], "outputPartition":{"dataUnitId":12, "partitionIndex":21}, "broadcast":false}, {"pipelineId":6, "scannedPartition":{"dataUnitId":13, "partitionIndex":22}, "requiredPartitions":[], "outputPartition":{"dataUnitId":12, "partitionIndex":22}, "broadcast":false}, {"pipelineId":6, "scannedPartition":{"dataUnitId":13, "partitionIndex":23}, "requiredPartitions":[], "outputPartition":{"dataUnitId":12, "partitionIndex":23}, "broadcast":false}, {"pipelineId":6, "scannedPartition":{"dataUnitId":13, "partitionIndex":24}, "requiredPartitions":[], "outputPartition":{"dataUnitId":12, "partitionIndex":24}, "broadcast":false}, {"pipelineId":6, "scannedPartition":{"dataUnitId":13, "partitionIndex":25}, "requiredPartitions":[], "outputPartition":{"dataUnitId":12, "partitionIndex":25}, "broadcast":false}, {"pipelineId":6, "scannedPartition":{"dataUnitId":13, "partitionIndex":26}, "requiredPartitions":[], "outputPartition":{"dataUnitId":12, "partitionIndex":26}, "broadcast":false}, {"pipelineId":6, "scannedPartition":{"dataUnitId":13, "partitionIndex":27}, "requiredPartitions":[], "outputPartition":{"dataUnitId":12, "partitionIndex":27}, "broadcast":false}, {"pipelineId":6, "scannedPartition":{"dataUnitId":13, "partitionIndex":28}, "requiredPartitions":[], "outputPartition":{"dataUnitId":12, "partitionIndex":28}, "broadcast":false}, {"pipelineId":6, "scannedPartition":{"dataUnitId":13, "partitionIndex":29}, "requiredPartitions":[], "outputPartition":{"dataUnitId":12, "partitionIndex":29}, "broadcast":false}, {"pipelineId":6, "scannedPartition":{"dataUnitId":13, "partitionIndex":30}, "requiredPartitions":[], "outputPartition":{"dataUnitId":12, "partitionIndex":30}, "broadcast":false}, {"pipelineId":6, "scannedPartition":{"dataUnitId":13, "partitionIndex":31}, "requiredPartitions":[], "outputPartition":{"dataUnitId":12, "partitionIndex":31}, "broadcast":false}, {"pipelineId":6, "scannedPartition":{"dataUnitId":13, "partitionIndex":32}, "requiredPartitions":[], "outputPartition":{"dataUnitId":12, "partitionIndex":32}, "broadcast":false}, {"pipelineId":6, "scannedPartition":{"dataUnitId":13, "partitionIndex":33}, "requiredPartitions":[], "outputPartition":{"dataUnitId":12, "partitionIndex":33}, "broadcast":false}, {"pipelineId":6, "scannedPartition":{"dataUnitId":13, "partitionIndex":34}, "requiredPartitions":[], "outputPartition":{"dataUnitId":12, "partitionIndex":34}, "broadcast":false}, {"pipelineId":6, "scannedPartition":{"dataUnitId":13, "partitionIndex":35}, "requiredPartitions":[], "outputPartition":{"dataUnitId":12, "partitionIndex":35}, "broadcast":false}, {"pipelineId":6, "scannedPartition":{"dataUnitId":13, "partitionIndex":36}, "requiredPartitions":[], "outputPartition":{"dataUnitId":12, "partitionIndex":36}, "broadcast":false}, {"pipelineId":6, "scannedPartition":{"dataUnitId":13, "partitionIndex":37}, "requiredPartitions":[], "outputPartition":{"dataUnitId":12, "partitionIndex":37}, "broadcast":false}, {"pipelineId":6, "scannedPartition":{"dataUnitId":13, "partitionIndex":38}, "requiredPartitions":[], "outputPartition":{"dataUnitId":12, "partitionIndex":38}, "broadcast":false}, {"pipelineId":6, "scannedPartition":{"dataUnitId":13, "partitionIndex":39}, "requiredPartitions":[], "outputPartition":{"dataUnitId":12, "partitionIndex":39}, "broadcast":false}, {"pipelineId":6, "scannedPartition":{"dataUnitId":13, "partitionIndex":40}, "requiredPartitions":[], "outputPartition":{"dataUnitId":12, "partitionIndex":40}, "broadcast":false}, {"pipelineId":6, "scannedPartition":{"dataUnitId":13, "partitionIndex":41}, "requiredPartitions":[], "outputPartition":{"dataUnitId":12, "partitionIndex":41}, "broadcast":false}, {"pipelineId":6, "scannedPartition":{"dataUnitId":13, "partitionIndex":42}, "requiredPartitions":[], "outputPartition":{"dataUnitId":12, "partitionIndex":42}, "broadcast":false}, {"pipelineId":6, "scannedPartition":{"dataUnitId":13, "partitionIndex":43}, "requiredPartitions":[], "outputPartition":{"dataUnitId":12, "partitionIndex":43}, "broadcast":false}, {"pipelineId":6, "scannedPartition":{"dataUnitId":13, "partitionIndex":44}, "requiredPartitions":[], "outputPartition":{"dataUnitId":12, "partitionIndex":44}, "broadcast":false}, {"pipelineId":6, "scannedPartition":{"dataUnitId":13, "partitionIndex":45}, "requiredPartitions":[], "outputPartition":{"dataUnitId":12, "partitionIndex":45}, "broadcast":false}, {"pipelineId":6, "scannedPartition":{"dataUnitId":13, "partitionIndex":46}, "requiredPartitions":[], "outputPartition":{"dataUnitId":12, "partitionIndex":46}, "broadcast":false}, {"pipelineId":6, "scannedPartition":{"dataUnitId":13, "partitionIndex":47}, "requiredPartitions":[], "outputPartition":{"dataUnitId":12, "partitionIndex":47}, "broadcast":false}, {"pipelineId":6, "scannedPartition":{"dataUnitId":13, "partitionIndex":48}, "requiredPartitions":[], "outputPartition":{"dataUnitId":12, "partitionIndex":48}, "broadcast":false}, {"pipelineId":6, "scannedPartition":{"dataUnitId":13, "partitionIndex":49}, "requiredPartitions":[], "outputPartition":{"dataUnitId":12, "partitionIndex":49}, "broadcast":false}, {"pipelineId":6, "scannedPartition":{"dataUnitId":13, "partitionIndex":50}, "requiredPartitions":[], "outputPartition":{"dataUnitId":12, "partitionIndex":50}, "broadcast":false}, {"pipelineId":6, "scannedPartition":{"dataUnitId":13, "partitionIndex":51}, "requiredPartitions":[], "outputPartition":{"dataUnitId":12, "partitionIndex":51}, "broadcast":false}, {"pipelineId":6, "scannedPartition":{"dataUnitId":13, "partitionIndex":52}, "requiredPartitions":[], "outputPartition":{"dataUnitId":12, "partitionIndex":52}, "broadcast":false}, {"pipelineId":6, "scannedPartition":{"dataUnitId":13, "partitionIndex":53}, "requiredPartitions":[], "outputPartition":{"dataUnitId":12, "partitionIndex":53}, "broadcast":false}, {"pipelineId":6, "scannedPartition":{"dataUnitId":13, "partitionIndex":54}, "requiredPartitions":[], "outputPartition":{"dataUnitId":12, "partitionIndex":54}, "broadcast":false}, {"pipelineId":6, "scannedPartition":{"dataUnitId":13, "partitionIndex":55}, "requiredPartitions":[], "outputPartition":{"dataUnitId":12, "partitionIndex":55}, "broadcast":false}, {"pipelineId":6, "scannedPartition":{"dataUnitId":13, "partitionIndex":56}, "requiredPartitions":[], "outputPartition":{"dataUnitId":12, "partitionIndex":56}, "broadcast":false}, {"pipelineId":6, "scannedPartition":{"dataUnitId":13, "partitionIndex":57}, "requiredPartitions":[], "outputPartition":{"dataUnitId":12, "partitionIndex":57}, "broadcast":false}, {"pipelineId":6, "scannedPartition":{"dataUnitId":13, "partitionIndex":58}, "requiredPartitions":[], "outputPartition":{"dataUnitId":12, "partitionIndex":58}, "broadcast":false}, {"pipelineId":6, "scannedPartition":{"dataUnitId":13, "partitionIndex":59}, "requiredPartitions":[], "outputPartition":{"dataUnitId":12, "partitionIndex":59}, "broadcast":false}, {"pipelineId":6, "scannedPartition":{"dataUnitId":13, "partitionIndex":60}, "requiredPartitions":[], "outputPartition":{"dataUnitId":12, "partitionIndex":60}, "broadcast":false}, {"pipelineId":6, "scannedPartition":{"dataUnitId":13, "partitionIndex":61}, "requiredPartitions":[], "outputPartition":{"dataUnitId":12, "partitionIndex":61}, "broadcast":false}, {"pipelineId":6, "scannedPartition":{"dataUnitId":13, "partitionIndex":62}, "requiredPartitions":[], "outputPartition":{"dataUnitId":12, "partitionIndex":62}, "broadcast":false}, {"pipelineId":6, "scannedPartition":{"dataUnitId":13, "partitionIndex":63}, "requiredPartitions":[], "outputPartition":{"dataUnitId":12, "partitionIndex":63}, "broadcast":false}]}, {"k":4, "v":[{"pipelineId":4, "scannedPartition":{"dataUnitId":9, "partitionIndex":0}, "requiredPartitions":[{"dataUnitId":6, "partitionIndex":0}], "outputPartition":{"dataUnitId":8, "partitionIndex":0}, "broadcast":false}, {"pipelineId":4, "scannedPartition":{"dataUnitId":9, "partitionIndex":1}, "requiredPartitions":[{"dataUnitId":6, "partitionIndex":0}], "outputPartition":{"dataUnitId":8, "partitionIndex":1}, "broadcast":false}, {"pipelineId":4, "scannedPartition":{"dataUnitId":9, "partitionIndex":2}, "requiredPartitions":[{"dataUnitId":6, "partitionIndex":0}], "outputPartition":{"dataUnitId":8, "partitionIndex":2}, "broadcast":false}, {"pipelineId":4, "scannedPartition":{"dataUnitId":9, "partitionIndex":3}, "requiredPartitions":[{"dataUnitId":6, "partitionIndex":0}], "outputPartition":{"dataUnitId":8, "partitionIndex":3}, "broadcast":false}, {"pipelineId":4, "scannedPartition":{"dataUnitId":9, "partitionIndex":4}, "requiredPartitions":[{"dataUnitId":6, "partitionIndex":0}], "outputPartition":{"dataUnitId":8, "partitionIndex":4}, "broadcast":false}, {"pipelineId":4, "scannedPartition":{"dataUnitId":9, "partitionIndex":5}, "requiredPartitions":[{"dataUnitId":6, "partitionIndex":0}], "outputPartition":{"dataUnitId":8, "partitionIndex":5}, "broadcast":false}, {"pipelineId":4, "scannedPartition":{"dataUnitId":9, "partitionIndex":6}, "requiredPartitions":[{"dataUnitId":6, "partitionIndex":0}], "outputPartition":{"dataUnitId":8, "partitionIndex":6}, "broadcast":false}, {"pipelineId":4, "scannedPartition":{"dataUnitId":9, "partitionIndex":7}, "requiredPartitions":[{"dataUnitId":6, "partitionIndex":0}], "outputPartition":{"dataUnitId":8, "partitionIndex":7}, "broadcast":false}, {"pipelineId":4, "scannedPartition":{"dataUnitId":9, "partitionIndex":8}, "requiredPartitions":[{"dataUnitId":6, "partitionIndex":0}], "outputPartition":{"dataUnitId":8, "partitionIndex":8}, "broadcast":false}, {"pipelineId":4, "scannedPartition":{"dataUnitId":9, "partitionIndex":9}, "requiredPartitions":[{"dataUnitId":6, "partitionIndex":0}], "outputPartition":{"dataUnitId":8, "partitionIndex":9}, "broadcast":false}, {"pipelineId":4, "scannedPartition":{"dataUnitId":9, "partitionIndex":10}, "requiredPartitions":[{"dataUnitId":6, "partitionIndex":0}], "outputPartition":{"dataUnitId":8, "partitionIndex":10}, "broadcast":false}, {"pipelineId":4, "scannedPartition":{"dataUnitId":9, "partitionIndex":11}, "requiredPartitions":[{"dataUnitId":6, "partitionIndex":0}], "outputPartition":{"dataUnitId":8, "partitionIndex":11}, "broadcast":false}, {"pipelineId":4, "scannedPartition":{"dataUnitId":9, "partitionIndex":12}, "requiredPartitions":[{"dataUnitId":6, "partitionIndex":0}], "outputPartition":{"dataUnitId":8, "partitionIndex":12}, "broadcast":false}, {"pipelineId":4, "scannedPartition":{"dataUnitId":9, "partitionIndex":13}, "requiredPartitions":[{"dataUnitId":6, "partitionIndex":0}], "outputPartition":{"dataUnitId":8, "partitionIndex":13}, "broadcast":false}, {"pipelineId":4, "scannedPartition":{"dataUnitId":9, "partitionIndex":14}, "requiredPartitions":[{"dataUnitId":6, "partitionIndex":0}], "outputPartition":{"dataUnitId":8, "partitionIndex":14}, "broadcast":false}, {"pipelineId":4, "scannedPartition":{"dataUnitId":9, "partitionIndex":15}, "requiredPartitions":[{"dataUnitId":6, "partitionIndex":0}], "outputPartition":{"dataUnitId":8, "partitionIndex":15}, "broadcast":false}, {"pipelineId":4, "scannedPartition":{"dataUnitId":9, "partitionIndex":16}, "requiredPartitions":[{"dataUnitId":6, "partitionIndex":0}], "outputPartition":{"dataUnitId":8, "partitionIndex":16}, "broadcast":false}, {"pipelineId":4, "scannedPartition":{"dataUnitId":9, "partitionIndex":17}, "requiredPartitions":[{"dataUnitId":6, "partitionIndex":0}], "outputPartition":{"dataUnitId":8, "partitionIndex":17}, "broadcast":false}, {"pipelineId":4, "scannedPartition":{"dataUnitId":9, "partitionIndex":18}, "requiredPartitions":[{"dataUnitId":6, "partitionIndex":0}], "outputPartition":{"dataUnitId":8, "partitionIndex":18}, "broadcast":false}, {"pipelineId":4, "scannedPartition":{"dataUnitId":9, "partitionIndex":19}, "requiredPartitions":[{"dataUnitId":6, "partitionIndex":0}], "outputPartition":{"dataUnitId":8, "partitionIndex":19}, "broadcast":false}, {"pipelineId":4, "scannedPartition":{"dataUnitId":9, "partitionIndex":20}, "requiredPartitions":[{"dataUnitId":6, "partitionIndex":0}], "outputPartition":{"dataUnitId":8, "partitionIndex":20}, "broadcast":false}, {"pipelineId":4, "scannedPartition":{"dataUnitId":9, "partitionIndex":21}, "requiredPartitions":[{"dataUnitId":6, "partitionIndex":0}], "outputPartition":{"dataUnitId":8, "partitionIndex":21}, "broadcast":false}, {"pipelineId":4, "scannedPartition":{"dataUnitId":9, "partitionIndex":22}, "requiredPartitions":[{"dataUnitId":6, "partitionIndex":0}], "outputPartition":{"dataUnitId":8, "partitionIndex":22}, "broadcast":false}, {"pipelineId":4, "scannedPartition":{"dataUnitId":9, "partitionIndex":23}, "requiredPartitions":[{"dataUnitId":6, "partitionIndex":0}], "outputPartition":{"dataUnitId":8, "partitionIndex":23}, "broadcast":false}, {"pipelineId":4, "scannedPartition":{"dataUnitId":9, "partitionIndex":24}, "requiredPartitions":[{"dataUnitId":6, "partitionIndex":0}], "outputPartition":{"dataUnitId":8, "partitionIndex":24}, "broadcast":false}, {"pipelineId":4, "scannedPartition":{"dataUnitId":9, "partitionIndex":25}, "requiredPartitions":[{"dataUnitId":6, "partitionIndex":0}], "outputPartition":{"dataUnitId":8, "partitionIndex":25}, "broadcast":false}, {"pipelineId":4, "scannedPartition":{"dataUnitId":9, "partitionIndex":26}, "requiredPartitions":[{"dataUnitId":6, "partitionIndex":0}], "outputPartition":{"dataUnitId":8, "partitionIndex":26}, "broadcast":false}, {"pipelineId":4, "scannedPartition":{"dataUnitId":9, "partitionIndex":27}, "requiredPartitions":[{"dataUnitId":6, "partitionIndex":0}], "outputPartition":{"dataUnitId":8, "partitionIndex":27}, "broadcast":false}, {"pipelineId":4, "scannedPartition":{"dataUnitId":9, "partitionIndex":28}, "requiredPartitions":[{"dataUnitId":6, "partitionIndex":0}], "outputPartition":{"dataUnitId":8, "partitionIndex":28}, "broadcast":false}, {"pipelineId":4, "scannedPartition":{"dataUnitId":9, "partitionIndex":29}, "requiredPartitions":[{"dataUnitId":6, "partitionIndex":0}], "outputPartition":{"dataUnitId":8, "partitionIndex":29}, "broadcast":false}, {"pipelineId":4, "scannedPartition":{"dataUnitId":9, "partitionIndex":30}, "requiredPartitions":[{"dataUnitId":6, "partitionIndex":0}], "outputPartition":{"dataUnitId":8, "partitionIndex":30}, "broadcast":false}, {"pipelineId":4, "scannedPartition":{"dataUnitId":9, "partitionIndex":31}, "requiredPartitions":[{"dataUnitId":6, "partitionIndex":0}], "outputPartition":{"dataUnitId":8, "partitionIndex":31}, "broadcast":false}, {"pipelineId":4, "scannedPartition":{"dataUnitId":9, "partitionIndex":32}, "requiredPartitions":[{"dataUnitId":6, "partitionIndex":0}], "outputPartition":{"dataUnitId":8, "partitionIndex":32}, "broadcast":false}, {"pipelineId":4, "scannedPartition":{"dataUnitId":9, "partitionIndex":33}, "requiredPartitions":[{"dataUnitId":6, "partitionIndex":0}], "outputPartition":{"dataUnitId":8, "partitionIndex":33}, "broadcast":false}, {"pipelineId":4, "scannedPartition":{"dataUnitId":9, "partitionIndex":34}, "requiredPartitions":[{"dataUnitId":6, "partitionIndex":0}], "outputPartition":{"dataUnitId":8, "partitionIndex":34}, "broadcast":false}, {"pipelineId":4, "scannedPartition":{"dataUnitId":9, "partitionIndex":35}, "requiredPartitions":[{"dataUnitId":6, "partitionIndex":0}], "outputPartition":{"dataUnitId":8, "partitionIndex":35}, "broadcast":false}, {"pipelineId":4, "scannedPartition":{"dataUnitId":9, "partitionIndex":36}, "requiredPartitions":[{"dataUnitId":6, "partitionIndex":0}], "outputPartition":{"dataUnitId":8, "partitionIndex":36}, "broadcast":false}, {"pipelineId":4, "scannedPartition":{"dataUnitId":9, "partitionIndex":37}, "requiredPartitions":[{"dataUnitId":6, "partitionIndex":0}], "outputPartition":{"dataUnitId":8, "partitionIndex":37}, "broadcast":false}, {"pipelineId":4, "scannedPartition":{"dataUnitId":9, "partitionIndex":38}, "requiredPartitions":[{"dataUnitId":6, "partitionIndex":0}], "outputPartition":{"dataUnitId":8, "partitionIndex":38}, "broadcast":false}, {"pipelineId":4, "scannedPartition":{"dataUnitId":9, "partitionIndex":39}, "requiredPartitions":[{"dataUnitId":6, "partitionIndex":0}], "outputPartition":{"dataUnitId":8, "partitionIndex":39}, "broadcast":false}, {"pipelineId":4, "scannedPartition":{"dataUnitId":9, "partitionIndex":40}, "requiredPartitions":[{"dataUnitId":6, "partitionIndex":0}], "outputPartition":{"dataUnitId":8, "partitionIndex":40}, "broadcast":false}, {"pipelineId":4, "scannedPartition":{"dataUnitId":9, "partitionIndex":41}, "requiredPartitions":[{"dataUnitId":6, "partitionIndex":0}], "outputPartition":{"dataUnitId":8, "partitionIndex":41}, "broadcast":false}, {"pipelineId":4, "scannedPartition":{"dataUnitId":9, "partitionIndex":42}, "requiredPartitions":[{"dataUnitId":6, "partitionIndex":0}], "outputPartition":{"dataUnitId":8, "partitionIndex":42}, "broadcast":false}, {"pipelineId":4, "scannedPartition":{"dataUnitId":9, "partitionIndex":43}, "requiredPartitions":[{"dataUnitId":6, "partitionIndex":0}], "outputPartition":{"dataUnitId":8, "partitionIndex":43}, "broadcast":false}, {"pipelineId":4, "scannedPartition":{"dataUnitId":9, "partitionIndex":44}, "requiredPartitions":[{"dataUnitId":6, "partitionIndex":0}], "outputPartition":{"dataUnitId":8, "partitionIndex":44}, "broadcast":false}, {"pipelineId":4, "scannedPartition":{"dataUnitId":9, "partitionIndex":45}, "requiredPartitions":[{"dataUnitId":6, "partitionIndex":0}], "outputPartition":{"dataUnitId":8, "partitionIndex":45}, "broadcast":false}, {"pipelineId":4, "scannedPartition":{"dataUnitId":9, "partitionIndex":46}, "requiredPartitions":[{"dataUnitId":6, "partitionIndex":0}], "outputPartition":{"dataUnitId":8, "partitionIndex":46}, "broadcast":false}, {"pipelineId":4, "scannedPartition":{"dataUnitId":9, "partitionIndex":47}, "requiredPartitions":[{"dataUnitId":6, "partitionIndex":0}], "outputPartition":{"dataUnitId":8, "partitionIndex":47}, "broadcast":false}, {"pipelineId":4, "scannedPartition":{"dataUnitId":9, "partitionIndex":48}, "requiredPartitions":[{"dataUnitId":6, "partitionIndex":0}], "outputPartition":{"dataUnitId":8, "partitionIndex":48}, "broadcast":false}, {"pipelineId":4, "scannedPartition":{"dataUnitId":9, "partitionIndex":49}, "requiredPartitions":[{"dataUnitId":6, "partitionIndex":0}], "outputPartition":{"dataUnitId":8, "partitionIndex":49}, "broadcast":false}, {"pipelineId":4, "scannedPartition":{"dataUnitId":9, "partitionIndex":50}, "requiredPartitions":[{"dataUnitId":6, "partitionIndex":0}], "outputPartition":{"dataUnitId":8, "partitionIndex":50}, "broadcast":false}, {"pipelineId":4, "scannedPartition":{"dataUnitId":9, "partitionIndex":51}, "requiredPartitions":[{"dataUnitId":6, "partitionIndex":0}], "outputPartition":{"dataUnitId":8, "partitionIndex":51}, "broadcast":false}, {"pipelineId":4, "scannedPartition":{"dataUnitId":9, "partitionIndex":52}, "requiredPartitions":[{"dataUnitId":6, "partitionIndex":0}], "outputPartition":{"dataUnitId":8, "partitionIndex":52}, "broadcast":false}, {"pipelineId":4, "scannedPartition":{"dataUnitId":9, "partitionIndex":53}, "requiredPartitions":[{"dataUnitId":6, "partitionIndex":0}], "outputPartition":{"dataUnitId":8, "partitionIndex":53}, "broadcast":false}, {"pipelineId":4, "scannedPartition":{"dataUnitId":9, "partitionIndex":54}, "requiredPartitions":[{"dataUnitId":6, "partitionIndex":0}], "outputPartition":{"dataUnitId":8, "partitionIndex":54}, "broadcast":false}, {"pipelineId":4, "scannedPartition":{"dataUnitId":9, "partitionIndex":55}, "requiredPartitions":[{"dataUnitId":6, "partitionIndex":0}], "outputPartition":{"dataUnitId":8, "partitionIndex":55}, "broadcast":false}, {"pipelineId":4, "scannedPartition":{"dataUnitId":9, "partitionIndex":56}, "requiredPartitions":[{"dataUnitId":6, "partitionIndex":0}], "outputPartition":{"dataUnitId":8, "partitionIndex":56}, "broadcast":false}, {"pipelineId":4, "scannedPartition":{"dataUnitId":9, "partitionIndex":57}, "requiredPartitions":[{"dataUnitId":6, "partitionIndex":0}], "outputPartition":{"dataUnitId":8, "partitionIndex":57}, "broadcast":false}, {"pipelineId":4, "scannedPartition":{"dataUnitId":9, "partitionIndex":58}, "requiredPartitions":[{"dataUnitId":6, "partitionIndex":0}], "outputPartition":{"dataUnitId":8, "partitionIndex":58}, "broadcast":false}, {"pipelineId":4, "scannedPartition":{"dataUnitId":9, "partitionIndex":59}, "requiredPartitions":[{"dataUnitId":6, "partitionIndex":0}], "outputPartition":{"dataUnitId":8, "partitionIndex":59}, "broadcast":false}, {"pipelineId":4, "scannedPartition":{"dataUnitId":9, "partitionIndex":60}, "requiredPartitions":[{"dataUnitId":6, "partitionIndex":0}], "outputPartition":{"dataUnitId":8, "partitionIndex":60}, "broadcast":false}, {"pipelineId":4, "scannedPartition":{"dataUnitId":9, "partitionIndex":61}, "requiredPartitions":[{"dataUnitId":6, "partitionIndex":0}], "outputPartition":{"dataUnitId":8, "partitionIndex":61}, "broadcast":false}, {"pipelineId":4, "scannedPartition":{"dataUnitId":9, "partitionIndex":62}, "requiredPartitions":[{"dataUnitId":6, "partitionIndex":0}], "outputPartition":{"dataUnitId":8, "partitionIndex":62}, "broadcast":false}, {"pipelineId":4, "scannedPartition":{"dataUnitId":9, "partitionIndex":63}, "requiredPartitions":[{"dataUnitId":6, "partitionIndex":0}], "outputPartition":{"dataUnitId":8, "partitionIndex":63}, "broadcast":false}]}, {"k":2, "v":[{"pipelineId":2, "scannedPartition":{"dataUnitId":5, "partitionIndex":0}, "requiredPartitions":[{"dataUnitId":2, "partitionIndex":0}], "outputPartition":{"dataUnitId":4, "partitionIndex":0}, "broadcast":false}, {"pipelineId":2, "scannedPartition":{"dataUnitId":5, "partitionIndex":1}, "requiredPartitions":[{"dataUnitId":2, "partitionIndex":0}], "outputPartition":{"dataUnitId":4, "partitionIndex":1}, "broadcast":false}, {"pipelineId":2, "scannedPartition":{"dataUnitId":5, "partitionIndex":2}, "requiredPartitions":[{"dataUnitId":2, "partitionIndex":0}], "outputPartition":{"dataUnitId":4, "partitionIndex":2}, "broadcast":false}, {"pipelineId":2, "scannedPartition":{"dataUnitId":5, "partitionIndex":3}, "requiredPartitions":[{"dataUnitId":2, "partitionIndex":0}], "outputPartition":{"dataUnitId":4, "partitionIndex":3}, "broadcast":false}, {"pipelineId":2, "scannedPartition":{"dataUnitId":5, "partitionIndex":4}, "requiredPartitions":[{"dataUnitId":2, "partitionIndex":0}], "outputPartition":{"dataUnitId":4, "partitionIndex":4}, "broadcast":false}, {"pipelineId":2, "scannedPartition":{"dataUnitId":5, "partitionIndex":5}, "requiredPartitions":[{"dataUnitId":2, "partitionIndex":0}], "outputPartition":{"dataUnitId":4, "partitionIndex":5}, "broadcast":false}, {"pipelineId":2, "scannedPartition":{"dataUnitId":5, "partitionIndex":6}, "requiredPartitions":[{"dataUnitId":2, "partitionIndex":0}], "outputPartition":{"dataUnitId":4, "partitionIndex":6}, "broadcast":false}, {"pipelineId":2, "scannedPartition":{"dataUnitId":5, "partitionIndex":7}, "requiredPartitions":[{"dataUnitId":2, "partitionIndex":0}], "outputPartition":{"dataUnitId":4, "partitionIndex":7}, "broadcast":false}, {"pipelineId":2, "scannedPartition":{"dataUnitId":5, "partitionIndex":8}, "requiredPartitions":[{"dataUnitId":2, "partitionIndex":0}], "outputPartition":{"dataUnitId":4, "partitionIndex":8}, "broadcast":false}, {"pipelineId":2, "scannedPartition":{"dataUnitId":5, "partitionIndex":9}, "requiredPartitions":[{"dataUnitId":2, "partitionIndex":0}], "outputPartition":{"dataUnitId":4, "partitionIndex":9}, "broadcast":false}, {"pipelineId":2, "scannedPartition":{"dataUnitId":5, "partitionIndex":10}, "requiredPartitions":[{"dataUnitId":2, "partitionIndex":0}], "outputPartition":{"dataUnitId":4, "partitionIndex":10}, "broadcast":false}, {"pipelineId":2, "scannedPartition":{"dataUnitId":5, "partitionIndex":11}, "requiredPartitions":[{"dataUnitId":2, "partitionIndex":0}], "outputPartition":{"dataUnitId":4, "partitionIndex":11}, "broadcast":false}, {"pipelineId":2, "scannedPartition":{"dataUnitId":5, "partitionIndex":12}, "requiredPartitions":[{"dataUnitId":2, "partitionIndex":0}], "outputPartition":{"dataUnitId":4, "partitionIndex":12}, "broadcast":false}, {"pipelineId":2, "scannedPartition":{"dataUnitId":5, "partitionIndex":13}, "requiredPartitions":[{"dataUnitId":2, "partitionIndex":0}], "outputPartition":{"dataUnitId":4, "partitionIndex":13}, "broadcast":false}, {"pipelineId":2, "scannedPartition":{"dataUnitId":5, "partitionIndex":14}, "requiredPartitions":[{"dataUnitId":2, "partitionIndex":0}], "outputPartition":{"dataUnitId":4, "partitionIndex":14}, "broadcast":false}, {"pipelineId":2, "scannedPartition":{"dataUnitId":5, "partitionIndex":15}, "requiredPartitions":[{"dataUnitId":2, "partitionIndex":0}], "outputPartition":{"dataUnitId":4, "partitionIndex":15}, "broadcast":false}, {"pipelineId":2, "scannedPartition":{"dataUnitId":5, "partitionIndex":16}, "requiredPartitions":[{"dataUnitId":2, "partitionIndex":0}], "outputPartition":{"dataUnitId":4, "partitionIndex":16}, "broadcast":false}, {"pipelineId":2, "scannedPartition":{"dataUnitId":5, "partitionIndex":17}, "requiredPartitions":[{"dataUnitId":2, "partitionIndex":0}], "outputPartition":{"dataUnitId":4, "partitionIndex":17}, "broadcast":false}, {"pipelineId":2, "scannedPartition":{"dataUnitId":5, "partitionIndex":18}, "requiredPartitions":[{"dataUnitId":2, "partitionIndex":0}], "outputPartition":{"dataUnitId":4, "partitionIndex":18}, "broadcast":false}, {"pipelineId":2, "scannedPartition":{"dataUnitId":5, "partitionIndex":19}, "requiredPartitions":[{"dataUnitId":2, "partitionIndex":0}], "outputPartition":{"dataUnitId":4, "partitionIndex":19}, "broadcast":false}, {"pipelineId":2, "scannedPartition":{"dataUnitId":5, "partitionIndex":20}, "requiredPartitions":[{"dataUnitId":2, "partitionIndex":0}], "outputPartition":{"dataUnitId":4, "partitionIndex":20}, "broadcast":false}, {"pipelineId":2, "scannedPartition":{"dataUnitId":5, "partitionIndex":21}, "requiredPartitions":[{"dataUnitId":2, "partitionIndex":0}], "outputPartition":{"dataUnitId":4, "partitionIndex":21}, "broadcast":false}, {"pipelineId":2, "scannedPartition":{"dataUnitId":5, "partitionIndex":22}, "requiredPartitions":[{"dataUnitId":2, "partitionIndex":0}], "outputPartition":{"dataUnitId":4, "partitionIndex":22}, "broadcast":false}, {"pipelineId":2, "scannedPartition":{"dataUnitId":5, "partitionIndex":23}, "requiredPartitions":[{"dataUnitId":2, "partitionIndex":0}], "outputPartition":{"dataUnitId":4, "partitionIndex":23}, "broadcast":false}, {"pipelineId":2, "scannedPartition":{"dataUnitId":5, "partitionIndex":24}, "requiredPartitions":[{"dataUnitId":2, "partitionIndex":0}], "outputPartition":{"dataUnitId":4, "partitionIndex":24}, "broadcast":false}, {"pipelineId":2, "scannedPartition":{"dataUnitId":5, "partitionIndex":25}, "requiredPartitions":[{"dataUnitId":2, "partitionIndex":0}], "outputPartition":{"dataUnitId":4, "partitionIndex":25}, "broadcast":false}, {"pipelineId":2, "scannedPartition":{"dataUnitId":5, "partitionIndex":26}, "requiredPartitions":[{"dataUnitId":2, "partitionIndex":0}], "outputPartition":{"dataUnitId":4, "partitionIndex":26}, "broadcast":false}, {"pipelineId":2, "scannedPartition":{"dataUnitId":5, "partitionIndex":27}, "requiredPartitions":[{"dataUnitId":2, "partitionIndex":0}], "outputPartition":{"dataUnitId":4, "partitionIndex":27}, "broadcast":false}, {"pipelineId":2, "scannedPartition":{"dataUnitId":5, "partitionIndex":28}, "requiredPartitions":[{"dataUnitId":2, "partitionIndex":0}], "outputPartition":{"dataUnitId":4, "partitionIndex":28}, "broadcast":false}, {"pipelineId":2, "scannedPartition":{"dataUnitId":5, "partitionIndex":29}, "requiredPartitions":[{"dataUnitId":2, "partitionIndex":0}], "outputPartition":{"dataUnitId":4, "partitionIndex":29}, "broadcast":false}, {"pipelineId":2, "scannedPartition":{"dataUnitId":5, "partitionIndex":30}, "requiredPartitions":[{"dataUnitId":2, "partitionIndex":0}], "outputPartition":{"dataUnitId":4, "partitionIndex":30}, "broadcast":false}, {"pipelineId":2, "scannedPartition":{"dataUnitId":5, "partitionIndex":31}, "requiredPartitions":[{"dataUnitId":2, "partitionIndex":0}], "outputPartition":{"dataUnitId":4, "partitionIndex":31}, "broadcast":false}, {"pipelineId":2, "scannedPartition":{"dataUnitId":5, "partitionIndex":32}, "requiredPartitions":[{"dataUnitId":2, "partitionIndex":0}], "outputPartition":{"dataUnitId":4, "partitionIndex":32}, "broadcast":false}, {"pipelineId":2, "scannedPartition":{"dataUnitId":5, "partitionIndex":33}, "requiredPartitions":[{"dataUnitId":2, "partitionIndex":0}], "outputPartition":{"dataUnitId":4, "partitionIndex":33}, "broadcast":false}, {"pipelineId":2, "scannedPartition":{"dataUnitId":5, "partitionIndex":34}, "requiredPartitions":[{"dataUnitId":2, "partitionIndex":0}], "outputPartition":{"dataUnitId":4, "partitionIndex":34}, "broadcast":false}, {"pipelineId":2, "scannedPartition":{"dataUnitId":5, "partitionIndex":35}, "requiredPartitions":[{"dataUnitId":2, "partitionIndex":0}], "outputPartition":{"dataUnitId":4, "partitionIndex":35}, "broadcast":false}, {"pipelineId":2, "scannedPartition":{"dataUnitId":5, "partitionIndex":36}, "requiredPartitions":[{"dataUnitId":2, "partitionIndex":0}], "outputPartition":{"dataUnitId":4, "partitionIndex":36}, "broadcast":false}, {"pipelineId":2, "scannedPartition":{"dataUnitId":5, "partitionIndex":37}, "requiredPartitions":[{"dataUnitId":2, "partitionIndex":0}], "outputPartition":{"dataUnitId":4, "partitionIndex":37}, "broadcast":false}, {"pipelineId":2, "scannedPartition":{"dataUnitId":5, "partitionIndex":38}, "requiredPartitions":[{"dataUnitId":2, "partitionIndex":0}], "outputPartition":{"dataUnitId":4, "partitionIndex":38}, "broadcast":false}, {"pipelineId":2, "scannedPartition":{"dataUnitId":5, "partitionIndex":39}, "requiredPartitions":[{"dataUnitId":2, "partitionIndex":0}], "outputPartition":{"dataUnitId":4, "partitionIndex":39}, "broadcast":false}, {"pipelineId":2, "scannedPartition":{"dataUnitId":5, "partitionIndex":40}, "requiredPartitions":[{"dataUnitId":2, "partitionIndex":0}], "outputPartition":{"dataUnitId":4, "partitionIndex":40}, "broadcast":false}, {"pipelineId":2, "scannedPartition":{"dataUnitId":5, "partitionIndex":41}, "requiredPartitions":[{"dataUnitId":2, "partitionIndex":0}], "outputPartition":{"dataUnitId":4, "partitionIndex":41}, "broadcast":false}, {"pipelineId":2, "scannedPartition":{"dataUnitId":5, "partitionIndex":42}, "requiredPartitions":[{"dataUnitId":2, "partitionIndex":0}], "outputPartition":{"dataUnitId":4, "partitionIndex":42}, "broadcast":false}, {"pipelineId":2, "scannedPartition":{"dataUnitId":5, "partitionIndex":43}, "requiredPartitions":[{"dataUnitId":2, "partitionIndex":0}], "outputPartition":{"dataUnitId":4, "partitionIndex":43}, "broadcast":false}, {"pipelineId":2, "scannedPartition":{"dataUnitId":5, "partitionIndex":44}, "requiredPartitions":[{"dataUnitId":2, "partitionIndex":0}], "outputPartition":{"dataUnitId":4, "partitionIndex":44}, "broadcast":false}, {"pipelineId":2, "scannedPartition":{"dataUnitId":5, "partitionIndex":45}, "requiredPartitions":[{"dataUnitId":2, "partitionIndex":0}], "outputPartition":{"dataUnitId":4, "partitionIndex":45}, "broadcast":false}, {"pipelineId":2, "scannedPartition":{"dataUnitId":5, "partitionIndex":46}, "requiredPartitions":[{"dataUnitId":2, "partitionIndex":0}], "outputPartition":{"dataUnitId":4, "partitionIndex":46}, "broadcast":false}, {"pipelineId":2, "scannedPartition":{"dataUnitId":5, "partitionIndex":47}, "requiredPartitions":[{"dataUnitId":2, "partitionIndex":0}], "outputPartition":{"dataUnitId":4, "partitionIndex":47}, "broadcast":false}, {"pipelineId":2, "scannedPartition":{"dataUnitId":5, "partitionIndex":48}, "requiredPartitions":[{"dataUnitId":2, "partitionIndex":0}], "outputPartition":{"dataUnitId":4, "partitionIndex":48}, "broadcast":false}, {"pipelineId":2, "scannedPartition":{"dataUnitId":5, "partitionIndex":49}, "requiredPartitions":[{"dataUnitId":2, "partitionIndex":0}], "outputPartition":{"dataUnitId":4, "partitionIndex":49}, "broadcast":false}, {"pipelineId":2, "scannedPartition":{"dataUnitId":5, "partitionIndex":50}, "requiredPartitions":[{"dataUnitId":2, "partitionIndex":0}], "outputPartition":{"dataUnitId":4, "partitionIndex":50}, "broadcast":false}, {"pipelineId":2, "scannedPartition":{"dataUnitId":5, "partitionIndex":51}, "requiredPartitions":[{"dataUnitId":2, "partitionIndex":0}], "outputPartition":{"dataUnitId":4, "partitionIndex":51}, "broadcast":false}, {"pipelineId":2, "scannedPartition":{"dataUnitId":5, "partitionIndex":52}, "requiredPartitions":[{"dataUnitId":2, "partitionIndex":0}], "outputPartition":{"dataUnitId":4, "partitionIndex":52}, "broadcast":false}, {"pipelineId":2, "scannedPartition":{"dataUnitId":5, "partitionIndex":53}, "requiredPartitions":[{"dataUnitId":2, "partitionIndex":0}], "outputPartition":{"dataUnitId":4, "partitionIndex":53}, "broadcast":false}, {"pipelineId":2, "scannedPartition":{"dataUnitId":5, "partitionIndex":54}, "requiredPartitions":[{"dataUnitId":2, "partitionIndex":0}], "outputPartition":{"dataUnitId":4, "partitionIndex":54}, "broadcast":false}, {"pipelineId":2, "scannedPartition":{"dataUnitId":5, "partitionIndex":55}, "requiredPartitions":[{"dataUnitId":2, "partitionIndex":0}], "outputPartition":{"dataUnitId":4, "partitionIndex":55}, "broadcast":false}, {"pipelineId":2, "scannedPartition":{"dataUnitId":5, "partitionIndex":56}, "requiredPartitions":[{"dataUnitId":2, "partitionIndex":0}], "outputPartition":{"dataUnitId":4, "partitionIndex":56}, "broadcast":false}, {"pipelineId":2, "scannedPartition":{"dataUnitId":5, "partitionIndex":57}, "requiredPartitions":[{"dataUnitId":2, "partitionIndex":0}], "outputPartition":{"dataUnitId":4, "partitionIndex":57}, "broadcast":false}, {"pipelineId":2, "scannedPartition":{"dataUnitId":5, "partitionIndex":58}, "requiredPartitions":[{"dataUnitId":2, "partitionIndex":0}], "outputPartition":{"dataUnitId":4, "partitionIndex":58}, "broadcast":false}, {"pipelineId":2, "scannedPartition":{"dataUnitId":5, "partitionIndex":59}, "requiredPartitions":[{"dataUnitId":2, "partitionIndex":0}], "outputPartition":{"dataUnitId":4, "partitionIndex":59}, "broadcast":false}, {"pipelineId":2, "scannedPartition":{"dataUnitId":5, "partitionIndex":60}, "requiredPartitions":[{"dataUnitId":2, "partitionIndex":0}], "outputPartition":{"dataUnitId":4, "partitionIndex":60}, "broadcast":false}, {"pipelineId":2, "scannedPartition":{"dataUnitId":5, "partitionIndex":61}, "requiredPartitions":[{"dataUnitId":2, "partitionIndex":0}], "outputPartition":{"dataUnitId":4, "partitionIndex":61}, "broadcast":false}, {"pipelineId":2, "scannedPartition":{"dataUnitId":5, "partitionIndex":62}, "requiredPartitions":[{"dataUnitId":2, "partitionIndex":0}], "outputPartition":{"dataUnitId":4, "partitionIndex":62}, "broadcast":false}, {"pipelineId":2, "scannedPartition":{"dataUnitId":5, "partitionIndex":63}, "requiredPartitions":[{"dataUnitId":2, "partitionIndex":0}], "outputPartition":{"dataUnitId":4, "partitionIndex":63}, "broadcast":false}]}], "broadcastTasks":[{"k":7, "v":{"pipelineId":7, "scannedPartition":{"dataUnitId":15, "partitionIndex":0}, "requiredPartitions":[], "outputPartition":{"dataUnitId":14, "partitionIndex":0}, "broadcast":true}}, {"k":5, "v":{"pipelineId":5, "scannedPartition":{"dataUnitId":11, "partitionIndex":0}, "requiredPartitions":[], "outputPartition":{"dataUnitId":10, "partitionIndex":0}, "broadcast":true}}, {"k":3, "v":{"pipelineId":3, "scannedPartition":{"dataUnitId":7, "partitionIndex":0}, "requiredPartitions":[], "outputPartition":{"dataUnitId":6, "partitionIndex":0}, "broadcast":true}}, {"k":1, "v":{"pipelineId":1, "scannedPartition":{"dataUnitId":3, "partitionIndex":0}, "requiredPartitions":[{"dataUnitId":0, "partitionIndex":0}], "outputPartition":{"dataUnitId":2, "partitionIndex":0}, "broadcast":true}}, {"k":0, "v":{"pipelineId":0, "scannedPartition":{"dataUnitId":1, "partitionIndex":0}, "requiredPartitions":[], "outputPartition":{"dataUnitId":0, "partitionIndex":0}, "broadcast":true}}], "initialPartitioning":{"owningNode":[{"k":{"dataUnitId":17, "partitionIndex":63}, "v":3}, {"k":{"dataUnitId":9, "partitionIndex":27}, "v":3}, {"k":{"dataUnitId":9, "partitionIndex":57}, "v":1}, {"k":{"dataUnitId":9, "partitionIndex":56}, "v":0}, {"k":{"dataUnitId":9, "partitionIndex":11}, "v":3}, {"k":{"dataUnitId":5, "partitionIndex":5}, "v":1}, {"k":{"dataUnitId":9, "partitionIndex":55}, "v":3}, {"k":{"dataUnitId":13, "partitionIndex":44}, "v":0}, {"k":{"dataUnitId":9, "partitionIndex":50}, "v":2}, {"k":{"dataUnitId":13, "partitionIndex":21}, "v":1}, {"k":{"dataUnitId":9, "partitionIndex":49}, "v":1}, {"k":{"dataUnitId":9, "partitionIndex":47}, "v":3}, {"k":{"dataUnitId":9, "partitionIndex":45}, "v":1}, {"k":{"dataUnitId":9, "partitionIndex":26}, "v":2}, {"k":{"dataUnitId":9, "partitionIndex":43}, "v":3}, {"k":{"dataUnitId":9, "partitionIndex":33}, "v":1}, {"k":{"dataUnitId":13, "partitionIndex":7}, "v":3}, {"k":{"dataUnitId":9, "partitionIndex":29}, "v":1}, {"k":{"dataUnitId":9, "partitionIndex":39}, "v":3}, {"k":{"dataUnitId":9, "partitionIndex":22}, "v":2}, {"k":{"dataUnitId":9, "partitionIndex":30}, "v":2}, {"k":{"dataUnitId":17, "partitionIndex":6}, "v":2}, {"k":{"dataUnitId":9, "partitionIndex":19}, "v":3}, {"k":{"dataUnitId":5, "partitionIndex":38}, "v":2}, {"k":{"dataUnitId":9, "partitionIndex":40}, "v":0}, {"k":{"dataUnitId":13, "partitionIndex":2}, "v":2}, {"k":{"dataUnitId":5, "partitionIndex":49}, "v":1}, {"k":{"dataUnitId":9, "partitionIndex":9}, "v":1}, {"k":{"dataUnitId":9, "partitionIndex":8}, "v":0}, {"k":{"dataUnitId":5, "partitionIndex":11}, "v":3}, {"k":{"dataUnitId":9, "partitionIndex":54}, "v":2}, {"k":{"dataUnitId":9, "partitionIndex":16}, "v":0}, {"k":{"dataUnitId":9, "partitionIndex":7}, "v":3}, {"k":{"dataUnitId":9, "partitionIndex":5}, "v":1}, {"k":{"dataUnitId":9, "partitionIndex":24}, "v":0}, {"k":{"dataUnitId":13, "partitionIndex":23}, "v":3}, {"k":{"dataUnitId":9, "partitionIndex":38}, "v":2}, {"k":{"dataUnitId":13, "partitionIndex":29}, "v":1}, {"k":{"dataUnitId":9, "partitionIndex":2}, "v":2}, {"k":{"dataUnitId":5, "partitionIndex":61}, "v":1}, {"k":{"dataUnitId":9, "partitionIndex":53}, "v":1}, {"k":{"dataUnitId":5, "partitionIndex":62}, "v":2}, {"k":{"dataUnitId":5, "partitionIndex":60}, "v":0}, {"k":{"dataUnitId":5, "partitionIndex":59}, "v":3}, {"k":{"dataUnitId":5, "partitionIndex":52}, "v":0}, {"k":{"dataUnitId":13, "partitionIndex":38}, "v":2}, {"k":{"dataUnitId":9, "partitionIndex":3}, "v":3}, {"k":{"dataUnitId":9, "partitionIndex":35}, "v":3}, {"k":{"dataUnitId":13, "partitionIndex":59}, "v":3}, {"k":{"dataUnitId":9, "partitionIndex":18}, "v":2}, {"k":{"dataUnitId":17, "partitionIndex":35}, "v":3}, {"k":{"dataUnitId":5, "partitionIndex":57}, "v":1}, {"k":{"dataUnitId":9, "partitionIndex":52}, "v":0}, {"k":{"dataUnitId":5, "partitionIndex":34}, "v":2}, {"k":{"dataUnitId":3, "partitionIndex":0}, "v":0}, {"k":{"dataUnitId":13, "partitionIndex":45}, "v":1}, {"k":{"dataUnitId":5, "partitionIndex":22}, "v":2}, {"k":{"dataUnitId":17, "partitionIndex":25}, "v":1}, {"k":{"dataUnitId":5, "partitionIndex":1}, "v":1}, {"k":{"dataUnitId":17, "partitionIndex":18}, "v":2}, {"k":{"dataUnitId":9, "partitionIndex":12}, "v":0}, {"k":{"dataUnitId":5, "partitionIndex":21}, "v":1}, {"k":{"dataUnitId":5, "partitionIndex":27}, "v":3}, {"k":{"dataUnitId":5, "partitionIndex":48}, "v":0}, {"k":{"dataUnitId":5, "partitionIndex":40}, "v":0}, {"k":{"dataUnitId":13, "partitionIndex":55}, "v":3}, {"k":{"dataUnitId":17, "partitionIndex":37}, "v":1}, {"k":{"dataUnitId":9, "partitionIndex":34}, "v":2}, {"k":{"dataUnitId":9, "partitionIndex":20}, "v":0}, {"k":{"dataUnitId":5, "partitionIndex":31}, "v":3}, {"k":{"dataUnitId":9, "partitionIndex":1}, "v":1}, {"k":{"dataUnitId":5, "partitionIndex":25}, "v":1}, {"k":{"dataUnitId":9, "partitionIndex":21}, "v":1}, {"k":{"dataUnitId":5, "partitionIndex":16}, "v":0}, {"k":{"dataUnitId":5, "partitionIndex":17}, "v":1}, {"k":{"dataUnitId":5, "partitionIndex":7}, "v":3}, {"k":{"dataUnitId":5, "partitionIndex":14}, "v":2}, {"k":{"dataUnitId":5, "partitionIndex":23}, "v":3}, {"k":{"dataUnitId":5, "partitionIndex":15}, "v":3}, {"k":{"dataUnitId":13, "partitionIndex":56}, "v":0}, {"k":{"dataUnitId":5, "partitionIndex":12}, "v":0}, {"k":{"dataUnitId":5, "partitionIndex":29}, "v":1}, {"k":{"dataUnitId":17, "partitionIndex":26}, "v":2}, {"k":{"dataUnitId":13, "partitionIndex":14}, "v":2}, {"k":{"dataUnitId":9, "partitionIndex":13}, "v":1}, {"k":{"dataUnitId":5, "partitionIndex":0}, "v":0}, {"k":{"dataUnitId":9, "partitionIndex":14}, "v":2}, {"k":{"dataUnitId":9, "partitionIndex":42}, "v":2}, {"k":{"dataUnitId":17, "partitionIndex":50}, "v":2}, {"k":{"dataUnitId":5, "partitionIndex":32}, "v":0}, {"k":{"dataUnitId":5, "partitionIndex":24}, "v":0}, {"k":{"dataUnitId":13, "partitionIndex":35}, "v":3}, {"k":{"dataUnitId":17, "partitionIndex":1}, "v":1}, {"k":{"dataUnitId":5, "partitionIndex":54}, "v":2}, {"k":{"dataUnitId":17, "partitionIndex":61}, "v":1}, {"k":{"dataUnitId":17, "partitionIndex":40}, "v":0}, {"k":{"dataUnitId":5, "partitionIndex":19}, "v":3}, {"k":{"dataUnitId":5, "partitionIndex":47}, "v":3}, {"k":{"dataUnitId":5, "partitionIndex":2}, "v":2}, {"k":{"dataUnitId":9, "partitionIndex":37}, "v":1}, {"k":{"dataUnitId":17, "partitionIndex":51}, "v":3}, {"k":{"dataUnitId":5, "partitionIndex":4}, "v":0}, {"k":{"dataUnitId":9, "partitionIndex":62}, "v":2}, {"k":{"dataUnitId":9, "partitionIndex":31}, "v":3}, {"k":{"dataUnitId":5, "partitionIndex":33}, "v":1}, {"k":{"dataUnitId":9, "partitionIndex":36}, "v":0}, {"k":{"dataUnitId":9, "partitionIndex":46}, "v":2}, {"k":{"dataUnitId":13, "partitionIndex":9}, "v":1}, {"k":{"dataUnitId":17, "partitionIndex":44}, "v":0}, {"k":{"dataUnitId":5, "partitionIndex":41}, "v":1}, {"k":{"dataUnitId":9, "partitionIndex":32}, "v":0}, {"k":{"dataUnitId":17, "partitionIndex":3}, "v":3}, {"k":{"dataUnitId":5, "partitionIndex":9}, "v":1}, {"k":{"dataUnitId":9, "partitionIndex":10}, "v":2}, {"k":{"dataUnitId":9, "partitionIndex":41}, "v":1}, {"k":{"dataUnitId":5, "partitionIndex":50}, "v":2}, {"k":{"dataUnitId":5, "partitionIndex":10}, "v":2}, {"k":{"dataUnitId":5, "partitionIndex":63}, "v":3}, {"k":{"dataUnitId":9, "partitionIndex":0}, "v":0}, {"k":{"dataUnitId":5, "partitionIndex":56}, "v":0}, {"k":{"dataUnitId":5, "partitionIndex":3}, "v":3}, {"k":{"dataUnitId":5, "partitionIndex":6}, "v":2}, {"k":{"dataUnitId":13, "partitionIndex":47}, "v":3}, {"k":{"dataUnitId":5, "partitionIndex":53}, "v":1}, {"k":{"dataUnitId":9, "partitionIndex":48}, "v":0}, {"k":{"dataUnitId":5, "partitionIndex":28}, "v":0}, {"k":{"dataUnitId":9, "partitionIndex":6}, "v":2}, {"k":{"dataUnitId":17, "partitionIndex":53}, "v":1}, {"k":{"dataUnitId":9, "partitionIndex":4}, "v":0}, {"k":{"dataUnitId":5, "partitionIndex":42}, "v":2}, {"k":{"dataUnitId":17, "partitionIndex":5}, "v":1}, {"k":{"dataUnitId":9, "partitionIndex":25}, "v":1}, {"k":{"dataUnitId":5, "partitionIndex":20}, "v":0}, {"k":{"dataUnitId":13, "partitionIndex":57}, "v":1}, {"k":{"dataUnitId":17, "partitionIndex":59}, "v":3}, {"k":{"dataUnitId":17, "partitionIndex":27}, "v":3}, {"k":{"dataUnitId":5, "partitionIndex":36}, "v":0}, {"k":{"dataUnitId":9, "partitionIndex":59}, "v":3}, {"k":{"dataUnitId":13, "partitionIndex":22}, "v":2}, {"k":{"dataUnitId":9, "partitionIndex":44}, "v":0}, {"k":{"dataUnitId":5, "partitionIndex":37}, "v":1}, {"k":{"dataUnitId":17, "partitionIndex":0}, "v":0}, {"k":{"dataUnitId":13, "partitionIndex":8}, "v":0}, {"k":{"dataUnitId":9, "partitionIndex":15}, "v":3}, {"k":{"dataUnitId":17, "partitionIndex":16}, "v":0}, {"k":{"dataUnitId":5, "partitionIndex":43}, "v":3}, {"k":{"dataUnitId":9, "partitionIndex":28}, "v":0}, {"k":{"dataUnitId":5, "partitionIndex":13}, "v":1}, {"k":{"dataUnitId":9, "partitionIndex":51}, "v":3}, {"k":{"dataUnitId":13, "partitionIndex":43}, "v":3}, {"k":{"dataUnitId":5, "partitionIndex":8}, "v":0}, {"k":{"dataUnitId":5, "partitionIndex":45}, "v":1}, {"k":{"dataUnitId":5, "partitionIndex":26}, "v":2}, {"k":{"dataUnitId":17, "partitionIndex":31}, "v":3}, {"k":{"dataUnitId":17, "partitionIndex":12}, "v":0}, {"k":{"dataUnitId":5, "partitionIndex":46}, "v":2}, {"k":{"dataUnitId":13, "partitionIndex":50}, "v":2}, {"k":{"dataUnitId":17, "partitionIndex":32}, "v":0}, {"k":{"dataUnitId":13, "partitionIndex":26}, "v":2}, {"k":{"dataUnitId":5, "partitionIndex":51}, "v":3}, {"k":{"dataUnitId":13, "partitionIndex":63}, "v":3}, {"k":{"dataUnitId":17, "partitionIndex":8}, "v":0}, {"k":{"dataUnitId":5, "partitionIndex":55}, "v":3}, {"k":{"dataUnitId":9, "partitionIndex":61}, "v":1}, {"k":{"dataUnitId":17, "partitionIndex":46}, "v":2}, {"k":{"dataUnitId":9, "partitionIndex":58}, "v":2}, {"k":{"dataUnitId":9, "partitionIndex":63}, "v":3}, {"k":{"dataUnitId":13, "partitionIndex":32}, "v":0}, {"k":{"dataUnitId":17, "partitionIndex":45}, "v":1}, {"k":{"dataUnitId":13, "partitionIndex":1}, "v":1}, {"k":{"dataUnitId":13, "partitionIndex":3}, "v":3}, {"k":{"dataUnitId":13, "partitionIndex":4}, "v":0}, {"k":{"dataUnitId":13, "partitionIndex":5}, "v":1}, {"k":{"dataUnitId":13, "partitionIndex":6}, "v":2}, {"k":{"dataUnitId":13, "partitionIndex":10}, "v":2}, {"k":{"dataUnitId":17, "partitionIndex":54}, "v":2}, {"k":{"dataUnitId":5, "partitionIndex":30}, "v":2}, {"k":{"dataUnitId":13, "partitionIndex":12}, "v":0}, {"k":{"dataUnitId":13, "partitionIndex":13}, "v":1}, {"k":{"dataUnitId":13, "partitionIndex":16}, "v":0}, {"k":{"dataUnitId":13, "partitionIndex":17}, "v":1}, {"k":{"dataUnitId":13, "partitionIndex":18}, "v":2}, {"k":{"dataUnitId":13, "partitionIndex":19}, "v":3}, {"k":{"dataUnitId":13, "partitionIndex":20}, "v":0}, {"k":{"dataUnitId":13, "partitionIndex":24}, "v":0}, {"k":{"dataUnitId":17, "partitionIndex":7}, "v":3}, {"k":{"dataUnitId":13, "partitionIndex":25}, "v":1}, {"k":{"dataUnitId":9, "partitionIndex":17}, "v":1}, {"k":{"dataUnitId":17, "partitionIndex":13}, "v":1}, {"k":{"dataUnitId":13, "partitionIndex":27}, "v":3}, {"k":{"dataUnitId":17, "partitionIndex":17}, "v":1}, {"k":{"dataUnitId":13, "partitionIndex":30}, "v":2}, {"k":{"dataUnitId":13, "partitionIndex":31}, "v":3}, {"k":{"dataUnitId":17, "partitionIndex":15}, "v":3}, {"k":{"dataUnitId":13, "partitionIndex":33}, "v":1}, {"k":{"dataUnitId":17, "partitionIndex":30}, "v":2}, {"k":{"dataUnitId":17, "partitionIndex":14}, "v":2}, {"k":{"dataUnitId":13, "partitionIndex":34}, "v":2}, {"k":{"dataUnitId":5, "partitionIndex":44}, "v":0}, {"k":{"dataUnitId":13, "partitionIndex":36}, "v":0}, {"k":{"dataUnitId":13, "partitionIndex":39}, "v":3}, {"k":{"dataUnitId":13, "partitionIndex":40}, "v":0}, {"k":{"dataUnitId":13, "partitionIndex":41}, "v":1}, {"k":{"dataUnitId":17, "partitionIndex":24}, "v":0}, {"k":{"dataUnitId":13, "partitionIndex":42}, "v":2}, {"k":{"dataUnitId":13, "partitionIndex":46}, "v":2}, {"k":{"dataUnitId":13, "partitionIndex":48}, "v":0}, {"k":{"dataUnitId":17, "partitionIndex":41}, "v":1}, {"k":{"dataUnitId":9, "partitionIndex":23}, "v":3}, {"k":{"dataUnitId":13, "partitionIndex":49}, "v":1}, {"k":{"dataUnitId":13, "partitionIndex":51}, "v":3}, {"k":{"dataUnitId":13, "partitionIndex":0}, "v":0}, {"k":{"dataUnitId":13, "partitionIndex":52}, "v":0}, {"k":{"dataUnitId":5, "partitionIndex":39}, "v":3}, {"k":{"dataUnitId":17, "partitionIndex":38}, "v":2}, {"k":{"dataUnitId":1, "partitionIndex":0}, "v":0}, {"k":{"dataUnitId":13, "partitionIndex":53}, "v":1}, {"k":{"dataUnitId":13, "partitionIndex":11}, "v":3}, {"k":{"dataUnitId":13, "partitionIndex":54}, "v":2}, {"k":{"dataUnitId":17, "partitionIndex":11}, "v":3}, {"k":{"dataUnitId":13, "partitionIndex":58}, "v":2}, {"k":{"dataUnitId":13, "partitionIndex":60}, "v":0}, {"k":{"dataUnitId":17, "partitionIndex":19}, "v":3}, {"k":{"dataUnitId":13, "partitionIndex":61}, "v":1}, {"k":{"dataUnitId":13, "partitionIndex":62}, "v":2}, {"k":{"dataUnitId":17, "partitionIndex":2}, "v":2}, {"k":{"dataUnitId":17, "partitionIndex":4}, "v":0}, {"k":{"dataUnitId":5, "partitionIndex":18}, "v":2}, {"k":{"dataUnitId":17, "partitionIndex":33}, "v":1}, {"k":{"dataUnitId":17, "partitionIndex":42}, "v":2}, {"k":{"dataUnitId":17, "partitionIndex":9}, "v":1}, {"k":{"dataUnitId":17, "partitionIndex":10}, "v":2}, {"k":{"dataUnitId":5, "partitionIndex":35}, "v":3}, {"k":{"dataUnitId":17, "partitionIndex":60}, "v":0}, {"k":{"dataUnitId":17, "partitionIndex":20}, "v":0}, {"k":{"dataUnitId":17, "partitionIndex":23}, "v":3}, {"k":{"dataUnitId":13, "partitionIndex":37}, "v":1}, {"k":{"dataUnitId":17, "partitionIndex":21}, "v":1}, {"k":{"dataUnitId":17, "partitionIndex":22}, "v":2}, {"k":{"dataUnitId":5, "partitionIndex":58}, "v":2}, {"k":{"dataUnitId":17, "partitionIndex":28}, "v":0}, {"k":{"dataUnitId":17, "partitionIndex":29}, "v":1}, {"k":{"dataUnitId":17, "partitionIndex":34}, "v":2}, {"k":{"dataUnitId":17, "partitionIndex":36}, "v":0}, {"k":{"dataUnitId":17, "partitionIndex":39}, "v":3}, {"k":{"dataUnitId":17, "partitionIndex":47}, "v":3}, {"k":{"dataUnitId":9, "partitionIndex":60}, "v":0}, {"k":{"dataUnitId":13, "partitionIndex":15}, "v":3}, {"k":{"dataUnitId":17, "partitionIndex":62}, "v":2}, {"k":{"dataUnitId":13, "partitionIndex":28}, "v":0}, {"k":{"dataUnitId":17, "partitionIndex":48}, "v":0}, {"k":{"dataUnitId":17, "partitionIndex":49}, "v":1}, {"k":{"dataUnitId":17, "partitionIndex":52}, "v":0}, {"k":{"dataUnitId":17, "partitionIndex":55}, "v":3}, {"k":{"dataUnitId":17, "partitionIndex":43}, "v":3}, {"k":{"dataUnitId":17, "partitionIndex":56}, "v":0}, {"k":{"dataUnitId":17, "partitionIndex":57}, "v":1}, {"k":{"dataUnitId":17, "partitionIndex":58}, "v":2}], "cachingNodes":[{"k":{"dataUnitId":17, "partitionIndex":63}, "v":[4]}, {"k":{"dataUnitId":9, "partitionIndex":27}, "v":[4]}, {"k":{"dataUnitId":9, "partitionIndex":57}, "v":[4]}, {"k":{"dataUnitId":9, "partitionIndex":56}, "v":[4]}, {"k":{"dataUnitId":9, "partitionIndex":11}, "v":[4]}, {"k":{"dataUnitId":5, "partitionIndex":5}, "v":[4]}, {"k":{"dataUnitId":9, "partitionIndex":55}, "v":[4]}, {"k":{"dataUnitId":13, "partitionIndex":44}, "v":[4]}, {"k":{"dataUnitId":9, "partitionIndex":50}, "v":[4]}, {"k":{"dataUnitId":13, "partitionIndex":21}, "v":[4]}, {"k":{"dataUnitId":9, "partitionIndex":49}, "v":[4]}, {"k":{"dataUnitId":9, "partitionIndex":47}, "v":[4]}, {"k":{"dataUnitId":9, "partitionIndex":45}, "v":[4]}, {"k":{"dataUnitId":9, "partitionIndex":26}, "v":[4]}, {"k":{"dataUnitId":9, "partitionIndex":43}, "v":[4]}, {"k":{"dataUnitId":9, "partitionIndex":33}, "v":[4]}, {"k":{"dataUnitId":13, "partitionIndex":7}, "v":[4]}, {"k":{"dataUnitId":9, "partitionIndex":29}, "v":[4]}, {"k":{"dataUnitId":9, "partitionIndex":39}, "v":[4]}, {"k":{"dataUnitId":9, "partitionIndex":22}, "v":[4]}, {"k":{"dataUnitId":9, "partitionIndex":30}, "v":[4]}, {"k":{"dataUnitId":17, "partitionIndex":6}, "v":[4]}, {"k":{"dataUnitId":9, "partitionIndex":19}, "v":[4]}, {"k":{"dataUnitId":5, "partitionIndex":38}, "v":[4]}, {"k":{"dataUnitId":9, "partitionIndex":40}, "v":[4]}, {"k":{"dataUnitId":13, "partitionIndex":2}, "v":[4]}, {"k":{"dataUnitId":5, "partitionIndex":49}, "v":[4]}, {"k":{"dataUnitId":9, "partitionIndex":9}, "v":[4]}, {"k":{"dataUnitId":9, "partitionIndex":8}, "v":[4]}, {"k":{"dataUnitId":5, "partitionIndex":11}, "v":[4]}, {"k":{"dataUnitId":9, "partitionIndex":54}, "v":[4]}, {"k":{"dataUnitId":9, "partitionIndex":16}, "v":[4]}, {"k":{"dataUnitId":9, "partitionIndex":7}, "v":[4]}, {"k":{"dataUnitId":9, "partitionIndex":5}, "v":[4]}, {"k":{"dataUnitId":9, "partitionIndex":24}, "v":[4]}, {"k":{"dataUnitId":13, "partitionIndex":23}, "v":[4]}, {"k":{"dataUnitId":9, "partitionIndex":38}, "v":[4]}, {"k":{"dataUnitId":13, "partitionIndex":29}, "v":[4]}, {"k":{"dataUnitId":9, "partitionIndex":2}, "v":[4]}, {"k":{"dataUnitId":5, "partitionIndex":61}, "v":[4]}, {"k":{"dataUnitId":9, "partitionIndex":53}, "v":[4]}, {"k":{"dataUnitId":5, "partitionIndex":62}, "v":[4]}, {"k":{"dataUnitId":5, "partitionIndex":60}, "v":[4]}, {"k":{"dataUnitId":5, "partitionIndex":59}, "v":[4]}, {"k":{"dataUnitId":5, "partitionIndex":52}, "v":[4]}, {"k":{"dataUnitId":13, "partitionIndex":38}, "v":[4]}, {"k":{"dataUnitId":9, "partitionIndex":3}, "v":[4]}, {"k":{"dataUnitId":9, "partitionIndex":35}, "v":[4]}, {"k":{"dataUnitId":13, "partitionIndex":59}, "v":[4]}, {"k":{"dataUnitId":9, "partitionIndex":18}, "v":[4]}, {"k":{"dataUnitId":17, "partitionIndex":35}, "v":[4]}, {"k":{"dataUnitId":5, "partitionIndex":57}, "v":[4]}, {"k":{"dataUnitId":9, "partitionIndex":52}, "v":[4]}, {"k":{"dataUnitId":5, "partitionIndex":34}, "v":[4]}, {"k":{"dataUnitId":3, "partitionIndex":0}, "v":[3, 2, 1]}, {"k":{"dataUnitId":13, "partitionIndex":45}, "v":[4]}, {"k":{"dataUnitId":5, "partitionIndex":22}, "v":[4]}, {"k":{"dataUnitId":17, "partitionIndex":25}, "v":[4]}, {"k":{"dataUnitId":5, "partitionIndex":1}, "v":[4]}, {"k":{"dataUnitId":17, "partitionIndex":18}, "v":[4]}, {"k":{"dataUnitId":9, "partitionIndex":12}, "v":[4]}, {"k":{"dataUnitId":5, "partitionIndex":21}, "v":[4]}, {"k":{"dataUnitId":5, "partitionIndex":27}, "v":[4]}, {"k":{"dataUnitId":5, "partitionIndex":48}, "v":[4]}, {"k":{"dataUnitId":5, "partitionIndex":40}, "v":[4]}, {"k":{"dataUnitId":13, "partitionIndex":55}, "v":[4]}, {"k":{"dataUnitId":17, "partitionIndex":37}, "v":[4]}, {"k":{"dataUnitId":9, "partitionIndex":34}, "v":[4]}, {"k":{"dataUnitId":9, "partitionIndex":20}, "v":[4]}, {"k":{"dataUnitId":5, "partitionIndex":31}, "v":[4]}, {"k":{"dataUnitId":9, "partitionIndex":1}, "v":[4]}, {"k":{"dataUnitId":5, "partitionIndex":25}, "v":[4]}, {"k":{"dataUnitId":9, "partitionIndex":21}, "v":[4]}, {"k":{"dataUnitId":5, "partitionIndex":16}, "v":[4]}, {"k":{"dataUnitId":5, "partitionIndex":17}, "v":[4]}, {"k":{"dataUnitId":5, "partitionIndex":7}, "v":[4]}, {"k":{"dataUnitId":5, "partitionIndex":14}, "v":[4]}, {"k":{"dataUnitId":5, "partitionIndex":23}, "v":[4]}, {"k":{"dataUnitId":5, "partitionIndex":15}, "v":[4]}, {"k":{"dataUnitId":13, "partitionIndex":56}, "v":[4]}, {"k":{"dataUnitId":5, "partitionIndex":12}, "v":[4]}, {"k":{"dataUnitId":5, "partitionIndex":29}, "v":[4]}, {"k":{"dataUnitId":17, "partitionIndex":26}, "v":[4]}, {"k":{"dataUnitId":13, "partitionIndex":14}, "v":[4]}, {"k":{"dataUnitId":9, "partitionIndex":13}, "v":[4]}, {"k":{"dataUnitId":5, "partitionIndex":0}, "v":[4]}, {"k":{"dataUnitId":9, "partitionIndex":14}, "v":[4]}, {"k":{"dataUnitId":9, "partitionIndex":42}, "v":[4]}, {"k":{"dataUnitId":17, "partitionIndex":50}, "v":[4]}, {"k":{"dataUnitId":5, "partitionIndex":32}, "v":[4]}, {"k":{"dataUnitId":5, "partitionIndex":24}, "v":[4]}, {"k":{"dataUnitId":13, "partitionIndex":35}, "v":[4]}, {"k":{"dataUnitId":17, "partitionIndex":1}, "v":[4]}, {"k":{"dataUnitId":5, "partitionIndex":54}, "v":[4]}, {"k":{"dataUnitId":17, "partitionIndex":61}, "v":[4]}, {"k":{"dataUnitId":17, "partitionIndex":40}, "v":[4]}, {"k":{"dataUnitId":5, "partitionIndex":19}, "v":[4]}, {"k":{"dataUnitId":5, "partitionIndex":47}, "v":[4]}, {"k":{"dataUnitId":5, "partitionIndex":2}, "v":[4]}, {"k":{"dataUnitId":9, "partitionIndex":37}, "v":[4]}, {"k":{"dataUnitId":17, "partitionIndex":51}, "v":[4]}, {"k":{"dataUnitId":5, "partitionIndex":4}, "v":[4]}, {"k":{"dataUnitId":9, "partitionIndex":62}, "v":[4]}, {"k":{"dataUnitId":9, "partitionIndex":31}, "v":[4]}, {"k":{"dataUnitId":5, "partitionIndex":33}, "v":[4]}, {"k":{"dataUnitId":9, "partitionIndex":36}, "v":[4]}, {"k":{"dataUnitId":9, "partitionIndex":46}, "v":[4]}, {"k":{"dataUnitId":13, "partitionIndex":9}, "v":[4]}, {"k":{"dataUnitId":17, "partitionIndex":44}, "v":[4]}, {"k":{"dataUnitId":5, "partitionIndex":41}, "v":[4]}, {"k":{"dataUnitId":9, "partitionIndex":32}, "v":[4]}, {"k":{"dataUnitId":17, "partitionIndex":3}, "v":[4]}, {"k":{"dataUnitId":5, "partitionIndex":9}, "v":[4]}, {"k":{"dataUnitId":9, "partitionIndex":10}, "v":[4]}, {"k":{"dataUnitId":9, "partitionIndex":41}, "v":[4]}, {"k":{"dataUnitId":5, "partitionIndex":50}, "v":[4]}, {"k":{"dataUnitId":5, "partitionIndex":10}, "v":[4]}, {"k":{"dataUnitId":5, "partitionIndex":63}, "v":[4]}, {"k":{"dataUnitId":9, "partitionIndex":0}, "v":[4]}, {"k":{"dataUnitId":5, "partitionIndex":56}, "v":[4]}, {"k":{"dataUnitId":5, "partitionIndex":3}, "v":[4]}, {"k":{"dataUnitId":5, "partitionIndex":6}, "v":[4]}, {"k":{"dataUnitId":13, "partitionIndex":47}, "v":[4]}, {"k":{"dataUnitId":5, "partitionIndex":53}, "v":[4]}, {"k":{"dataUnitId":9, "partitionIndex":48}, "v":[4]}, {"k":{"dataUnitId":5, "partitionIndex":28}, "v":[4]}, {"k":{"dataUnitId":9, "partitionIndex":6}, "v":[4]}, {"k":{"dataUnitId":17, "partitionIndex":53}, "v":[4]}, {"k":{"dataUnitId":9, "partitionIndex":4}, "v":[4]}, {"k":{"dataUnitId":5, "partitionIndex":42}, "v":[4]}, {"k":{"dataUnitId":17, "partitionIndex":5}, "v":[4]}, {"k":{"dataUnitId":9, "partitionIndex":25}, "v":[4]}, {"k":{"dataUnitId":5, "partitionIndex":20}, "v":[4]}, {"k":{"dataUnitId":13, "partitionIndex":57}, "v":[4]}, {"k":{"dataUnitId":17, "partitionIndex":59}, "v":[4]}, {"k":{"dataUnitId":17, "partitionIndex":27}, "v":[4]}, {"k":{"dataUnitId":5, "partitionIndex":36}, "v":[4]}, {"k":{"dataUnitId":9, "partitionIndex":59}, "v":[4]}, {"k":{"dataUnitId":13, "partitionIndex":22}, "v":[4]}, {"k":{"dataUnitId":9, "partitionIndex":44}, "v":[4]}, {"k":{"dataUnitId":5, "partitionIndex":37}, "v":[4]}, {"k":{"dataUnitId":17, "partitionIndex":0}, "v":[4]}, {"k":{"dataUnitId":13, "partitionIndex":8}, "v":[4]}, {"k":{"dataUnitId":9, "partitionIndex":15}, "v":[4]}, {"k":{"dataUnitId":17, "partitionIndex":16}, "v":[4]}, {"k":{"dataUnitId":5, "partitionIndex":43}, "v":[4]}, {"k":{"dataUnitId":9, "partitionIndex":28}, "v":[4]}, {"k":{"dataUnitId":5, "partitionIndex":13}, "v":[4]}, {"k":{"dataUnitId":9, "partitionIndex":51}, "v":[4]}, {"k":{"dataUnitId":13, "partitionIndex":43}, "v":[4]}, {"k":{"dataUnitId":5, "partitionIndex":8}, "v":[4]}, {"k":{"dataUnitId":5, "partitionIndex":45}, "v":[4]}, {"k":{"dataUnitId":5, "partitionIndex":26}, "v":[4]}, {"k":{"dataUnitId":17, "partitionIndex":31}, "v":[4]}, {"k":{"dataUnitId":17, "partitionIndex":12}, "v":[4]}, {"k":{"dataUnitId":5, "partitionIndex":46}, "v":[4]}, {"k":{"dataUnitId":13, "partitionIndex":50}, "v":[4]}, {"k":{"dataUnitId":17, "partitionIndex":32}, "v":[4]}, {"k":{"dataUnitId":13, "partitionIndex":26}, "v":[4]}, {"k":{"dataUnitId":5, "partitionIndex":51}, "v":[4]}, {"k":{"dataUnitId":13, "partitionIndex":63}, "v":[4]}, {"k":{"dataUnitId":17, "partitionIndex":8}, "v":[4]}, {"k":{"dataUnitId":5, "partitionIndex":55}, "v":[4]}, {"k":{"dataUnitId":9, "partitionIndex":61}, "v":[4]}, {"k":{"dataUnitId":17, "partitionIndex":46}, "v":[4]}, {"k":{"dataUnitId":9, "partitionIndex":58}, "v":[4]}, {"k":{"dataUnitId":9, "partitionIndex":63}, "v":[4]}, {"k":{"dataUnitId":13, "partitionIndex":32}, "v":[4]}, {"k":{"dataUnitId":17, "partitionIndex":45}, "v":[4]}, {"k":{"dataUnitId":13, "partitionIndex":1}, "v":[4]}, {"k":{"dataUnitId":13, "partitionIndex":3}, "v":[4]}, {"k":{"dataUnitId":13, "partitionIndex":4}, "v":[4]}, {"k":{"dataUnitId":13, "partitionIndex":5}, "v":[4]}, {"k":{"dataUnitId":13, "partitionIndex":6}, "v":[4]}, {"k":{"dataUnitId":13, "partitionIndex":10}, "v":[4]}, {"k":{"dataUnitId":17, "partitionIndex":54}, "v":[4]}, {"k":{"dataUnitId":5, "partitionIndex":30}, "v":[4]}, {"k":{"dataUnitId":13, "partitionIndex":12}, "v":[4]}, {"k":{"dataUnitId":13, "partitionIndex":13}, "v":[4]}, {"k":{"dataUnitId":13, "partitionIndex":16}, "v":[4]}, {"k":{"dataUnitId":13, "partitionIndex":17}, "v":[4]}, {"k":{"dataUnitId":13, "partitionIndex":18}, "v":[4]}, {"k":{"dataUnitId":13, "partitionIndex":19}, "v":[4]}, {"k":{"dataUnitId":13, "partitionIndex":20}, "v":[4]}, {"k":{"dataUnitId":13, "partitionIndex":24}, "v":[4]}, {"k":{"dataUnitId":17, "partitionIndex":7}, "v":[4]}, {"k":{"dataUnitId":13, "partitionIndex":25}, "v":[4]}, {"k":{"dataUnitId":9, "partitionIndex":17}, "v":[4]}, {"k":{"dataUnitId":17, "partitionIndex":13}, "v":[4]}, {"k":{"dataUnitId":13, "partitionIndex":27}, "v":[4]}, {"k":{"dataUnitId":17, "partitionIndex":17}, "v":[4]}, {"k":{"dataUnitId":13, "partitionIndex":30}, "v":[4]}, {"k":{"dataUnitId":13, "partitionIndex":31}, "v":[4]}, {"k":{"dataUnitId":17, "partitionIndex":15}, "v":[4]}, {"k":{"dataUnitId":13, "partitionIndex":33}, "v":[4]}, {"k":{"dataUnitId":17, "partitionIndex":30}, "v":[4]}, {"k":{"dataUnitId":17, "partitionIndex":14}, "v":[4]}, {"k":{"dataUnitId":13, "partitionIndex":34}, "v":[4]}, {"k":{"dataUnitId":5, "partitionIndex":44}, "v":[4]}, {"k":{"dataUnitId":13, "partitionIndex":36}, "v":[4]}, {"k":{"dataUnitId":13, "partitionIndex":39}, "v":[4]}, {"k":{"dataUnitId":13, "partitionIndex":40}, "v":[4]}, {"k":{"dataUnitId":13, "partitionIndex":41}, "v":[4]}, {"k":{"dataUnitId":17, "partitionIndex":24}, "v":[4]}, {"k":{"dataUnitId":13, "partitionIndex":42}, "v":[4]}, {"k":{"dataUnitId":13, "partitionIndex":46}, "v":[4]}, {"k":{"dataUnitId":13, "partitionIndex":48}, "v":[4]}, {"k":{"dataUnitId":17, "partitionIndex":41}, "v":[4]}, {"k":{"dataUnitId":9, "partitionIndex":23}, "v":[4]}, {"k":{"dataUnitId":13, "partitionIndex":49}, "v":[4]}, {"k":{"dataUnitId":13, "partitionIndex":51}, "v":[4]}, {"k":{"dataUnitId":13, "partitionIndex":0}, "v":[4]}, {"k":{"dataUnitId":13, "partitionIndex":52}, "v":[4]}, {"k":{"dataUnitId":5, "partitionIndex":39}, "v":[4]}, {"k":{"dataUnitId":17, "partitionIndex":38}, "v":[4]}, {"k":{"dataUnitId":1, "partitionIndex":0}, "v":[3, 2, 1]}, {"k":{"dataUnitId":13, "partitionIndex":53}, "v":[4]}, {"k":{"dataUnitId":13, "partitionIndex":11}, "v":[4]}, {"k":{"dataUnitId":13, "partitionIndex":54}, "v":[4]}, {"k":{"dataUnitId":17, "partitionIndex":11}, "v":[4]}, {"k":{"dataUnitId":13, "partitionIndex":58}, "v":[4]}, {"k":{"dataUnitId":13, "partitionIndex":60}, "v":[4]}, {"k":{"dataUnitId":17, "partitionIndex":19}, "v":[4]}, {"k":{"dataUnitId":13, "partitionIndex":61}, "v":[4]}, {"k":{"dataUnitId":13, "partitionIndex":62}, "v":[4]}, {"k":{"dataUnitId":17, "partitionIndex":2}, "v":[4]}, {"k":{"dataUnitId":17, "partitionIndex":4}, "v":[4]}, {"k":{"dataUnitId":5, "partitionIndex":18}, "v":[4]}, {"k":{"dataUnitId":17, "partitionIndex":33}, "v":[4]}, {"k":{"dataUnitId":17, "partitionIndex":42}, "v":[4]}, {"k":{"dataUnitId":17, "partitionIndex":9}, "v":[4]}, {"k":{"dataUnitId":17, "partitionIndex":10}, "v":[4]}, {"k":{"dataUnitId":5, "partitionIndex":35}, "v":[4]}, {"k":{"dataUnitId":17, "partitionIndex":60}, "v":[4]}, {"k":{"dataUnitId":17, "partitionIndex":20}, "v":[4]}, {"k":{"dataUnitId":17, "partitionIndex":23}, "v":[4]}, {"k":{"dataUnitId":13, "partitionIndex":37}, "v":[4]}, {"k":{"dataUnitId":17, "partitionIndex":21}, "v":[4]}, {"k":{"dataUnitId":17, "partitionIndex":22}, "v":[4]}, {"k":{"dataUnitId":5, "partitionIndex":58}, "v":[4]}, {"k":{"dataUnitId":17, "partitionIndex":28}, "v":[4]}, {"k":{"dataUnitId":17, "partitionIndex":29}, "v":[4]}, {"k":{"dataUnitId":17, "partitionIndex":34}, "v":[4]}, {"k":{"dataUnitId":17, "partitionIndex":36}, "v":[4]}, {"k":{"dataUnitId":17, "partitionIndex":39}, "v":[4]}, {"k":{"dataUnitId":17, "partitionIndex":47}, "v":[4]}, {"k":{"dataUnitId":9, "partitionIndex":60}, "v":[4]}, {"k":{"dataUnitId":13, "partitionIndex":15}, "v":[4]}, {"k":{"dataUnitId":17, "partitionIndex":62}, "v":[4]}, {"k":{"dataUnitId":13, "partitionIndex":28}, "v":[4]}, {"k":{"dataUnitId":17, "partitionIndex":48}, "v":[4]}, {"k":{"dataUnitId":17, "partitionIndex":49}, "v":[4]}, {"k":{"dataUnitId":17, "partitionIndex":52}, "v":[4]}, {"k":{"dataUnitId":17, "partitionIndex":55}, "v":[4]}, {"k":{"dataUnitId":17, "partitionIndex":43}, "v":[4]}, {"k":{"dataUnitId":17, "partitionIndex":56}, "v":[4]}, {"k":{"dataUnitId":17, "partitionIndex":57}, "v":[4]}, {"k":{"dataUnitId":17, "partitionIndex":58}, "v":[4]}], "nNodes":5}, "name":"c5n18xlargex4_rrall_64_q5", "resultNode":0, "nParallelTasks":10000}