[{"totalTime":3493,"stagePlan":{"stages":[{"id":5,"isQueryResult":false,"tasks":[{"id":19,"duration":131,"executor":0},{"id":2,"duration":188,"executor":1},{"id":37,"duration":127,"executor":1},{"id":56,"duration":134,"executor":2},{"id":41,"duration":134,"executor":2},{"id":49,"duration":123,"executor":1},{"id":12,"duration":129,"executor":1},{"id":24,"duration":129,"executor":1},{"id":43,"duration":191,"executor":1},{"id":52,"duration":124,"executor":1},{"id":30,"duration":202,"executor":1},{"id":44,"duration":141,"executor":2},{"id":6,"duration":136,"executor":1},{"id":59,"duration":133,"executor":2},{"id":16,"duration":142,"executor":2},{"id":40,"duration":126,"executor":1},{"id":7,"duration":143,"executor":2},{"id":14,"duration":135,"executor":0},{"id":54,"duration":132,"executor":0},{"id":34,"duration":131,"executor":1},{"id":18,"duration":128,"executor":1},{"id":51,"duration":131,"executor":0},{"id":53,"duration":139,"executor":2},{"id":21,"duration":128,"executor":1},{"id":26,"duration":140,"executor":2},{"id":11,"duration":135,"executor":0},{"id":28,"duration":134,"executor":0},{"id":1,"duration":182,"executor":2},{"id":48,"duration":130,"executor":0},{"id":33,"duration":131,"executor":0},{"id":5,"duration":134,"executor":0},{"id":35,"duration":137,"executor":2},{"id":17,"duration":132,"executor":0},{"id":3,"duration":147,"executor":2},{"id":0,"duration":214,"executor":0},{"id":20,"duration":147,"executor":2},{"id":13,"duration":138,"executor":2},{"id":46,"duration":159,"executor":1},{"id":31,"duration":130,"executor":0},{"id":10,"duration":142,"executor":2},{"id":42,"duration":131,"executor":0},{"id":57,"duration":128,"executor":0},{"id":27,"duration":127,"executor":1},{"id":15,"duration":127,"executor":1},{"id":47,"duration":138,"executor":2},{"id":25,"duration":135,"executor":0},{"id":29,"duration":136,"executor":2},{"id":9,"duration":134,"executor":1},{"id":8,"duration":134,"executor":0},{"id":45,"duration":130,"executor":0},{"id":55,"duration":124,"executor":1},{"id":39,"duration":129,"executor":0},{"id":50,"duration":134,"executor":2},{"id":58,"duration":121,"executor":1},{"id":4,"duration":135,"executor":1},{"id":22,"duration":133,"executor":0},{"id":32,"duration":139,"executor":2},{"id":23,"duration":162,"executor":2},{"id":36,"duration":131,"executor":0},{"id":38,"duration":138,"executor":2}],"rdds":[13,14,15,16],"parents":[],"accIds":[243,262,263,264,265,266,267,269,270,272,273,274,275,276,280,281,282,283,284,285,289,308,309,310,311,312]},{"id":6,"isQueryResult":false,"tasks":[{"id":55,"duration":18,"executor":2},{"id":58,"duration":9,"executor":2},{"id":29,"duration":11,"executor":0},{"id":3,"duration":15,"executor":0},{"id":9,"duration":11,"executor":0},{"id":27,"duration":29,"executor":2},{"id":13,"duration":9,"executor":1},{"id":5,"duration":11,"executor":2},{"id":8,"duration":9,"executor":2},{"id":40,"duration":9,"executor":2},{"id":45,"duration":30,"executor":0},{"id":15,"duration":12,"executor":0},{"id":17,"duration":10,"executor":2},{"id":37,"duration":10,"executor":2},{"id":43,"duration":9,"executor":1},{"id":50,"duration":9,"executor":1},{"id":39,"duration":11,"executor":0},{"id":22,"duration":10,"executor":1},{"id":44,"duration":9,"executor":2},{"id":10,"duration":9,"executor":1},{"id":4,"duration":31,"executor":1},{"id":48,"duration":10,"executor":2},{"id":32,"duration":9,"executor":0},{"id":24,"duration":10,"executor":1},{"id":28,"duration":11,"executor":1},{"id":26,"duration":9,"executor":2},{"id":41,"duration":8,"executor":1},{"id":30,"duration":10,"executor":2},{"id":23,"duration":10,"executor":2},{"id":59,"duration":8,"executor":1},{"id":21,"duration":12,"executor":0},{"id":1,"duration":10,"executor":1},{"id":25,"duration":10,"executor":0},{"id":33,"duration":22,"executor":2},{"id":12,"duration":9,"executor":0},{"id":20,"duration":10,"executor":2},{"id":31,"duration":9,"executor":1},{"id":6,"duration":8,"executor":1},{"id":49,"duration":10,"executor":0},{"id":7,"duration":9,"executor":1},{"id":16,"duration":10,"executor":1},{"id":19,"duration":10,"executor":1},{"id":34,"duration":18,"executor":1},{"id":56,"duration":15,"executor":0},{"id":0,"duration":15,"executor":0},{"id":47,"duration":9,"executor":1},{"id":53,"duration":8,"executor":1},{"id":14,"duration":9,"executor":2},{"id":18,"duration":11,"executor":0},{"id":2,"duration":9,"executor":1},{"id":38,"duration":10,"executor":1},{"id":11,"duration":9,"executor":2},{"id":46,"duration":9,"executor":0},{"id":52,"duration":9,"executor":0},{"id":57,"duration":9,"executor":1},{"id":42,"duration":8,"executor":0},{"id":51,"duration":10,"executor":2},{"id":54,"duration":14,"executor":2},{"id":35,"duration":10,"executor":0},{"id":36,"duration":11,"executor":0}],"rdds":[17,18,19,20,21],"parents":[5],"accIds":[236,237,238,240,241,245,246,247,249,250,251,260,315,316,317,318,319,324,326,327,328,329,330,331,332,333,334,335,336,337,338,339,340,341,342]},{"id":8,"isQueryResult":false,"tasks":[{"id":20,"duration":10,"executor":0},{"id":41,"duration":8,"executor":1},{"id":48,"duration":10,"executor":0},{"id":54,"duration":10,"executor":2},{"id":43,"duration":8,"executor":1},{"id":28,"duration":10,"executor":2},{"id":18,"duration":9,"executor":0},{"id":17,"duration":10,"executor":2},{"id":1,"duration":14,"executor":2},{"id":16,"duration":8,"executor":0},{"id":47,"duration":14,"executor":1},{"id":31,"duration":11,"executor":2},{"id":58,"duration":10,"executor":2},{"id":22,"duration":9,"executor":1},{"id":39,"duration":11,"executor":2},{"id":50,"duration":9,"executor":1},{"id":4,"duration":33,"executor":2},{"id":45,"duration":29,"executor":0},{"id":52,"duration":9,"executor":1},{"id":9,"duration":20,"executor":1},{"id":13,"duration":9,"executor":1},{"id":38,"duration":9,"executor":1},{"id":36,"duration":17,"executor":0},{"id":25,"duration":10,"executor":1},{"id":19,"duration":8,"executor":1},{"id":7,"duration":8,"executor":1},{"id":11,"duration":38,"executor":2},{"id":59,"duration":9,"executor":1},{"id":24,"duration":9,"executor":2},{"id":2,"duration":11,"executor":0},{"id":8,"duration":12,"executor":2},{"id":15,"duration":8,"executor":0},{"id":51,"duration":10,"executor":2},{"id":44,"duration":9,"executor":0},{"id":46,"duration":14,"executor":2},{"id":3,"duration":8,"executor":1},{"id":10,"duration":19,"executor":0},{"id":33,"duration":10,"executor":0},{"id":53,"duration":10,"executor":0},{"id":12,"duration":11,"executor":0},{"id":21,"duration":10,"executor":2},{"id":40,"duration":10,"executor":0},{"id":35,"duration":10,"executor":1},{"id":23,"duration":10,"executor":0},{"id":27,"duration":25,"executor":1},{"id":56,"duration":8,"executor":1},{"id":14,"duration":26,"executor":1},{"id":55,"duration":18,"executor":1},{"id":5,"duration":11,"executor":2},{"id":6,"duration":10,"executor":0},{"id":26,"duration":10,"executor":0},{"id":34,"duration":11,"executor":2},{"id":32,"duration":10,"executor":1},{"id":49,"duration":11,"executor":0},{"id":29,"duration":11,"executor":1},{"id":0,"duration":11,"executor":0},{"id":37,"duration":10,"executor":2},{"id":30,"duration":11,"executor":0},{"id":57,"duration":9,"executor":0},{"id":42,"duration":11,"executor":2}],"rdds":[17,18,22],"parents":[7],"accIds":[214,233,234,235,236,237,238,240,241,245,246,247,249,250,251,260,350,351,352,353,354,355,359,361,362,363,364,365,366,367,368,369,370,371,372,373,374,375,376,377,378,379,380]},{"id":9,"isQueryResult":true,"tasks":[{"id":2,"duration":15,"executor":0},{"id":3,"duration":16,"executor":2},{"id":1,"duration":7,"executor":1},{"id":0,"duration":15,"executor":1}],"rdds":[23,24,25],"parents":[8],"accIds":[210,211,212,213,217,220,221,222,385,386,387,388,389,394,396,397,398,399,400,401,402,403,404,405,406,407,408,409,410,411,412]}]},"sqlPlan":{ "nodeName":"WholeStageCodegen (3)", "description":"WholeStageCodegen (3)", "metadata":{}, "metrics":[{"metricName":"duration","value":4,"accId":210}], "children":[{ "nodeName":"Sort", "description":"Sort [l_returnflag#17 ASC NULLS FIRST, l_linestatus#18 ASC NULLS FIRST], true, 0", "metadata":{}, "metrics":[{"metricName":"sort time","value":0,"accId":211},{"metricName":"peak memory","value":268697536,"accId":212},{"metricName":"spill size","value":0,"accId":213}], "children":[{ "nodeName":"InputAdapter", "description":"InputAdapter", "metadata":{}, "metrics":[], "children":[{ "nodeName":"Exchange", "description":"Exchange rangepartitioning(l_returnflag#17 ASC NULLS FIRST, l_linestatus#18 ASC NULLS FIRST, 60), ENSURE_REQUIREMENTS, [plan_id=107]", "metadata":{}, "metrics":[{"metricName":"shuffle records written","value":4,"accId":234},{"metricName":"local merged chunks fetched","value":0,"accId":228},{"metricName":"shuffle write time","value":1795199,"accId":235},{"metricName":"remote merged bytes read","value":0,"accId":229},{"metricName":"local merged blocks fetched","value":0,"accId":226},{"metricName":"corrupt merged block chunks","value":0,"accId":223},{"metricName":"remote merged reqs duration","value":0,"accId":232},{"metricName":"remote merged blocks fetched","value":0,"accId":225},{"metricName":"records read","value":4,"accId":222},{"metricName":"local bytes read","value":844,"accId":220},{"metricName":"fetch wait time","value":0,"accId":221},{"metricName":"remote bytes read","value":0,"accId":218},{"metricName":"merged fetch fallback count","value":0,"accId":224},{"metricName":"local blocks read","value":4,"accId":217},{"metricName":"remote merged chunks fetched","value":0,"accId":227},{"metricName":"remote blocks read","value":0,"accId":216},{"metricName":"data size","value":864,"accId":214},{"metricName":"local merged bytes read","value":0,"accId":230},{"metricName":"number of partitions","value":4,"accId":215},{"metricName":"remote reqs duration","value":0,"accId":231},{"metricName":"remote bytes read to disk","value":0,"accId":219},{"metricName":"shuffle bytes written","value":844,"accId":233}], "children":[{ "nodeName":"WholeStageCodegen (2)", "description":"WholeStageCodegen (2)", "metadata":{}, "metrics":[{"metricName":"duration","value":410,"accId":236}], "children":[{ "nodeName":"HashAggregate", "description":"HashAggregate(keys=[l_returnflag#17, l_linestatus#18], functions=[sum(l_quantity#13), sum(l_extendedprice#14), sum((l_extendedprice#14 * (1 - l_discount#15))), sum(((l_extendedprice#14 * (1 - l_discount#15)) * (1 + l_tax#16))), avg(l_quantity#13), avg(l_extendedprice#14), avg(l_discount#15), count(1)])", "metadata":{}, "metrics":[{"metricName":"spill size","value":0,"accId":239},{"metricName":"time in aggregation build","value":49,"accId":240},{"metricName":"peak memory","value":568328064,"accId":238},{"metricName":"number of output rows","value":8,"accId":237},{"metricName":"number of sort fallback tasks","value":0,"accId":242},{"metricName":"avg hash probes per key","value":80,"accId":241}], "children":[{ "nodeName":"InputAdapter", "description":"InputAdapter", "metadata":{}, "metrics":[], "children":[{ "nodeName":"Exchange", "description":"Exchange hashpartitioning(l_returnflag#17, l_linestatus#18, 60), ENSURE_REQUIREMENTS, [plan_id=103]", "metadata":{}, "metrics":[{"metricName":"shuffle records written","value":240,"accId":263},{"metricName":"local merged chunks fetched","value":0,"accId":257},{"metricName":"shuffle write time","value":109239896,"accId":264},{"metricName":"remote merged bytes read","value":0,"accId":258},{"metricName":"local merged blocks fetched","value":0,"accId":255},{"metricName":"corrupt merged block chunks","value":0,"accId":252},{"metricName":"remote merged reqs duration","value":0,"accId":261},{"metricName":"remote merged blocks fetched","value":0,"accId":254},{"metricName":"records read","value":480,"accId":251},{"metricName":"local bytes read","value":33644,"accId":249},{"metricName":"fetch wait time","value":5,"accId":250},{"metricName":"remote bytes read","value":67178,"accId":247},{"metricName":"merged fetch fallback count","value":0,"accId":253},{"metricName":"local blocks read","value":160,"accId":246},{"metricName":"remote merged chunks fetched","value":0,"accId":256},{"metricName":"remote blocks read","value":320,"accId":245},{"metricName":"data size","value":65280,"accId":243},{"metricName":"local merged bytes read","value":0,"accId":259},{"metricName":"number of partitions","value":60,"accId":244},{"metricName":"remote reqs duration","value":148,"accId":260},{"metricName":"remote bytes read to disk","value":0,"accId":248},{"metricName":"shuffle bytes written","value":50411,"accId":262}], "children":[{ "nodeName":"WholeStageCodegen (1)", "description":"WholeStageCodegen (1)", "metadata":{}, "metrics":[{"metricName":"duration","value":7809,"accId":265}], "children":[{ "nodeName":"HashAggregate", "description":"HashAggregate(keys=[l_returnflag#17, l_linestatus#18], functions=[partial_sum(l_quantity#13), partial_sum(l_extendedprice#14), partial_sum((l_extendedprice#14 * (1 - l_discount#15))), partial_sum(((l_extendedprice#14 * (1 - l_discount#15)) * (1 + l_tax#16))), partial_avg(l_quantity#13), partial_avg(l_extendedprice#14), partial_avg(l_discount#15), partial_count(1)])", "metadata":{}, "metrics":[{"metricName":"spill size","value":0,"accId":268},{"metricName":"time in aggregation build","value":7508,"accId":269},{"metricName":"peak memory","value":4042259520,"accId":267},{"metricName":"number of output rows","value":240,"accId":266},{"metricName":"number of sort fallback tasks","value":0,"accId":271},{"metricName":"avg hash probes per key","value":600,"accId":270}], "children":[{ "nodeName":"Project", "description":"Project [l_quantity#13, l_extendedprice#14, l_discount#15, l_tax#16, l_returnflag#17, l_linestatus#18]", "metadata":{}, "metrics":[], "children":[{ "nodeName":"Filter", "description":"Filter (isnotnull(l_shipdate#19) AND (l_shipdate#19 <= 1998-09-02))", "metadata":{}, "metrics":[{"metricName":"number of output rows","value":5916591,"accId":272}], "children":[{ "nodeName":"ColumnarToRow", "description":"ColumnarToRow", "metadata":{}, "metrics":[{"metricName":"number of output rows","value":6001215,"accId":273},{"metricName":"number of input batches","value":1500,"accId":274}], "children":[{ "nodeName":"InputAdapter", "description":"InputAdapter", "metadata":{}, "metrics":[], "children":[{ "nodeName":"Scan parquet spark_catalog.tpch.lineitem", "description":"FileScan parquet spark_catalog.tpch.lineitem[l_quantity#13,l_extendedprice#14,l_discount#15,l_tax#16,l_returnflag#17,l_linestatus#18,l_shipdate#19] Batched: true, Bucketed: false (bucket column(s) not read), DataFilters: [isnotnull(l_shipdate#19), (l_shipdate#19 <= 1998-09-02)], Format: Parquet, Location: InMemoryFileIndex(1 paths)[file:/data/spark-warehouse/tpch.db/lineitem], PartitionFilters: [], PushedFilters: [IsNotNull(l_shipdate), LessThanOrEqual(l_shipdate,1998-09-02)], ReadSchema: struct<l_quantity:decimal(15,2),l_extendedprice:decimal(15,2),l_discount:decimal(15,2),l_tax:deci...", "metadata":{"Location":"InMemoryFileIndex(1 paths)[file:/data/spark-warehouse/tpch.db/lineitem]","ReadSchema":"struct<l_quantity:decimal(15,2),l_extendedprice:decimal(15,2),l_discount:decimal(15,2),l_tax:decimal(15,2),l_returnflag:string,l_linestatus:string,l_shipdate:date>","Format":"Parquet","Batched":"true","PartitionFilters":"[]","PushedFilters":"[IsNotNull(l_shipdate), LessThanOrEqual(l_shipdate,1998-09-02)]","DataFilters":"[isnotnull(l_shipdate#19), (l_shipdate#19 <= 1998-09-02)]","Bucketed":"false (bucket column(s) not read)"}, "metrics":[{"metricName":"number of files read","value":60,"accId":277},{"metricName":"scan time","value":401,"accId":276},{"metricName":"metadata time","value":0,"accId":278},{"metricName":"size of files read","value":365478469,"accId":279},{"metricName":"number of output rows","value":6001215,"accId":275}], "children":[] }] }] }] }] }] }] }] }] }] }] }] }] }] }] }}]