[{"totalTime":2589,"stagePlan":{"stages":[{"id":15,"isQueryResult":false,"tasks":[{"id":0,"duration":19,"executor":0}],"rdds":[54,55,56,57],"parents":[],"accIds":[908,909,910,911,912,913,917,918,919,920,921,948,949]},{"id":16,"isQueryResult":false,"tasks":[{"id":49,"duration":18,"executor":0},{"id":8,"duration":29,"executor":1},{"id":40,"duration":18,"executor":1},{"id":38,"duration":22,"executor":2},{"id":22,"duration":22,"executor":2},{"id":47,"duration":18,"executor":1},{"id":0,"duration":39,"executor":1},{"id":59,"duration":17,"executor":1},{"id":24,"duration":24,"executor":1},{"id":52,"duration":17,"executor":0},{"id":25,"duration":22,"executor":2},{"id":26,"duration":18,"executor":0},{"id":31,"duration":18,"executor":0},{"id":2,"duration":56,"executor":2},{"id":12,"duration":21,"executor":0},{"id":30,"duration":21,"executor":1},{"id":3,"duration":28,"executor":0},{"id":45,"duration":22,"executor":2},{"id":21,"duration":17,"executor":0},{"id":43,"duration":25,"executor":0},{"id":20,"duration":25,"executor":1},{"id":50,"duration":20,"executor":1},{"id":42,"duration":23,"executor":2},{"id":56,"duration":18,"executor":1},{"id":5,"duration":37,"executor":2},{"id":46,"duration":24,"executor":0},{"id":29,"duration":21,"executor":2},{"id":14,"duration":27,"executor":0},{"id":57,"duration":18,"executor":0},{"id":58,"duration":22,"executor":2},{"id":7,"duration":24,"executor":0},{"id":18,"duration":20,"executor":0},{"id":48,"duration":21,"executor":2},{"id":54,"duration":18,"executor":0},{"id":19,"duration":30,"executor":2},{"id":17,"duration":24,"executor":1},{"id":51,"duration":21,"executor":2},{"id":36,"duration":19,"executor":1},{"id":6,"duration":23,"executor":1},{"id":13,"duration":22,"executor":1},{"id":44,"duration":19,"executor":1},{"id":28,"duration":18,"executor":0},{"id":4,"duration":22,"executor":1},{"id":9,"duration":25,"executor":2},{"id":55,"duration":22,"executor":2},{"id":34,"duration":18,"executor":0},{"id":35,"duration":22,"executor":2},{"id":32,"duration":22,"executor":2},{"id":53,"duration":17,"executor":1},{"id":15,"duration":21,"executor":1},{"id":10,"duration":21,"executor":0},{"id":27,"duration":23,"executor":1},{"id":16,"duration":31,"executor":2},{"id":41,"duration":19,"executor":1},{"id":11,"duration":23,"executor":2},{"id":37,"duration":18,"executor":0},{"id":39,"duration":21,"executor":0},{"id":23,"duration":22,"executor":0},{"id":1,"duration":38,"executor":0},{"id":33,"duration":18,"executor":1}],"rdds":[61,62,63,64],"parents":[],"accIds":[860,879,880,881,882,883,884,885,886,887,952,953,954,955,956,957,980,981,982,983,984]},{"id":17,"isQueryResult":false,"tasks":[{"id":15,"duration":32,"executor":0},{"id":46,"duration":24,"executor":2},{"id":59,"duration":26,"executor":2},{"id":34,"duration":24,"executor":1},{"id":29,"duration":52,"executor":2},{"id":31,"duration":43,"executor":1},{"id":58,"duration":42,"executor":0},{"id":11,"duration":41,"executor":2},{"id":49,"duration":43,"executor":0},{"id":38,"duration":53,"executor":1},{"id":2,"duration":55,"executor":0},{"id":33,"duration":29,"executor":0},{"id":48,"duration":36,"executor":2},{"id":24,"duration":27,"executor":0},{"id":55,"duration":31,"executor":0},{"id":30,"duration":47,"executor":0},{"id":57,"duration":50,"executor":1},{"id":40,"duration":51,"executor":2},{"id":25,"duration":25,"executor":1},{"id":39,"duration":48,"executor":0},{"id":41,"duration":27,"executor":0},{"id":9,"duration":47,"executor":1},{"id":42,"duration":24,"executor":1},{"id":10,"duration":25,"executor":0},{"id":4,"duration":31,"executor":2},{"id":26,"duration":25,"executor":2},{"id":21,"duration":39,"executor":0},{"id":8,"duration":26,"executor":0},{"id":17,"duration":26,"executor":2},{"id":6,"duration":27,"executor":1},{"id":12,"duration":24,"executor":0},{"id":43,"duration":25,"executor":2},{"id":14,"duration":28,"executor":2},{"id":56,"duration":42,"executor":2},{"id":13,"duration":28,"executor":1},{"id":44,"duration":25,"executor":1},{"id":35,"duration":28,"executor":2},{"id":52,"duration":27,"executor":0},{"id":28,"duration":25,"executor":1},{"id":50,"duration":26,"executor":2},{"id":5,"duration":25,"executor":0},{"id":19,"duration":44,"executor":1},{"id":37,"duration":25,"executor":0},{"id":16,"duration":27,"executor":1},{"id":23,"duration":26,"executor":2},{"id":3,"duration":28,"executor":1},{"id":20,"duration":46,"executor":2},{"id":1,"duration":49,"executor":2},{"id":7,"duration":28,"executor":2},{"id":36,"duration":24,"executor":1},{"id":47,"duration":42,"executor":1},{"id":27,"duration":24,"executor":0},{"id":54,"duration":34,"executor":1},{"id":32,"duration":27,"executor":2},{"id":51,"duration":24,"executor":1},{"id":0,"duration":41,"executor":1},{"id":22,"duration":25,"executor":1},{"id":53,"duration":26,"executor":2},{"id":18,"duration":31,"executor":0},{"id":45,"duration":28,"executor":0}],"rdds":[58,59,60,65,66,67,68,69],"parents":[16],"accIds":[819,838,839,840,841,842,843,844,845,846,847,848,849,850,851,852,856,857,858,859,862,863,864,866,867,868,877,987,988,989,990,991,996,998,999,1000,1001,1002,1003,1004,1005,1006,1007,1008,1009,1010,1011,1012,1013,1014,1015,1016,1017,1018,1019]},{"id":18,"isQueryResult":false,"tasks":[{"id":36,"duration":46,"executor":2},{"id":15,"duration":33,"executor":0},{"id":7,"duration":38,"executor":1},{"id":52,"duration":51,"executor":2},{"id":25,"duration":33,"executor":0},{"id":44,"duration":48,"executor":1},{"id":32,"duration":35,"executor":1},{"id":59,"duration":37,"executor":0},{"id":24,"duration":47,"executor":2},{"id":38,"duration":48,"executor":1},{"id":49,"duration":35,"executor":2},{"id":47,"duration":35,"executor":1},{"id":43,"duration":35,"executor":0},{"id":33,"duration":36,"executor":2},{"id":58,"duration":48,"executor":2},{"id":30,"duration":54,"executor":2},{"id":14,"duration":37,"executor":2},{"id":45,"duration":56,"executor":2},{"id":8,"duration":51,"executor":2},{"id":20,"duration":39,"executor":1},{"id":19,"duration":39,"executor":0},{"id":5,"duration":37,"executor":2},{"id":41,"duration":34,"executor":1},{"id":28,"duration":33,"executor":0},{"id":1,"duration":76,"executor":2},{"id":11,"duration":37,"executor":2},{"id":27,"duration":36,"executor":2},{"id":9,"duration":35,"executor":0},{"id":6,"duration":40,"executor":0},{"id":48,"duration":34,"executor":0},{"id":55,"duration":37,"executor":2},{"id":22,"duration":33,"executor":0},{"id":46,"duration":42,"executor":0},{"id":2,"duration":58,"executor":0},{"id":31,"duration":60,"executor":0},{"id":17,"duration":73,"executor":2},{"id":21,"duration":39,"executor":2},{"id":56,"duration":34,"executor":0},{"id":4,"duration":37,"executor":1},{"id":16,"duration":63,"executor":0},{"id":42,"duration":36,"executor":2},{"id":40,"duration":43,"executor":0},{"id":18,"duration":66,"executor":1},{"id":34,"duration":40,"executor":0},{"id":53,"duration":53,"executor":1},{"id":23,"duration":52,"executor":1},{"id":29,"duration":50,"executor":1},{"id":13,"duration":42,"executor":1},{"id":10,"duration":49,"executor":1},{"id":37,"duration":45,"executor":0},{"id":0,"duration":73,"executor":1},{"id":26,"duration":35,"executor":1},{"id":57,"duration":35,"executor":1},{"id":12,"duration":33,"executor":0},{"id":35,"duration":34,"executor":1},{"id":3,"duration":40,"executor":0},{"id":39,"duration":44,"executor":2},{"id":51,"duration":33,"executor":0},{"id":54,"duration":34,"executor":0},{"id":50,"duration":36,"executor":1}],"rdds":[70,71,72,73,74,75,76,77],"parents":[17],"accIds":[783,802,803,804,805,806,807,809,810,812,813,814,815,816,817,818,821,822,823,825,826,827,836,891,892,893,894,895,896,897,898,899,1022,1023,1024,1025,1026,1027,1031,1033,1034,1035,1036,1037,1038,1039,1040,1041,1042,1043,1044,1045,1046,1047,1048,1049,1050,1051,1052,1053,1054]},{"id":19,"isQueryResult":true,"tasks":[{"id":41,"duration":14,"executor":2},{"id":29,"duration":27,"executor":2},{"id":46,"duration":39,"executor":0},{"id":38,"duration":36,"executor":2},{"id":28,"duration":27,"executor":0},{"id":59,"duration":12,"executor":2},{"id":20,"duration":12,"executor":0},{"id":44,"duration":14,"executor":0},{"id":35,"duration":49,"executor":2},{"id":40,"duration":14,"executor":0},{"id":9,"duration":20,"executor":0},{"id":42,"duration":15,"executor":1},{"id":22,"duration":13,"executor":1},{"id":36,"duration":40,"executor":1},{"id":2,"duration":19,"executor":2},{"id":11,"duration":14,"executor":1},{"id":30,"duration":12,"executor":1},{"id":25,"duration":41,"executor":2},{"id":8,"duration":15,"executor":1},{"id":53,"duration":24,"executor":0},{"id":37,"duration":71,"executor":0},{"id":21,"duration":14,"executor":2},{"id":43,"duration":17,"executor":2},{"id":14,"duration":39,"executor":1},{"id":45,"duration":14,"executor":1},{"id":7,"duration":20,"executor":2},{"id":5,"duration":13,"executor":2},{"id":58,"duration":14,"executor":1},{"id":1,"duration":19,"executor":1},{"id":4,"duration":14,"executor":1},{"id":19,"duration":13,"executor":2},{"id":50,"duration":12,"executor":0},{"id":13,"duration":29,"executor":2},{"id":48,"duration":35,"executor":1},{"id":52,"duration":35,"executor":2},{"id":26,"duration":34,"executor":0},{"id":24,"duration":41,"executor":1},{"id":54,"duration":16,"executor":1},{"id":57,"duration":15,"executor":0},{"id":18,"duration":14,"executor":1},{"id":10,"duration":13,"executor":2},{"id":16,"duration":15,"executor":2},{"id":17,"duration":12,"executor":0},{"id":47,"duration":35,"executor":2},{"id":56,"duration":12,"executor":2},{"id":27,"duration":54,"executor":1},{"id":39,"duration":38,"executor":1},{"id":12,"duration":14,"executor":0},{"id":32,"duration":12,"executor":2},{"id":6,"duration":11,"executor":0},{"id":51,"duration":32,"executor":1},{"id":34,"duration":15,"executor":0},{"id":15,"duration":28,"executor":0},{"id":3,"duration":10,"executor":0},{"id":33,"duration":16,"executor":1},{"id":0,"duration":15,"executor":0},{"id":31,"duration":13,"executor":0},{"id":49,"duration":28,"executor":2},{"id":55,"duration":14,"executor":0},{"id":23,"duration":12,"executor":0}],"rdds":[78,79,80,81],"parents":[18],"accIds":[776,777,778,780,781,785,786,787,789,790,791,800,1057,1058,1059,1060,1061,1066,1068,1069,1070,1071,1072,1073,1074,1075,1076,1077,1078,1079,1080,1081,1082,1083,1084]}]},"sqlPlan":{ "nodeName":"TakeOrderedAndProject", "description":"TakeOrderedAndProject(limit=20, orderBy=[revenue#284 DESC NULLS LAST], output=[c_custkey#236L,c_name#237,revenue#284,c_acctbal#241,n_name#254,c_address#238,c_phone#240,c_comment#243])", "metadata":{}, "metrics":[{"metricName":"shuffle records written","value":0,"accId":774},{"metricName":"local merged chunks fetched","value":0,"accId":768},{"metricName":"shuffle write time","value":0,"accId":775},{"metricName":"remote merged bytes read","value":0,"accId":769},{"metricName":"local merged blocks fetched","value":0,"accId":766},{"metricName":"corrupt merged block chunks","value":0,"accId":763},{"metricName":"remote merged reqs duration","value":0,"accId":772},{"metricName":"remote merged blocks fetched","value":0,"accId":765},{"metricName":"records read","value":0,"accId":762},{"metricName":"local bytes read","value":0,"accId":760},{"metricName":"fetch wait time","value":0,"accId":761},{"metricName":"remote bytes read","value":0,"accId":758},{"metricName":"merged fetch fallback count","value":0,"accId":764},{"metricName":"local blocks read","value":0,"accId":757},{"metricName":"remote merged chunks fetched","value":0,"accId":767},{"metricName":"remote blocks read","value":0,"accId":756},{"metricName":"local merged bytes read","value":0,"accId":770},{"metricName":"remote reqs duration","value":0,"accId":771},{"metricName":"remote bytes read to disk","value":0,"accId":759},{"metricName":"shuffle bytes written","value":0,"accId":773}], "children":[{ "nodeName":"WholeStageCodegen (9)", "description":"WholeStageCodegen (9)", "metadata":{}, "metrics":[{"metricName":"duration","value":575,"accId":776}], "children":[{ "nodeName":"HashAggregate", "description":"HashAggregate(keys=[c_custkey#236L, c_name#237, c_acctbal#241, c_phone#240, n_name#254, c_address#238, c_comment#243], functions=[sum((l_extendedprice#14 * (1 - l_discount#15)))])", "metadata":{}, "metrics":[{"metricName":"spill size","value":0,"accId":779},{"metricName":"time in aggregation build","value":414,"accId":780},{"metricName":"peak memory","value":4042259520,"accId":778},{"metricName":"number of output rows","value":37967,"accId":777},{"metricName":"number of sort fallback tasks","value":0,"accId":782},{"metricName":"avg hash probes per key","value":600,"accId":781}], "children":[{ "nodeName":"InputAdapter", "description":"InputAdapter", "metadata":{}, "metrics":[], "children":[{ "nodeName":"Exchange", "description":"Exchange hashpartitioning(c_custkey#236L, c_name#237, c_acctbal#241, c_phone#240, n_name#254, c_address#238, c_comment#243, 60), ENSURE_REQUIREMENTS, [plan_id=568]", "metadata":{}, "metrics":[{"metricName":"shuffle records written","value":48811,"accId":803},{"metricName":"local merged chunks fetched","value":0,"accId":797},{"metricName":"shuffle write time","value":441699932,"accId":804},{"metricName":"remote merged bytes read","value":0,"accId":798},{"metricName":"local merged blocks fetched","value":0,"accId":795},{"metricName":"corrupt merged block chunks","value":0,"accId":792},{"metricName":"remote merged reqs duration","value":0,"accId":801},{"metricName":"remote merged blocks fetched","value":0,"accId":794},{"metricName":"records read","value":48811,"accId":791},{"metricName":"local bytes read","value":2640088,"accId":789},{"metricName":"fetch wait time","value":201,"accId":790},{"metricName":"remote bytes read","value":5335011,"accId":787},{"metricName":"merged fetch fallback count","value":0,"accId":793},{"metricName":"local blocks read","value":1203,"accId":786},{"metricName":"remote merged chunks fetched","value":0,"accId":796},{"metricName":"remote blocks read","value":2397,"accId":785},{"metricName":"data size","value":12215264,"accId":783},{"metricName":"local merged bytes read","value":0,"accId":799},{"metricName":"number of partitions","value":60,"accId":784},{"metricName":"remote reqs duration","value":795,"accId":800},{"metricName":"remote bytes read to disk","value":0,"accId":788},{"metricName":"shuffle bytes written","value":7975099,"accId":802}], "children":[{ "nodeName":"WholeStageCodegen (8)", "description":"WholeStageCodegen (8)", "metadata":{}, "metrics":[{"metricName":"duration","value":1546,"accId":805}], "children":[{ "nodeName":"HashAggregate", "description":"HashAggregate(keys=[c_custkey#236L, c_name#237, c_acctbal#241, c_phone#240, n_name#254, c_address#238, c_comment#243], functions=[partial_sum((l_extendedprice#14 * (1 - l_discount#15)))])", "metadata":{}, "metrics":[{"metricName":"spill size","value":0,"accId":808},{"metricName":"time in aggregation build","value":1137,"accId":809},{"metricName":"peak memory","value":4042259520,"accId":807},{"metricName":"number of output rows","value":48811,"accId":806},{"metricName":"number of sort fallback tasks","value":0,"accId":811},{"metricName":"avg hash probes per key","value":600,"accId":810}], "children":[{ "nodeName":"Project", "description":"Project [c_custkey#236L, c_name#237, c_address#238, c_phone#240, c_acctbal#241, c_comment#243, l_extendedprice#14, l_discount#15, n_name#254]", "metadata":{}, "metrics":[], "children":[{ "nodeName":"BroadcastHashJoin", "description":"BroadcastHashJoin [c_nationkey#239L], [n_nationkey#253L], Inner, BuildRight, false", "metadata":{}, "metrics":[{"metricName":"number of output rows","value":114705,"accId":812}], "children":[{ "nodeName":"Project", "description":"Project [c_custkey#236L, c_name#237, c_address#238, c_nationkey#239L, c_phone#240, c_acctbal#241, c_comment#243, l_extendedprice#14, l_discount#15]", "metadata":{}, "metrics":[], "children":[{ "nodeName":"SortMergeJoin", "description":"SortMergeJoin [o_orderkey#244L], [l_orderkey#9L], Inner", "metadata":{}, "metrics":[{"metricName":"number of output rows","value":114705,"accId":813},{"metricName":"spill size","value":0,"accId":814}], "children":[{ "nodeName":"InputAdapter", "description":"InputAdapter", "metadata":{}, "metrics":[], "children":[{ "nodeName":"WholeStageCodegen (5)", "description":"WholeStageCodegen (5)", "metadata":{}, "metrics":[{"metricName":"duration","value":1356,"accId":815}], "children":[{ "nodeName":"Sort", "description":"Sort [o_orderkey#244L ASC NULLS FIRST], false, 0", "metadata":{}, "metrics":[{"metricName":"sort time","value":0,"accId":816},{"metricName":"peak memory","value":4030463040,"accId":817},{"metricName":"spill size","value":0,"accId":818}], "children":[{ "nodeName":"InputAdapter", "description":"InputAdapter", "metadata":{}, "metrics":[], "children":[{ "nodeName":"Exchange", "description":"Exchange hashpartitioning(o_orderkey#244L, 60), ENSURE_REQUIREMENTS, [plan_id=544]", "metadata":{}, "metrics":[{"metricName":"shuffle records written","value":57069,"accId":839},{"metricName":"local merged chunks fetched","value":0,"accId":833},{"metricName":"shuffle write time","value":507125010,"accId":840},{"metricName":"remote merged bytes read","value":0,"accId":834},{"metricName":"local merged blocks fetched","value":0,"accId":831},{"metricName":"corrupt merged block chunks","value":0,"accId":828},{"metricName":"remote merged reqs duration","value":0,"accId":837},{"metricName":"remote merged blocks fetched","value":0,"accId":830},{"metricName":"records read","value":57069,"accId":827},{"metricName":"local bytes read","value":2814332,"accId":825},{"metricName":"fetch wait time","value":115,"accId":826},{"metricName":"remote bytes read","value":5605439,"accId":823},{"metricName":"merged fetch fallback count","value":0,"accId":829},{"metricName":"local blocks read","value":1200,"accId":822},{"metricName":"remote merged chunks fetched","value":0,"accId":832},{"metricName":"remote blocks read","value":2400,"accId":821},{"metricName":"data size","value":12346920,"accId":819},{"metricName":"local merged bytes read","value":0,"accId":835},{"metricName":"number of partitions","value":60,"accId":820},{"metricName":"remote reqs duration","value":679,"accId":836},{"metricName":"remote bytes read to disk","value":0,"accId":824},{"metricName":"shuffle bytes written","value":8419771,"accId":838}], "children":[{ "nodeName":"WholeStageCodegen (4)", "description":"WholeStageCodegen (4)", "metadata":{}, "metrics":[{"metricName":"duration","value":910,"accId":841}], "children":[{ "nodeName":"Project", "description":"Project [c_custkey#236L, c_name#237, c_address#238, c_nationkey#239L, c_phone#240, c_acctbal#241, c_comment#243, o_orderkey#244L]", "metadata":{}, "metrics":[], "children":[{ "nodeName":"SortMergeJoin", "description":"SortMergeJoin [c_custkey#236L], [o_custkey#245L], Inner", "metadata":{}, "metrics":[{"metricName":"number of output rows","value":57069,"accId":842},{"metricName":"spill size","value":0,"accId":843}], "children":[{ "nodeName":"InputAdapter", "description":"InputAdapter", "metadata":{}, "metrics":[], "children":[{ "nodeName":"WholeStageCodegen (1)", "description":"WholeStageCodegen (1)", "metadata":{}, "metrics":[{"metricName":"duration","value":275,"accId":844}], "children":[{ "nodeName":"Sort", "description":"Sort [c_custkey#236L ASC NULLS FIRST], false, 0", "metadata":{}, "metrics":[{"metricName":"sort time","value":0,"accId":845},{"metricName":"peak memory","value":4034395200,"accId":846},{"metricName":"spill size","value":0,"accId":847}], "children":[{ "nodeName":"Filter", "description":"Filter (isnotnull(c_custkey#236L) AND isnotnull(c_nationkey#239L))", "metadata":{}, "metrics":[{"metricName":"number of output rows","value":150000,"accId":848}], "children":[{ "nodeName":"ColumnarToRow", "description":"ColumnarToRow", "metadata":{}, "metrics":[{"metricName":"number of output rows","value":150000,"accId":849},{"metricName":"number of input batches","value":60,"accId":850}], "children":[{ "nodeName":"InputAdapter", "description":"InputAdapter", "metadata":{}, "metrics":[], "children":[{ "nodeName":"Scan parquet spark_catalog.tpch.customer", "description":"FileScan parquet spark_catalog.tpch.customer[c_custkey#236L,c_name#237,c_address#238,c_nationkey#239L,c_phone#240,c_acctbal#241,c_comment#243] Batched: true, Bucketed: true, DataFilters: [isnotnull(c_custkey#236L), isnotnull(c_nationkey#239L)], Format: Parquet, Location: InMemoryFileIndex(1 paths)[file:/data/spark-warehouse/tpch.db/customer], PartitionFilters: [], PushedFilters: [IsNotNull(c_custkey), IsNotNull(c_nationkey)], ReadSchema: struct<c_custkey:bigint,c_name:string,c_address:string,c_nationkey:bigint,c_phone:string,c_acctba..., SelectedBucketsCount: 60 out of 60", "metadata":{"Location":"InMemoryFileIndex(1 paths)[file:/data/spark-warehouse/tpch.db/customer]","ReadSchema":"struct<c_custkey:bigint,c_name:string,c_address:string,c_nationkey:bigint,c_phone:string,c_acctbal:decimal(15,2),c_comment:string>","Format":"Parquet","SelectedBucketsCount":"60 out of 60","Batched":"true","PartitionFilters":"[]","PushedFilters":"[IsNotNull(c_custkey), IsNotNull(c_nationkey)]","DataFilters":"[isnotnull(c_custkey#236L), isnotnull(c_nationkey#239L)]","Bucketed":"true"}, "metrics":[{"metricName":"number of files read","value":60,"accId":853},{"metricName":"scan time","value":294,"accId":852},{"metricName":"metadata time","value":0,"accId":854},{"metricName":"size of files read","value":24717733,"accId":855},{"metricName":"number of output rows","value":150000,"accId":851}], "children":[] }] }] }] }] }] }] },{ "nodeName":"InputAdapter", "description":"InputAdapter", "metadata":{}, "metrics":[], "children":[{ "nodeName":"WholeStageCodegen (3)", "description":"WholeStageCodegen (3)", "metadata":{}, "metrics":[{"metricName":"duration","value":1641,"accId":856}], "children":[{ "nodeName":"Sort", "description":"Sort [o_custkey#245L ASC NULLS FIRST], false, 0", "metadata":{}, "metrics":[{"metricName":"sort time","value":0,"accId":857},{"metricName":"peak memory","value":4030463040,"accId":858},{"metricName":"spill size","value":0,"accId":859}], "children":[{ "nodeName":"InputAdapter", "description":"InputAdapter", "metadata":{}, "metrics":[], "children":[{ "nodeName":"Exchange", "description":"Exchange hashpartitioning(o_custkey#245L, 60), ENSURE_REQUIREMENTS, [plan_id=536]", "metadata":{}, "metrics":[{"metricName":"shuffle records written","value":57985,"accId":880},{"metricName":"local merged chunks fetched","value":0,"accId":874},{"metricName":"shuffle write time","value":484935241,"accId":881},{"metricName":"remote merged bytes read","value":0,"accId":875},{"metricName":"local merged blocks fetched","value":0,"accId":872},{"metricName":"corrupt merged block chunks","value":0,"accId":869},{"metricName":"remote merged reqs duration","value":0,"accId":878},{"metricName":"remote merged blocks fetched","value":0,"accId":871},{"metricName":"records read","value":57069,"accId":868},{"metricName":"local bytes read","value":333598,"accId":866},{"metricName":"fetch wait time","value":103,"accId":867},{"metricName":"remote bytes read","value":664214,"accId":864},{"metricName":"merged fetch fallback count","value":0,"accId":870},{"metricName":"local blocks read","value":1200,"accId":863},{"metricName":"remote merged chunks fetched","value":0,"accId":873},{"metricName":"remote blocks read","value":2400,"accId":862},{"metricName":"data size","value":1391640,"accId":860},{"metricName":"local merged bytes read","value":0,"accId":876},{"metricName":"number of partitions","value":60,"accId":861},{"metricName":"remote reqs duration","value":792,"accId":877},{"metricName":"remote bytes read to disk","value":0,"accId":865},{"metricName":"shuffle bytes written","value":1013721,"accId":879}], "children":[{ "nodeName":"WholeStageCodegen (2)", "description":"WholeStageCodegen (2)", "metadata":{}, "metrics":[{"metricName":"duration","value":573,"accId":882}], "children":[{ "nodeName":"Project", "description":"Project [o_orderkey#244L, o_custkey#245L]", "metadata":{}, "metrics":[], "children":[{ "nodeName":"Filter", "description":"Filter ((((isnotnull(o_orderdate#248) AND (o_orderdate#248 >= 1993-10-01)) AND (o_orderdate#248 < 1994-01-01)) AND isnotnull(o_custkey#245L)) AND isnotnull(o_orderkey#244L))", "metadata":{}, "metrics":[{"metricName":"number of output rows","value":57985,"accId":883}], "children":[{ "nodeName":"ColumnarToRow", "description":"ColumnarToRow", "metadata":{}, "metrics":[{"metricName":"number of output rows","value":1524950,"accId":884},{"metricName":"number of input batches","value":427,"accId":885}], "children":[{ "nodeName":"InputAdapter", "description":"InputAdapter", "metadata":{}, "metrics":[], "children":[{ "nodeName":"Scan parquet spark_catalog.tpch.orders", "description":"FileScan parquet spark_catalog.tpch.orders[o_orderkey#244L,o_custkey#245L,o_orderdate#248] Batched: true, Bucketed: false (disabled by query planner), DataFilters: [isnotnull(o_orderdate#248), (o_orderdate#248 >= 1993-10-01), (o_orderdate#248 < 1994-01-01), isn..., Format: Parquet, Location: InMemoryFileIndex(1 paths)[file:/data/spark-warehouse/tpch.db/orders], PartitionFilters: [], PushedFilters: [IsNotNull(o_orderdate), GreaterThanOrEqual(o_orderdate,1993-10-01), LessThan(o_orderdate,1994-01..., ReadSchema: struct<o_orderkey:bigint,o_custkey:bigint,o_orderdate:date>", "metadata":{"Location":"InMemoryFileIndex(1 paths)[file:/data/spark-warehouse/tpch.db/orders]","ReadSchema":"struct<o_orderkey:bigint,o_custkey:bigint,o_orderdate:date>","Format":"Parquet","Batched":"true","PartitionFilters":"[]","PushedFilters":"[IsNotNull(o_orderdate), GreaterThanOrEqual(o_orderdate,1993-10-01), LessThan(o_orderdate,1994-01-01), IsNotNull(o_custkey), IsNotNull(o_orderkey)]","DataFilters":"[isnotnull(o_orderdate#248), (o_orderdate#248 >= 1993-10-01), (o_orderdate#248 < 1994-01-01), isnotnull(o_custkey#245L), isnotnull(o_orderkey#244L)]","Bucketed":"false (disabled by query planner)"}, "metrics":[{"metricName":"number of files read","value":60,"accId":888},{"metricName":"scan time","value":247,"accId":887},{"metricName":"metadata time","value":0,"accId":889},{"metricName":"size of files read","value":121789992,"accId":890},{"metricName":"number of output rows","value":1524950,"accId":886}], "children":[] }] }] }] }] }] }] }] }] }] }] }] }] }] }] }] }] }] }] },{ "nodeName":"InputAdapter", "description":"InputAdapter", "metadata":{}, "metrics":[], "children":[{ "nodeName":"WholeStageCodegen (6)", "description":"WholeStageCodegen (6)", "metadata":{}, "metrics":[{"metricName":"duration","value":151,"accId":891}], "children":[{ "nodeName":"Sort", "description":"Sort [l_orderkey#9L ASC NULLS FIRST], false, 0", "metadata":{}, "metrics":[{"metricName":"sort time","value":0,"accId":892},{"metricName":"peak memory","value":4089445440,"accId":893},{"metricName":"spill size","value":0,"accId":894}], "children":[{ "nodeName":"Project", "description":"Project [l_orderkey#9L, l_extendedprice#14, l_discount#15]", "metadata":{}, "metrics":[], "children":[{ "nodeName":"Filter", "description":"Filter ((isnotnull(l_returnflag#17) AND (l_returnflag#17 = R)) AND isnotnull(l_orderkey#9L))", "metadata":{}, "metrics":[{"metricName":"number of output rows","value":1478870,"accId":895}], "children":[{ "nodeName":"ColumnarToRow", "description":"ColumnarToRow", "metadata":{}, "metrics":[{"metricName":"number of output rows","value":6001215,"accId":896},{"metricName":"number of input batches","value":1500,"accId":897}], "children":[{ "nodeName":"InputAdapter", "description":"InputAdapter", "metadata":{}, "metrics":[], "children":[{ "nodeName":"Scan parquet spark_catalog.tpch.lineitem", "description":"FileScan parquet spark_catalog.tpch.lineitem[l_orderkey#9L,l_extendedprice#14,l_discount#15,l_returnflag#17] Batched: true, Bucketed: true, DataFilters: [isnotnull(l_returnflag#17), (l_returnflag#17 = R), isnotnull(l_orderkey#9L)], Format: Parquet, Location: InMemoryFileIndex(1 paths)[file:/data/spark-warehouse/tpch.db/lineitem], PartitionFilters: [], PushedFilters: [IsNotNull(l_returnflag), EqualTo(l_returnflag,R), IsNotNull(l_orderkey)], ReadSchema: struct<l_orderkey:bigint,l_extendedprice:decimal(15,2),l_discount:decimal(15,2),l_returnflag:string>, SelectedBucketsCount: 60 out of 60", "metadata":{"Location":"InMemoryFileIndex(1 paths)[file:/data/spark-warehouse/tpch.db/lineitem]","ReadSchema":"struct<l_orderkey:bigint,l_extendedprice:decimal(15,2),l_discount:decimal(15,2),l_returnflag:string>","Format":"Parquet","SelectedBucketsCount":"60 out of 60","Batched":"true","PartitionFilters":"[]","PushedFilters":"[IsNotNull(l_returnflag), EqualTo(l_returnflag,R), IsNotNull(l_orderkey)]","DataFilters":"[isnotnull(l_returnflag#17), (l_returnflag#17 = R), isnotnull(l_orderkey#9L)]","Bucketed":"true"}, "metrics":[{"metricName":"number of files read","value":60,"accId":900},{"metricName":"scan time","value":277,"accId":899},{"metricName":"metadata time","value":0,"accId":901},{"metricName":"size of files read","value":365478469,"accId":902},{"metricName":"number of output rows","value":6001215,"accId":898}], "children":[] }] }] }] }] }] }] }] }] }] },{ "nodeName":"InputAdapter", "description":"InputAdapter", "metadata":{}, "metrics":[], "children":[{ "nodeName":"BroadcastExchange", "description":"BroadcastExchange HashedRelationBroadcastMode(List(input[0, bigint, false]),false), [plan_id=562]", "metadata":{}, "metrics":[{"metricName":"time to broadcast","value":1,"accId":907},{"metricName":"time to build","value":1,"accId":906},{"metricName":"time to collect","value":46,"accId":905},{"metricName":"number of output rows","value":25,"accId":904},{"metricName":"data size","value":1048776,"accId":903}], "children":[{ "nodeName":"WholeStageCodegen (7)", "description":"WholeStageCodegen (7)", "metadata":{}, "metrics":[{"metricName":"duration","value":11,"accId":908}], "children":[{ "nodeName":"Filter", "description":"Filter isnotnull(n_nationkey#253L)", "metadata":{}, "metrics":[{"metricName":"number of output rows","value":25,"accId":909}], "children":[{ "nodeName":"ColumnarToRow", "description":"ColumnarToRow", "metadata":{}, "metrics":[{"metricName":"number of output rows","value":25,"accId":910},{"metricName":"number of input batches","value":1,"accId":911}], "children":[{ "nodeName":"InputAdapter", "description":"InputAdapter", "metadata":{}, "metrics":[], "children":[{ "nodeName":"Scan parquet spark_catalog.tpch.nation", "description":"FileScan parquet spark_catalog.tpch.nation[n_nationkey#253L,n_name#254] Batched: true, DataFilters: [isnotnull(n_nationkey#253L)], Format: Parquet, Location: InMemoryFileIndex(1 paths)[file:/data/spark-warehouse/tpch.db/nation], PartitionFilters: [], PushedFilters: [IsNotNull(n_nationkey)], ReadSchema: struct<n_nationkey:bigint,n_name:string>", "metadata":{"Location":"InMemoryFileIndex(1 paths)[file:/data/spark-warehouse/tpch.db/nation]","ReadSchema":"struct<n_nationkey:bigint,n_name:string>","Format":"Parquet","Batched":"true","PartitionFilters":"[]","PushedFilters":"[IsNotNull(n_nationkey)]","DataFilters":"[isnotnull(n_nationkey#253L)]"}, "metrics":[{"metricName":"number of files read","value":1,"accId":914},{"metricName":"scan time","value":11,"accId":913},{"metricName":"metadata time","value":0,"accId":915},{"metricName":"size of files read","value":4008,"accId":916},{"metricName":"number of output rows","value":25,"accId":912}], "children":[] }] }] }] }] }] }] }] }] }] }] }] }] }] }] }] }}]