[{"totalTime":928,"stagePlan":{"stages":[{"id":25,"isQueryResult":false,"tasks":[{"id":33,"duration":24,"executor":0},{"id":18,"duration":31,"executor":2},{"id":22,"duration":24,"executor":0},{"id":40,"duration":24,"executor":2},{"id":28,"duration":23,"executor":0},{"id":14,"duration":34,"executor":2},{"id":38,"duration":25,"executor":1},{"id":1,"duration":67,"executor":2},{"id":21,"duration":27,"executor":2},{"id":29,"duration":25,"executor":1},{"id":42,"duration":24,"executor":0},{"id":47,"duration":24,"executor":1},{"id":59,"duration":23,"executor":1},{"id":16,"duration":23,"executor":0},{"id":36,"duration":23,"executor":0},{"id":26,"duration":25,"executor":1},{"id":49,"duration":24,"executor":2},{"id":48,"duration":27,"executor":0},{"id":41,"duration":25,"executor":1},{"id":54,"duration":33,"executor":0},{"id":19,"duration":24,"executor":0},{"id":8,"duration":43,"executor":2},{"id":4,"duration":24,"executor":0},{"id":46,"duration":25,"executor":2},{"id":55,"duration":25,"executor":2},{"id":24,"duration":26,"executor":2},{"id":7,"duration":30,"executor":1},{"id":12,"duration":31,"executor":2},{"id":31,"duration":26,"executor":2},{"id":30,"duration":23,"executor":0},{"id":15,"duration":49,"executor":1},{"id":51,"duration":24,"executor":0},{"id":10,"duration":54,"executor":1},{"id":5,"duration":31,"executor":2},{"id":23,"duration":30,"executor":1},{"id":57,"duration":26,"executor":2},{"id":50,"duration":25,"executor":1},{"id":2,"duration":51,"executor":1},{"id":52,"duration":25,"executor":2},{"id":39,"duration":23,"executor":0},{"id":17,"duration":24,"executor":0},{"id":45,"duration":23,"executor":0},{"id":53,"duration":27,"executor":1},{"id":25,"duration":24,"executor":0},{"id":56,"duration":24,"executor":1},{"id":44,"duration":25,"executor":1},{"id":32,"duration":25,"executor":1},{"id":0,"duration":55,"executor":0},{"id":34,"duration":25,"executor":2},{"id":11,"duration":23,"executor":0},{"id":20,"duration":30,"executor":1},{"id":13,"duration":24,"executor":0},{"id":35,"duration":26,"executor":1},{"id":27,"duration":27,"executor":2},{"id":43,"duration":25,"executor":2},{"id":3,"duration":36,"executor":1},{"id":58,"duration":22,"executor":0},{"id":9,"duration":23,"executor":0},{"id":6,"duration":23,"executor":0},{"id":37,"duration":25,"executor":2}],"rdds":[100,101,102,103,104,105,106,107,108],"parents":[],"accIds":[1353,1372,1373,1374,1375,1376,1377,1379,1382,1383,1385,1386,1387,1388,1389,1390,1391,1392,1396,1397,1398,1399,1400,1401,1402,1403,1404,1408,1409,1410,1411,1412,1413,1414,1417,1436,1437,1438,1439,1440]},{"id":26,"isQueryResult":false,"tasks":[{"id":58,"duration":6,"executor":2},{"id":28,"duration":5,"executor":1},{"id":47,"duration":5,"executor":1},{"id":34,"duration":5,"executor":0},{"id":50,"duration":5,"executor":1},{"id":3,"duration":4,"executor":0},{"id":0,"duration":10,"executor":0},{"id":56,"duration":5,"executor":0},{"id":46,"duration":5,"executor":0},{"id":12,"duration":6,"executor":0},{"id":10,"duration":7,"executor":2},{"id":18,"duration":5,"executor":2},{"id":1,"duration":6,"executor":0},{"id":16,"duration":5,"executor":1},{"id":7,"duration":5,"executor":1},{"id":14,"duration":5,"executor":0},{"id":30,"duration":5,"executor":0},{"id":45,"duration":5,"executor":2},{"id":29,"duration":6,"executor":2},{"id":33,"duration":5,"executor":1},{"id":59,"duration":5,"executor":0},{"id":42,"duration":5,"executor":2},{"id":35,"duration":6,"executor":2},{"id":24,"duration":5,"executor":0},{"id":2,"duration":9,"executor":1},{"id":31,"duration":5,"executor":1},{"id":25,"duration":5,"executor":1},{"id":27,"duration":5,"executor":0},{"id":9,"duration":5,"executor":1},{"id":26,"duration":5,"executor":2},{"id":13,"duration":5,"executor":1},{"id":54,"duration":4,"executor":0},{"id":21,"duration":5,"executor":0},{"id":44,"duration":6,"executor":1},{"id":15,"duration":6,"executor":2},{"id":38,"duration":5,"executor":1},{"id":48,"duration":5,"executor":0},{"id":36,"duration":4,"executor":1},{"id":55,"duration":5,"executor":2},{"id":6,"duration":7,"executor":2},{"id":22,"duration":6,"executor":2},{"id":37,"duration":5,"executor":0},{"id":52,"duration":6,"executor":2},{"id":5,"duration":5,"executor":0},{"id":40,"duration":5,"executor":0},{"id":11,"duration":15,"executor":1},{"id":23,"duration":4,"executor":1},{"id":19,"duration":5,"executor":1},{"id":53,"duration":6,"executor":1},{"id":43,"duration":5,"executor":0},{"id":32,"duration":5,"executor":2},{"id":39,"duration":5,"executor":2},{"id":49,"duration":5,"executor":2},{"id":51,"duration":5,"executor":0},{"id":17,"duration":5,"executor":0},{"id":4,"duration":6,"executor":2},{"id":8,"duration":5,"executor":0},{"id":41,"duration":5,"executor":1},{"id":20,"duration":16,"executor":2},{"id":57,"duration":5,"executor":1}],"rdds":[109,110,111,112,113],"parents":[25],"accIds":[1346,1347,1348,1350,1351,1355,1356,1357,1359,1360,1361,1370,1443,1444,1445,1446,1447,1452,1454,1455,1456,1457,1458,1459,1460,1461,1462,1463,1464,1465,1466,1467,1468,1469,1470]},{"id":28,"isQueryResult":false,"tasks":[{"id":59,"duration":4,"executor":0},{"id":19,"duration":6,"executor":2},{"id":47,"duration":6,"executor":1},{"id":34,"duration":4,"executor":0},{"id":2,"duration":9,"executor":1},{"id":15,"duration":4,"executor":0},{"id":44,"duration":4,"executor":0},{"id":29,"duration":4,"executor":0},{"id":38,"duration":5,"executor":2},{"id":57,"duration":5,"executor":1},{"id":14,"duration":7,"executor":1},{"id":28,"duration":16,"executor":1},{"id":24,"duration":13,"executor":2},{"id":13,"duration":5,"executor":0},{"id":1,"duration":7,"executor":0},{"id":21,"duration":4,"executor":0},{"id":18,"duration":4,"executor":0},{"id":31,"duration":4,"executor":0},{"id":45,"duration":5,"executor":2},{"id":55,"duration":6,"executor":0},{"id":54,"duration":6,"executor":1},{"id":5,"duration":7,"executor":1},{"id":16,"duration":7,"executor":2},{"id":23,"duration":4,"executor":0},{"id":35,"duration":6,"executor":2},{"id":36,"duration":6,"executor":1},{"id":11,"duration":18,"executor":2},{"id":50,"duration":6,"executor":1},{"id":6,"duration":17,"executor":0},{"id":17,"duration":6,"executor":1},{"id":37,"duration":4,"executor":0},{"id":27,"duration":4,"executor":0},{"id":10,"duration":5,"executor":1},{"id":25,"duration":4,"executor":0},{"id":39,"duration":4,"executor":0},{"id":30,"duration":4,"executor":2},{"id":33,"duration":4,"executor":0},{"id":46,"duration":4,"executor":0},{"id":58,"duration":5,"executor":2},{"id":51,"duration":4,"executor":0},{"id":20,"duration":15,"executor":1},{"id":9,"duration":7,"executor":2},{"id":43,"duration":6,"executor":1},{"id":41,"duration":4,"executor":0},{"id":53,"duration":5,"executor":0},{"id":3,"duration":8,"executor":2},{"id":40,"duration":6,"executor":1},{"id":56,"duration":5,"executor":2},{"id":32,"duration":6,"executor":2},{"id":22,"duration":6,"executor":1},{"id":52,"duration":6,"executor":2},{"id":8,"duration":7,"executor":1},{"id":12,"duration":6,"executor":2},{"id":0,"duration":11,"executor":0},{"id":49,"duration":6,"executor":2},{"id":7,"duration":7,"executor":2},{"id":26,"duration":5,"executor":1},{"id":42,"duration":6,"executor":2},{"id":48,"duration":4,"executor":0},{"id":4,"duration":6,"executor":0}],"rdds":[109,110,114],"parents":[27],"accIds":[1324,1343,1344,1345,1346,1347,1348,1350,1351,1355,1356,1357,1359,1360,1361,1370,1478,1479,1480,1481,1482,1487,1489,1490,1491,1492,1493,1494,1495,1496,1497,1498,1499,1500,1501,1502,1503,1504,1505,1506,1507,1508]},{"id":29,"isQueryResult":true,"tasks":[{"id":0,"duration":10,"executor":2},{"id":1,"duration":10,"executor":1}],"rdds":[115,116,117],"parents":[28],"accIds":[1320,1321,1322,1323,1327,1330,1331,1332,1513,1514,1515,1516,1517,1522,1524,1525,1526,1527,1528,1529,1530,1531,1532,1533,1534,1535,1536,1537,1538,1539,1540]}]},"sqlPlan":{ "nodeName":"WholeStageCodegen (5)", "description":"WholeStageCodegen (5)", "metadata":{}, "metrics":[{"metricName":"duration","value":1,"accId":1320}], "children":[{ "nodeName":"Sort", "description":"Sort [l_shipmode#23 ASC NULLS FIRST], true, 0", "metadata":{}, "metrics":[{"metricName":"sort time","value":0,"accId":1321},{"metricName":"peak memory","value":134348768,"accId":1322},{"metricName":"spill size","value":0,"accId":1323}], "children":[{ "nodeName":"InputAdapter", "description":"InputAdapter", "metadata":{}, "metrics":[], "children":[{ "nodeName":"Exchange", "description":"Exchange rangepartitioning(l_shipmode#23 ASC NULLS FIRST, 60), ENSURE_REQUIREMENTS, [plan_id=852]", "metadata":{}, "metrics":[{"metricName":"shuffle records written","value":2,"accId":1344},{"metricName":"local merged chunks fetched","value":0,"accId":1338},{"metricName":"shuffle write time","value":550197,"accId":1345},{"metricName":"remote merged bytes read","value":0,"accId":1339},{"metricName":"local merged blocks fetched","value":0,"accId":1336},{"metricName":"corrupt merged block chunks","value":0,"accId":1333},{"metricName":"remote merged reqs duration","value":0,"accId":1342},{"metricName":"remote merged blocks fetched","value":0,"accId":1335},{"metricName":"records read","value":2,"accId":1332},{"metricName":"local bytes read","value":154,"accId":1330},{"metricName":"fetch wait time","value":0,"accId":1331},{"metricName":"remote bytes read","value":0,"accId":1328},{"metricName":"merged fetch fallback count","value":0,"accId":1334},{"metricName":"local blocks read","value":2,"accId":1327},{"metricName":"remote merged chunks fetched","value":0,"accId":1337},{"metricName":"remote blocks read","value":0,"accId":1326},{"metricName":"data size","value":80,"accId":1324},{"metricName":"local merged bytes read","value":0,"accId":1340},{"metricName":"number of partitions","value":2,"accId":1325},{"metricName":"remote reqs duration","value":0,"accId":1341},{"metricName":"remote bytes read to disk","value":0,"accId":1329},{"metricName":"shuffle bytes written","value":154,"accId":1343}], "children":[{ "nodeName":"WholeStageCodegen (4)", "description":"WholeStageCodegen (4)", "metadata":{}, "metrics":[{"metricName":"duration","value":76,"accId":1346}], "children":[{ "nodeName":"HashAggregate", "description":"HashAggregate(keys=[l_shipmode#23], functions=[sum(CASE WHEN ((o_orderpriority#249 = 1-URGENT) OR (o_orderpriority#249 = 2-HIGH)) THEN 1 ELSE 0 END), sum(CASE WHEN (NOT (o_orderpriority#249 = 1-URGENT) AND NOT (o_orderpriority#249 = 2-HIGH)) THEN 1 ELSE 0 END)])", "metadata":{}, "metrics":[{"metricName":"spill size","value":0,"accId":1349},{"metricName":"time in aggregation build","value":8,"accId":1350},{"metricName":"peak memory","value":299892672,"accId":1348},{"metricName":"number of output rows","value":4,"accId":1347},{"metricName":"number of sort fallback tasks","value":0,"accId":1352},{"metricName":"avg hash probes per key","value":40,"accId":1351}], "children":[{ "nodeName":"InputAdapter", "description":"InputAdapter", "metadata":{}, "metrics":[], "children":[{ "nodeName":"Exchange", "description":"Exchange hashpartitioning(l_shipmode#23, 60), ENSURE_REQUIREMENTS, [plan_id=848]", "metadata":{}, "metrics":[{"metricName":"shuffle records written","value":120,"accId":1373},{"metricName":"local merged chunks fetched","value":0,"accId":1367},{"metricName":"shuffle write time","value":81471592,"accId":1374},{"metricName":"remote merged bytes read","value":0,"accId":1368},{"metricName":"local merged blocks fetched","value":0,"accId":1365},{"metricName":"corrupt merged block chunks","value":0,"accId":1362},{"metricName":"remote merged reqs duration","value":0,"accId":1371},{"metricName":"remote merged blocks fetched","value":0,"accId":1364},{"metricName":"records read","value":240,"accId":1361},{"metricName":"local bytes read","value":5700,"accId":1359},{"metricName":"fetch wait time","value":0,"accId":1360},{"metricName":"remote bytes read","value":12300,"accId":1357},{"metricName":"merged fetch fallback count","value":0,"accId":1363},{"metricName":"local blocks read","value":76,"accId":1356},{"metricName":"remote merged chunks fetched","value":0,"accId":1366},{"metricName":"remote blocks read","value":164,"accId":1355},{"metricName":"data size","value":4800,"accId":1353},{"metricName":"local merged bytes read","value":0,"accId":1369},{"metricName":"number of partitions","value":60,"accId":1354},{"metricName":"remote reqs duration","value":27,"accId":1370},{"metricName":"remote bytes read to disk","value":0,"accId":1358},{"metricName":"shuffle bytes written","value":9000,"accId":1372}], "children":[{ "nodeName":"WholeStageCodegen (3)", "description":"WholeStageCodegen (3)", "metadata":{}, "metrics":[{"metricName":"duration","value":1222,"accId":1375}], "children":[{ "nodeName":"HashAggregate", "description":"HashAggregate(keys=[l_shipmode#23], functions=[partial_sum(CASE WHEN ((o_orderpriority#249 = 1-URGENT) OR (o_orderpriority#249 = 2-HIGH)) THEN 1 ELSE 0 END), partial_sum(CASE WHEN (NOT (o_orderpriority#249 = 1-URGENT) AND NOT (o_orderpriority#249 = 2-HIGH)) THEN 1 ELSE 0 END)])", "metadata":{}, "metrics":[{"metricName":"spill size","value":0,"accId":1378},{"metricName":"time in aggregation build","value":1063,"accId":1379},{"metricName":"peak memory","value":15728640,"accId":1377},{"metricName":"number of output rows","value":120,"accId":1376},{"metricName":"number of sort fallback tasks","value":0,"accId":1381},{"metricName":"avg hash probes per key","value":0,"accId":1380}], "children":[{ "nodeName":"Project", "description":"Project [o_orderpriority#249, l_shipmode#23]", "metadata":{}, "metrics":[], "children":[{ "nodeName":"SortMergeJoin", "description":"SortMergeJoin [o_orderkey#244L], [l_orderkey#9L], Inner", "metadata":{}, "metrics":[{"metricName":"number of output rows","value":30988,"accId":1382},{"metricName":"spill size","value":0,"accId":1383}], "children":[{ "nodeName":"InputAdapter", "description":"InputAdapter", "metadata":{}, "metrics":[], "children":[{ "nodeName":"WholeStageCodegen (1)", "description":"WholeStageCodegen (1)", "metadata":{}, "metrics":[{"metricName":"duration","value":0,"accId":1384}], "children":[{ "nodeName":"Sort", "description":"Sort [o_orderkey#244L ASC NULLS FIRST], false, 0", "metadata":{}, "metrics":[{"metricName":"sort time","value":0,"accId":1385},{"metricName":"peak memory","value":4089445440,"accId":1386},{"metricName":"spill size","value":0,"accId":1387}], "children":[{ "nodeName":"Filter", "description":"Filter isnotnull(o_orderkey#244L)", "metadata":{}, "metrics":[{"metricName":"number of output rows","value":1500000,"accId":1388}], "children":[{ "nodeName":"ColumnarToRow", "description":"ColumnarToRow", "metadata":{}, "metrics":[{"metricName":"number of output rows","value":1500000,"accId":1389},{"metricName":"number of input batches","value":420,"accId":1390}], "children":[{ "nodeName":"InputAdapter", "description":"InputAdapter", "metadata":{}, "metrics":[], "children":[{ "nodeName":"Scan parquet spark_catalog.tpch.orders", "description":"FileScan parquet spark_catalog.tpch.orders[o_orderkey#244L,o_orderpriority#249] Batched: true, Bucketed: true, DataFilters: [isnotnull(o_orderkey#244L)], Format: Parquet, Location: InMemoryFileIndex(1 paths)[file:/data/spark-warehouse/tpch.db/orders], PartitionFilters: [], PushedFilters: [IsNotNull(o_orderkey)], ReadSchema: struct<o_orderkey:bigint,o_orderpriority:string>, SelectedBucketsCount: 60 out of 60", "metadata":{"Location":"InMemoryFileIndex(1 paths)[file:/data/spark-warehouse/tpch.db/orders]","ReadSchema":"struct<o_orderkey:bigint,o_orderpriority:string>","Format":"Parquet","SelectedBucketsCount":"60 out of 60","Batched":"true","PartitionFilters":"[]","PushedFilters":"[IsNotNull(o_orderkey)]","DataFilters":"[isnotnull(o_orderkey#244L)]","Bucketed":"true"}, "metrics":[{"metricName":"number of files read","value":60,"accId":1393},{"metricName":"scan time","value":174,"accId":1392},{"metricName":"metadata time","value":0,"accId":1394},{"metricName":"size of files read","value":121789992,"accId":1395},{"metricName":"number of output rows","value":1500000,"accId":1391}], "children":[] }] }] }] }] }] }] },{ "nodeName":"InputAdapter", "description":"InputAdapter", "metadata":{}, "metrics":[], "children":[{ "nodeName":"WholeStageCodegen (2)", "description":"WholeStageCodegen (2)", "metadata":{}, "metrics":[{"metricName":"duration","value":2372,"accId":1396}], "children":[{ "nodeName":"Sort", "description":"Sort [l_orderkey#9L ASC NULLS FIRST], false, 0", "metadata":{}, "metrics":[{"metricName":"sort time","value":0,"accId":1397},{"metricName":"peak memory","value":4030463040,"accId":1398},{"metricName":"spill size","value":0,"accId":1399}], "children":[{ "nodeName":"Project", "description":"Project [l_orderkey#9L, l_shipmode#23]", "metadata":{}, "metrics":[], "children":[{ "nodeName":"Filter", "description":"Filter ((((((((isnotnull(l_commitdate#20) AND isnotnull(l_receiptdate#21)) AND isnotnull(l_shipdate#19)) AND l_shipmode#23 IN (MAIL,SHIP)) AND (l_commitdate#20 < l_receiptdate#21)) AND (l_shipdate#19 < l_commitdate#20)) AND (l_receiptdate#21 >= 1994-01-01)) AND (l_receiptdate#21 < 1995-01-01)) AND isnotnull(l_orderkey#9L))", "metadata":{}, "metrics":[{"metricName":"number of output rows","value":30988,"accId":1400}], "children":[{ "nodeName":"ColumnarToRow", "description":"ColumnarToRow", "metadata":{}, "metrics":[{"metricName":"number of output rows","value":6001210,"accId":1401},{"metricName":"number of input batches","value":1500,"accId":1402}], "children":[{ "nodeName":"InputAdapter", "description":"InputAdapter", "metadata":{}, "metrics":[], "children":[{ "nodeName":"Scan parquet spark_catalog.tpch.lineitem", "description":"FileScan parquet spark_catalog.tpch.lineitem[l_orderkey#9L,l_shipdate#19,l_commitdate#20,l_receiptdate#21,l_shipmode#23] Batched: true, Bucketed: true, DataFilters: [isnotnull(l_commitdate#20), isnotnull(l_receiptdate#21), isnotnull(l_shipdate#19), l_shipmode#23..., Format: Parquet, Location: InMemoryFileIndex(1 paths)[file:/data/spark-warehouse/tpch.db/lineitem], PartitionFilters: [], PushedFilters: [IsNotNull(l_commitdate), IsNotNull(l_receiptdate), IsNotNull(l_shipdate), In(l_shipmode, [MAIL,S..., ReadSchema: struct<l_orderkey:bigint,l_shipdate:date,l_commitdate:date,l_receiptdate:date,l_shipmode:string>, SelectedBucketsCount: 60 out of 60", "metadata":{"Location":"InMemoryFileIndex(1 paths)[file:/data/spark-warehouse/tpch.db/lineitem]","ReadSchema":"struct<l_orderkey:bigint,l_shipdate:date,l_commitdate:date,l_receiptdate:date,l_shipmode:string>","Format":"Parquet","SelectedBucketsCount":"60 out of 60","Batched":"true","PartitionFilters":"[]","PushedFilters":"[IsNotNull(l_commitdate), IsNotNull(l_receiptdate), IsNotNull(l_shipdate), In(l_shipmode, [MAIL,SHIP]), GreaterThanOrEqual(l_receiptdate,1994-01-01), LessThan(l_receiptdate,1995-01-01), IsNotNull(l_orderkey)]","DataFilters":"[isnotnull(l_commitdate#20), isnotnull(l_receiptdate#21), isnotnull(l_shipdate#19), l_shipmode#23 IN (MAIL,SHIP), (l_commitdate#20 < l_receiptdate#21), (l_shipdate#19 < l_commitdate#20), (l_receiptdate#21 >= 1994-01-01), (l_receiptdate#21 < 1995-01-01), isnotnull(l_orderkey#9L)]","Bucketed":"true"}, "metrics":[{"metricName":"number of files read","value":60,"accId":1405},{"metricName":"scan time","value":230,"accId":1404},{"metricName":"metadata time","value":0,"accId":1406},{"metricName":"size of files read","value":365478469,"accId":1407},{"metricName":"number of output rows","value":6001210,"accId":1403}], "children":[] }] }] }] }] }] }] }] }] }] }] }] }] }] }] }] }] }] }] }] }}]