[{"totalTime":712,"stagePlan":{"stages":[{"id":33,"isQueryResult":false,"tasks":[{"id":37,"duration":5,"executor":0},{"id":13,"duration":10,"executor":0},{"id":29,"duration":54,"executor":0},{"id":34,"duration":6,"executor":0},{"id":36,"duration":7,"executor":2},{"id":31,"duration":44,"executor":2},{"id":16,"duration":6,"executor":1},{"id":56,"duration":7,"executor":2},{"id":43,"duration":5,"executor":0},{"id":39,"duration":7,"executor":2},{"id":33,"duration":7,"executor":2},{"id":47,"duration":5,"executor":0},{"id":54,"duration":5,"executor":0},{"id":59,"duration":6,"executor":2},{"id":4,"duration":8,"executor":1},{"id":28,"duration":7,"executor":2},{"id":27,"duration":7,"executor":1},{"id":42,"duration":7,"executor":2},{"id":20,"duration":6,"executor":0},{"id":21,"duration":7,"executor":1},{"id":51,"duration":7,"executor":1},{"id":5,"duration":8,"executor":2},{"id":3,"duration":8,"executor":0},{"id":41,"duration":7,"executor":1},{"id":49,"duration":7,"executor":2},{"id":55,"duration":7,"executor":1},{"id":23,"duration":6,"executor":0},{"id":48,"duration":6,"executor":1},{"id":50,"duration":5,"executor":0},{"id":57,"duration":5,"executor":0},{"id":58,"duration":7,"executor":1},{"id":19,"duration":7,"executor":2},{"id":45,"duration":7,"executor":1},{"id":6,"duration":6,"executor":0},{"id":52,"duration":6,"executor":2},{"id":40,"duration":6,"executor":0},{"id":11,"duration":6,"executor":0},{"id":17,"duration":6,"executor":0},{"id":18,"duration":6,"executor":1},{"id":14,"duration":6,"executor":1},{"id":9,"duration":7,"executor":2},{"id":10,"duration":6,"executor":1},{"id":32,"duration":46,"executor":1},{"id":30,"duration":7,"executor":1},{"id":35,"duration":7,"executor":1},{"id":8,"duration":6,"executor":0},{"id":24,"duration":7,"executor":1},{"id":2,"duration":15,"executor":0},{"id":1,"duration":19,"executor":1},{"id":44,"duration":5,"executor":0},{"id":38,"duration":7,"executor":1},{"id":46,"duration":7,"executor":2},{"id":7,"duration":7,"executor":1},{"id":25,"duration":8,"executor":2},{"id":53,"duration":5,"executor":0},{"id":0,"duration":24,"executor":2},{"id":26,"duration":6,"executor":0},{"id":22,"duration":6,"executor":2},{"id":15,"duration":7,"executor":2},{"id":12,"duration":8,"executor":2}],"rdds":[129,130,131,132],"parents":[],"accIds":[1762,1763,1764,1765,1766,1767,1771,1772,1773,1774,1775,1776,1777,1802,1803]},{"id":34,"isQueryResult":false,"tasks":[{"id":29,"duration":10,"executor":1},{"id":16,"duration":11,"executor":2},{"id":1,"duration":41,"executor":0},{"id":31,"duration":9,"executor":0},{"id":52,"duration":14,"executor":2},{"id":34,"duration":10,"executor":2},{"id":27,"duration":11,"executor":2},{"id":23,"duration":10,"executor":1},{"id":56,"duration":10,"executor":2},{"id":22,"duration":12,"executor":2},{"id":35,"duration":8,"executor":0},{"id":54,"duration":10,"executor":2},{"id":15,"duration":11,"executor":0},{"id":24,"duration":26,"executor":0},{"id":6,"duration":10,"executor":0},{"id":58,"duration":8,"executor":0},{"id":40,"duration":11,"executor":2},{"id":41,"duration":9,"executor":0},{"id":45,"duration":9,"executor":0},{"id":47,"duration":11,"executor":1},{"id":37,"duration":11,"executor":2},{"id":38,"duration":9,"executor":0},{"id":9,"duration":11,"executor":1},{"id":53,"duration":24,"executor":1},{"id":49,"duration":11,"executor":2},{"id":19,"duration":12,"executor":2},{"id":55,"duration":9,"executor":0},{"id":43,"duration":11,"executor":2},{"id":4,"duration":27,"executor":0},{"id":44,"duration":9,"executor":0},{"id":26,"duration":25,"executor":1},{"id":39,"duration":11,"executor":1},{"id":28,"duration":11,"executor":0},{"id":10,"duration":11,"executor":2},{"id":33,"duration":9,"executor":0},{"id":18,"duration":9,"executor":0},{"id":20,"duration":10,"executor":1},{"id":51,"duration":21,"executor":0},{"id":5,"duration":16,"executor":0},{"id":3,"duration":9,"executor":0},{"id":11,"duration":11,"executor":1},{"id":57,"duration":10,"executor":1},{"id":46,"duration":11,"executor":2},{"id":42,"duration":18,"executor":1},{"id":17,"duration":10,"executor":1},{"id":50,"duration":11,"executor":1},{"id":8,"duration":17,"executor":0},{"id":13,"duration":10,"executor":0},{"id":36,"duration":10,"executor":1},{"id":14,"duration":11,"executor":1},{"id":25,"duration":17,"executor":2},{"id":2,"duration":116,"executor":2},{"id":59,"duration":8,"executor":0},{"id":32,"duration":10,"executor":1},{"id":48,"duration":9,"executor":0},{"id":21,"duration":10,"executor":0},{"id":12,"duration":13,"executor":2},{"id":0,"duration":114,"executor":1},{"id":7,"duration":10,"executor":0},{"id":30,"duration":11,"executor":2}],"rdds":[133,134,135,136],"parents":[],"accIds":[1719,1738,1739,1740,1741,1742,1745,1748,1749,1750,1751,1752,1753,1806,1807,1808,1809,1810,1811,1815,1834,1835,1836,1837,1838]},{"id":35,"isQueryResult":true,"tasks":[{"id":0,"duration":31,"executor":1}],"rdds":[137,138,139],"parents":[34],"accIds":[1712,1713,1716,1721,1722,1723,1725,1726,1727,1736,1841,1842,1843,1844,1845,1852,1853,1854,1855,1856,1857,1858,1859,1860,1861,1862,1863,1864,1865,1866,1867,1868]}]},"sqlPlan":{ "nodeName":"WholeStageCodegen (3)", "description":"WholeStageCodegen (3)", "metadata":{}, "metrics":[{"metricName":"duration","value":1,"accId":1712}], "children":[{ "nodeName":"HashAggregate", "description":"HashAggregate(keys=[], functions=[sum(CASE WHEN StartsWith(p_type#356, PROMO) THEN (l_extendedprice#14 * (1 - l_discount#15)) ELSE 0.0000 END), sum((l_extendedprice#14 * (1 - l_discount#15)))])", "metadata":{}, "metrics":[{"metricName":"spill size","value":0,"accId":1715},{"metricName":"time in aggregation build","value":1,"accId":1716},{"metricName":"peak memory","value":0,"accId":1714},{"metricName":"number of output rows","value":1,"accId":1713},{"metricName":"number of sort fallback tasks","value":0,"accId":1718},{"metricName":"avg hash probes per key","value":0,"accId":1717}], "children":[{ "nodeName":"InputAdapter", "description":"InputAdapter", "metadata":{}, "metrics":[], "children":[{ "nodeName":"Exchange", "description":"Exchange SinglePartition, ENSURE_REQUIREMENTS, [plan_id=1050]", "metadata":{}, "metrics":[{"metricName":"shuffle records written","value":60,"accId":1739},{"metricName":"local merged chunks fetched","value":0,"accId":1733},{"metricName":"shuffle write time","value":15788479,"accId":1740},{"metricName":"remote merged bytes read","value":0,"accId":1734},{"metricName":"local merged blocks fetched","value":0,"accId":1731},{"metricName":"corrupt merged block chunks","value":0,"accId":1728},{"metricName":"remote merged reqs duration","value":0,"accId":1737},{"metricName":"remote merged blocks fetched","value":0,"accId":1730},{"metricName":"records read","value":60,"accId":1727},{"metricName":"local bytes read","value":1693,"accId":1725},{"metricName":"fetch wait time","value":0,"accId":1726},{"metricName":"remote bytes read","value":4300,"accId":1723},{"metricName":"merged fetch fallback count","value":0,"accId":1729},{"metricName":"local blocks read","value":17,"accId":1722},{"metricName":"remote merged chunks fetched","value":0,"accId":1732},{"metricName":"remote blocks read","value":43,"accId":1721},{"metricName":"data size","value":4320,"accId":1719},{"metricName":"local merged bytes read","value":0,"accId":1735},{"metricName":"number of partitions","value":1,"accId":1720},{"metricName":"remote reqs duration","value":7,"accId":1736},{"metricName":"remote bytes read to disk","value":0,"accId":1724},{"metricName":"shuffle bytes written","value":5993,"accId":1738}], "children":[{ "nodeName":"WholeStageCodegen (2)", "description":"WholeStageCodegen (2)", "metadata":{}, "metrics":[{"metricName":"duration","value":641,"accId":1741}], "children":[{ "nodeName":"HashAggregate", "description":"HashAggregate(keys=[], functions=[partial_sum(CASE WHEN StartsWith(p_type#356, PROMO) THEN (l_extendedprice#14 * (1 - l_discount#15)) ELSE 0.0000 END), partial_sum((l_extendedprice#14 * (1 - l_discount#15)))])", "metadata":{}, "metrics":[{"metricName":"spill size","value":0,"accId":1744},{"metricName":"time in aggregation build","value":428,"accId":1745},{"metricName":"peak memory","value":0,"accId":1743},{"metricName":"number of output rows","value":60,"accId":1742},{"metricName":"number of sort fallback tasks","value":0,"accId":1747},{"metricName":"avg hash probes per key","value":0,"accId":1746}], "children":[{ "nodeName":"Project", "description":"Project [l_extendedprice#14, l_discount#15, p_type#356]", "metadata":{}, "metrics":[], "children":[{ "nodeName":"BroadcastHashJoin", "description":"BroadcastHashJoin [l_partkey#10L], [p_partkey#352L], Inner, BuildRight, false", "metadata":{}, "metrics":[{"metricName":"number of output rows","value":75983,"accId":1748}], "children":[{ "nodeName":"Project", "description":"Project [l_partkey#10L, l_extendedprice#14, l_discount#15]", "metadata":{}, "metrics":[], "children":[{ "nodeName":"Filter", "description":"Filter (((isnotnull(l_shipdate#19) AND (l_shipdate#19 >= 1995-09-01)) AND (l_shipdate#19 < 1995-10-01)) AND isnotnull(l_partkey#10L))", "metadata":{}, "metrics":[{"metricName":"number of output rows","value":75983,"accId":1749}], "children":[{ "nodeName":"ColumnarToRow", "description":"ColumnarToRow", "metadata":{}, "metrics":[{"metricName":"number of output rows","value":6001210,"accId":1750},{"metricName":"number of input batches","value":1500,"accId":1751}], "children":[{ "nodeName":"InputAdapter", "description":"InputAdapter", "metadata":{}, "metrics":[], "children":[{ "nodeName":"Scan parquet spark_catalog.tpch.lineitem", "description":"FileScan parquet spark_catalog.tpch.lineitem[l_partkey#10L,l_extendedprice#14,l_discount#15,l_shipdate#19] Batched: true, Bucketed: false (bucket column(s) not read), DataFilters: [isnotnull(l_shipdate#19), (l_shipdate#19 >= 1995-09-01), (l_shipdate#19 < 1995-10-01), isnotnull..., Format: Parquet, Location: InMemoryFileIndex(1 paths)[file:/data/spark-warehouse/tpch.db/lineitem], PartitionFilters: [], PushedFilters: [IsNotNull(l_shipdate), GreaterThanOrEqual(l_shipdate,1995-09-01), LessThan(l_shipdate,1995-10-01..., ReadSchema: struct<l_partkey:bigint,l_extendedprice:decimal(15,2),l_discount:decimal(15,2),l_shipdate:date>", "metadata":{"Location":"InMemoryFileIndex(1 paths)[file:/data/spark-warehouse/tpch.db/lineitem]","ReadSchema":"struct<l_partkey:bigint,l_extendedprice:decimal(15,2),l_discount:decimal(15,2),l_shipdate:date>","Format":"Parquet","Batched":"true","PartitionFilters":"[]","PushedFilters":"[IsNotNull(l_shipdate), GreaterThanOrEqual(l_shipdate,1995-09-01), LessThan(l_shipdate,1995-10-01), IsNotNull(l_partkey)]","DataFilters":"[isnotnull(l_shipdate#19), (l_shipdate#19 >= 1995-09-01), (l_shipdate#19 < 1995-10-01), isnotnull(l_partkey#10L)]","Bucketed":"false (bucket column(s) not read)"}, "metrics":[{"metricName":"number of files read","value":60,"accId":1754},{"metricName":"scan time","value":238,"accId":1753},{"metricName":"metadata time","value":0,"accId":1755},{"metricName":"size of files read","value":365478469,"accId":1756},{"metricName":"number of output rows","value":6001210,"accId":1752}], "children":[] }] }] }] }] },{ "nodeName":"InputAdapter", "description":"InputAdapter", "metadata":{}, "metrics":[], "children":[{ "nodeName":"BroadcastExchange", "description":"BroadcastExchange HashedRelationBroadcastMode(List(input[0, bigint, false]),false), [plan_id=1044]", "metadata":{}, "metrics":[{"metricName":"time to broadcast","value":21,"accId":1761},{"metricName":"time to build","value":83,"accId":1760},{"metricName":"time to collect","value":204,"accId":1759},{"metricName":"number of output rows","value":200000,"accId":1758},{"metricName":"data size","value":18377216,"accId":1757}], "children":[{ "nodeName":"WholeStageCodegen (1)", "description":"WholeStageCodegen (1)", "metadata":{}, "metrics":[{"metricName":"duration","value":235,"accId":1762}], "children":[{ "nodeName":"Filter", "description":"Filter isnotnull(p_partkey#352L)", "metadata":{}, "metrics":[{"metricName":"number of output rows","value":200000,"accId":1763}], "children":[{ "nodeName":"ColumnarToRow", "description":"ColumnarToRow", "metadata":{}, "metrics":[{"metricName":"number of output rows","value":200000,"accId":1764},{"metricName":"number of input batches","value":60,"accId":1765}], "children":[{ "nodeName":"InputAdapter", "description":"InputAdapter", "metadata":{}, "metrics":[], "children":[{ "nodeName":"Scan parquet spark_catalog.tpch.part", "description":"FileScan parquet spark_catalog.tpch.part[p_partkey#352L,p_type#356] Batched: true, Bucketed: true, DataFilters: [isnotnull(p_partkey#352L)], Format: Parquet, Location: InMemoryFileIndex(1 paths)[file:/data/spark-warehouse/tpch.db/part], PartitionFilters: [], PushedFilters: [IsNotNull(p_partkey)], ReadSchema: struct<p_partkey:bigint,p_type:string>, SelectedBucketsCount: 60 out of 60", "metadata":{"Location":"InMemoryFileIndex(1 paths)[file:/data/spark-warehouse/tpch.db/part]","ReadSchema":"struct<p_partkey:bigint,p_type:string>","Format":"Parquet","SelectedBucketsCount":"60 out of 60","Batched":"true","PartitionFilters":"[]","PushedFilters":"[IsNotNull(p_partkey)]","DataFilters":"[isnotnull(p_partkey#352L)]","Bucketed":"true"}, "metrics":[{"metricName":"number of files read","value":60,"accId":1768},{"metricName":"scan time","value":183,"accId":1767},{"metricName":"metadata time","value":0,"accId":1769},{"metricName":"size of files read","value":15214963,"accId":1770},{"metricName":"number of output rows","value":200000,"accId":1766}], "children":[] }] }] }] }] }] }] }] }] }] }] }] }] }] }] }}]