[{"totalTime":2063,"stagePlan":{"stages":[{"id":45,"isQueryResult":false,"tasks":[{"id":38,"duration":4,"executor":1},{"id":59,"duration":6,"executor":1},{"id":36,"duration":3,"executor":1},{"id":42,"duration":5,"executor":0},{"id":19,"duration":5,"executor":1},{"id":28,"duration":5,"executor":0},{"id":16,"duration":5,"executor":0},{"id":17,"duration":5,"executor":2},{"id":50,"duration":4,"executor":2},{"id":24,"duration":4,"executor":1},{"id":21,"duration":4,"executor":1},{"id":55,"duration":26,"executor":1},{"id":15,"duration":5,"executor":1},{"id":11,"duration":6,"executor":2},{"id":22,"duration":4,"executor":0},{"id":34,"duration":4,"executor":0},{"id":39,"duration":4,"executor":2},{"id":12,"duration":7,"executor":1},{"id":52,"duration":5,"executor":1},{"id":53,"duration":5,"executor":2},{"id":7,"duration":30,"executor":0},{"id":14,"duration":5,"executor":2},{"id":32,"duration":5,"executor":1},{"id":29,"duration":5,"executor":1},{"id":37,"duration":10,"executor":0},{"id":18,"duration":5,"executor":0},{"id":33,"duration":4,"executor":2},{"id":58,"duration":26,"executor":2},{"id":48,"duration":5,"executor":0},{"id":31,"duration":4,"executor":0},{"id":40,"duration":5,"executor":1},{"id":27,"duration":4,"executor":1},{"id":30,"duration":5,"executor":2},{"id":56,"duration":4,"executor":2},{"id":35,"duration":5,"executor":2},{"id":46,"duration":4,"executor":1},{"id":13,"duration":4,"executor":0},{"id":5,"duration":30,"executor":1},{"id":23,"duration":5,"executor":2},{"id":20,"duration":5,"executor":2},{"id":0,"duration":24,"executor":1},{"id":10,"duration":6,"executor":0},{"id":51,"duration":5,"executor":0},{"id":26,"duration":5,"executor":2},{"id":49,"duration":5,"executor":1},{"id":1,"duration":16,"executor":0},{"id":45,"duration":5,"executor":0},{"id":2,"duration":24,"executor":2},{"id":4,"duration":6,"executor":0},{"id":25,"duration":4,"executor":0},{"id":43,"duration":4,"executor":1},{"id":47,"duration":5,"executor":2},{"id":57,"duration":22,"executor":1},{"id":54,"duration":29,"executor":0},{"id":9,"duration":6,"executor":2},{"id":3,"duration":6,"executor":0},{"id":8,"duration":7,"executor":1},{"id":6,"duration":29,"executor":2},{"id":41,"duration":4,"executor":2},{"id":44,"duration":5,"executor":2}],"rdds":[167,168,169,170],"parents":[],"accIds":[2356,2357,2358,2359,2360,2361,2490,2491,2492,2493,2494,2495,2496,2521,2522]},{"id":46,"isQueryResult":false,"tasks":[{"id":18,"duration":20,"executor":0},{"id":21,"duration":21,"executor":0},{"id":31,"duration":21,"executor":2},{"id":53,"duration":22,"executor":2},{"id":26,"duration":20,"executor":0},{"id":46,"duration":21,"executor":0},{"id":27,"duration":21,"executor":1},{"id":9,"duration":32,"executor":0},{"id":56,"duration":21,"executor":1},{"id":16,"duration":26,"executor":2},{"id":4,"duration":49,"executor":0},{"id":34,"duration":21,"executor":2},{"id":38,"duration":20,"executor":0},{"id":36,"duration":20,"executor":1},{"id":6,"duration":25,"executor":1},{"id":11,"duration":25,"executor":1},{"id":12,"duration":26,"executor":2},{"id":47,"duration":21,"executor":2},{"id":44,"duration":21,"executor":2},{"id":35,"duration":19,"executor":0},{"id":7,"duration":25,"executor":2},{"id":15,"duration":21,"executor":0},{"id":58,"duration":20,"executor":0},{"id":3,"duration":25,"executor":1},{"id":22,"duration":22,"executor":2},{"id":30,"duration":20,"executor":1},{"id":54,"duration":21,"executor":1},{"id":14,"duration":24,"executor":1},{"id":49,"duration":20,"executor":0},{"id":59,"duration":19,"executor":1},{"id":33,"duration":20,"executor":1},{"id":25,"duration":21,"executor":2},{"id":50,"duration":21,"executor":2},{"id":55,"duration":20,"executor":0},{"id":57,"duration":21,"executor":2},{"id":24,"duration":21,"executor":1},{"id":17,"duration":21,"executor":1},{"id":29,"duration":19,"executor":0},{"id":52,"duration":20,"executor":0},{"id":10,"duration":26,"executor":2},{"id":13,"duration":21,"executor":0},{"id":8,"duration":24,"executor":1},{"id":0,"duration":65,"executor":0},{"id":40,"duration":20,"executor":0},{"id":19,"duration":23,"executor":2},{"id":43,"duration":20,"executor":0},{"id":42,"duration":20,"executor":1},{"id":1,"duration":63,"executor":2},{"id":41,"duration":21,"executor":2},{"id":45,"duration":20,"executor":1},{"id":51,"duration":21,"executor":1},{"id":20,"duration":22,"executor":1},{"id":2,"duration":59,"executor":1},{"id":23,"duration":21,"executor":0},{"id":28,"duration":23,"executor":2},{"id":39,"duration":20,"executor":1},{"id":5,"duration":27,"executor":2},{"id":32,"duration":20,"executor":0},{"id":48,"duration":21,"executor":1},{"id":37,"duration":22,"executor":2}],"rdds":[171,172,173,174],"parents":[],"accIds":[2453,2472,2473,2474,2475,2476,2477,2479,2480,2482,2483,2484,2485,2486,2525,2526,2527,2528,2529,2534,2553,2554,2555,2556,2557]},{"id":47,"isQueryResult":false,"tasks":[{"id":45,"duration":11,"executor":0},{"id":6,"duration":8,"executor":1},{"id":29,"duration":35,"executor":2},{"id":35,"duration":11,"executor":2},{"id":58,"duration":9,"executor":1},{"id":24,"duration":9,"executor":1},{"id":7,"duration":16,"executor":0},{"id":21,"duration":8,"executor":1},{"id":32,"duration":10,"executor":2},{"id":10,"duration":10,"executor":2},{"id":48,"duration":20,"executor":0},{"id":47,"duration":15,"executor":1},{"id":9,"duration":11,"executor":1},{"id":59,"duration":11,"executor":2},{"id":8,"duration":13,"executor":2},{"id":25,"duration":8,"executor":0},{"id":13,"duration":10,"executor":2},{"id":38,"duration":10,"executor":2},{"id":37,"duration":10,"executor":1},{"id":23,"duration":9,"executor":2},{"id":53,"duration":19,"executor":0},{"id":41,"duration":12,"executor":2},{"id":36,"duration":10,"executor":0},{"id":57,"duration":11,"executor":0},{"id":4,"duration":10,"executor":1},{"id":31,"duration":29,"executor":0},{"id":55,"duration":12,"executor":1},{"id":14,"duration":9,"executor":1},{"id":30,"duration":38,"executor":1},{"id":50,"duration":10,"executor":1},{"id":49,"duration":46,"executor":2},{"id":27,"duration":8,"executor":1},{"id":33,"duration":9,"executor":0},{"id":0,"duration":14,"executor":0},{"id":52,"duration":32,"executor":1},{"id":46,"duration":9,"executor":1},{"id":28,"duration":9,"executor":0},{"id":44,"duration":13,"executor":2},{"id":11,"duration":13,"executor":0},{"id":43,"duration":9,"executor":1},{"id":51,"duration":27,"executor":0},{"id":22,"duration":11,"executor":0},{"id":39,"duration":10,"executor":0},{"id":42,"duration":11,"executor":0},{"id":1,"duration":16,"executor":1},{"id":19,"duration":9,"executor":1},{"id":15,"duration":13,"executor":0},{"id":54,"duration":14,"executor":2},{"id":18,"duration":13,"executor":0},{"id":12,"duration":10,"executor":1},{"id":16,"duration":12,"executor":2},{"id":5,"duration":11,"executor":2},{"id":34,"duration":11,"executor":1},{"id":26,"duration":9,"executor":2},{"id":56,"duration":12,"executor":2},{"id":2,"duration":17,"executor":2},{"id":17,"duration":9,"executor":1},{"id":3,"duration":14,"executor":0},{"id":40,"duration":9,"executor":1},{"id":20,"duration":10,"executor":2}],"rdds":[175,176,177],"parents":[46],"accIds":[2418,2437,2438,2439,2440,2441,2444,2447,2448,2450,2451,2455,2456,2457,2459,2460,2461,2470,2560,2561,2562,2563,2564,2565,2566,2569,2571,2572,2573,2574,2575,2576,2577,2578,2579,2580,2581,2582,2583,2584,2585,2586,2587,2588,2589,2590]},{"id":48,"isQueryResult":false,"tasks":[{"id":0,"duration":20,"executor":2}],"rdds":[178,179,180],"parents":[47],"accIds":[2411,2412,2415,2420,2421,2422,2424,2425,2426,2435,2595,2596,2597,2598,2599,2606,2607,2608,2609,2610,2611,2612,2613,2614,2615,2616,2617,2618,2619,2620,2621,2622]},{"id":49,"isQueryResult":false,"tasks":[{"id":5,"duration":28,"executor":2},{"id":0,"duration":34,"executor":0},{"id":30,"duration":21,"executor":0},{"id":18,"duration":25,"executor":0},{"id":11,"duration":25,"executor":2},{"id":42,"duration":21,"executor":0},{"id":47,"duration":21,"executor":1},{"id":15,"duration":25,"executor":0},{"id":25,"duration":21,"executor":2},{"id":4,"duration":26,"executor":1},{"id":17,"duration":24,"executor":1},{"id":2,"duration":38,"executor":2},{"id":51,"duration":19,"executor":0},{"id":32,"duration":21,"executor":1},{"id":59,"duration":19,"executor":1},{"id":57,"duration":19,"executor":0},{"id":26,"duration":25,"executor":1},{"id":45,"duration":21,"executor":0},{"id":7,"duration":24,"executor":1},{"id":55,"duration":20,"executor":2},{"id":6,"duration":25,"executor":0},{"id":22,"duration":21,"executor":2},{"id":36,"duration":20,"executor":0},{"id":14,"duration":25,"executor":2},{"id":35,"duration":20,"executor":1},{"id":12,"duration":34,"executor":1},{"id":41,"duration":21,"executor":1},{"id":31,"duration":21,"executor":2},{"id":3,"duration":27,"executor":0},{"id":54,"duration":20,"executor":0},{"id":23,"duration":25,"executor":1},{"id":27,"duration":20,"executor":0},{"id":34,"duration":25,"executor":2},{"id":1,"duration":36,"executor":1},{"id":43,"duration":21,"executor":2},{"id":29,"duration":25,"executor":1},{"id":21,"duration":21,"executor":0},{"id":58,"duration":21,"executor":2},{"id":46,"duration":20,"executor":2},{"id":9,"duration":24,"executor":1},{"id":38,"duration":20,"executor":1},{"id":56,"duration":20,"executor":1},{"id":39,"duration":21,"executor":0},{"id":8,"duration":26,"executor":2},{"id":44,"duration":20,"executor":1},{"id":24,"duration":21,"executor":0},{"id":48,"duration":20,"executor":0},{"id":52,"duration":21,"executor":2},{"id":37,"duration":21,"executor":2},{"id":33,"duration":21,"executor":0},{"id":49,"duration":21,"executor":2},{"id":28,"duration":23,"executor":2},{"id":19,"duration":21,"executor":2},{"id":53,"duration":21,"executor":1},{"id":40,"duration":21,"executor":2},{"id":10,"duration":25,"executor":0},{"id":13,"duration":25,"executor":0},{"id":20,"duration":25,"executor":1},{"id":16,"duration":25,"executor":2},{"id":50,"duration":20,"executor":1}],"rdds":[181,182,183,184],"parents":[],"accIds":[2372,2391,2392,2393,2394,2395,2396,2398,2399,2401,2402,2403,2404,2405,2630,2631,2632,2633,2634,2635,2639,2658,2659,2660,2661,2662]},{"id":50,"isQueryResult":false,"tasks":[{"id":46,"duration":12,"executor":1},{"id":17,"duration":8,"executor":2},{"id":3,"duration":9,"executor":0},{"id":0,"duration":30,"executor":1},{"id":36,"duration":9,"executor":0},{"id":22,"duration":9,"executor":0},{"id":30,"duration":13,"executor":1},{"id":50,"duration":9,"executor":0},{"id":11,"duration":10,"executor":2},{"id":18,"duration":9,"executor":1},{"id":4,"duration":9,"executor":0},{"id":59,"duration":9,"executor":1},{"id":15,"duration":10,"executor":1},{"id":19,"duration":9,"executor":0},{"id":43,"duration":9,"executor":1},{"id":53,"duration":27,"executor":0},{"id":47,"duration":12,"executor":2},{"id":55,"duration":11,"executor":2},{"id":48,"duration":9,"executor":0},{"id":27,"duration":25,"executor":1},{"id":44,"duration":14,"executor":2},{"id":49,"duration":10,"executor":1},{"id":10,"duration":10,"executor":0},{"id":13,"duration":10,"executor":0},{"id":57,"duration":12,"executor":2},{"id":14,"duration":9,"executor":2},{"id":6,"duration":9,"executor":1},{"id":54,"duration":13,"executor":1},{"id":32,"duration":10,"executor":2},{"id":9,"duration":10,"executor":1},{"id":45,"duration":12,"executor":0},{"id":26,"duration":9,"executor":2},{"id":33,"duration":9,"executor":0},{"id":5,"duration":9,"executor":2},{"id":23,"duration":10,"executor":2},{"id":31,"duration":9,"executor":0},{"id":2,"duration":18,"executor":0},{"id":52,"duration":30,"executor":1},{"id":28,"duration":24,"executor":0},{"id":56,"duration":11,"executor":0},{"id":37,"duration":9,"executor":1},{"id":58,"duration":9,"executor":0},{"id":38,"duration":8,"executor":2},{"id":20,"duration":9,"executor":2},{"id":39,"duration":9,"executor":0},{"id":51,"duration":33,"executor":2},{"id":21,"duration":10,"executor":1},{"id":25,"duration":9,"executor":0},{"id":16,"duration":9,"executor":0},{"id":42,"duration":10,"executor":0},{"id":12,"duration":9,"executor":1},{"id":29,"duration":29,"executor":2},{"id":40,"duration":9,"executor":1},{"id":34,"duration":9,"executor":1},{"id":8,"duration":9,"executor":2},{"id":35,"duration":9,"executor":2},{"id":41,"duration":12,"executor":2},{"id":24,"duration":10,"executor":1},{"id":1,"duration":29,"executor":2},{"id":7,"duration":10,"executor":0}],"rdds":[185,186,187,188,189],"parents":[49],"accIds":[2349,2350,2365,2366,2367,2369,2370,2374,2375,2376,2378,2379,2380,2389,2665,2666,2667,2668,2669,2670,2674,2676,2677,2678,2679,2680,2681,2682,2683,2684,2685,2686,2687,2688,2689,2690,2691,2692]},{"id":52,"isQueryResult":false,"tasks":[{"id":17,"duration":12,"executor":2},{"id":39,"duration":11,"executor":0},{"id":57,"duration":29,"executor":0},{"id":37,"duration":29,"executor":2},{"id":10,"duration":9,"executor":1},{"id":43,"duration":13,"executor":2},{"id":55,"duration":32,"executor":2},{"id":19,"duration":10,"executor":1},{"id":47,"duration":11,"executor":1},{"id":48,"duration":11,"executor":0},{"id":3,"duration":10,"executor":0},{"id":8,"duration":10,"executor":1},{"id":49,"duration":13,"executor":2},{"id":13,"duration":21,"executor":1},{"id":23,"duration":10,"executor":0},{"id":0,"duration":15,"executor":2},{"id":6,"duration":10,"executor":0},{"id":28,"duration":10,"executor":0},{"id":59,"duration":11,"executor":2},{"id":4,"duration":10,"executor":2},{"id":15,"duration":18,"executor":0},{"id":36,"duration":28,"executor":0},{"id":52,"duration":13,"executor":2},{"id":2,"duration":15,"executor":1},{"id":34,"duration":10,"executor":0},{"id":33,"duration":13,"executor":2},{"id":41,"duration":10,"executor":1},{"id":46,"duration":13,"executor":2},{"id":20,"duration":12,"executor":2},{"id":32,"duration":11,"executor":1},{"id":51,"duration":12,"executor":0},{"id":58,"duration":33,"executor":1},{"id":1,"duration":13,"executor":0},{"id":27,"duration":12,"executor":2},{"id":24,"duration":12,"executor":2},{"id":45,"duration":11,"executor":0},{"id":54,"duration":11,"executor":0},{"id":12,"duration":9,"executor":0},{"id":35,"duration":34,"executor":1},{"id":38,"duration":11,"executor":1},{"id":30,"duration":13,"executor":2},{"id":7,"duration":11,"executor":2},{"id":9,"duration":9,"executor":0},{"id":18,"duration":10,"executor":0},{"id":21,"duration":10,"executor":0},{"id":56,"duration":11,"executor":1},{"id":5,"duration":11,"executor":1},{"id":11,"duration":12,"executor":2},{"id":16,"duration":11,"executor":1},{"id":29,"duration":12,"executor":1},{"id":53,"duration":11,"executor":1},{"id":25,"duration":10,"executor":1},{"id":14,"duration":18,"executor":2},{"id":31,"duration":10,"executor":0},{"id":50,"duration":11,"executor":1},{"id":44,"duration":11,"executor":1},{"id":40,"duration":12,"executor":2},{"id":26,"duration":10,"executor":0},{"id":22,"duration":12,"executor":1},{"id":42,"duration":10,"executor":0}],"rdds":[185,186,190],"parents":[51],"accIds":[2327,2346,2347,2348,2349,2350,2365,2366,2367,2369,2370,2374,2375,2376,2378,2379,2380,2389,2700,2701,2702,2703,2704,2709,2711,2712,2713,2714,2715,2716,2717,2718,2719,2720,2721,2722,2723,2724,2725,2726,2727,2728,2729,2730]},{"id":53,"isQueryResult":true,"tasks":[{"id":0,"duration":18,"executor":0}],"rdds":[191,192,193],"parents":[52],"accIds":[2323,2324,2325,2326,2330,2333,2334,2335,2735,2736,2737,2738,2739,2744,2746,2747,2748,2749,2750,2751,2752,2753,2754,2755,2756,2757,2758,2759,2760,2761,2762]}]},"sqlPlan":{ "nodeName":"WholeStageCodegen (4)", "description":"WholeStageCodegen (4)", "metadata":{}, "metrics":[{"metricName":"duration","value":0,"accId":2323}], "children":[{ "nodeName":"Sort", "description":"Sort [s_suppkey#398L ASC NULLS FIRST], true, 0", "metadata":{}, "metrics":[{"metricName":"sort time","value":0,"accId":2324},{"metricName":"peak memory","value":67174384,"accId":2325},{"metricName":"spill size","value":0,"accId":2326}], "children":[{ "nodeName":"InputAdapter", "description":"InputAdapter", "metadata":{}, "metrics":[], "children":[{ "nodeName":"Exchange", "description":"Exchange rangepartitioning(s_suppkey#398L ASC NULLS FIRST, 60), ENSURE_REQUIREMENTS, [plan_id=1435]", "metadata":{}, "metrics":[{"metricName":"shuffle records written","value":1,"accId":2347},{"metricName":"local merged chunks fetched","value":0,"accId":2341},{"metricName":"shuffle write time","value":351328,"accId":2348},{"metricName":"remote merged bytes read","value":0,"accId":2342},{"metricName":"local merged blocks fetched","value":0,"accId":2339},{"metricName":"corrupt merged block chunks","value":0,"accId":2336},{"metricName":"remote merged reqs duration","value":0,"accId":2345},{"metricName":"remote merged blocks fetched","value":0,"accId":2338},{"metricName":"records read","value":1,"accId":2335},{"metricName":"local bytes read","value":160,"accId":2333},{"metricName":"fetch wait time","value":0,"accId":2334},{"metricName":"remote bytes read","value":0,"accId":2331},{"metricName":"merged fetch fallback count","value":0,"accId":2337},{"metricName":"local blocks read","value":1,"accId":2330},{"metricName":"remote merged chunks fetched","value":0,"accId":2340},{"metricName":"remote blocks read","value":0,"accId":2329},{"metricName":"data size","value":128,"accId":2327},{"metricName":"local merged bytes read","value":0,"accId":2343},{"metricName":"number of partitions","value":1,"accId":2328},{"metricName":"remote reqs duration","value":0,"accId":2344},{"metricName":"remote bytes read to disk","value":0,"accId":2332},{"metricName":"shuffle bytes written","value":160,"accId":2346}], "children":[{ "nodeName":"WholeStageCodegen (3)", "description":"WholeStageCodegen (3)", "metadata":{}, "metrics":[{"metricName":"duration","value":621,"accId":2349}], "children":[{ "nodeName":"Project", "description":"Project [s_suppkey#398L, s_name#399, s_address#400, s_phone#402, total_revenue#490]", "metadata":{}, "metrics":[], "children":[{ "nodeName":"BroadcastHashJoin", "description":"BroadcastHashJoin [s_suppkey#398L], [supplier_no#489L], Inner, BuildLeft, false", "metadata":{}, "metrics":[{"metricName":"number of output rows","value":2,"accId":2350}], "children":[{ "nodeName":"InputAdapter", "description":"InputAdapter", "metadata":{}, "metrics":[], "children":[{ "nodeName":"BroadcastExchange", "description":"BroadcastExchange HashedRelationBroadcastMode(List(input[0, bigint, false]),false), [plan_id=1419]", "metadata":{}, "metrics":[{"metricName":"time to broadcast","value":4,"accId":2355},{"metricName":"time to build","value":25,"accId":2354},{"metricName":"time to collect","value":195,"accId":2353},{"metricName":"number of output rows","value":10000,"accId":2352},{"metricName":"data size","value":2177152,"accId":2351}], "children":[{ "nodeName":"WholeStageCodegen (1)", "description":"WholeStageCodegen (1)", "metadata":{}, "metrics":[{"metricName":"duration","value":150,"accId":2356}], "children":[{ "nodeName":"Filter", "description":"Filter isnotnull(s_suppkey#398L)", "metadata":{}, "metrics":[{"metricName":"number of output rows","value":10000,"accId":2357}], "children":[{ "nodeName":"ColumnarToRow", "description":"ColumnarToRow", "metadata":{}, "metrics":[{"metricName":"number of output rows","value":10000,"accId":2358},{"metricName":"number of input batches","value":60,"accId":2359}], "children":[{ "nodeName":"InputAdapter", "description":"InputAdapter", "metadata":{}, "metrics":[], "children":[{ "nodeName":"Scan parquet spark_catalog.tpch.supplier", "description":"FileScan parquet spark_catalog.tpch.supplier[s_suppkey#398L,s_name#399,s_address#400,s_phone#402] Batched: true, Bucketed: false (disabled by query planner), DataFilters: [isnotnull(s_suppkey#398L)], Format: Parquet, Location: InMemoryFileIndex(1 paths)[file:/data/spark-warehouse/tpch.db/supplier], PartitionFilters: [], PushedFilters: [IsNotNull(s_suppkey)], ReadSchema: struct<s_suppkey:bigint,s_name:string,s_address:string,s_phone:string>", "metadata":{"Location":"InMemoryFileIndex(1 paths)[file:/data/spark-warehouse/tpch.db/supplier]","ReadSchema":"struct<s_suppkey:bigint,s_name:string,s_address:string,s_phone:string>","Format":"Parquet","Batched":"true","PartitionFilters":"[]","PushedFilters":"[IsNotNull(s_suppkey)]","DataFilters":"[isnotnull(s_suppkey#398L)]","Bucketed":"false (disabled by query planner)"}, "metrics":[{"metricName":"number of files read","value":60,"accId":2362},{"metricName":"scan time","value":141,"accId":2361},{"metricName":"metadata time","value":0,"accId":2363},{"metricName":"size of files read","value":1689031,"accId":2364},{"metricName":"number of output rows","value":10000,"accId":2360}], "children":[] }] }] }] }] }] }] },{ "nodeName":"Project", "description":"Project [l_suppkey#11L AS supplier_no#489L, sum((l_extendedprice * (1 - l_discount)))#488 AS total_revenue#490]", "metadata":{}, "metrics":[], "children":[{ "nodeName":"Filter", "description":"Filter (isnotnull(sum((l_extendedprice * (1 - l_discount)))#488) AND (sum((l_extendedprice * (1 - l_discount)))#488 = Subquery scalar-subquery#486, [id=#1373]))", "metadata":{}, "metrics":[{"metricName":"number of output rows","value":2,"accId":2365}], "children":[{ "nodeName":"HashAggregate", "description":"HashAggregate(keys=[l_suppkey#11L], functions=[sum((l_extendedprice#14 * (1 - l_discount#15)))])", "metadata":{}, "metrics":[{"metricName":"spill size","value":0,"accId":2368},{"metricName":"time in aggregation build","value":448,"accId":2369},{"metricName":"peak memory","value":8084519040,"accId":2367},{"metricName":"number of output rows","value":20000,"accId":2366},{"metricName":"number of sort fallback tasks","value":0,"accId":2371},{"metricName":"avg hash probes per key","value":1200,"accId":2370}], "children":[{ "nodeName":"InputAdapter", "description":"InputAdapter", "metadata":{}, "metrics":[], "children":[{ "nodeName":"Exchange", "description":"Exchange hashpartitioning(l_suppkey#11L, 60), ENSURE_REQUIREMENTS, [plan_id=1427]", "metadata":{}, "metrics":[{"metricName":"shuffle records written","value":188352,"accId":2392},{"metricName":"local merged chunks fetched","value":0,"accId":2386},{"metricName":"shuffle write time","value":425442220,"accId":2393},{"metricName":"remote merged bytes read","value":0,"accId":2387},{"metricName":"local merged blocks fetched","value":0,"accId":2384},{"metricName":"corrupt merged block chunks","value":0,"accId":2381},{"metricName":"remote merged reqs duration","value":0,"accId":2390},{"metricName":"remote merged blocks fetched","value":0,"accId":2383},{"metricName":"records read","value":376704,"accId":2380},{"metricName":"local bytes read","value":2471291,"accId":2378},{"metricName":"fetch wait time","value":149,"accId":2379},{"metricName":"remote bytes read","value":4951703,"accId":2376},{"metricName":"merged fetch fallback count","value":0,"accId":2382},{"metricName":"local blocks read","value":2400,"accId":2375},{"metricName":"remote merged chunks fetched","value":0,"accId":2385},{"metricName":"remote blocks read","value":4800,"accId":2374},{"metricName":"data size","value":9040896,"accId":2372},{"metricName":"local merged bytes read","value":0,"accId":2388},{"metricName":"number of partitions","value":60,"accId":2373},{"metricName":"remote reqs duration","value":860,"accId":2389},{"metricName":"remote bytes read to disk","value":0,"accId":2377},{"metricName":"shuffle bytes written","value":3711497,"accId":2391}], "children":[{ "nodeName":"WholeStageCodegen (2)", "description":"WholeStageCodegen (2)", "metadata":{}, "metrics":[{"metricName":"duration","value":710,"accId":2394}], "children":[{ "nodeName":"HashAggregate", "description":"HashAggregate(keys=[l_suppkey#11L], functions=[partial_sum((l_extendedprice#14 * (1 - l_discount#15)))])", "metadata":{}, "metrics":[{"metricName":"spill size","value":0,"accId":2397},{"metricName":"time in aggregation build","value":400,"accId":2398},{"metricName":"peak memory","value":4042259520,"accId":2396},{"metricName":"number of output rows","value":188352,"accId":2395},{"metricName":"number of sort fallback tasks","value":0,"accId":2400},{"metricName":"avg hash probes per key","value":657,"accId":2399}], "children":[{ "nodeName":"Project", "description":"Project [l_suppkey#11L, l_extendedprice#14, l_discount#15]", "metadata":{}, "metrics":[], "children":[{ "nodeName":"Filter", "description":"Filter (((isnotnull(l_shipdate#19) AND (l_shipdate#19 >= 1996-01-01)) AND (l_shipdate#19 < 1996-04-01)) AND isnotnull(l_suppkey#11L))", "metadata":{}, "metrics":[{"metricName":"number of output rows","value":225954,"accId":2401}], "children":[{ "nodeName":"ColumnarToRow", "description":"ColumnarToRow", "metadata":{}, "metrics":[{"metricName":"number of output rows","value":6001210,"accId":2402},{"metricName":"number of input batches","value":1500,"accId":2403}], "children":[{ "nodeName":"InputAdapter", "description":"InputAdapter", "metadata":{}, "metrics":[], "children":[{ "nodeName":"Scan parquet spark_catalog.tpch.lineitem", "description":"FileScan parquet spark_catalog.tpch.lineitem[l_suppkey#11L,l_extendedprice#14,l_discount#15,l_shipdate#19] Batched: true, Bucketed: false (bucket column(s) not read), DataFilters: [isnotnull(l_shipdate#19), (l_shipdate#19 >= 1996-01-01), (l_shipdate#19 < 1996-04-01), isnotnull..., Format: Parquet, Location: InMemoryFileIndex(1 paths)[file:/data/spark-warehouse/tpch.db/lineitem], PartitionFilters: [], PushedFilters: [IsNotNull(l_shipdate), GreaterThanOrEqual(l_shipdate,1996-01-01), LessThan(l_shipdate,1996-04-01..., ReadSchema: struct<l_suppkey:bigint,l_extendedprice:decimal(15,2),l_discount:decimal(15,2),l_shipdate:date>", "metadata":{"Location":"InMemoryFileIndex(1 paths)[file:/data/spark-warehouse/tpch.db/lineitem]","ReadSchema":"struct<l_suppkey:bigint,l_extendedprice:decimal(15,2),l_discount:decimal(15,2),l_shipdate:date>","Format":"Parquet","Batched":"true","PartitionFilters":"[]","PushedFilters":"[IsNotNull(l_shipdate), GreaterThanOrEqual(l_shipdate,1996-01-01), LessThan(l_shipdate,1996-04-01), IsNotNull(l_suppkey)]","DataFilters":"[isnotnull(l_shipdate#19), (l_shipdate#19 >= 1996-01-01), (l_shipdate#19 < 1996-04-01), isnotnull(l_suppkey#11L)]","Bucketed":"false (bucket column(s) not read)"}, "metrics":[{"metricName":"number of files read","value":60,"accId":2406},{"metricName":"scan time","value":166,"accId":2405},{"metricName":"metadata time","value":0,"accId":2407},{"metricName":"size of files read","value":365478469,"accId":2408},{"metricName":"number of output rows","value":6001210,"accId":2404}], "children":[] }] }] }] }] }] }] }] }] }] },{ "nodeName":"Subquery", "description":"Subquery scalar-subquery#486, [id=#1373]", "metadata":{}, "metrics":[{"metricName":"data size","value":32,"accId":2409},{"metricName":"time to collect","value":984,"accId":2410}], "children":[{ "nodeName":"WholeStageCodegen (3)", "description":"WholeStageCodegen (3)", "metadata":{}, "metrics":[{"metricName":"duration","value":1,"accId":2411}], "children":[{ "nodeName":"HashAggregate", "description":"HashAggregate(keys=[], functions=[max(total_revenue#492)])", "metadata":{}, "metrics":[{"metricName":"spill size","value":0,"accId":2414},{"metricName":"time in aggregation build","value":1,"accId":2415},{"metricName":"peak memory","value":0,"accId":2413},{"metricName":"number of output rows","value":1,"accId":2412},{"metricName":"number of sort fallback tasks","value":0,"accId":2417},{"metricName":"avg hash probes per key","value":0,"accId":2416}], "children":[{ "nodeName":"InputAdapter", "description":"InputAdapter", "metadata":{}, "metrics":[], "children":[{ "nodeName":"Exchange", "description":"Exchange SinglePartition, ENSURE_REQUIREMENTS, [plan_id=1369]", "metadata":{}, "metrics":[{"metricName":"shuffle records written","value":60,"accId":2438},{"metricName":"local merged chunks fetched","value":0,"accId":2432},{"metricName":"shuffle write time","value":14617278,"accId":2439},{"metricName":"remote merged bytes read","value":0,"accId":2433},{"metricName":"local merged blocks fetched","value":0,"accId":2430},{"metricName":"corrupt merged block chunks","value":0,"accId":2427},{"metricName":"remote merged reqs duration","value":0,"accId":2436},{"metricName":"remote merged blocks fetched","value":0,"accId":2429},{"metricName":"records read","value":60,"accId":2426},{"metricName":"local bytes read","value":1444,"accId":2424},{"metricName":"fetch wait time","value":0,"accId":2425},{"metricName":"remote bytes read","value":3116,"accId":2422},{"metricName":"merged fetch fallback count","value":0,"accId":2428},{"metricName":"local blocks read","value":19,"accId":2421},{"metricName":"remote merged chunks fetched","value":0,"accId":2431},{"metricName":"remote blocks read","value":41,"accId":2420},{"metricName":"data size","value":1920,"accId":2418},{"metricName":"local merged bytes read","value":0,"accId":2434},{"metricName":"number of partitions","value":1,"accId":2419},{"metricName":"remote reqs duration","value":4,"accId":2435},{"metricName":"remote bytes read to disk","value":0,"accId":2423},{"metricName":"shuffle bytes written","value":4560,"accId":2437}], "children":[{ "nodeName":"WholeStageCodegen (2)", "description":"WholeStageCodegen (2)", "metadata":{}, "metrics":[{"metricName":"duration","value":373,"accId":2440}], "children":[{ "nodeName":"HashAggregate", "description":"HashAggregate(keys=[], functions=[partial_max(total_revenue#492)])", "metadata":{}, "metrics":[{"metricName":"spill size","value":0,"accId":2443},{"metricName":"time in aggregation build","value":365,"accId":2444},{"metricName":"peak memory","value":0,"accId":2442},{"metricName":"number of output rows","value":60,"accId":2441},{"metricName":"number of sort fallback tasks","value":0,"accId":2446},{"metricName":"avg hash probes per key","value":0,"accId":2445}], "children":[{ "nodeName":"HashAggregate", "description":"HashAggregate(keys=[l_suppkey#520L], functions=[sum((l_extendedprice#523 * (1 - l_discount#524)))])", "metadata":{}, "metrics":[{"metricName":"spill size","value":0,"accId":2449},{"metricName":"time in aggregation build","value":268,"accId":2450},{"metricName":"peak memory","value":4042259520,"accId":2448},{"metricName":"number of output rows","value":10000,"accId":2447},{"metricName":"number of sort fallback tasks","value":0,"accId":2452},{"metricName":"avg hash probes per key","value":600,"accId":2451}], "children":[{ "nodeName":"InputAdapter", "description":"InputAdapter", "metadata":{}, "metrics":[], "children":[{ "nodeName":"Exchange", "description":"Exchange hashpartitioning(l_suppkey#520L, 60), ENSURE_REQUIREMENTS, [plan_id=1364]", "metadata":{}, "metrics":[{"metricName":"shuffle records written","value":188352,"accId":2473},{"metricName":"local merged chunks fetched","value":0,"accId":2467},{"metricName":"shuffle write time","value":413003995,"accId":2474},{"metricName":"remote merged bytes read","value":0,"accId":2468},{"metricName":"local merged blocks fetched","value":0,"accId":2465},{"metricName":"corrupt merged block chunks","value":0,"accId":2462},{"metricName":"remote merged reqs duration","value":0,"accId":2471},{"metricName":"remote merged blocks fetched","value":0,"accId":2464},{"metricName":"records read","value":188352,"accId":2461},{"metricName":"local bytes read","value":1242375,"accId":2459},{"metricName":"fetch wait time","value":98,"accId":2460},{"metricName":"remote bytes read","value":2469122,"accId":2457},{"metricName":"merged fetch fallback count","value":0,"accId":2463},{"metricName":"local blocks read","value":1203,"accId":2456},{"metricName":"remote merged chunks fetched","value":0,"accId":2466},{"metricName":"remote blocks read","value":2397,"accId":2455},{"metricName":"data size","value":9040896,"accId":2453},{"metricName":"local merged bytes read","value":0,"accId":2469},{"metricName":"number of partitions","value":60,"accId":2454},{"metricName":"remote reqs duration","value":535,"accId":2470},{"metricName":"remote bytes read to disk","value":0,"accId":2458},{"metricName":"shuffle bytes written","value":3711497,"accId":2472}], "children":[{ "nodeName":"WholeStageCodegen (1)", "description":"WholeStageCodegen (1)", "metadata":{}, "metrics":[{"metricName":"duration","value":739,"accId":2475}], "children":[{ "nodeName":"HashAggregate", "description":"HashAggregate(keys=[l_suppkey#520L], functions=[partial_sum((l_extendedprice#523 * (1 - l_discount#524)))])", "metadata":{}, "metrics":[{"metricName":"spill size","value":0,"accId":2478},{"metricName":"time in aggregation build","value":410,"accId":2479},{"metricName":"peak memory","value":4042259520,"accId":2477},{"metricName":"number of output rows","value":188352,"accId":2476},{"metricName":"number of sort fallback tasks","value":0,"accId":2481},{"metricName":"avg hash probes per key","value":657,"accId":2480}], "children":[{ "nodeName":"Project", "description":"Project [l_suppkey#520L, l_extendedprice#523, l_discount#524]", "metadata":{}, "metrics":[], "children":[{ "nodeName":"Filter", "description":"Filter ((isnotnull(l_shipdate#528) AND (l_shipdate#528 >= 1996-01-01)) AND (l_shipdate#528 < 1996-04-01))", "metadata":{}, "metrics":[{"metricName":"number of output rows","value":225954,"accId":2482}], "children":[{ "nodeName":"ColumnarToRow", "description":"ColumnarToRow", "metadata":{}, "metrics":[{"metricName":"number of output rows","value":6001210,"accId":2483},{"metricName":"number of input batches","value":1500,"accId":2484}], "children":[{ "nodeName":"InputAdapter", "description":"InputAdapter", "metadata":{}, "metrics":[], "children":[{ "nodeName":"Scan parquet spark_catalog.tpch.lineitem", "description":"FileScan parquet spark_catalog.tpch.lineitem[l_suppkey#520L,l_extendedprice#523,l_discount#524,l_shipdate#528] Batched: true, Bucketed: false (bucket column(s) not read), DataFilters: [isnotnull(l_shipdate#528), (l_shipdate#528 >= 1996-01-01), (l_shipdate#528 < 1996-04-01)], Format: Parquet, Location: InMemoryFileIndex(1 paths)[file:/data/spark-warehouse/tpch.db/lineitem], PartitionFilters: [], PushedFilters: [IsNotNull(l_shipdate), GreaterThanOrEqual(l_shipdate,1996-01-01), LessThan(l_shipdate,1996-04-01)], ReadSchema: struct<l_suppkey:bigint,l_extendedprice:decimal(15,2),l_discount:decimal(15,2),l_shipdate:date>", "metadata":{"Location":"InMemoryFileIndex(1 paths)[file:/data/spark-warehouse/tpch.db/lineitem]","ReadSchema":"struct<l_suppkey:bigint,l_extendedprice:decimal(15,2),l_discount:decimal(15,2),l_shipdate:date>","Format":"Parquet","Batched":"true","PartitionFilters":"[]","PushedFilters":"[IsNotNull(l_shipdate), GreaterThanOrEqual(l_shipdate,1996-01-01), LessThan(l_shipdate,1996-04-01)]","DataFilters":"[isnotnull(l_shipdate#528), (l_shipdate#528 >= 1996-01-01), (l_shipdate#528 < 1996-04-01)]","Bucketed":"false (bucket column(s) not read)"}, "metrics":[{"metricName":"number of files read","value":60,"accId":2487},{"metricName":"scan time","value":185,"accId":2486},{"metricName":"metadata time","value":0,"accId":2488},{"metricName":"size of files read","value":365478469,"accId":2489},{"metricName":"number of output rows","value":6001210,"accId":2485}], "children":[] }] }] }] }] }] }] }] }] }] }] }] }] }] }] }] }] }] }] }] }] }] }] }] }] }] }}]