[{"totalTime":2543,"stagePlan":{"stages":[{"id":59,"isQueryResult":false,"tasks":[{"id":54,"duration":6,"executor":1},{"id":9,"duration":5,"executor":0},{"id":6,"duration":5,"executor":0},{"id":33,"duration":5,"executor":0},{"id":39,"duration":6,"executor":0},{"id":32,"duration":6,"executor":1},{"id":41,"duration":5,"executor":1},{"id":47,"duration":6,"executor":1},{"id":24,"duration":6,"executor":1},{"id":10,"duration":5,"executor":1},{"id":55,"duration":5,"executor":2},{"id":2,"duration":18,"executor":2},{"id":49,"duration":5,"executor":2},{"id":45,"duration":5,"executor":0},{"id":51,"duration":5,"executor":0},{"id":48,"duration":5,"executor":0},{"id":59,"duration":5,"executor":0},{"id":3,"duration":6,"executor":0},{"id":52,"duration":5,"executor":2},{"id":50,"duration":6,"executor":1},{"id":0,"duration":16,"executor":1},{"id":13,"duration":4,"executor":1},{"id":27,"duration":6,"executor":2},{"id":20,"duration":5,"executor":0},{"id":22,"duration":5,"executor":2},{"id":46,"duration":6,"executor":2},{"id":15,"duration":5,"executor":1},{"id":43,"duration":5,"executor":2},{"id":30,"duration":5,"executor":2},{"id":17,"duration":5,"executor":0},{"id":5,"duration":7,"executor":2},{"id":35,"duration":5,"executor":1},{"id":8,"duration":6,"executor":2},{"id":14,"duration":5,"executor":0},{"id":19,"duration":6,"executor":2},{"id":58,"duration":6,"executor":2},{"id":34,"duration":6,"executor":2},{"id":31,"duration":5,"executor":0},{"id":53,"duration":5,"executor":0},{"id":44,"duration":7,"executor":1},{"id":29,"duration":5,"executor":0},{"id":7,"duration":4,"executor":1},{"id":12,"duration":6,"executor":2},{"id":28,"duration":6,"executor":1},{"id":21,"duration":7,"executor":1},{"id":37,"duration":5,"executor":2},{"id":40,"duration":6,"executor":2},{"id":23,"duration":5,"executor":0},{"id":1,"duration":14,"executor":0},{"id":42,"duration":6,"executor":0},{"id":57,"duration":4,"executor":1},{"id":36,"duration":5,"executor":0},{"id":25,"duration":5,"executor":2},{"id":4,"duration":5,"executor":1},{"id":18,"duration":6,"executor":1},{"id":11,"duration":4,"executor":0},{"id":16,"duration":5,"executor":2},{"id":26,"duration":5,"executor":0},{"id":38,"duration":6,"executor":1},{"id":56,"duration":4,"executor":0}],"rdds":[216,217,218,219],"parents":[],"accIds":[3160,3161,3162,3163,3164,3165,3217,3218,3219,3220,3221,3248,3249]},{"id":60,"isQueryResult":false,"tasks":[{"id":36,"duration":60,"executor":0},{"id":6,"duration":63,"executor":2},{"id":7,"duration":68,"executor":1},{"id":8,"duration":60,"executor":0},{"id":40,"duration":61,"executor":1},{"id":46,"duration":65,"executor":1},{"id":50,"duration":68,"executor":2},{"id":26,"duration":61,"executor":2},{"id":57,"duration":63,"executor":0},{"id":20,"duration":62,"executor":2},{"id":3,"duration":77,"executor":0},{"id":14,"duration":59,"executor":1},{"id":30,"duration":60,"executor":0},{"id":48,"duration":59,"executor":0},{"id":59,"duration":61,"executor":2},{"id":9,"duration":63,"executor":2},{"id":33,"duration":59,"executor":0},{"id":22,"duration":70,"executor":1},{"id":47,"duration":62,"executor":2},{"id":15,"duration":70,"executor":2},{"id":49,"duration":60,"executor":1},{"id":29,"duration":61,"executor":2},{"id":28,"duration":61,"executor":1},{"id":1,"duration":88,"executor":2},{"id":2,"duration":87,"executor":1},{"id":55,"duration":59,"executor":1},{"id":25,"duration":62,"executor":1},{"id":12,"duration":63,"executor":2},{"id":13,"duration":60,"executor":0},{"id":16,"duration":60,"executor":0},{"id":44,"duration":61,"executor":2},{"id":4,"duration":63,"executor":1},{"id":53,"duration":61,"executor":2},{"id":42,"duration":60,"executor":0},{"id":35,"duration":61,"executor":2},{"id":10,"duration":62,"executor":1},{"id":43,"duration":61,"executor":1},{"id":23,"duration":62,"executor":2},{"id":19,"duration":61,"executor":1},{"id":21,"duration":63,"executor":0},{"id":51,"duration":60,"executor":0},{"id":31,"duration":60,"executor":1},{"id":34,"duration":60,"executor":1},{"id":17,"duration":62,"executor":1},{"id":27,"duration":60,"executor":0},{"id":56,"duration":61,"executor":2},{"id":58,"duration":61,"executor":1},{"id":32,"duration":61,"executor":2},{"id":0,"duration":84,"executor":0},{"id":18,"duration":60,"executor":0},{"id":37,"duration":59,"executor":1},{"id":54,"duration":59,"executor":0},{"id":52,"duration":60,"executor":1},{"id":5,"duration":61,"executor":2},{"id":38,"duration":61,"executor":2},{"id":24,"duration":59,"executor":0},{"id":41,"duration":61,"executor":2},{"id":11,"duration":58,"executor":0},{"id":45,"duration":60,"executor":0},{"id":39,"duration":62,"executor":0}],"rdds":[226,227,228,229],"parents":[],"accIds":[3180,3199,3200,3201,3202,3203,3204,3206,3207,3209,3210,3211,3212,3213,3252,3253,3254,3255,3256,3257,3261,3280,3281,3282,3283,3284]},{"id":61,"isQueryResult":false,"tasks":[{"id":19,"duration":15,"executor":1},{"id":54,"duration":23,"executor":1},{"id":25,"duration":14,"executor":1},{"id":0,"duration":23,"executor":0},{"id":59,"duration":14,"executor":0},{"id":49,"duration":14,"executor":1},{"id":2,"duration":15,"executor":0},{"id":24,"duration":15,"executor":0},{"id":31,"duration":15,"executor":1},{"id":7,"duration":15,"executor":1},{"id":48,"duration":16,"executor":2},{"id":40,"duration":14,"executor":1},{"id":15,"duration":15,"executor":0},{"id":38,"duration":16,"executor":2},{"id":9,"duration":16,"executor":0},{"id":46,"duration":14,"executor":1},{"id":36,"duration":14,"executor":0},{"id":39,"duration":15,"executor":0},{"id":12,"duration":15,"executor":0},{"id":45,"duration":15,"executor":0},{"id":4,"duration":15,"executor":0},{"id":43,"duration":15,"executor":1},{"id":3,"duration":27,"executor":2},{"id":18,"duration":16,"executor":0},{"id":29,"duration":15,"executor":2},{"id":55,"duration":16,"executor":2},{"id":41,"duration":16,"executor":2},{"id":47,"duration":16,"executor":0},{"id":14,"duration":16,"executor":2},{"id":27,"duration":15,"executor":0},{"id":42,"duration":14,"executor":0},{"id":26,"duration":15,"executor":2},{"id":16,"duration":14,"executor":1},{"id":10,"duration":15,"executor":1},{"id":53,"duration":16,"executor":0},{"id":52,"duration":15,"executor":2},{"id":37,"duration":14,"executor":1},{"id":11,"duration":16,"executor":2},{"id":50,"duration":15,"executor":1},{"id":5,"duration":16,"executor":1},{"id":33,"duration":15,"executor":0},{"id":22,"duration":16,"executor":1},{"id":13,"duration":16,"executor":1},{"id":17,"duration":15,"executor":2},{"id":34,"duration":14,"executor":1},{"id":56,"duration":16,"executor":0},{"id":8,"duration":16,"executor":2},{"id":20,"duration":16,"executor":2},{"id":58,"duration":16,"executor":1},{"id":35,"duration":15,"executor":2},{"id":23,"duration":17,"executor":2},{"id":32,"duration":15,"executor":2},{"id":1,"duration":25,"executor":1},{"id":44,"duration":15,"executor":2},{"id":51,"duration":14,"executor":0},{"id":57,"duration":15,"executor":2},{"id":21,"duration":15,"executor":0},{"id":30,"duration":14,"executor":0},{"id":28,"duration":14,"executor":1},{"id":6,"duration":14,"executor":0}],"rdds":[220,221,222,223],"parents":[],"accIds":[3123,3142,3143,3144,3145,3146,3147,3148,3149,3150,3151,3287,3288,3289,3290,3291,3292,3296,3315,3316,3317,3318,3319]},{"id":62,"isQueryResult":false,"tasks":[{"id":25,"duration":36,"executor":0},{"id":2,"duration":42,"executor":0},{"id":0,"duration":55,"executor":2},{"id":19,"duration":37,"executor":0},{"id":57,"duration":36,"executor":1},{"id":11,"duration":39,"executor":1},{"id":29,"duration":39,"executor":1},{"id":1,"duration":61,"executor":1},{"id":39,"duration":38,"executor":2},{"id":44,"duration":35,"executor":1},{"id":50,"duration":35,"executor":1},{"id":46,"duration":35,"executor":0},{"id":45,"duration":34,"executor":2},{"id":59,"duration":35,"executor":0},{"id":12,"duration":34,"executor":0},{"id":9,"duration":50,"executor":0},{"id":28,"duration":36,"executor":0},{"id":35,"duration":36,"executor":1},{"id":55,"duration":36,"executor":0},{"id":18,"duration":44,"executor":2},{"id":8,"duration":40,"executor":1},{"id":32,"duration":35,"executor":1},{"id":21,"duration":34,"executor":2},{"id":40,"duration":35,"executor":0},{"id":15,"duration":34,"executor":0},{"id":48,"duration":34,"executor":2},{"id":31,"duration":36,"executor":0},{"id":34,"duration":36,"executor":0},{"id":54,"duration":34,"executor":2},{"id":58,"duration":40,"executor":2},{"id":33,"duration":35,"executor":2},{"id":41,"duration":36,"executor":1},{"id":52,"duration":35,"executor":0},{"id":56,"duration":7,"executor":1},{"id":30,"duration":34,"executor":2},{"id":6,"duration":43,"executor":0},{"id":16,"duration":37,"executor":1},{"id":38,"duration":33,"executor":1},{"id":17,"duration":8,"executor":2},{"id":53,"duration":35,"executor":1},{"id":3,"duration":37,"executor":0},{"id":36,"duration":35,"executor":2},{"id":23,"duration":36,"executor":1},{"id":24,"duration":35,"executor":2},{"id":26,"duration":35,"executor":1},{"id":22,"duration":39,"executor":0},{"id":27,"duration":35,"executor":2},{"id":13,"duration":34,"executor":1},{"id":7,"duration":39,"executor":2},{"id":10,"duration":49,"executor":2},{"id":51,"duration":34,"executor":2},{"id":43,"duration":35,"executor":0},{"id":4,"duration":44,"executor":2},{"id":47,"duration":35,"executor":1},{"id":14,"duration":36,"executor":2},{"id":49,"duration":35,"executor":0},{"id":20,"duration":35,"executor":1},{"id":37,"duration":40,"executor":0},{"id":5,"duration":44,"executor":1},{"id":42,"duration":35,"executor":2}],"rdds":[224,225,230,231,232,233,234],"parents":[60,61],"accIds":[3088,3107,3108,3109,3110,3111,3114,3117,3118,3119,3120,3121,3122,3125,3126,3127,3129,3130,3131,3140,3170,3171,3172,3173,3174,3175,3177,3178,3182,3183,3184,3186,3187,3188,3197,3322,3323,3324,3325,3326,3327,3331,3333,3334,3335,3336,3337,3338,3339,3340,3341,3342,3343,3344,3345,3346,3347,3348,3349,3350,3351,3352]},{"id":63,"isQueryResult":true,"tasks":[{"id":0,"duration":15,"executor":0}],"rdds":[235,236,237],"parents":[62],"accIds":[3081,3082,3085,3090,3091,3092,3094,3095,3096,3105,3357,3358,3359,3360,3361,3368,3369,3370,3371,3372,3373,3374,3375,3376,3377,3378,3379,3380,3381,3382,3383,3384]}]},"sqlPlan":{ "nodeName":"WholeStageCodegen (7)", "description":"WholeStageCodegen (7)", "metadata":{}, "metrics":[{"metricName":"duration","value":1,"accId":3081}], "children":[{ "nodeName":"HashAggregate", "description":"HashAggregate(keys=[], functions=[sum(l_extendedprice#14)])", "metadata":{}, "metrics":[{"metricName":"spill size","value":0,"accId":3084},{"metricName":"time in aggregation build","value":0,"accId":3085},{"metricName":"peak memory","value":0,"accId":3083},{"metricName":"number of output rows","value":1,"accId":3082},{"metricName":"number of sort fallback tasks","value":0,"accId":3087},{"metricName":"avg hash probes per key","value":0,"accId":3086}], "children":[{ "nodeName":"InputAdapter", "description":"InputAdapter", "metadata":{}, "metrics":[], "children":[{ "nodeName":"Exchange", "description":"Exchange SinglePartition, ENSURE_REQUIREMENTS, [plan_id=1833]", "metadata":{}, "metrics":[{"metricName":"shuffle records written","value":60,"accId":3108},{"metricName":"local merged chunks fetched","value":0,"accId":3102},{"metricName":"shuffle write time","value":14011197,"accId":3109},{"metricName":"remote merged bytes read","value":0,"accId":3103},{"metricName":"local merged blocks fetched","value":0,"accId":3100},{"metricName":"corrupt merged block chunks","value":0,"accId":3097},{"metricName":"remote merged reqs duration","value":0,"accId":3106},{"metricName":"remote merged blocks fetched","value":0,"accId":3099},{"metricName":"records read","value":60,"accId":3096},{"metricName":"local bytes read","value":1523,"accId":3094},{"metricName":"fetch wait time","value":0,"accId":3095},{"metricName":"remote bytes read","value":3056,"accId":3092},{"metricName":"merged fetch fallback count","value":0,"accId":3098},{"metricName":"local blocks read","value":20,"accId":3091},{"metricName":"remote merged chunks fetched","value":0,"accId":3101},{"metricName":"remote blocks read","value":40,"accId":3090},{"metricName":"data size","value":2400,"accId":3088},{"metricName":"local merged bytes read","value":0,"accId":3104},{"metricName":"number of partitions","value":1,"accId":3089},{"metricName":"remote reqs duration","value":5,"accId":3105},{"metricName":"remote bytes read to disk","value":0,"accId":3093},{"metricName":"shuffle bytes written","value":4579,"accId":3107}], "children":[{ "nodeName":"WholeStageCodegen (6)", "description":"WholeStageCodegen (6)", "metadata":{}, "metrics":[{"metricName":"duration","value":1625,"accId":3110}], "children":[{ "nodeName":"HashAggregate", "description":"HashAggregate(keys=[], functions=[partial_sum(l_extendedprice#14)])", "metadata":{}, "metrics":[{"metricName":"spill size","value":0,"accId":3113},{"metricName":"time in aggregation build","value":1614,"accId":3114},{"metricName":"peak memory","value":0,"accId":3112},{"metricName":"number of output rows","value":60,"accId":3111},{"metricName":"number of sort fallback tasks","value":0,"accId":3116},{"metricName":"avg hash probes per key","value":0,"accId":3115}], "children":[{ "nodeName":"Project", "description":"Project [l_extendedprice#14]", "metadata":{}, "metrics":[], "children":[{ "nodeName":"SortMergeJoin", "description":"SortMergeJoin [p_partkey#352L], [l_partkey#612L], Inner, (cast(l_quantity#13 as decimal(21,7)) < (0.2 * avg(l_quantity))#610)", "metadata":{}, "metrics":[{"metricName":"number of output rows","value":587,"accId":3117},{"metricName":"spill size","value":0,"accId":3118}], "children":[{ "nodeName":"InputAdapter", "description":"InputAdapter", "metadata":{}, "metrics":[], "children":[{ "nodeName":"WholeStageCodegen (3)", "description":"WholeStageCodegen (3)", "metadata":{}, "metrics":[{"metricName":"duration","value":1718,"accId":3119}], "children":[{ "nodeName":"Sort", "description":"Sort [p_partkey#352L ASC NULLS FIRST], false, 0", "metadata":{}, "metrics":[{"metricName":"sort time","value":0,"accId":3120},{"metricName":"peak memory","value":4030594112,"accId":3121},{"metricName":"spill size","value":0,"accId":3122}], "children":[{ "nodeName":"InputAdapter", "description":"InputAdapter", "metadata":{}, "metrics":[], "children":[{ "nodeName":"Exchange", "description":"Exchange hashpartitioning(p_partkey#352L, 60), ENSURE_REQUIREMENTS, [plan_id=1812]", "metadata":{}, "metrics":[{"metricName":"shuffle records written","value":6088,"accId":3143},{"metricName":"local merged chunks fetched","value":0,"accId":3137},{"metricName":"shuffle write time","value":295139436,"accId":3144},{"metricName":"remote merged bytes read","value":0,"accId":3138},{"metricName":"local merged blocks fetched","value":0,"accId":3135},{"metricName":"corrupt merged block chunks","value":0,"accId":3132},{"metricName":"remote merged reqs duration","value":0,"accId":3141},{"metricName":"remote merged blocks fetched","value":0,"accId":3134},{"metricName":"records read","value":6220,"accId":3131},{"metricName":"local bytes read","value":88789,"accId":3129},{"metricName":"fetch wait time","value":11,"accId":3130},{"metricName":"remote bytes read","value":174293,"accId":3127},{"metricName":"merged fetch fallback count","value":0,"accId":3133},{"metricName":"local blocks read","value":922,"accId":3126},{"metricName":"remote merged chunks fetched","value":0,"accId":3136},{"metricName":"remote blocks read","value":1820,"accId":3125},{"metricName":"data size","value":194816,"accId":3123},{"metricName":"local merged bytes read","value":0,"accId":3139},{"metricName":"number of partitions","value":60,"accId":3124},{"metricName":"remote reqs duration","value":264,"accId":3140},{"metricName":"remote bytes read to disk","value":0,"accId":3128},{"metricName":"shuffle bytes written","value":256124,"accId":3142}], "children":[{ "nodeName":"WholeStageCodegen (2)", "description":"WholeStageCodegen (2)", "metadata":{}, "metrics":[{"metricName":"duration","value":470,"accId":3145}], "children":[{ "nodeName":"Project", "description":"Project [l_quantity#13, l_extendedprice#14, p_partkey#352L]", "metadata":{}, "metrics":[], "children":[{ "nodeName":"BroadcastHashJoin", "description":"BroadcastHashJoin [l_partkey#10L], [p_partkey#352L], Inner, BuildRight, false", "metadata":{}, "metrics":[{"metricName":"number of output rows","value":6088,"accId":3146}], "children":[{ "nodeName":"Filter", "description":"Filter (isnotnull(l_partkey#10L) AND isnotnull(l_quantity#13))", "metadata":{}, "metrics":[{"metricName":"number of output rows","value":6001215,"accId":3147}], "children":[{ "nodeName":"ColumnarToRow", "description":"ColumnarToRow", "metadata":{}, "metrics":[{"metricName":"number of output rows","value":6001215,"accId":3148},{"metricName":"number of input batches","value":1500,"accId":3149}], "children":[{ "nodeName":"InputAdapter", "description":"InputAdapter", "metadata":{}, "metrics":[], "children":[{ "nodeName":"Scan parquet spark_catalog.tpch.lineitem", "description":"FileScan parquet spark_catalog.tpch.lineitem[l_partkey#10L,l_quantity#13,l_extendedprice#14] Batched: true, Bucketed: false (bucket column(s) not read), DataFilters: [isnotnull(l_partkey#10L), isnotnull(l_quantity#13)], Format: Parquet, Location: InMemoryFileIndex(1 paths)[file:/data/spark-warehouse/tpch.db/lineitem], PartitionFilters: [], PushedFilters: [IsNotNull(l_partkey), IsNotNull(l_quantity)], ReadSchema: struct<l_partkey:bigint,l_quantity:decimal(15,2),l_extendedprice:decimal(15,2)>", "metadata":{"Location":"InMemoryFileIndex(1 paths)[file:/data/spark-warehouse/tpch.db/lineitem]","ReadSchema":"struct<l_partkey:bigint,l_quantity:decimal(15,2),l_extendedprice:decimal(15,2)>","Format":"Parquet","Batched":"true","PartitionFilters":"[]","PushedFilters":"[IsNotNull(l_partkey), IsNotNull(l_quantity)]","DataFilters":"[isnotnull(l_partkey#10L), isnotnull(l_quantity#13)]","Bucketed":"false (bucket column(s) not read)"}, "metrics":[{"metricName":"number of files read","value":60,"accId":3152},{"metricName":"scan time","value":127,"accId":3151},{"metricName":"metadata time","value":0,"accId":3153},{"metricName":"size of files read","value":365478469,"accId":3154},{"metricName":"number of output rows","value":6001215,"accId":3150}], "children":[] }] }] }] },{ "nodeName":"InputAdapter", "description":"InputAdapter", "metadata":{}, "metrics":[], "children":[{ "nodeName":"BroadcastExchange", "description":"BroadcastExchange HashedRelationBroadcastMode(List(input[0, bigint, true]),false), [plan_id=1807]", "metadata":{}, "metrics":[{"metricName":"time to broadcast","value":0,"accId":3159},{"metricName":"time to build","value":2,"accId":3158},{"metricName":"time to collect","value":137,"accId":3157},{"metricName":"number of output rows","value":204,"accId":3156},{"metricName":"data size","value":1056768,"accId":3155}], "children":[{ "nodeName":"WholeStageCodegen (1)", "description":"WholeStageCodegen (1)", "metadata":{}, "metrics":[{"metricName":"duration","value":151,"accId":3160}], "children":[{ "nodeName":"Project", "description":"Project [p_partkey#352L]", "metadata":{}, "metrics":[], "children":[{ "nodeName":"Filter", "description":"Filter ((((isnotnull(p_brand#355) AND isnotnull(p_container#358)) AND (p_brand#355 = Brand#23)) AND (p_container#358 = MED BOX)) AND isnotnull(p_partkey#352L))", "metadata":{}, "metrics":[{"metricName":"number of output rows","value":204,"accId":3161}], "children":[{ "nodeName":"ColumnarToRow", "description":"ColumnarToRow", "metadata":{}, "metrics":[{"metricName":"number of output rows","value":200000,"accId":3162},{"metricName":"number of input batches","value":60,"accId":3163}], "children":[{ "nodeName":"InputAdapter", "description":"InputAdapter", "metadata":{}, "metrics":[], "children":[{ "nodeName":"Scan parquet spark_catalog.tpch.part", "description":"FileScan parquet spark_catalog.tpch.part[p_partkey#352L,p_brand#355,p_container#358] Batched: true, Bucketed: true, DataFilters: [isnotnull(p_brand#355), isnotnull(p_container#358), (p_brand#355 = Brand#23), (p_container#358 =..., Format: Parquet, Location: InMemoryFileIndex(1 paths)[file:/data/spark-warehouse/tpch.db/part], PartitionFilters: [], PushedFilters: [IsNotNull(p_brand), IsNotNull(p_container), EqualTo(p_brand,Brand#23), EqualTo(p_container,MED B..., ReadSchema: struct<p_partkey:bigint,p_brand:string,p_container:string>, SelectedBucketsCount: 60 out of 60", "metadata":{"Location":"InMemoryFileIndex(1 paths)[file:/data/spark-warehouse/tpch.db/part]","ReadSchema":"struct<p_partkey:bigint,p_brand:string,p_container:string>","Format":"Parquet","SelectedBucketsCount":"60 out of 60","Batched":"true","PartitionFilters":"[]","PushedFilters":"[IsNotNull(p_brand), IsNotNull(p_container), EqualTo(p_brand,Brand#23), EqualTo(p_container,MED BOX), IsNotNull(p_partkey)]","DataFilters":"[isnotnull(p_brand#355), isnotnull(p_container#358), (p_brand#355 = Brand#23), (p_container#358 = MED BOX), isnotnull(p_partkey#352L)]","Bucketed":"true"}, "metrics":[{"metricName":"number of files read","value":60,"accId":3166},{"metricName":"scan time","value":133,"accId":3165},{"metricName":"metadata time","value":0,"accId":3167},{"metricName":"size of files read","value":15214963,"accId":3168},{"metricName":"number of output rows","value":200000,"accId":3164}], "children":[] }] }] }] }] }] }] }] }] }] }] }] }] }] }] }] },{ "nodeName":"InputAdapter", "description":"InputAdapter", "metadata":{}, "metrics":[], "children":[{ "nodeName":"WholeStageCodegen (5)", "description":"WholeStageCodegen (5)", "metadata":{}, "metrics":[{"metricName":"duration","value":0,"accId":3169}], "children":[{ "nodeName":"Sort", "description":"Sort [l_partkey#612L ASC NULLS FIRST], false, 0", "metadata":{}, "metrics":[{"metricName":"sort time","value":0,"accId":3170},{"metricName":"peak memory","value":3899915360,"accId":3171},{"metricName":"spill size","value":0,"accId":3172}], "children":[{ "nodeName":"Filter", "description":"Filter isnotnull((0.2 * avg(l_quantity))#610)", "metadata":{}, "metrics":[{"metricName":"number of output rows","value":193263,"accId":3173}], "children":[{ "nodeName":"HashAggregate", "description":"HashAggregate(keys=[l_partkey#612L], functions=[avg(l_quantity#615)])", "metadata":{}, "metrics":[{"metricName":"spill size","value":0,"accId":3176},{"metricName":"time in aggregation build","value":1391,"accId":3177},{"metricName":"peak memory","value":3907517536,"accId":3175},{"metricName":"number of output rows","value":193263,"accId":3174},{"metricName":"number of sort fallback tasks","value":0,"accId":3179},{"metricName":"avg hash probes per key","value":638,"accId":3178}], "children":[{ "nodeName":"InputAdapter", "description":"InputAdapter", "metadata":{}, "metrics":[], "children":[{ "nodeName":"Exchange", "description":"Exchange hashpartitioning(l_partkey#612L, 60), ENSURE_REQUIREMENTS, [plan_id=1822]", "metadata":{}, "metrics":[{"metricName":"shuffle records written","value":4722885,"accId":3200},{"metricName":"local merged chunks fetched","value":0,"accId":3194},{"metricName":"shuffle write time","value":513239511,"accId":3201},{"metricName":"remote merged bytes read","value":0,"accId":3195},{"metricName":"local merged blocks fetched","value":0,"accId":3192},{"metricName":"corrupt merged block chunks","value":0,"accId":3189},{"metricName":"remote merged reqs duration","value":0,"accId":3198},{"metricName":"remote merged blocks fetched","value":0,"accId":3191},{"metricName":"records read","value":4647645,"accId":3188},{"metricName":"local bytes read","value":22238261,"accId":3186},{"metricName":"fetch wait time","value":0,"accId":3187},{"metricName":"remote bytes read","value":42249918,"accId":3184},{"metricName":"merged fetch fallback count","value":0,"accId":3190},{"metricName":"local blocks read","value":1240,"accId":3183},{"metricName":"remote merged chunks fetched","value":0,"accId":3193},{"metricName":"remote blocks read","value":2356,"accId":3182},{"metricName":"data size","value":226698480,"accId":3180},{"metricName":"local merged bytes read","value":0,"accId":3196},{"metricName":"number of partitions","value":60,"accId":3181},{"metricName":"remote reqs duration","value":567,"accId":3197},{"metricName":"remote bytes read to disk","value":0,"accId":3185},{"metricName":"shuffle bytes written","value":64574074,"accId":3199}], "children":[{ "nodeName":"WholeStageCodegen (4)", "description":"WholeStageCodegen (4)", "metadata":{}, "metrics":[{"metricName":"duration","value":2865,"accId":3202}], "children":[{ "nodeName":"HashAggregate", "description":"HashAggregate(keys=[l_partkey#612L], functions=[partial_avg(l_quantity#615)])", "metadata":{}, "metrics":[{"metricName":"spill size","value":0,"accId":3205},{"metricName":"time in aggregation build","value":1533,"accId":3206},{"metricName":"peak memory","value":4278189120,"accId":3204},{"metricName":"number of output rows","value":4722885,"accId":3203},{"metricName":"number of sort fallback tasks","value":0,"accId":3208},{"metricName":"avg hash probes per key","value":900,"accId":3207}], "children":[{ "nodeName":"Filter", "description":"Filter isnotnull(l_partkey#612L)", "metadata":{}, "metrics":[{"metricName":"number of output rows","value":6001215,"accId":3209}], "children":[{ "nodeName":"ColumnarToRow", "description":"ColumnarToRow", "metadata":{}, "metrics":[{"metricName":"number of output rows","value":6001215,"accId":3210},{"metricName":"number of input batches","value":1500,"accId":3211}], "children":[{ "nodeName":"InputAdapter", "description":"InputAdapter", "metadata":{}, "metrics":[], "children":[{ "nodeName":"Scan parquet spark_catalog.tpch.lineitem", "description":"FileScan parquet spark_catalog.tpch.lineitem[l_partkey#612L,l_quantity#615] Batched: true, Bucketed: false (bucket column(s) not read), DataFilters: [isnotnull(l_partkey#612L)], Format: Parquet, Location: InMemoryFileIndex(1 paths)[file:/data/spark-warehouse/tpch.db/lineitem], PartitionFilters: [], PushedFilters: [IsNotNull(l_partkey)], ReadSchema: struct<l_partkey:bigint,l_quantity:decimal(15,2)>", "metadata":{"Location":"InMemoryFileIndex(1 paths)[file:/data/spark-warehouse/tpch.db/lineitem]","ReadSchema":"struct<l_partkey:bigint,l_quantity:decimal(15,2)>","Format":"Parquet","Batched":"true","PartitionFilters":"[]","PushedFilters":"[IsNotNull(l_partkey)]","DataFilters":"[isnotnull(l_partkey#612L)]","Bucketed":"false (bucket column(s) not read)"}, "metrics":[{"metricName":"number of files read","value":60,"accId":3214},{"metricName":"scan time","value":114,"accId":3213},{"metricName":"metadata time","value":0,"accId":3215},{"metricName":"size of files read","value":365478469,"accId":3216},{"metricName":"number of output rows","value":6001215,"accId":3212}], "children":[] }] }] }] }] }] }] }] }] }] }] }] }] }] }] }] }] }] }] }] }] }}]