[{"totalTime":1875,"stagePlan":{"stages":[{"id":66,"isQueryResult":false,"tasks":[{"id":50,"duration":4,"executor":2},{"id":37,"duration":5,"executor":2},{"id":19,"duration":5,"executor":0},{"id":53,"duration":5,"executor":1},{"id":18,"duration":4,"executor":2},{"id":52,"duration":5,"executor":2},{"id":31,"duration":6,"executor":1},{"id":10,"duration":4,"executor":2},{"id":56,"duration":4,"executor":0},{"id":35,"duration":6,"executor":1},{"id":24,"duration":7,"executor":1},{"id":12,"duration":5,"executor":1},{"id":49,"duration":4,"executor":0},{"id":0,"duration":14,"executor":2},{"id":3,"duration":4,"executor":2},{"id":34,"duration":4,"executor":2},{"id":16,"duration":10,"executor":1},{"id":5,"duration":5,"executor":0},{"id":27,"duration":6,"executor":1},{"id":14,"duration":4,"executor":0},{"id":48,"duration":4,"executor":2},{"id":33,"duration":5,"executor":0},{"id":8,"duration":5,"executor":0},{"id":21,"duration":7,"executor":1},{"id":11,"duration":4,"executor":0},{"id":9,"duration":5,"executor":1},{"id":17,"duration":4,"executor":0},{"id":29,"duration":4,"executor":2},{"id":13,"duration":5,"executor":2},{"id":55,"duration":5,"executor":2},{"id":54,"duration":5,"executor":0},{"id":32,"duration":5,"executor":2},{"id":51,"duration":5,"executor":0},{"id":40,"duration":4,"executor":2},{"id":46,"duration":4,"executor":2},{"id":25,"duration":4,"executor":2},{"id":23,"duration":5,"executor":2},{"id":22,"duration":14,"executor":0},{"id":26,"duration":5,"executor":2},{"id":59,"duration":5,"executor":0},{"id":58,"duration":4,"executor":2},{"id":2,"duration":18,"executor":0},{"id":1,"duration":19,"executor":1},{"id":44,"duration":4,"executor":2},{"id":45,"duration":5,"executor":0},{"id":41,"duration":6,"executor":0},{"id":39,"duration":5,"executor":0},{"id":36,"duration":4,"executor":0},{"id":57,"duration":5,"executor":1},{"id":47,"duration":4,"executor":0},{"id":20,"duration":5,"executor":2},{"id":30,"duration":5,"executor":0},{"id":7,"duration":4,"executor":2},{"id":38,"duration":6,"executor":1},{"id":6,"duration":5,"executor":1},{"id":43,"duration":5,"executor":2},{"id":28,"duration":5,"executor":0},{"id":4,"duration":4,"executor":2},{"id":15,"duration":5,"executor":2},{"id":42,"duration":23,"executor":1}],"rdds":[262,263,264,265],"parents":[],"accIds":[3632,3633,3634,3635,3636,3637,3718,3719,3720,3721,3722,3723,3749,3750]},{"id":67,"isQueryResult":true,"tasks":[{"id":17,"duration":83,"executor":0},{"id":15,"duration":90,"executor":1},{"id":29,"duration":39,"executor":2},{"id":58,"duration":83,"executor":0},{"id":39,"duration":40,"executor":1},{"id":2,"duration":121,"executor":2},{"id":3,"duration":47,"executor":2},{"id":1,"duration":262,"executor":0},{"id":56,"duration":40,"executor":2},{"id":37,"duration":40,"executor":0},{"id":44,"duration":86,"executor":0},{"id":53,"duration":83,"executor":1},{"id":27,"duration":131,"executor":0},{"id":55,"duration":40,"executor":0},{"id":45,"duration":84,"executor":2},{"id":36,"duration":44,"executor":2},{"id":0,"duration":226,"executor":1},{"id":43,"duration":105,"executor":1},{"id":42,"duration":106,"executor":2},{"id":57,"duration":40,"executor":1},{"id":38,"duration":82,"executor":2},{"id":12,"duration":84,"executor":2},{"id":59,"duration":84,"executor":2},{"id":20,"duration":129,"executor":0},{"id":49,"duration":83,"executor":1},{"id":4,"duration":108,"executor":2},{"id":21,"duration":89,"executor":2},{"id":16,"duration":40,"executor":2},{"id":6,"duration":54,"executor":0},{"id":35,"duration":39,"executor":2},{"id":26,"duration":84,"executor":2},{"id":18,"duration":82,"executor":2},{"id":31,"duration":80,"executor":2},{"id":46,"duration":83,"executor":1},{"id":52,"duration":40,"executor":2},{"id":19,"duration":57,"executor":1},{"id":14,"duration":41,"executor":0},{"id":23,"duration":40,"executor":2},{"id":24,"duration":110,"executor":1},{"id":34,"duration":98,"executor":1},{"id":54,"duration":44,"executor":2},{"id":9,"duration":43,"executor":0},{"id":8,"duration":83,"executor":2},{"id":40,"duration":97,"executor":0},{"id":30,"duration":39,"executor":1},{"id":41,"duration":40,"executor":1},{"id":10,"duration":111,"executor":1},{"id":28,"duration":39,"executor":1},{"id":22,"duration":79,"executor":1},{"id":32,"duration":43,"executor":1},{"id":7,"duration":38,"executor":2},{"id":25,"duration":83,"executor":0},{"id":5,"duration":92,"executor":1},{"id":50,"duration":40,"executor":0},{"id":33,"duration":84,"executor":0},{"id":51,"duration":86,"executor":0},{"id":13,"duration":39,"executor":1},{"id":11,"duration":89,"executor":0},{"id":47,"duration":83,"executor":0},{"id":48,"duration":81,"executor":2}],"rdds":[266,267,268,269,270,271,272,273,274,275,276,277,278,279,280,281,282,283,284,285],"parents":[],"accIds":[3610,3611,3612,3614,3615,3617,3618,3620,3621,3623,3624,3625,3626,3641,3642,3644,3645,3646,3647,3648,3649,3650,3651,3655,3656,3657,3658,3659,3660,3661,3663,3664,3666,3667,3669,3670,3672,3673,3674,3675,3679,3680,3681,3683,3684,3685,3686,3687,3688,3689,3690,3694,3695,3696,3697,3698,3699,3700,3702,3703,3705,3706,3708,3709,3711,3712,3713,3714,3753,3754,3755,3756,3757,3758,3759,3762,3784,3785]}]},"sqlPlan":{ "nodeName":"TakeOrderedAndProject", "description":"TakeOrderedAndProject(limit=100, orderBy=[o_totalprice#247 DESC NULLS LAST,o_orderdate#248 ASC NULLS FIRST], output=[c_name#237,c_custkey#236L,o_orderkey#244L,o_orderdate#248,o_totalprice#247,sum(l_quantity)#709])", "metadata":{}, "metrics":[{"metricName":"shuffle records written","value":0,"accId":3608},{"metricName":"local merged chunks fetched","value":0,"accId":3602},{"metricName":"shuffle write time","value":0,"accId":3609},{"metricName":"remote merged bytes read","value":0,"accId":3603},{"metricName":"local merged blocks fetched","value":0,"accId":3600},{"metricName":"corrupt merged block chunks","value":0,"accId":3597},{"metricName":"remote merged reqs duration","value":0,"accId":3606},{"metricName":"remote merged blocks fetched","value":0,"accId":3599},{"metricName":"records read","value":0,"accId":3596},{"metricName":"local bytes read","value":0,"accId":3594},{"metricName":"fetch wait time","value":0,"accId":3595},{"metricName":"remote bytes read","value":0,"accId":3592},{"metricName":"merged fetch fallback count","value":0,"accId":3598},{"metricName":"local blocks read","value":0,"accId":3591},{"metricName":"remote merged chunks fetched","value":0,"accId":3601},{"metricName":"remote blocks read","value":0,"accId":3590},{"metricName":"local merged bytes read","value":0,"accId":3604},{"metricName":"remote reqs duration","value":0,"accId":3605},{"metricName":"remote bytes read to disk","value":0,"accId":3593},{"metricName":"shuffle bytes written","value":0,"accId":3607}], "children":[{ "nodeName":"WholeStageCodegen (8)", "description":"WholeStageCodegen (8)", "metadata":{}, "metrics":[{"metricName":"duration","value":7232,"accId":3610}], "children":[{ "nodeName":"HashAggregate", "description":"HashAggregate(keys=[c_name#237, c_custkey#236L, o_orderkey#244L, o_orderdate#248, o_totalprice#247], functions=[sum(l_quantity#13)])", "metadata":{}, "metrics":[{"metricName":"spill size","value":0,"accId":3613},{"metricName":"time in aggregation build","value":4003,"accId":3614},{"metricName":"peak memory","value":2364538320,"accId":3612},{"metricName":"number of output rows","value":57,"accId":3611},{"metricName":"number of sort fallback tasks","value":0,"accId":3616},{"metricName":"avg hash probes per key","value":350,"accId":3615}], "children":[{ "nodeName":"HashAggregate", "description":"HashAggregate(keys=[c_name#237, c_custkey#236L, o_orderkey#244L, o_orderdate#248, o_totalprice#247], functions=[partial_sum(l_quantity#13)])", "metadata":{}, "metrics":[{"metricName":"spill size","value":0,"accId":3619},{"metricName":"time in aggregation build","value":3955,"accId":3620},{"metricName":"peak memory","value":2364538320,"accId":3618},{"metricName":"number of output rows","value":57,"accId":3617},{"metricName":"number of sort fallback tasks","value":0,"accId":3622},{"metricName":"avg hash probes per key","value":350,"accId":3621}], "children":[{ "nodeName":"Project", "description":"Project [c_custkey#236L, c_name#237, o_orderkey#244L, o_totalprice#247, o_orderdate#248, l_quantity#13]", "metadata":{}, "metrics":[], "children":[{ "nodeName":"SortMergeJoin", "description":"SortMergeJoin [o_orderkey#244L], [l_orderkey#9L], Inner", "metadata":{}, "metrics":[{"metricName":"number of output rows","value":399,"accId":3623},{"metricName":"spill size","value":0,"accId":3624}], "children":[{ "nodeName":"InputAdapter", "description":"InputAdapter", "metadata":{}, "metrics":[], "children":[{ "nodeName":"WholeStageCodegen (4)", "description":"WholeStageCodegen (4)", "metadata":{}, "metrics":[{"metricName":"duration","value":4204,"accId":3625}], "children":[{ "nodeName":"Project", "description":"Project [c_custkey#236L, c_name#237, o_orderkey#244L, o_totalprice#247, o_orderdate#248]", "metadata":{}, "metrics":[], "children":[{ "nodeName":"BroadcastHashJoin", "description":"BroadcastHashJoin [c_custkey#236L], [o_custkey#245L], Inner, BuildLeft, false", "metadata":{}, "metrics":[{"metricName":"number of output rows","value":58,"accId":3626}], "children":[{ "nodeName":"InputAdapter", "description":"InputAdapter", "metadata":{}, "metrics":[], "children":[{ "nodeName":"BroadcastExchange", "description":"BroadcastExchange HashedRelationBroadcastMode(List(input[0, bigint, false]),false), [plan_id=2256]", "metadata":{}, "metrics":[{"metricName":"time to broadcast","value":13,"accId":3631},{"metricName":"time to build","value":45,"accId":3630},{"metricName":"time to collect","value":136,"accId":3629},{"metricName":"number of output rows","value":150000,"accId":3628},{"metricName":"data size","value":17977216,"accId":3627}], "children":[{ "nodeName":"WholeStageCodegen (1)", "description":"WholeStageCodegen (1)", "metadata":{}, "metrics":[{"metricName":"duration","value":154,"accId":3632}], "children":[{ "nodeName":"Filter", "description":"Filter isnotnull(c_custkey#236L)", "metadata":{}, "metrics":[{"metricName":"number of output rows","value":150000,"accId":3633}], "children":[{ "nodeName":"ColumnarToRow", "description":"ColumnarToRow", "metadata":{}, "metrics":[{"metricName":"number of output rows","value":150000,"accId":3634},{"metricName":"number of input batches","value":60,"accId":3635}], "children":[{ "nodeName":"InputAdapter", "description":"InputAdapter", "metadata":{}, "metrics":[], "children":[{ "nodeName":"Scan parquet spark_catalog.tpch.customer", "description":"FileScan parquet spark_catalog.tpch.customer[c_custkey#236L,c_name#237] Batched: true, Bucketed: true, DataFilters: [isnotnull(c_custkey#236L)], Format: Parquet, Location: InMemoryFileIndex(1 paths)[file:/data/spark-warehouse/tpch.db/customer], PartitionFilters: [], PushedFilters: [IsNotNull(c_custkey)], ReadSchema: struct<c_custkey:bigint,c_name:string>, SelectedBucketsCount: 60 out of 60", "metadata":{"Location":"InMemoryFileIndex(1 paths)[file:/data/spark-warehouse/tpch.db/customer]","ReadSchema":"struct<c_custkey:bigint,c_name:string>","Format":"Parquet","SelectedBucketsCount":"60 out of 60","Batched":"true","PartitionFilters":"[]","PushedFilters":"[IsNotNull(c_custkey)]","DataFilters":"[isnotnull(c_custkey#236L)]","Bucketed":"true"}, "metrics":[{"metricName":"number of files read","value":60,"accId":3638},{"metricName":"scan time","value":104,"accId":3637},{"metricName":"metadata time","value":0,"accId":3639},{"metricName":"size of files read","value":24717733,"accId":3640},{"metricName":"number of output rows","value":150000,"accId":3636}], "children":[] }] }] }] }] }] }] },{ "nodeName":"SortMergeJoin", "description":"SortMergeJoin [o_orderkey#244L], [l_orderkey#692L], LeftSemi", "metadata":{}, "metrics":[{"metricName":"number of output rows","value":58,"accId":3641},{"metricName":"spill size","value":0,"accId":3642}], "children":[{ "nodeName":"InputAdapter", "description":"InputAdapter", "metadata":{}, "metrics":[], "children":[{ "nodeName":"WholeStageCodegen (2)", "description":"WholeStageCodegen (2)", "metadata":{}, "metrics":[{"metricName":"duration","value":0,"accId":3643}], "children":[{ "nodeName":"Sort", "description":"Sort [o_orderkey#244L ASC NULLS FIRST], false, 0", "metadata":{}, "metrics":[{"metricName":"sort time","value":0,"accId":3644},{"metricName":"peak memory","value":4157602864,"accId":3645},{"metricName":"spill size","value":0,"accId":3646}], "children":[{ "nodeName":"Filter", "description":"Filter (isnotnull(o_custkey#245L) AND isnotnull(o_orderkey#244L))", "metadata":{}, "metrics":[{"metricName":"number of output rows","value":1524840,"accId":3647}], "children":[{ "nodeName":"ColumnarToRow", "description":"ColumnarToRow", "metadata":{}, "metrics":[{"metricName":"number of output rows","value":1524840,"accId":3648},{"metricName":"number of input batches","value":427,"accId":3649}], "children":[{ "nodeName":"InputAdapter", "description":"InputAdapter", "metadata":{}, "metrics":[], "children":[{ "nodeName":"Scan parquet spark_catalog.tpch.orders", "description":"FileScan parquet spark_catalog.tpch.orders[o_orderkey#244L,o_custkey#245L,o_totalprice#247,o_orderdate#248] Batched: true, Bucketed: true, DataFilters: [isnotnull(o_custkey#245L), isnotnull(o_orderkey#244L)], Format: Parquet, Location: InMemoryFileIndex(1 paths)[file:/data/spark-warehouse/tpch.db/orders], PartitionFilters: [], PushedFilters: [IsNotNull(o_custkey), IsNotNull(o_orderkey)], ReadSchema: struct<o_orderkey:bigint,o_custkey:bigint,o_totalprice:decimal(15,2),o_orderdate:date>, SelectedBucketsCount: 60 out of 60", "metadata":{"Location":"InMemoryFileIndex(1 paths)[file:/data/spark-warehouse/tpch.db/orders]","ReadSchema":"struct<o_orderkey:bigint,o_custkey:bigint,o_totalprice:decimal(15,2),o_orderdate:date>","Format":"Parquet","SelectedBucketsCount":"60 out of 60","Batched":"true","PartitionFilters":"[]","PushedFilters":"[IsNotNull(o_custkey), IsNotNull(o_orderkey)]","DataFilters":"[isnotnull(o_custkey#245L), isnotnull(o_orderkey#244L)]","Bucketed":"true"}, "metrics":[{"metricName":"number of files read","value":60,"accId":3652},{"metricName":"scan time","value":176,"accId":3651},{"metricName":"metadata time","value":0,"accId":3653},{"metricName":"size of files read","value":121789992,"accId":3654},{"metricName":"number of output rows","value":1524840,"accId":3650}], "children":[] }] }] }] }] }] }] },{ "nodeName":"InputAdapter", "description":"InputAdapter", "metadata":{}, "metrics":[], "children":[{ "nodeName":"WholeStageCodegen (3)", "description":"WholeStageCodegen (3)", "metadata":{}, "metrics":[{"metricName":"duration","value":6787,"accId":3655}], "children":[{ "nodeName":"Sort", "description":"Sort [l_orderkey#692L ASC NULLS FIRST], false, 0", "metadata":{}, "metrics":[{"metricName":"sort time","value":0,"accId":3656},{"metricName":"peak memory","value":2419916224,"accId":3657},{"metricName":"spill size","value":0,"accId":3658}], "children":[{ "nodeName":"Project", "description":"Project [l_orderkey#692L]", "metadata":{}, "metrics":[], "children":[{ "nodeName":"Filter", "description":"Filter (isnotnull(sum(l_quantity#13)#691) AND (sum(l_quantity#13)#691 > 300.00))", "metadata":{}, "metrics":[{"metricName":"number of output rows","value":59,"accId":3659}], "children":[{ "nodeName":"HashAggregate", "description":"HashAggregate(keys=[l_orderkey#692L], functions=[sum(l_quantity#696)])", "metadata":{}, "metrics":[{"metricName":"spill size","value":0,"accId":3662},{"metricName":"time in aggregation build","value":1864,"accId":3663},{"metricName":"peak memory","value":4157602864,"accId":3661},{"metricName":"number of output rows","value":1524840,"accId":3660},{"metricName":"number of sort fallback tasks","value":0,"accId":3665},{"metricName":"avg hash probes per key","value":915,"accId":3664}], "children":[{ "nodeName":"HashAggregate", "description":"HashAggregate(keys=[l_orderkey#692L], functions=[partial_sum(l_quantity#696)])", "metadata":{}, "metrics":[{"metricName":"spill size","value":0,"accId":3668},{"metricName":"time in aggregation build","value":1402,"accId":3669},{"metricName":"peak memory","value":4157602864,"accId":3667},{"metricName":"number of output rows","value":1524840,"accId":3666},{"metricName":"number of sort fallback tasks","value":0,"accId":3671},{"metricName":"avg hash probes per key","value":915,"accId":3670}], "children":[{ "nodeName":"ColumnarToRow", "description":"ColumnarToRow", "metadata":{}, "metrics":[{"metricName":"number of output rows","value":6100564,"accId":3672},{"metricName":"number of input batches","value":1525,"accId":3673}], "children":[{ "nodeName":"InputAdapter", "description":"InputAdapter", "metadata":{}, "metrics":[], "children":[{ "nodeName":"Scan parquet spark_catalog.tpch.lineitem", "description":"FileScan parquet spark_catalog.tpch.lineitem[l_orderkey#692L,l_quantity#696] Batched: true, Bucketed: true, DataFilters: [], Format: Parquet, Location: InMemoryFileIndex(1 paths)[file:/data/spark-warehouse/tpch.db/lineitem], PartitionFilters: [], PushedFilters: [], ReadSchema: struct<l_orderkey:bigint,l_quantity:decimal(15,2)>, SelectedBucketsCount: 60 out of 60", "metadata":{"Location":"InMemoryFileIndex(1 paths)[file:/data/spark-warehouse/tpch.db/lineitem]","ReadSchema":"struct<l_orderkey:bigint,l_quantity:decimal(15,2)>","Format":"Parquet","SelectedBucketsCount":"60 out of 60","Batched":"true","PartitionFilters":"[]","PushedFilters":"[]","DataFilters":"[]","Bucketed":"true"}, "metrics":[{"metricName":"number of files read","value":60,"accId":3676},{"metricName":"scan time","value":116,"accId":3675},{"metricName":"metadata time","value":0,"accId":3677},{"metricName":"size of files read","value":365478469,"accId":3678},{"metricName":"number of output rows","value":6100564,"accId":3674}], "children":[] }] }] }] }] }] }] }] }] }] }] }] }] }] }] },{ "nodeName":"InputAdapter", "description":"InputAdapter", "metadata":{}, "metrics":[], "children":[{ "nodeName":"WholeStageCodegen (7)", "description":"WholeStageCodegen (7)", "metadata":{}, "metrics":[{"metricName":"duration","value":3174,"accId":3679}], "children":[{ "nodeName":"SortMergeJoin", "description":"SortMergeJoin [l_orderkey#9L], [l_orderkey#692L], LeftSemi", "metadata":{}, "metrics":[{"metricName":"number of output rows","value":399,"accId":3680},{"metricName":"spill size","value":0,"accId":3681}], "children":[{ "nodeName":"InputAdapter", "description":"InputAdapter", "metadata":{}, "metrics":[], "children":[{ "nodeName":"WholeStageCodegen (5)", "description":"WholeStageCodegen (5)", "metadata":{}, "metrics":[{"metricName":"duration","value":0,"accId":3682}], "children":[{ "nodeName":"Sort", "description":"Sort [l_orderkey#9L ASC NULLS FIRST], false, 0", "metadata":{}, "metrics":[{"metricName":"sort time","value":57,"accId":3683},{"metricName":"peak memory","value":2566913472,"accId":3684},{"metricName":"spill size","value":0,"accId":3685}], "children":[{ "nodeName":"Filter", "description":"Filter isnotnull(l_orderkey#9L)", "metadata":{}, "metrics":[{"metricName":"number of output rows","value":3598013,"accId":3686}], "children":[{ "nodeName":"ColumnarToRow", "description":"ColumnarToRow", "metadata":{}, "metrics":[{"metricName":"number of output rows","value":3598013,"accId":3687},{"metricName":"number of input batches","value":900,"accId":3688}], "children":[{ "nodeName":"InputAdapter", "description":"InputAdapter", "metadata":{}, "metrics":[], "children":[{ "nodeName":"Scan parquet spark_catalog.tpch.lineitem", "description":"FileScan parquet spark_catalog.tpch.lineitem[l_orderkey#9L,l_quantity#13] Batched: true, Bucketed: true, DataFilters: [isnotnull(l_orderkey#9L)], Format: Parquet, Location: InMemoryFileIndex(1 paths)[file:/data/spark-warehouse/tpch.db/lineitem], PartitionFilters: [], PushedFilters: [IsNotNull(l_orderkey)], ReadSchema: struct<l_orderkey:bigint,l_quantity:decimal(15,2)>, SelectedBucketsCount: 60 out of 60", "metadata":{"Location":"InMemoryFileIndex(1 paths)[file:/data/spark-warehouse/tpch.db/lineitem]","ReadSchema":"struct<l_orderkey:bigint,l_quantity:decimal(15,2)>","Format":"Parquet","SelectedBucketsCount":"60 out of 60","Batched":"true","PartitionFilters":"[]","PushedFilters":"[IsNotNull(l_orderkey)]","DataFilters":"[isnotnull(l_orderkey#9L)]","Bucketed":"true"}, "metrics":[{"metricName":"number of files read","value":60,"accId":3691},{"metricName":"scan time","value":108,"accId":3690},{"metricName":"metadata time","value":0,"accId":3692},{"metricName":"size of files read","value":365478469,"accId":3693},{"metricName":"number of output rows","value":3598013,"accId":3689}], "children":[] }] }] }] }] }] }] },{ "nodeName":"InputAdapter", "description":"InputAdapter", "metadata":{}, "metrics":[], "children":[{ "nodeName":"WholeStageCodegen (6)", "description":"WholeStageCodegen (6)", "metadata":{}, "metrics":[{"metricName":"duration","value":6357,"accId":3694}], "children":[{ "nodeName":"Sort", "description":"Sort [l_orderkey#692L ASC NULLS FIRST], false, 0", "metadata":{}, "metrics":[{"metricName":"sort time","value":0,"accId":3695},{"metricName":"peak memory","value":2351103440,"accId":3696},{"metricName":"spill size","value":0,"accId":3697}], "children":[{ "nodeName":"Project", "description":"Project [l_orderkey#692L]", "metadata":{}, "metrics":[], "children":[{ "nodeName":"Filter", "description":"Filter (isnotnull(sum(l_quantity#13)#691) AND (sum(l_quantity#13)#691 > 300.00))", "metadata":{}, "metrics":[{"metricName":"number of output rows","value":57,"accId":3698}], "children":[{ "nodeName":"HashAggregate", "description":"HashAggregate(keys=[l_orderkey#692L], functions=[sum(l_quantity#696)])", "metadata":{}, "metrics":[{"metricName":"spill size","value":0,"accId":3701},{"metricName":"time in aggregation build","value":1033,"accId":3702},{"metricName":"peak memory","value":2385509840,"accId":3700},{"metricName":"number of output rows","value":874596,"accId":3699},{"metricName":"number of sort fallback tasks","value":0,"accId":3704},{"metricName":"avg hash probes per key","value":525,"accId":3703}], "children":[{ "nodeName":"HashAggregate", "description":"HashAggregate(keys=[l_orderkey#692L], functions=[partial_sum(l_quantity#696)])", "metadata":{}, "metrics":[{"metricName":"spill size","value":0,"accId":3707},{"metricName":"time in aggregation build","value":827,"accId":3708},{"metricName":"peak memory","value":2453667264,"accId":3706},{"metricName":"number of output rows","value":890725,"accId":3705},{"metricName":"number of sort fallback tasks","value":0,"accId":3710},{"metricName":"avg hash probes per key","value":540,"accId":3709}], "children":[{ "nodeName":"ColumnarToRow", "description":"ColumnarToRow", "metadata":{}, "metrics":[{"metricName":"number of output rows","value":3598013,"accId":3711},{"metricName":"number of input batches","value":900,"accId":3712}], "children":[{ "nodeName":"InputAdapter", "description":"InputAdapter", "metadata":{}, "metrics":[], "children":[{ "nodeName":"Scan parquet spark_catalog.tpch.lineitem", "description":"FileScan parquet spark_catalog.tpch.lineitem[l_orderkey#692L,l_quantity#696] Batched: true, Bucketed: true, DataFilters: [], Format: Parquet, Location: InMemoryFileIndex(1 paths)[file:/data/spark-warehouse/tpch.db/lineitem], PartitionFilters: [], PushedFilters: [], ReadSchema: struct<l_orderkey:bigint,l_quantity:decimal(15,2)>, SelectedBucketsCount: 60 out of 60", "metadata":{"Location":"InMemoryFileIndex(1 paths)[file:/data/spark-warehouse/tpch.db/lineitem]","ReadSchema":"struct<l_orderkey:bigint,l_quantity:decimal(15,2)>","Format":"Parquet","SelectedBucketsCount":"60 out of 60","Batched":"true","PartitionFilters":"[]","PushedFilters":"[]","DataFilters":"[]","Bucketed":"true"}, "metrics":[{"metricName":"number of files read","value":60,"accId":3715},{"metricName":"scan time","value":74,"accId":3714},{"metricName":"metadata time","value":0,"accId":3716},{"metricName":"size of files read","value":365478469,"accId":3717},{"metricName":"number of output rows","value":3598013,"accId":3713}], "children":[] }] }] }] }] }] }] }] }] }] }] }] }] }] }] }] }] }] }] }}]