[{"totalTime":572,"stagePlan":{"stages":[{"id":71,"isQueryResult":false,"tasks":[{"id":3,"duration":7,"executor":0},{"id":13,"duration":7,"executor":2},{"id":53,"duration":6,"executor":0},{"id":17,"duration":6,"executor":0},{"id":43,"duration":8,"executor":1},{"id":30,"duration":7,"executor":0},{"id":33,"duration":7,"executor":0},{"id":7,"duration":6,"executor":2},{"id":46,"duration":7,"executor":1},{"id":51,"duration":7,"executor":2},{"id":29,"duration":7,"executor":0},{"id":59,"duration":6,"executor":2},{"id":40,"duration":6,"executor":2},{"id":56,"duration":23,"executor":1},{"id":21,"duration":26,"executor":1},{"id":45,"duration":6,"executor":2},{"id":0,"duration":18,"executor":1},{"id":18,"duration":7,"executor":1},{"id":54,"duration":7,"executor":2},{"id":2,"duration":17,"executor":2},{"id":24,"duration":7,"executor":2},{"id":10,"duration":7,"executor":2},{"id":6,"duration":7,"executor":0},{"id":57,"duration":6,"executor":2},{"id":44,"duration":6,"executor":0},{"id":37,"duration":7,"executor":2},{"id":55,"duration":6,"executor":0},{"id":42,"duration":7,"executor":2},{"id":8,"duration":6,"executor":0},{"id":16,"duration":7,"executor":2},{"id":36,"duration":7,"executor":0},{"id":11,"duration":7,"executor":0},{"id":35,"duration":7,"executor":1},{"id":4,"duration":7,"executor":2},{"id":22,"duration":6,"executor":2},{"id":9,"duration":8,"executor":1},{"id":47,"duration":6,"executor":0},{"id":1,"duration":15,"executor":0},{"id":27,"duration":5,"executor":0},{"id":39,"duration":5,"executor":0},{"id":52,"duration":7,"executor":1},{"id":50,"duration":6,"executor":0},{"id":28,"duration":7,"executor":2},{"id":31,"duration":7,"executor":1},{"id":25,"duration":6,"executor":0},{"id":48,"duration":7,"executor":2},{"id":15,"duration":8,"executor":1},{"id":34,"duration":6,"executor":2},{"id":23,"duration":6,"executor":0},{"id":38,"duration":14,"executor":1},{"id":26,"duration":6,"executor":2},{"id":49,"duration":7,"executor":1},{"id":14,"duration":6,"executor":0},{"id":58,"duration":5,"executor":0},{"id":32,"duration":7,"executor":2},{"id":12,"duration":7,"executor":1},{"id":20,"duration":6,"executor":0},{"id":41,"duration":6,"executor":0},{"id":19,"duration":6,"executor":2},{"id":5,"duration":12,"executor":1}],"rdds":[297,298,299,300],"parents":[],"accIds":[4002,4003,4004,4005,4006,4007,4011,4012,4013,4014,4015,4016,4017,4042,4043]},{"id":72,"isQueryResult":false,"tasks":[{"id":29,"duration":12,"executor":0},{"id":30,"duration":13,"executor":2},{"id":41,"duration":20,"executor":1},{"id":27,"duration":12,"executor":0},{"id":32,"duration":22,"executor":1},{"id":28,"duration":20,"executor":2},{"id":8,"duration":31,"executor":1},{"id":59,"duration":12,"executor":0},{"id":31,"duration":12,"executor":0},{"id":33,"duration":13,"executor":2},{"id":21,"duration":13,"executor":0},{"id":58,"duration":13,"executor":0},{"id":9,"duration":14,"executor":2},{"id":16,"duration":12,"executor":0},{"id":57,"duration":20,"executor":1},{"id":6,"duration":21,"executor":2},{"id":19,"duration":16,"executor":2},{"id":53,"duration":19,"executor":1},{"id":48,"duration":13,"executor":2},{"id":43,"duration":13,"executor":0},{"id":18,"duration":12,"executor":0},{"id":45,"duration":20,"executor":1},{"id":37,"duration":22,"executor":1},{"id":38,"duration":12,"executor":0},{"id":10,"duration":13,"executor":0},{"id":55,"duration":12,"executor":0},{"id":24,"duration":13,"executor":0},{"id":52,"duration":12,"executor":0},{"id":40,"duration":14,"executor":0},{"id":2,"duration":26,"executor":2},{"id":5,"duration":14,"executor":0},{"id":42,"duration":16,"executor":2},{"id":46,"duration":12,"executor":0},{"id":14,"duration":15,"executor":0},{"id":12,"duration":30,"executor":2},{"id":0,"duration":22,"executor":0},{"id":22,"duration":14,"executor":2},{"id":44,"duration":17,"executor":2},{"id":1,"duration":51,"executor":1},{"id":7,"duration":14,"executor":0},{"id":25,"duration":14,"executor":2},{"id":49,"duration":20,"executor":1},{"id":47,"duration":12,"executor":0},{"id":39,"duration":18,"executor":2},{"id":34,"duration":12,"executor":0},{"id":35,"duration":12,"executor":0},{"id":17,"duration":18,"executor":2},{"id":50,"duration":12,"executor":0},{"id":54,"duration":14,"executor":2},{"id":15,"duration":43,"executor":1},{"id":36,"duration":16,"executor":2},{"id":56,"duration":18,"executor":2},{"id":26,"duration":38,"executor":1},{"id":23,"duration":22,"executor":1},{"id":4,"duration":14,"executor":2},{"id":20,"duration":12,"executor":0},{"id":3,"duration":14,"executor":0},{"id":13,"duration":15,"executor":1},{"id":11,"duration":13,"executor":0},{"id":51,"duration":12,"executor":2}],"rdds":[301,302,303,304],"parents":[],"accIds":[3959,3978,3979,3980,3981,3982,3985,3988,3989,3990,3991,3992,3993,4046,4047,4048,4049,4050,4051,4052,4055,4074,4075,4076,4077,4078]},{"id":73,"isQueryResult":true,"tasks":[{"id":0,"duration":14,"executor":0}],"rdds":[305,306,307],"parents":[72],"accIds":[3952,3953,3956,3961,3962,3963,3965,3966,3967,3976,4081,4082,4083,4084,4085,4092,4093,4094,4095,4096,4097,4098,4099,4100,4101,4102,4103,4104,4105,4106,4107,4108]}]},"sqlPlan":{ "nodeName":"WholeStageCodegen (3)", "description":"WholeStageCodegen (3)", "metadata":{}, "metrics":[{"metricName":"duration","value":1,"accId":3952}], "children":[{ "nodeName":"HashAggregate", "description":"HashAggregate(keys=[], functions=[sum((l_extendedprice#14 * (1 - l_discount#15)))])", "metadata":{}, "metrics":[{"metricName":"spill size","value":0,"accId":3955},{"metricName":"time in aggregation build","value":1,"accId":3956},{"metricName":"peak memory","value":0,"accId":3954},{"metricName":"number of output rows","value":1,"accId":3953},{"metricName":"number of sort fallback tasks","value":0,"accId":3958},{"metricName":"avg hash probes per key","value":0,"accId":3957}], "children":[{ "nodeName":"InputAdapter", "description":"InputAdapter", "metadata":{}, "metrics":[], "children":[{ "nodeName":"Exchange", "description":"Exchange SinglePartition, ENSURE_REQUIREMENTS, [plan_id=2468]", "metadata":{}, "metrics":[{"metricName":"shuffle records written","value":60,"accId":3979},{"metricName":"local merged chunks fetched","value":0,"accId":3973},{"metricName":"shuffle write time","value":31220256,"accId":3980},{"metricName":"remote merged bytes read","value":0,"accId":3974},{"metricName":"local merged blocks fetched","value":0,"accId":3971},{"metricName":"corrupt merged block chunks","value":0,"accId":3968},{"metricName":"remote merged reqs duration","value":0,"accId":3977},{"metricName":"remote merged blocks fetched","value":0,"accId":3970},{"metricName":"records read","value":60,"accId":3967},{"metricName":"local bytes read","value":2049,"accId":3965},{"metricName":"fetch wait time","value":0,"accId":3966},{"metricName":"remote bytes read","value":2481,"accId":3963},{"metricName":"merged fetch fallback count","value":0,"accId":3969},{"metricName":"local blocks read","value":27,"accId":3962},{"metricName":"remote merged chunks fetched","value":0,"accId":3972},{"metricName":"remote blocks read","value":33,"accId":3961},{"metricName":"data size","value":2400,"accId":3959},{"metricName":"local merged bytes read","value":0,"accId":3975},{"metricName":"number of partitions","value":1,"accId":3960},{"metricName":"remote reqs duration","value":4,"accId":3976},{"metricName":"remote bytes read to disk","value":0,"accId":3964},{"metricName":"shuffle bytes written","value":4530,"accId":3978}], "children":[{ "nodeName":"WholeStageCodegen (2)", "description":"WholeStageCodegen (2)", "metadata":{}, "metrics":[{"metricName":"duration","value":697,"accId":3981}], "children":[{ "nodeName":"HashAggregate", "description":"HashAggregate(keys=[], functions=[partial_sum((l_extendedprice#14 * (1 - l_discount#15)))])", "metadata":{}, "metrics":[{"metricName":"spill size","value":0,"accId":3984},{"metricName":"time in aggregation build","value":673,"accId":3985},{"metricName":"peak memory","value":0,"accId":3983},{"metricName":"number of output rows","value":60,"accId":3982},{"metricName":"number of sort fallback tasks","value":0,"accId":3987},{"metricName":"avg hash probes per key","value":0,"accId":3986}], "children":[{ "nodeName":"Project", "description":"Project [l_extendedprice#14, l_discount#15]", "metadata":{}, "metrics":[], "children":[{ "nodeName":"BroadcastHashJoin", "description":"BroadcastHashJoin [l_partkey#10L], [p_partkey#352L], Inner, BuildRight, (((((((p_brand#355 = Brand#12) AND p_container#358 IN (SM CASE,SM BOX,SM PACK,SM PKG)) AND (l_quantity#13 >= 1.00)) AND (l_quantity#13 <= 11.00)) AND (p_size#357 <= 5)) OR (((((p_brand#355 = Brand#23) AND p_container#358 IN (MED BAG,MED BOX,MED PKG,MED PACK)) AND (l_quantity#13 >= 10.00)) AND (l_quantity#13 <= 20.00)) AND (p_size#357 <= 10))) OR (((((p_brand#355 = Brand#34) AND p_container#358 IN (LG CASE,LG BOX,LG PACK,LG PKG)) AND (l_quantity#13 >= 20.00)) AND (l_quantity#13 <= 30.00)) AND (p_size#357 <= 15))), false", "metadata":{}, "metrics":[{"metricName":"number of output rows","value":121,"accId":3988}], "children":[{ "nodeName":"Project", "description":"Project [l_partkey#10L, l_quantity#13, l_extendedprice#14, l_discount#15]", "metadata":{}, "metrics":[], "children":[{ "nodeName":"Filter", "description":"Filter ((((isnotnull(l_shipinstruct#22) AND l_shipmode#23 IN (AIR,AIR REG)) AND (l_shipinstruct#22 = DELIVER IN PERSON)) AND isnotnull(l_partkey#10L)) AND ((((l_quantity#13 >= 1.00) AND (l_quantity#13 <= 11.00)) OR ((l_quantity#13 >= 10.00) AND (l_quantity#13 <= 20.00))) OR ((l_quantity#13 >= 20.00) AND (l_quantity#13 <= 30.00))))", "metadata":{}, "metrics":[{"metricName":"number of output rows","value":128371,"accId":3989}], "children":[{ "nodeName":"ColumnarToRow", "description":"ColumnarToRow", "metadata":{}, "metrics":[{"metricName":"number of output rows","value":6001210,"accId":3990},{"metricName":"number of input batches","value":1500,"accId":3991}], "children":[{ "nodeName":"InputAdapter", "description":"InputAdapter", "metadata":{}, "metrics":[], "children":[{ "nodeName":"Scan parquet spark_catalog.tpch.lineitem", "description":"FileScan parquet spark_catalog.tpch.lineitem[l_partkey#10L,l_quantity#13,l_extendedprice#14,l_discount#15,l_shipinstruct#22,l_shipmode#23] Batched: true, Bucketed: false (bucket column(s) not read), DataFilters: [isnotnull(l_shipinstruct#22), l_shipmode#23 IN (AIR,AIR REG), (l_shipinstruct#22 = DELIVER IN PE..., Format: Parquet, Location: InMemoryFileIndex(1 paths)[file:/data/spark-warehouse/tpch.db/lineitem], PartitionFilters: [], PushedFilters: [IsNotNull(l_shipinstruct), In(l_shipmode, [AIR,AIR REG]), EqualTo(l_shipinstruct,DELIVER IN PERS..., ReadSchema: struct<l_partkey:bigint,l_quantity:decimal(15,2),l_extendedprice:decimal(15,2),l_discount:decimal...", "metadata":{"Location":"InMemoryFileIndex(1 paths)[file:/data/spark-warehouse/tpch.db/lineitem]","ReadSchema":"struct<l_partkey:bigint,l_quantity:decimal(15,2),l_extendedprice:decimal(15,2),l_discount:decimal(15,2),l_shipinstruct:string,l_shipmode:string>","Format":"Parquet","Batched":"true","PartitionFilters":"[]","PushedFilters":"[IsNotNull(l_shipinstruct), In(l_shipmode, [AIR,AIR REG]), EqualTo(l_shipinstruct,DELIVER IN PERSON), IsNotNull(l_partkey), Or(Or(And(GreaterThanOrEqual(l_quantity,1.00),LessThanOrEqual(l_quantity,11.00)),And(GreaterThanOrEqual(l_quantity,10.00),LessThanOrEqual(l_quantity,20.00))),And(GreaterThanOrEqual(l_quantity,20.00),LessThanOrEqual(l_quantity,30.00)))]","DataFilters":"[isnotnull(l_shipinstruct#22), l_shipmode#23 IN (AIR,AIR REG), (l_shipinstruct#22 = DELIVER IN PERSON), isnotnull(l_partkey#10L), ((((l_quantity#13 >= 1.00) AND (l_quantity#13 <= 11.00)) OR ((l_quantity#13 >= 10.00) AND (l_quantity#13 <= 20.00))) OR ((l_quantity#13 >= 20.00) AND (l_quantity#13 <= 30.00)))]","Bucketed":"false (bucket column(s) not read)"}, "metrics":[{"metricName":"number of files read","value":60,"accId":3994},{"metricName":"scan time","value":219,"accId":3993},{"metricName":"metadata time","value":0,"accId":3995},{"metricName":"size of files read","value":365478469,"accId":3996},{"metricName":"number of output rows","value":6001210,"accId":3992}], "children":[] }] }] }] }] },{ "nodeName":"InputAdapter", "description":"InputAdapter", "metadata":{}, "metrics":[], "children":[{ "nodeName":"BroadcastExchange", "description":"BroadcastExchange HashedRelationBroadcastMode(List(input[0, bigint, false]),false), [plan_id=2462]", "metadata":{}, "metrics":[{"metricName":"time to broadcast","value":1,"accId":4001},{"metricName":"time to build","value":1,"accId":4000},{"metricName":"time to collect","value":179,"accId":3999},{"metricName":"number of output rows","value":485,"accId":3998},{"metricName":"data size","value":1064960,"accId":3997}], "children":[{ "nodeName":"WholeStageCodegen (1)", "description":"WholeStageCodegen (1)", "metadata":{}, "metrics":[{"metricName":"duration","value":237,"accId":4002}], "children":[{ "nodeName":"Filter", "description":"Filter (((isnotnull(p_size#357) AND (p_size#357 >= 1)) AND isnotnull(p_partkey#352L)) AND (((((p_brand#355 = Brand#12) AND p_container#358 IN (SM CASE,SM BOX,SM PACK,SM PKG)) AND (p_size#357 <= 5)) OR (((p_brand#355 = Brand#23) AND p_container#358 IN (MED BAG,MED BOX,MED PKG,MED PACK)) AND (p_size#357 <= 10))) OR (((p_brand#355 = Brand#34) AND p_container#358 IN (LG CASE,LG BOX,LG PACK,LG PKG)) AND (p_size#357 <= 15))))", "metadata":{}, "metrics":[{"metricName":"number of output rows","value":485,"accId":4003}], "children":[{ "nodeName":"ColumnarToRow", "description":"ColumnarToRow", "metadata":{}, "metrics":[{"metricName":"number of output rows","value":200000,"accId":4004},{"metricName":"number of input batches","value":60,"accId":4005}], "children":[{ "nodeName":"InputAdapter", "description":"InputAdapter", "metadata":{}, "metrics":[], "children":[{ "nodeName":"Scan parquet spark_catalog.tpch.part", "description":"FileScan parquet spark_catalog.tpch.part[p_partkey#352L,p_brand#355,p_size#357,p_container#358] Batched: true, Bucketed: true, DataFilters: [isnotnull(p_size#357), (p_size#357 >= 1), isnotnull(p_partkey#352L), (((((p_brand#355 = Brand#12..., Format: Parquet, Location: InMemoryFileIndex(1 paths)[file:/data/spark-warehouse/tpch.db/part], PartitionFilters: [], PushedFilters: [IsNotNull(p_size), GreaterThanOrEqual(p_size,1), IsNotNull(p_partkey), Or(Or(And(And(EqualTo(p_b..., ReadSchema: struct<p_partkey:bigint,p_brand:string,p_size:int,p_container:string>, SelectedBucketsCount: 60 out of 60", "metadata":{"Location":"InMemoryFileIndex(1 paths)[file:/data/spark-warehouse/tpch.db/part]","ReadSchema":"struct<p_partkey:bigint,p_brand:string,p_size:int,p_container:string>","Format":"Parquet","SelectedBucketsCount":"60 out of 60","Batched":"true","PartitionFilters":"[]","PushedFilters":"[IsNotNull(p_size), GreaterThanOrEqual(p_size,1), IsNotNull(p_partkey), Or(Or(And(And(EqualTo(p_brand,Brand#12),In(p_container, [SM BOX,SM CASE,SM PACK,SM PKG])),LessThanOrEqual(p_size,5)),And(And(EqualTo(p_brand,Brand#23),In(p_container, [MED BAG,MED BOX,MED PACK,MED PKG])),LessThanOrEqual(p_size,10))),And(And(EqualTo(p_brand,Brand#34),In(p_container, [LG BOX,LG CASE,LG PACK,LG PKG])),LessThanOrEqual(p_size,15)))]","DataFilters":"[isnotnull(p_size#357), (p_size#357 >= 1), isnotnull(p_partkey#352L), (((((p_brand#355 = Brand#12) AND p_container#358 IN (SM CASE,SM BOX,SM PACK,SM PKG)) AND (p_size#357 <= 5)) OR (((p_brand#355 = Brand#23) AND p_container#358 IN (MED BAG,MED BOX,MED PKG,MED PACK)) AND (p_size#357 <= 10))) OR (((p_brand#355 = Brand#34) AND p_container#358 IN (LG CASE,LG BOX,LG PACK,LG PKG)) AND (p_size#357 <= 15)))]","Bucketed":"true"}, "metrics":[{"metricName":"number of files read","value":60,"accId":4008},{"metricName":"scan time","value":200,"accId":4007},{"metricName":"metadata time","value":0,"accId":4009},{"metricName":"size of files read","value":15214963,"accId":4010},{"metricName":"number of output rows","value":200000,"accId":4006}], "children":[] }] }] }] }] }] }] }] }] }] }] }] }] }] }] }}]