[{"totalTime":1952,"stagePlan":{"stages":[{"id":85,"isQueryResult":false,"tasks":[{"id":0,"duration":22,"executor":2}],"rdds":[345,346,349,350],"parents":[],"accIds":[4755,4756,4757,4758,4759,4760,4764,4765,4766,4767,4768,4795,4796]},{"id":86,"isQueryResult":false,"tasks":[{"id":0,"duration":15,"executor":1},{"id":29,"duration":3,"executor":0},{"id":27,"duration":5,"executor":2},{"id":35,"duration":4,"executor":1},{"id":16,"duration":10,"executor":1},{"id":42,"duration":3,"executor":0},{"id":24,"duration":4,"executor":2},{"id":34,"duration":3,"executor":0},{"id":50,"duration":4,"executor":0},{"id":52,"duration":4,"executor":0},{"id":48,"duration":5,"executor":0},{"id":22,"duration":5,"executor":1},{"id":31,"duration":4,"executor":0},{"id":58,"duration":6,"executor":2},{"id":53,"duration":4,"executor":1},{"id":39,"duration":3,"executor":0},{"id":8,"duration":4,"executor":1},{"id":45,"duration":4,"executor":1},{"id":40,"duration":5,"executor":2},{"id":36,"duration":3,"executor":0},{"id":51,"duration":4,"executor":0},{"id":14,"duration":4,"executor":1},{"id":1,"duration":13,"executor":0},{"id":2,"duration":5,"executor":0},{"id":19,"duration":4,"executor":0},{"id":47,"duration":20,"executor":1},{"id":20,"duration":5,"executor":2},{"id":54,"duration":4,"executor":0},{"id":30,"duration":4,"executor":2},{"id":10,"duration":5,"executor":1},{"id":46,"duration":3,"executor":0},{"id":18,"duration":5,"executor":2},{"id":41,"duration":4,"executor":1},{"id":15,"duration":4,"executor":0},{"id":23,"duration":3,"executor":0},{"id":9,"duration":4,"executor":0},{"id":44,"duration":36,"executor":2},{"id":7,"duration":4,"executor":0},{"id":28,"duration":4,"executor":1},{"id":56,"duration":8,"executor":0},{"id":13,"duration":3,"executor":0},{"id":21,"duration":4,"executor":0},{"id":59,"duration":4,"executor":1},{"id":11,"duration":4,"executor":0},{"id":12,"duration":4,"executor":1},{"id":3,"duration":4,"executor":1},{"id":32,"duration":5,"executor":1},{"id":43,"duration":4,"executor":0},{"id":49,"duration":4,"executor":0},{"id":37,"duration":4,"executor":2},{"id":38,"duration":4,"executor":1},{"id":33,"duration":5,"executor":2},{"id":5,"duration":4,"executor":1},{"id":6,"duration":21,"executor":2},{"id":25,"duration":4,"executor":1},{"id":55,"duration":4,"executor":1},{"id":4,"duration":4,"executor":0},{"id":26,"duration":4,"executor":0},{"id":17,"duration":4,"executor":0},{"id":57,"duration":5,"executor":1}],"rdds":[347,348,351,352],"parents":[],"accIds":[4692,4693,4694,4695,4696,4697,4799,4800,4801,4802,4803,4804,4830,4831]},{"id":87,"isQueryResult":false,"tasks":[{"id":52,"duration":55,"executor":1},{"id":41,"duration":17,"executor":0},{"id":35,"duration":18,"executor":2},{"id":6,"duration":23,"executor":2},{"id":40,"duration":18,"executor":1},{"id":8,"duration":21,"executor":0},{"id":23,"duration":18,"executor":2},{"id":48,"duration":18,"executor":2},{"id":55,"duration":19,"executor":2},{"id":27,"duration":17,"executor":0},{"id":39,"duration":18,"executor":2},{"id":53,"duration":18,"executor":2},{"id":9,"duration":20,"executor":2},{"id":13,"duration":20,"executor":0},{"id":10,"duration":20,"executor":0},{"id":30,"duration":19,"executor":2},{"id":51,"duration":23,"executor":0},{"id":44,"duration":17,"executor":0},{"id":15,"duration":19,"executor":2},{"id":45,"duration":18,"executor":2},{"id":28,"duration":18,"executor":1},{"id":4,"duration":22,"executor":2},{"id":7,"duration":27,"executor":1},{"id":21,"duration":18,"executor":0},{"id":50,"duration":19,"executor":2},{"id":26,"duration":19,"executor":2},{"id":32,"duration":20,"executor":0},{"id":3,"duration":24,"executor":1},{"id":46,"duration":25,"executor":1},{"id":54,"duration":18,"executor":0},{"id":36,"duration":17,"executor":0},{"id":56,"duration":20,"executor":0},{"id":38,"duration":17,"executor":0},{"id":43,"duration":18,"executor":1},{"id":20,"duration":19,"executor":2},{"id":42,"duration":19,"executor":2},{"id":25,"duration":18,"executor":1},{"id":37,"duration":18,"executor":1},{"id":2,"duration":42,"executor":0},{"id":5,"duration":22,"executor":0},{"id":12,"duration":19,"executor":2},{"id":19,"duration":19,"executor":0},{"id":22,"duration":20,"executor":1},{"id":34,"duration":18,"executor":1},{"id":24,"duration":18,"executor":0},{"id":58,"duration":19,"executor":0},{"id":31,"duration":18,"executor":1},{"id":17,"duration":30,"executor":1},{"id":49,"duration":19,"executor":1},{"id":16,"duration":20,"executor":0},{"id":11,"duration":24,"executor":1},{"id":18,"duration":18,"executor":2},{"id":29,"duration":18,"executor":0},{"id":57,"duration":18,"executor":2},{"id":0,"duration":38,"executor":2},{"id":59,"duration":20,"executor":1},{"id":1,"duration":38,"executor":1},{"id":14,"duration":28,"executor":1},{"id":47,"duration":23,"executor":0},{"id":33,"duration":18,"executor":2}],"rdds":[362,363,364,365],"parents":[],"accIds":[4712,4731,4732,4733,4734,4735,4736,4738,4739,4741,4742,4743,4744,4745,4746,4834,4835,4836,4837,4838,4839,4843,4862,4863,4864,4865,4866]},{"id":88,"isQueryResult":false,"tasks":[{"id":32,"duration":14,"executor":0},{"id":24,"duration":14,"executor":0},{"id":35,"duration":14,"executor":0},{"id":0,"duration":22,"executor":2},{"id":10,"duration":15,"executor":1},{"id":9,"duration":17,"executor":0},{"id":12,"duration":15,"executor":0},{"id":13,"duration":14,"executor":2},{"id":2,"duration":26,"executor":1},{"id":27,"duration":13,"executor":0},{"id":58,"duration":32,"executor":2},{"id":7,"duration":16,"executor":1},{"id":57,"duration":15,"executor":1},{"id":51,"duration":14,"executor":1},{"id":20,"duration":15,"executor":1},{"id":26,"duration":16,"executor":1},{"id":8,"duration":13,"executor":2},{"id":38,"duration":14,"executor":0},{"id":59,"duration":17,"executor":0},{"id":43,"duration":14,"executor":1},{"id":25,"duration":14,"executor":2},{"id":11,"duration":14,"executor":2},{"id":37,"duration":14,"executor":1},{"id":39,"duration":14,"executor":2},{"id":14,"duration":16,"executor":1},{"id":4,"duration":13,"executor":0},{"id":52,"duration":15,"executor":2},{"id":54,"duration":13,"executor":1},{"id":42,"duration":14,"executor":2},{"id":40,"duration":13,"executor":1},{"id":3,"duration":13,"executor":2},{"id":31,"duration":13,"executor":2},{"id":6,"duration":14,"executor":0},{"id":34,"duration":14,"executor":2},{"id":15,"duration":14,"executor":0},{"id":33,"duration":15,"executor":1},{"id":36,"duration":14,"executor":2},{"id":30,"duration":14,"executor":0},{"id":55,"duration":14,"executor":2},{"id":18,"duration":12,"executor":0},{"id":50,"duration":14,"executor":0},{"id":44,"duration":12,"executor":0},{"id":1,"duration":20,"executor":0},{"id":46,"duration":14,"executor":2},{"id":21,"duration":14,"executor":0},{"id":29,"duration":17,"executor":1},{"id":41,"duration":13,"executor":0},{"id":5,"duration":13,"executor":2},{"id":22,"duration":14,"executor":2},{"id":53,"duration":14,"executor":0},{"id":16,"duration":14,"executor":2},{"id":17,"duration":14,"executor":1},{"id":56,"duration":14,"executor":0},{"id":19,"duration":13,"executor":2},{"id":47,"duration":14,"executor":0},{"id":23,"duration":16,"executor":1},{"id":28,"duration":14,"executor":2},{"id":49,"duration":20,"executor":2},{"id":45,"duration":14,"executor":1},{"id":48,"duration":14,"executor":1}],"rdds":[356,357,358,359],"parents":[],"accIds":[4655,4674,4675,4676,4677,4678,4679,4680,4681,4682,4683,4869,4870,4871,4872,4873,4874,4875,4878,4897,4898,4899,4900,4901]},{"id":89,"isQueryResult":false,"tasks":[{"id":28,"duration":17,"executor":2},{"id":40,"duration":35,"executor":1},{"id":57,"duration":24,"executor":1},{"id":34,"duration":19,"executor":2},{"id":33,"duration":23,"executor":1},{"id":2,"duration":24,"executor":2},{"id":30,"duration":21,"executor":1},{"id":22,"duration":17,"executor":0},{"id":23,"duration":17,"executor":2},{"id":12,"duration":19,"executor":2},{"id":27,"duration":18,"executor":1},{"id":31,"duration":18,"executor":2},{"id":52,"duration":18,"executor":2},{"id":29,"duration":21,"executor":0},{"id":24,"duration":19,"executor":1},{"id":20,"duration":16,"executor":2},{"id":25,"duration":23,"executor":0},{"id":3,"duration":18,"executor":2},{"id":16,"duration":18,"executor":0},{"id":47,"duration":20,"executor":0},{"id":50,"duration":19,"executor":2},{"id":6,"duration":17,"executor":2},{"id":35,"duration":17,"executor":0},{"id":56,"duration":18,"executor":0},{"id":59,"duration":16,"executor":0},{"id":26,"duration":16,"executor":2},{"id":46,"duration":21,"executor":1},{"id":9,"duration":15,"executor":2},{"id":37,"duration":21,"executor":1},{"id":10,"duration":18,"executor":0},{"id":43,"duration":22,"executor":1},{"id":44,"duration":22,"executor":0},{"id":38,"duration":22,"executor":0},{"id":4,"duration":20,"executor":0},{"id":53,"duration":18,"executor":0},{"id":11,"duration":20,"executor":1},{"id":7,"duration":20,"executor":0},{"id":0,"duration":24,"executor":0},{"id":39,"duration":33,"executor":2},{"id":51,"duration":18,"executor":0},{"id":21,"duration":18,"executor":1},{"id":15,"duration":17,"executor":2},{"id":32,"duration":18,"executor":0},{"id":41,"duration":34,"executor":0},{"id":54,"duration":22,"executor":1},{"id":1,"duration":28,"executor":1},{"id":36,"duration":18,"executor":2},{"id":14,"duration":24,"executor":1},{"id":17,"duration":17,"executor":2},{"id":13,"duration":17,"executor":0},{"id":8,"duration":20,"executor":1},{"id":58,"duration":16,"executor":2},{"id":45,"duration":16,"executor":2},{"id":42,"duration":18,"executor":2},{"id":19,"duration":18,"executor":0},{"id":49,"duration":25,"executor":1},{"id":5,"duration":21,"executor":1},{"id":18,"duration":20,"executor":1},{"id":48,"duration":18,"executor":2},{"id":55,"duration":18,"executor":2}],"rdds":[360,361,366,367,368,369,370],"parents":[87,88],"accIds":[4626,4645,4646,4647,4648,4649,4650,4651,4652,4653,4654,4657,4658,4659,4661,4662,4663,4672,4701,4702,4703,4704,4705,4706,4707,4709,4710,4714,4715,4716,4718,4719,4720,4729,4904,4905,4906,4907,4908,4909,4913,4915,4916,4917,4918,4919,4920,4921,4922,4923,4924,4925,4926,4927,4928,4929,4930,4931,4932,4933,4934]},{"id":90,"isQueryResult":false,"tasks":[{"id":41,"duration":29,"executor":0},{"id":38,"duration":9,"executor":2},{"id":20,"duration":11,"executor":0},{"id":9,"duration":9,"executor":2},{"id":14,"duration":9,"executor":1},{"id":29,"duration":9,"executor":2},{"id":45,"duration":10,"executor":0},{"id":59,"duration":8,"executor":1},{"id":40,"duration":8,"executor":2},{"id":5,"duration":9,"executor":1},{"id":49,"duration":10,"executor":2},{"id":33,"duration":9,"executor":1},{"id":7,"duration":9,"executor":2},{"id":3,"duration":10,"executor":0},{"id":26,"duration":8,"executor":2},{"id":27,"duration":11,"executor":0},{"id":58,"duration":8,"executor":2},{"id":31,"duration":9,"executor":1},{"id":23,"duration":10,"executor":0},{"id":4,"duration":9,"executor":2},{"id":24,"duration":9,"executor":2},{"id":46,"duration":8,"executor":2},{"id":47,"duration":10,"executor":1},{"id":1,"duration":22,"executor":0},{"id":19,"duration":9,"executor":1},{"id":0,"duration":28,"executor":1},{"id":21,"duration":10,"executor":2},{"id":22,"duration":9,"executor":1},{"id":44,"duration":10,"executor":1},{"id":54,"duration":10,"executor":0},{"id":12,"duration":9,"executor":2},{"id":32,"duration":8,"executor":2},{"id":57,"duration":11,"executor":0},{"id":48,"duration":10,"executor":0},{"id":18,"duration":10,"executor":2},{"id":10,"duration":11,"executor":0},{"id":35,"duration":9,"executor":2},{"id":11,"duration":9,"executor":1},{"id":39,"duration":35,"executor":1},{"id":56,"duration":9,"executor":1},{"id":8,"duration":9,"executor":1},{"id":55,"duration":9,"executor":2},{"id":34,"duration":12,"executor":0},{"id":25,"duration":9,"executor":1},{"id":52,"duration":9,"executor":2},{"id":13,"duration":11,"executor":0},{"id":30,"duration":11,"executor":0},{"id":16,"duration":9,"executor":1},{"id":6,"duration":11,"executor":0},{"id":2,"duration":26,"executor":2},{"id":50,"duration":10,"executor":1},{"id":43,"duration":10,"executor":2},{"id":36,"duration":9,"executor":1},{"id":53,"duration":10,"executor":1},{"id":28,"duration":9,"executor":1},{"id":51,"duration":10,"executor":0},{"id":15,"duration":9,"executor":2},{"id":42,"duration":21,"executor":2},{"id":17,"duration":11,"executor":0},{"id":37,"duration":11,"executor":0}],"rdds":[353,354,355,371,372,373,374,375,376,377],"parents":[89],"accIds":[4606,4607,4608,4609,4610,4611,4612,4613,4614,4615,4616,4617,4618,4622,4623,4624,4625,4628,4629,4630,4632,4633,4634,4643,4939,4940,4941,4942,4943,4944,4948,4950,4951,4952,4953,4954,4955,4956,4957,4958,4959,4960,4961,4962,4963,4964,4965,4966,4970,4971]},{"id":94,"isQueryResult":false,"tasks":[{"id":3,"duration":10,"executor":1},{"id":11,"duration":13,"executor":0},{"id":57,"duration":10,"executor":1},{"id":44,"duration":8,"executor":2},{"id":34,"duration":9,"executor":2},{"id":46,"duration":11,"executor":0},{"id":45,"duration":11,"executor":1},{"id":17,"duration":13,"executor":0},{"id":16,"duration":11,"executor":1},{"id":12,"duration":12,"executor":2},{"id":13,"duration":12,"executor":1},{"id":32,"duration":12,"executor":0},{"id":14,"duration":13,"executor":0},{"id":53,"duration":10,"executor":2},{"id":43,"duration":11,"executor":0},{"id":39,"duration":12,"executor":1},{"id":48,"duration":12,"executor":1},{"id":5,"duration":10,"executor":2},{"id":50,"duration":11,"executor":0},{"id":35,"duration":11,"executor":2},{"id":55,"duration":19,"executor":0},{"id":54,"duration":20,"executor":1},{"id":9,"duration":11,"executor":2},{"id":18,"duration":12,"executor":2},{"id":58,"duration":11,"executor":0},{"id":27,"duration":14,"executor":2},{"id":6,"duration":14,"executor":1},{"id":10,"duration":11,"executor":1},{"id":7,"duration":12,"executor":2},{"id":22,"duration":10,"executor":1},{"id":23,"duration":12,"executor":0},{"id":33,"duration":11,"executor":1},{"id":41,"duration":11,"executor":2},{"id":52,"duration":11,"executor":0},{"id":56,"duration":20,"executor":2},{"id":25,"duration":11,"executor":2},{"id":4,"duration":12,"executor":0},{"id":40,"duration":13,"executor":0},{"id":30,"duration":12,"executor":1},{"id":59,"duration":10,"executor":2},{"id":24,"duration":13,"executor":1},{"id":28,"duration":12,"executor":1},{"id":0,"duration":17,"executor":2},{"id":29,"duration":13,"executor":0},{"id":49,"duration":11,"executor":2},{"id":26,"duration":14,"executor":0},{"id":2,"duration":15,"executor":0},{"id":38,"duration":9,"executor":2},{"id":31,"duration":12,"executor":2},{"id":1,"duration":15,"executor":1},{"id":15,"duration":11,"executor":2},{"id":21,"duration":12,"executor":2},{"id":20,"duration":11,"executor":0},{"id":19,"duration":11,"executor":1},{"id":8,"duration":13,"executor":0},{"id":51,"duration":12,"executor":1},{"id":42,"duration":11,"executor":1},{"id":36,"duration":13,"executor":0},{"id":47,"duration":10,"executor":2},{"id":37,"duration":12,"executor":1}],"rdds":[353,354,355,371,372,373,374,378],"parents":[93],"accIds":[4584,4603,4604,4605,4606,4607,4608,4609,4610,4611,4612,4613,4614,4615,4616,4617,4618,4622,4623,4624,4625,4628,4629,4630,4632,4633,4634,4643,4974,4975,4976,4977,4978,4983,4985,4986,4987,4988,4989,4990,4991,4992,4993,4994,4995,4996,4997,4998,4999,5000,5001,5002,5003,5004,5005,5006]},{"id":95,"isQueryResult":true,"tasks":[{"id":47,"duration":6,"executor":1},{"id":40,"duration":5,"executor":2},{"id":1,"duration":9,"executor":2},{"id":17,"duration":5,"executor":1},{"id":41,"duration":4,"executor":0},{"id":3,"duration":10,"executor":1},{"id":20,"duration":4,"executor":0},{"id":42,"duration":17,"executor":0},{"id":5,"duration":5,"executor":1},{"id":32,"duration":5,"executor":1},{"id":8,"duration":4,"executor":0},{"id":49,"duration":5,"executor":0},{"id":7,"duration":4,"executor":2},{"id":36,"duration":5,"executor":1},{"id":22,"duration":6,"executor":2},{"id":51,"duration":5,"executor":2},{"id":39,"duration":4,"executor":1},{"id":44,"duration":20,"executor":2},{"id":53,"duration":5,"executor":0},{"id":59,"duration":5,"executor":2},{"id":43,"duration":5,"executor":1},{"id":28,"duration":5,"executor":1},{"id":38,"duration":5,"executor":2},{"id":14,"duration":4,"executor":0},{"id":54,"duration":4,"executor":2},{"id":12,"duration":4,"executor":1},{"id":45,"duration":15,"executor":1},{"id":29,"duration":5,"executor":2},{"id":55,"duration":7,"executor":0},{"id":18,"duration":5,"executor":1},{"id":10,"duration":5,"executor":2},{"id":11,"duration":4,"executor":2},{"id":58,"duration":5,"executor":0},{"id":37,"duration":4,"executor":0},{"id":15,"duration":10,"executor":2},{"id":13,"duration":4,"executor":0},{"id":2,"duration":5,"executor":0},{"id":9,"duration":5,"executor":1},{"id":31,"duration":4,"executor":0},{"id":46,"duration":5,"executor":0},{"id":4,"duration":5,"executor":2},{"id":19,"duration":4,"executor":0},{"id":25,"duration":5,"executor":1},{"id":21,"duration":4,"executor":1},{"id":6,"duration":4,"executor":0},{"id":57,"duration":6,"executor":2},{"id":16,"duration":5,"executor":1},{"id":56,"duration":5,"executor":1},{"id":27,"duration":4,"executor":0},{"id":23,"duration":4,"executor":0},{"id":52,"duration":10,"executor":1},{"id":26,"duration":4,"executor":0},{"id":30,"duration":4,"executor":2},{"id":24,"duration":5,"executor":2},{"id":35,"duration":5,"executor":2},{"id":50,"duration":5,"executor":1},{"id":34,"duration":4,"executor":0},{"id":33,"duration":4,"executor":0},{"id":48,"duration":5,"executor":2},{"id":0,"duration":8,"executor":0}],"rdds":[379,380,381],"parents":[94],"accIds":[4580,4581,4582,4583,4586,4587,4588,4590,4591,4592,4601,5009,5010,5011,5012,5013,5014,5015,5018,5020,5021,5022,5023,5024,5025,5026,5027,5028,5029,5030,5031,5032,5033,5034,5035,5036]}]},"sqlPlan":{ "nodeName":"WholeStageCodegen (12)", "description":"WholeStageCodegen (12)", "metadata":{}, "metrics":[{"metricName":"duration","value":28,"accId":4580}], "children":[{ "nodeName":"Sort", "description":"Sort [s_name#399 ASC NULLS FIRST], true, 0", "metadata":{}, "metrics":[{"metricName":"sort time","value":0,"accId":4581},{"metricName":"peak memory","value":4030463040,"accId":4582},{"metricName":"spill size","value":0,"accId":4583}], "children":[{ "nodeName":"InputAdapter", "description":"InputAdapter", "metadata":{}, "metrics":[], "children":[{ "nodeName":"Exchange", "description":"Exchange rangepartitioning(s_name#399 ASC NULLS FIRST, 60), ENSURE_REQUIREMENTS, [plan_id=3201]", "metadata":{}, "metrics":[{"metricName":"shuffle records written","value":186,"accId":4604},{"metricName":"local merged chunks fetched","value":0,"accId":4598},{"metricName":"shuffle write time","value":93479484,"accId":4605},{"metricName":"remote merged bytes read","value":0,"accId":4599},{"metricName":"local merged blocks fetched","value":0,"accId":4596},{"metricName":"corrupt merged block chunks","value":0,"accId":4593},{"metricName":"remote merged reqs duration","value":0,"accId":4602},{"metricName":"remote merged blocks fetched","value":0,"accId":4595},{"metricName":"records read","value":186,"accId":4592},{"metricName":"local bytes read","value":11082,"accId":4590},{"metricName":"fetch wait time","value":26,"accId":4591},{"metricName":"remote bytes read","value":10328,"accId":4588},{"metricName":"merged fetch fallback count","value":0,"accId":4594},{"metricName":"local blocks read","value":93,"accId":4587},{"metricName":"remote merged chunks fetched","value":0,"accId":4597},{"metricName":"remote blocks read","value":87,"accId":4586},{"metricName":"data size","value":14248,"accId":4584},{"metricName":"local merged bytes read","value":0,"accId":4600},{"metricName":"number of partitions","value":60,"accId":4585},{"metricName":"remote reqs duration","value":30,"accId":4601},{"metricName":"remote bytes read to disk","value":0,"accId":4589},{"metricName":"shuffle bytes written","value":21410,"accId":4603}], "children":[{ "nodeName":"WholeStageCodegen (11)", "description":"WholeStageCodegen (11)", "metadata":{}, "metrics":[{"metricName":"duration","value":426,"accId":4606}], "children":[{ "nodeName":"Project", "description":"Project [s_name#399, s_address#400]", "metadata":{}, "metrics":[], "children":[{ "nodeName":"BroadcastHashJoin", "description":"BroadcastHashJoin [s_nationkey#401L], [n_nationkey#253L], Inner, BuildRight, false", "metadata":{}, "metrics":[{"metricName":"number of output rows","value":372,"accId":4607}], "children":[{ "nodeName":"Project", "description":"Project [s_name#399, s_address#400, s_nationkey#401L]", "metadata":{}, "metrics":[], "children":[{ "nodeName":"SortMergeJoin", "description":"SortMergeJoin [s_suppkey#398L], [ps_suppkey#757L], LeftSemi", "metadata":{}, "metrics":[{"metricName":"number of output rows","value":8794,"accId":4608},{"metricName":"spill size","value":0,"accId":4609}], "children":[{ "nodeName":"InputAdapter", "description":"InputAdapter", "metadata":{}, "metrics":[], "children":[{ "nodeName":"WholeStageCodegen (1)", "description":"WholeStageCodegen (1)", "metadata":{}, "metrics":[{"metricName":"duration","value":178,"accId":4610}], "children":[{ "nodeName":"Sort", "description":"Sort [s_suppkey#398L ASC NULLS FIRST], false, 0", "metadata":{}, "metrics":[{"metricName":"sort time","value":0,"accId":4611},{"metricName":"peak memory","value":8060926080,"accId":4612},{"metricName":"spill size","value":0,"accId":4613}], "children":[{ "nodeName":"Filter", "description":"Filter isnotnull(s_nationkey#401L)", "metadata":{}, "metrics":[{"metricName":"number of output rows","value":20000,"accId":4614}], "children":[{ "nodeName":"ColumnarToRow", "description":"ColumnarToRow", "metadata":{}, "metrics":[{"metricName":"number of output rows","value":20000,"accId":4615},{"metricName":"number of input batches","value":120,"accId":4616}], "children":[{ "nodeName":"InputAdapter", "description":"InputAdapter", "metadata":{}, "metrics":[], "children":[{ "nodeName":"Scan parquet spark_catalog.tpch.supplier", "description":"FileScan parquet spark_catalog.tpch.supplier[s_suppkey#398L,s_name#399,s_address#400,s_nationkey#401L] Batched: true, Bucketed: true, DataFilters: [isnotnull(s_nationkey#401L)], Format: Parquet, Location: InMemoryFileIndex(1 paths)[file:/data/spark-warehouse/tpch.db/supplier], PartitionFilters: [], PushedFilters: [IsNotNull(s_nationkey)], ReadSchema: struct<s_suppkey:bigint,s_name:string,s_address:string,s_nationkey:bigint>, SelectedBucketsCount: 60 out of 60", "metadata":{"Location":"InMemoryFileIndex(1 paths)[file:/data/spark-warehouse/tpch.db/supplier]","ReadSchema":"struct<s_suppkey:bigint,s_name:string,s_address:string,s_nationkey:bigint>","Format":"Parquet","SelectedBucketsCount":"60 out of 60","Batched":"true","PartitionFilters":"[]","PushedFilters":"[IsNotNull(s_nationkey)]","DataFilters":"[isnotnull(s_nationkey#401L)]","Bucketed":"true"}, "metrics":[{"metricName":"number of files read","value":60,"accId":4619},{"metricName":"scan time","value":168,"accId":4618},{"metricName":"metadata time","value":0,"accId":4620},{"metricName":"size of files read","value":1689031,"accId":4621},{"metricName":"number of output rows","value":20000,"accId":4617}], "children":[] }] }] }] }] }] }] },{ "nodeName":"InputAdapter", "description":"InputAdapter", "metadata":{}, "metrics":[], "children":[{ "nodeName":"WholeStageCodegen (9)", "description":"WholeStageCodegen (9)", "metadata":{}, "metrics":[{"metricName":"duration","value":832,"accId":4622}], "children":[{ "nodeName":"Sort", "description":"Sort [ps_suppkey#757L ASC NULLS FIRST], false, 0", "metadata":{}, "metrics":[{"metricName":"sort time","value":0,"accId":4623},{"metricName":"peak memory","value":8060926080,"accId":4624},{"metricName":"spill size","value":0,"accId":4625}], "children":[{ "nodeName":"InputAdapter", "description":"InputAdapter", "metadata":{}, "metrics":[], "children":[{ "nodeName":"Exchange", "description":"Exchange hashpartitioning(ps_suppkey#757L, 60), ENSURE_REQUIREMENTS, [plan_id=3161]", "metadata":{}, "metrics":[{"metricName":"shuffle records written","value":5833,"accId":4646},{"metricName":"local merged chunks fetched","value":0,"accId":4640},{"metricName":"shuffle write time","value":363120800,"accId":4647},{"metricName":"remote merged bytes read","value":0,"accId":4641},{"metricName":"local merged blocks fetched","value":0,"accId":4638},{"metricName":"corrupt merged block chunks","value":0,"accId":4635},{"metricName":"remote merged reqs duration","value":0,"accId":4644},{"metricName":"remote merged blocks fetched","value":0,"accId":4637},{"metricName":"records read","value":11666,"accId":4634},{"metricName":"local bytes read","value":133087,"accId":4632},{"metricName":"fetch wait time","value":16,"accId":4633},{"metricName":"remote bytes read","value":259510,"accId":4630},{"metricName":"merged fetch fallback count","value":0,"accId":4636},{"metricName":"local blocks read","value":1937,"accId":4629},{"metricName":"remote merged chunks fetched","value":0,"accId":4639},{"metricName":"remote blocks read","value":3806,"accId":4628},{"metricName":"data size","value":93328,"accId":4626},{"metricName":"local merged bytes read","value":0,"accId":4642},{"metricName":"number of partitions","value":60,"accId":4627},{"metricName":"remote reqs duration","value":581,"accId":4643},{"metricName":"remote bytes read to disk","value":0,"accId":4631},{"metricName":"shuffle bytes written","value":195683,"accId":4645}], "children":[{ "nodeName":"WholeStageCodegen (8)", "description":"WholeStageCodegen (8)", "metadata":{}, "metrics":[{"metricName":"duration","value":417,"accId":4648}], "children":[{ "nodeName":"Project", "description":"Project [ps_suppkey#757L]", "metadata":{}, "metrics":[], "children":[{ "nodeName":"SortMergeJoin", "description":"SortMergeJoin [ps_partkey#756L, ps_suppkey#757L], [l_partkey#10L, l_suppkey#11L], Inner, (cast(ps_availqty#758 as decimal(27,3)) > (0.5 * sum(l_quantity))#783)", "metadata":{}, "metrics":[{"metricName":"number of output rows","value":5833,"accId":4649},{"metricName":"spill size","value":0,"accId":4650}], "children":[{ "nodeName":"InputAdapter", "description":"InputAdapter", "metadata":{}, "metrics":[], "children":[{ "nodeName":"WholeStageCodegen (4)", "description":"WholeStageCodegen (4)", "metadata":{}, "metrics":[{"metricName":"duration","value":321,"accId":4651}], "children":[{ "nodeName":"Sort", "description":"Sort [ps_partkey#756L ASC NULLS FIRST, ps_suppkey#757L ASC NULLS FIRST], false, 0", "metadata":{}, "metrics":[{"metricName":"sort time","value":0,"accId":4652},{"metricName":"peak memory","value":4030463040,"accId":4653},{"metricName":"spill size","value":0,"accId":4654}], "children":[{ "nodeName":"InputAdapter", "description":"InputAdapter", "metadata":{}, "metrics":[], "children":[{ "nodeName":"Exchange", "description":"Exchange hashpartitioning(ps_partkey#756L, ps_suppkey#757L, 60), ENSURE_REQUIREMENTS, [plan_id=3052]", "metadata":{}, "metrics":[{"metricName":"shuffle records written","value":8508,"accId":4675},{"metricName":"local merged chunks fetched","value":0,"accId":4669},{"metricName":"shuffle write time","value":374251317,"accId":4676},{"metricName":"remote merged bytes read","value":0,"accId":4670},{"metricName":"local merged blocks fetched","value":0,"accId":4667},{"metricName":"corrupt merged block chunks","value":0,"accId":4664},{"metricName":"remote merged reqs duration","value":0,"accId":4673},{"metricName":"remote merged blocks fetched","value":0,"accId":4666},{"metricName":"records read","value":8508,"accId":4663},{"metricName":"local bytes read","value":108915,"accId":4661},{"metricName":"fetch wait time","value":31,"accId":4662},{"metricName":"remote bytes read","value":218553,"accId":4659},{"metricName":"merged fetch fallback count","value":0,"accId":4665},{"metricName":"local blocks read","value":1087,"accId":4658},{"metricName":"remote merged chunks fetched","value":0,"accId":4668},{"metricName":"remote blocks read","value":2140,"accId":4657},{"metricName":"data size","value":272256,"accId":4655},{"metricName":"local merged bytes read","value":0,"accId":4671},{"metricName":"number of partitions","value":60,"accId":4656},{"metricName":"remote reqs duration","value":312,"accId":4672},{"metricName":"remote bytes read to disk","value":0,"accId":4660},{"metricName":"shuffle bytes written","value":327468,"accId":4674}], "children":[{ "nodeName":"WholeStageCodegen (3)", "description":"WholeStageCodegen (3)", "metadata":{}, "metrics":[{"metricName":"duration","value":335,"accId":4677}], "children":[{ "nodeName":"BroadcastHashJoin", "description":"BroadcastHashJoin [ps_partkey#756L], [p_partkey#352L], LeftSemi, BuildRight, false", "metadata":{}, "metrics":[{"metricName":"number of output rows","value":8508,"accId":4678}], "children":[{ "nodeName":"Filter", "description":"Filter ((isnotnull(ps_availqty#758) AND isnotnull(ps_partkey#756L)) AND isnotnull(ps_suppkey#757L))", "metadata":{}, "metrics":[{"metricName":"number of output rows","value":800000,"accId":4679}], "children":[{ "nodeName":"ColumnarToRow", "description":"ColumnarToRow", "metadata":{}, "metrics":[{"metricName":"number of output rows","value":800000,"accId":4680},{"metricName":"number of input batches","value":240,"accId":4681}], "children":[{ "nodeName":"InputAdapter", "description":"InputAdapter", "metadata":{}, "metrics":[], "children":[{ "nodeName":"Scan parquet spark_catalog.tpch.partsupp", "description":"FileScan parquet spark_catalog.tpch.partsupp[ps_partkey#756L,ps_suppkey#757L,ps_availqty#758] Batched: true, Bucketed: true, DataFilters: [isnotnull(ps_availqty#758), isnotnull(ps_partkey#756L), isnotnull(ps_suppkey#757L)], Format: Parquet, Location: InMemoryFileIndex(1 paths)[file:/data/spark-warehouse/tpch.db/partsupp], PartitionFilters: [], PushedFilters: [IsNotNull(ps_availqty), IsNotNull(ps_partkey), IsNotNull(ps_suppkey)], ReadSchema: struct<ps_partkey:bigint,ps_suppkey:bigint,ps_availqty:int>, SelectedBucketsCount: 60 out of 60", "metadata":{"Location":"InMemoryFileIndex(1 paths)[file:/data/spark-warehouse/tpch.db/partsupp]","ReadSchema":"struct<ps_partkey:bigint,ps_suppkey:bigint,ps_availqty:int>","Format":"Parquet","SelectedBucketsCount":"60 out of 60","Batched":"true","PartitionFilters":"[]","PushedFilters":"[IsNotNull(ps_availqty), IsNotNull(ps_partkey), IsNotNull(ps_suppkey)]","DataFilters":"[isnotnull(ps_availqty#758), isnotnull(ps_partkey#756L), isnotnull(ps_suppkey#757L)]","Bucketed":"true"}, "metrics":[{"metricName":"number of files read","value":60,"accId":4684},{"metricName":"scan time","value":90,"accId":4683},{"metricName":"metadata time","value":0,"accId":4685},{"metricName":"size of files read","value":119347912,"accId":4686},{"metricName":"number of output rows","value":800000,"accId":4682}], "children":[] }] }] }] },{ "nodeName":"InputAdapter", "description":"InputAdapter", "metadata":{}, "metrics":[], "children":[{ "nodeName":"BroadcastExchange", "description":"BroadcastExchange HashedRelationBroadcastMode(List(input[0, bigint, true]),false), [plan_id=3048]", "metadata":{}, "metrics":[{"metricName":"time to broadcast","value":1,"accId":4691},{"metricName":"time to build","value":1,"accId":4690},{"metricName":"time to collect","value":140,"accId":4689},{"metricName":"number of output rows","value":2127,"accId":4688},{"metricName":"data size","value":1179648,"accId":4687}], "children":[{ "nodeName":"WholeStageCodegen (2)", "description":"WholeStageCodegen (2)", "metadata":{}, "metrics":[{"metricName":"duration","value":105,"accId":4692}], "children":[{ "nodeName":"Project", "description":"Project [p_partkey#352L]", "metadata":{}, "metrics":[], "children":[{ "nodeName":"Filter", "description":"Filter (isnotnull(p_name#353) AND StartsWith(p_name#353, forest))", "metadata":{}, "metrics":[{"metricName":"number of output rows","value":2127,"accId":4693}], "children":[{ "nodeName":"ColumnarToRow", "description":"ColumnarToRow", "metadata":{}, "metrics":[{"metricName":"number of output rows","value":200000,"accId":4694},{"metricName":"number of input batches","value":60,"accId":4695}], "children":[{ "nodeName":"InputAdapter", "description":"InputAdapter", "metadata":{}, "metrics":[], "children":[{ "nodeName":"Scan parquet spark_catalog.tpch.part", "description":"FileScan parquet spark_catalog.tpch.part[p_partkey#352L,p_name#353] Batched: true, Bucketed: true, DataFilters: [isnotnull(p_name#353), StartsWith(p_name#353, forest)], Format: Parquet, Location: InMemoryFileIndex(1 paths)[file:/data/spark-warehouse/tpch.db/part], PartitionFilters: [], PushedFilters: [IsNotNull(p_name), StringStartsWith(p_name,forest)], ReadSchema: struct<p_partkey:bigint,p_name:string>, SelectedBucketsCount: 60 out of 60", "metadata":{"Location":"InMemoryFileIndex(1 paths)[file:/data/spark-warehouse/tpch.db/part]","ReadSchema":"struct<p_partkey:bigint,p_name:string>","Format":"Parquet","SelectedBucketsCount":"60 out of 60","Batched":"true","PartitionFilters":"[]","PushedFilters":"[IsNotNull(p_name), StringStartsWith(p_name,forest)]","DataFilters":"[isnotnull(p_name#353), StartsWith(p_name#353, forest)]","Bucketed":"true"}, "metrics":[{"metricName":"number of files read","value":60,"accId":4698},{"metricName":"scan time","value":98,"accId":4697},{"metricName":"metadata time","value":0,"accId":4699},{"metricName":"size of files read","value":15214963,"accId":4700},{"metricName":"number of output rows","value":200000,"accId":4696}], "children":[] }] }] }] }] }] }] }] }] }] }] }] }] }] }] },{ "nodeName":"InputAdapter", "description":"InputAdapter", "metadata":{}, "metrics":[], "children":[{ "nodeName":"WholeStageCodegen (7)", "description":"WholeStageCodegen (7)", "metadata":{}, "metrics":[{"metricName":"duration","value":623,"accId":4701}], "children":[{ "nodeName":"Sort", "description":"Sort [l_partkey#10L ASC NULLS FIRST, l_suppkey#11L ASC NULLS FIRST], false, 0", "metadata":{}, "metrics":[{"metricName":"sort time","value":0,"accId":4702},{"metricName":"peak memory","value":4030463040,"accId":4703},{"metricName":"spill size","value":0,"accId":4704}], "children":[{ "nodeName":"Filter", "description":"Filter isnotnull((0.5 * sum(l_quantity))#783)", "metadata":{}, "metrics":[{"metricName":"number of output rows","value":5843,"accId":4705}], "children":[{ "nodeName":"HashAggregate", "description":"HashAggregate(keys=[l_partkey#10L, l_suppkey#11L], functions=[sum(l_quantity#13)])", "metadata":{}, "metrics":[{"metricName":"spill size","value":0,"accId":4708},{"metricName":"time in aggregation build","value":66,"accId":4709},{"metricName":"peak memory","value":4042259520,"accId":4707},{"metricName":"number of output rows","value":5843,"accId":4706},{"metricName":"number of sort fallback tasks","value":0,"accId":4711},{"metricName":"avg hash probes per key","value":600,"accId":4710}], "children":[{ "nodeName":"InputAdapter", "description":"InputAdapter", "metadata":{}, "metrics":[], "children":[{ "nodeName":"Exchange", "description":"Exchange hashpartitioning(l_partkey#10L, l_suppkey#11L, 60), ENSURE_REQUIREMENTS, [plan_id=3136]", "metadata":{}, "metrics":[{"metricName":"shuffle records written","value":9635,"accId":4732},{"metricName":"local merged chunks fetched","value":0,"accId":4726},{"metricName":"shuffle write time","value":408005999,"accId":4733},{"metricName":"remote merged bytes read","value":0,"accId":4727},{"metricName":"local merged blocks fetched","value":0,"accId":4724},{"metricName":"corrupt merged block chunks","value":0,"accId":4721},{"metricName":"remote merged reqs duration","value":0,"accId":4730},{"metricName":"remote merged blocks fetched","value":0,"accId":4723},{"metricName":"records read","value":9635,"accId":4720},{"metricName":"local bytes read","value":151451,"accId":4718},{"metricName":"fetch wait time","value":8,"accId":4719},{"metricName":"remote bytes read","value":293688,"accId":4716},{"metricName":"merged fetch fallback count","value":0,"accId":4722},{"metricName":"local blocks read","value":1135,"accId":4715},{"metricName":"remote merged chunks fetched","value":0,"accId":4725},{"metricName":"remote blocks read","value":2226,"accId":4714},{"metricName":"data size","value":539560,"accId":4712},{"metricName":"local merged bytes read","value":0,"accId":4728},{"metricName":"number of partitions","value":60,"accId":4713},{"metricName":"remote reqs duration","value":445,"accId":4729},{"metricName":"remote bytes read to disk","value":0,"accId":4717},{"metricName":"shuffle bytes written","value":445139,"accId":4731}], "children":[{ "nodeName":"WholeStageCodegen (6)", "description":"WholeStageCodegen (6)", "metadata":{}, "metrics":[{"metricName":"duration","value":634,"accId":4734}], "children":[{ "nodeName":"HashAggregate", "description":"HashAggregate(keys=[l_partkey#10L, l_suppkey#11L], functions=[partial_sum(l_quantity#13)])", "metadata":{}, "metrics":[{"metricName":"spill size","value":0,"accId":4737},{"metricName":"time in aggregation build","value":344,"accId":4738},{"metricName":"peak memory","value":4042259520,"accId":4736},{"metricName":"number of output rows","value":9635,"accId":4735},{"metricName":"number of sort fallback tasks","value":0,"accId":4740},{"metricName":"avg hash probes per key","value":600,"accId":4739}], "children":[{ "nodeName":"BroadcastHashJoin", "description":"BroadcastHashJoin [l_partkey#10L], [p_partkey#352L], LeftSemi, BuildRight, false", "metadata":{}, "metrics":[{"metricName":"number of output rows","value":9741,"accId":4741}], "children":[{ "nodeName":"Project", "description":"Project [l_partkey#10L, l_suppkey#11L, l_quantity#13]", "metadata":{}, "metrics":[], "children":[{ "nodeName":"Filter", "description":"Filter ((((isnotnull(l_shipdate#19) AND (l_shipdate#19 >= 1994-01-01)) AND (l_shipdate#19 < 1995-01-01)) AND isnotnull(l_partkey#10L)) AND isnotnull(l_suppkey#11L))", "metadata":{}, "metrics":[{"metricName":"number of output rows","value":909455,"accId":4742}], "children":[{ "nodeName":"ColumnarToRow", "description":"ColumnarToRow", "metadata":{}, "metrics":[{"metricName":"number of output rows","value":6001210,"accId":4743},{"metricName":"number of input batches","value":1500,"accId":4744}], "children":[{ "nodeName":"InputAdapter", "description":"InputAdapter", "metadata":{}, "metrics":[], "children":[{ "nodeName":"Scan parquet spark_catalog.tpch.lineitem", "description":"FileScan parquet spark_catalog.tpch.lineitem[l_partkey#10L,l_suppkey#11L,l_quantity#13,l_shipdate#19] Batched: true, Bucketed: false (bucket column(s) not read), DataFilters: [isnotnull(l_shipdate#19), (l_shipdate#19 >= 1994-01-01), (l_shipdate#19 < 1995-01-01), isnotnull..., Format: Parquet, Location: InMemoryFileIndex(1 paths)[file:/data/spark-warehouse/tpch.db/lineitem], PartitionFilters: [], PushedFilters: [IsNotNull(l_shipdate), GreaterThanOrEqual(l_shipdate,1994-01-01), LessThan(l_shipdate,1995-01-01..., ReadSchema: struct<l_partkey:bigint,l_suppkey:bigint,l_quantity:decimal(15,2),l_shipdate:date>", "metadata":{"Location":"InMemoryFileIndex(1 paths)[file:/data/spark-warehouse/tpch.db/lineitem]","ReadSchema":"struct<l_partkey:bigint,l_suppkey:bigint,l_quantity:decimal(15,2),l_shipdate:date>","Format":"Parquet","Batched":"true","PartitionFilters":"[]","PushedFilters":"[IsNotNull(l_shipdate), GreaterThanOrEqual(l_shipdate,1994-01-01), LessThan(l_shipdate,1995-01-01), IsNotNull(l_partkey), IsNotNull(l_suppkey)]","DataFilters":"[isnotnull(l_shipdate#19), (l_shipdate#19 >= 1994-01-01), (l_shipdate#19 < 1995-01-01), isnotnull(l_partkey#10L), isnotnull(l_suppkey#11L)]","Bucketed":"false (bucket column(s) not read)"}, "metrics":[{"metricName":"number of files read","value":60,"accId":4747},{"metricName":"scan time","value":163,"accId":4746},{"metricName":"metadata time","value":0,"accId":4748},{"metricName":"size of files read","value":365478469,"accId":4749},{"metricName":"number of output rows","value":6001210,"accId":4745}], "children":[] }] }] }] }] },{ "nodeName":"InputAdapter", "description":"InputAdapter", "metadata":{}, "metrics":[], "children":[{ "nodeName":"ReusedExchange", "description":"ReusedExchange [p_partkey#352L], BroadcastExchange HashedRelationBroadcastMode(List(input[0, bigint, true]),false), [plan_id=3048]", "metadata":{}, "metrics":[], "children":[{ "nodeName":"BroadcastExchange", "description":"BroadcastExchange HashedRelationBroadcastMode(List(input[0, bigint, true]),false), [plan_id=3048]", "metadata":{}, "metrics":[{"metricName":"time to broadcast","value":1,"accId":4691},{"metricName":"time to build","value":1,"accId":4690},{"metricName":"time to collect","value":140,"accId":4689},{"metricName":"number of output rows","value":2127,"accId":4688},{"metricName":"data size","value":1179648,"accId":4687}], "children":[{ "nodeName":"WholeStageCodegen (2)", "description":"WholeStageCodegen (2)", "metadata":{}, "metrics":[{"metricName":"duration","value":105,"accId":4692}], "children":[{ "nodeName":"Project", "description":"Project [p_partkey#352L]", "metadata":{}, "metrics":[], "children":[{ "nodeName":"Filter", "description":"Filter (isnotnull(p_name#353) AND StartsWith(p_name#353, forest))", "metadata":{}, "metrics":[{"metricName":"number of output rows","value":2127,"accId":4693}], "children":[{ "nodeName":"ColumnarToRow", "description":"ColumnarToRow", "metadata":{}, "metrics":[{"metricName":"number of output rows","value":200000,"accId":4694},{"metricName":"number of input batches","value":60,"accId":4695}], "children":[{ "nodeName":"InputAdapter", "description":"InputAdapter", "metadata":{}, "metrics":[], "children":[{ "nodeName":"Scan parquet spark_catalog.tpch.part", "description":"FileScan parquet spark_catalog.tpch.part[p_partkey#352L,p_name#353] Batched: true, Bucketed: true, DataFilters: [isnotnull(p_name#353), StartsWith(p_name#353, forest)], Format: Parquet, Location: InMemoryFileIndex(1 paths)[file:/data/spark-warehouse/tpch.db/part], PartitionFilters: [], PushedFilters: [IsNotNull(p_name), StringStartsWith(p_name,forest)], ReadSchema: struct<p_partkey:bigint,p_name:string>, SelectedBucketsCount: 60 out of 60", "metadata":{"Location":"InMemoryFileIndex(1 paths)[file:/data/spark-warehouse/tpch.db/part]","ReadSchema":"struct<p_partkey:bigint,p_name:string>","Format":"Parquet","SelectedBucketsCount":"60 out of 60","Batched":"true","PartitionFilters":"[]","PushedFilters":"[IsNotNull(p_name), StringStartsWith(p_name,forest)]","DataFilters":"[isnotnull(p_name#353), StartsWith(p_name#353, forest)]","Bucketed":"true"}, "metrics":[{"metricName":"number of files read","value":60,"accId":4698},{"metricName":"scan time","value":98,"accId":4697},{"metricName":"metadata time","value":0,"accId":4699},{"metricName":"size of files read","value":15214963,"accId":4700},{"metricName":"number of output rows","value":200000,"accId":4696}], "children":[] }] }] }] }] }] }] }] }] }] }] }] }] }] }] }] }] }] }] }] }] }] }] }] }] }] }] }] }] },{ "nodeName":"InputAdapter", "description":"InputAdapter", "metadata":{}, "metrics":[], "children":[{ "nodeName":"BroadcastExchange", "description":"BroadcastExchange HashedRelationBroadcastMode(List(input[0, bigint, true]),false), [plan_id=3093]", "metadata":{}, "metrics":[{"metricName":"time to broadcast","value":0,"accId":4754},{"metricName":"time to build","value":1,"accId":4753},{"metricName":"time to collect","value":40,"accId":4752},{"metricName":"number of output rows","value":1,"accId":4751},{"metricName":"data size","value":1048584,"accId":4750}], "children":[{ "nodeName":"WholeStageCodegen (10)", "description":"WholeStageCodegen (10)", "metadata":{}, "metrics":[{"metricName":"duration","value":9,"accId":4755}], "children":[{ "nodeName":"Project", "description":"Project [n_nationkey#253L]", "metadata":{}, "metrics":[], "children":[{ "nodeName":"Filter", "description":"Filter ((isnotnull(n_name#254) AND (n_name#254 = CANADA)) AND isnotnull(n_nationkey#253L))", "metadata":{}, "metrics":[{"metricName":"number of output rows","value":1,"accId":4756}], "children":[{ "nodeName":"ColumnarToRow", "description":"ColumnarToRow", "metadata":{}, "metrics":[{"metricName":"number of output rows","value":25,"accId":4757},{"metricName":"number of input batches","value":1,"accId":4758}], "children":[{ "nodeName":"InputAdapter", "description":"InputAdapter", "metadata":{}, "metrics":[], "children":[{ "nodeName":"Scan parquet spark_catalog.tpch.nation", "description":"FileScan parquet spark_catalog.tpch.nation[n_nationkey#253L,n_name#254] Batched: true, DataFilters: [isnotnull(n_name#254), (n_name#254 = CANADA), isnotnull(n_nationkey#253L)], Format: Parquet, Location: InMemoryFileIndex(1 paths)[file:/data/spark-warehouse/tpch.db/nation], PartitionFilters: [], PushedFilters: [IsNotNull(n_name), EqualTo(n_name,CANADA), IsNotNull(n_nationkey)], ReadSchema: struct<n_nationkey:bigint,n_name:string>", "metadata":{"Location":"InMemoryFileIndex(1 paths)[file:/data/spark-warehouse/tpch.db/nation]","ReadSchema":"struct<n_nationkey:bigint,n_name:string>","Format":"Parquet","Batched":"true","PartitionFilters":"[]","PushedFilters":"[IsNotNull(n_name), EqualTo(n_name,CANADA), IsNotNull(n_nationkey)]","DataFilters":"[isnotnull(n_name#254), (n_name#254 = CANADA), isnotnull(n_nationkey#253L)]"}, "metrics":[{"metricName":"number of files read","value":1,"accId":4761},{"metricName":"scan time","value":9,"accId":4760},{"metricName":"metadata time","value":0,"accId":4762},{"metricName":"size of files read","value":4008,"accId":4763},{"metricName":"number of output rows","value":25,"accId":4759}], "children":[] }] }] }] }] }] }] }] }] }] }] }] }] }] }] }}]