[{"totalTime":1792,"stagePlan":{"stages":[{"id":100,"isQueryResult":false,"tasks":[{"id":26,"duration":5,"executor":1},{"id":23,"duration":3,"executor":1},{"id":43,"duration":5,"executor":0},{"id":6,"duration":4,"executor":0},{"id":41,"duration":5,"executor":1},{"id":11,"duration":3,"executor":2},{"id":17,"duration":4,"executor":0},{"id":54,"duration":4,"executor":0},{"id":40,"duration":4,"executor":0},{"id":2,"duration":13,"executor":1},{"id":4,"duration":3,"executor":1},{"id":8,"duration":3,"executor":2},{"id":9,"duration":5,"executor":0},{"id":29,"duration":5,"executor":0},{"id":48,"duration":3,"executor":2},{"id":56,"duration":3,"executor":0},{"id":57,"duration":4,"executor":1},{"id":46,"duration":3,"executor":2},{"id":21,"duration":3,"executor":2},{"id":14,"duration":3,"executor":2},{"id":58,"duration":9,"executor":2},{"id":5,"duration":3,"executor":2},{"id":39,"duration":4,"executor":2},{"id":44,"duration":3,"executor":2},{"id":20,"duration":3,"executor":1},{"id":25,"duration":4,"executor":0},{"id":33,"duration":4,"executor":0},{"id":3,"duration":3,"executor":0},{"id":53,"duration":4,"executor":1},{"id":49,"duration":5,"executor":1},{"id":36,"duration":5,"executor":0},{"id":16,"duration":2,"executor":2},{"id":19,"duration":3,"executor":2},{"id":59,"duration":3,"executor":0},{"id":45,"duration":5,"executor":1},{"id":7,"duration":3,"executor":1},{"id":13,"duration":5,"executor":0},{"id":1,"duration":12,"executor":0},{"id":31,"duration":3,"executor":2},{"id":35,"duration":3,"executor":2},{"id":42,"duration":3,"executor":2},{"id":52,"duration":2,"executor":2},{"id":0,"duration":15,"executor":2},{"id":37,"duration":3,"executor":2},{"id":38,"duration":4,"executor":1},{"id":12,"duration":3,"executor":1},{"id":18,"duration":3,"executor":1},{"id":50,"duration":4,"executor":0},{"id":32,"duration":3,"executor":2},{"id":10,"duration":3,"executor":1},{"id":47,"duration":4,"executor":0},{"id":15,"duration":3,"executor":1},{"id":51,"duration":3,"executor":2},{"id":28,"duration":3,"executor":2},{"id":22,"duration":5,"executor":0},{"id":34,"duration":6,"executor":1},{"id":24,"duration":3,"executor":2},{"id":55,"duration":4,"executor":2},{"id":27,"duration":3,"executor":2},{"id":30,"duration":4,"executor":1}],"rdds":[414,416,417,419],"parents":[],"accIds":[5391,5392,5393,5394,5395,5396,5466,5467,5468,5469,5470,5471,5497,5498]},{"id":101,"isQueryResult":false,"tasks":[{"id":0,"duration":14,"executor":1}],"rdds":[413,415,418,420],"parents":[],"accIds":[5457,5458,5459,5460,5461,5462,5501,5502,5503,5504,5505,5532,5533]},{"id":102,"isQueryResult":false,"tasks":[{"id":50,"duration":63,"executor":2},{"id":18,"duration":64,"executor":1},{"id":42,"duration":62,"executor":0},{"id":55,"duration":74,"executor":1},{"id":27,"duration":61,"executor":0},{"id":22,"duration":59,"executor":0},{"id":43,"duration":64,"executor":1},{"id":4,"duration":74,"executor":2},{"id":24,"duration":65,"executor":1},{"id":21,"duration":63,"executor":1},{"id":32,"duration":64,"executor":2},{"id":45,"duration":59,"executor":0},{"id":57,"duration":61,"executor":0},{"id":6,"duration":67,"executor":0},{"id":40,"duration":63,"executor":1},{"id":11,"duration":61,"executor":0},{"id":5,"duration":131,"executor":1},{"id":9,"duration":74,"executor":1},{"id":52,"duration":69,"executor":1},{"id":56,"duration":65,"executor":2},{"id":31,"duration":64,"executor":1},{"id":16,"duration":66,"executor":2},{"id":15,"duration":63,"executor":1},{"id":20,"duration":60,"executor":0},{"id":25,"duration":63,"executor":0},{"id":58,"duration":64,"executor":2},{"id":2,"duration":150,"executor":2},{"id":26,"duration":64,"executor":2},{"id":1,"duration":152,"executor":1},{"id":33,"duration":64,"executor":0},{"id":38,"duration":65,"executor":2},{"id":53,"duration":66,"executor":2},{"id":7,"duration":66,"executor":2},{"id":41,"duration":65,"executor":2},{"id":36,"duration":58,"executor":0},{"id":0,"duration":120,"executor":0},{"id":3,"duration":64,"executor":0},{"id":49,"duration":68,"executor":1},{"id":37,"duration":64,"executor":1},{"id":59,"duration":64,"executor":1},{"id":19,"duration":66,"executor":2},{"id":17,"duration":60,"executor":0},{"id":35,"duration":64,"executor":2},{"id":13,"duration":66,"executor":2},{"id":44,"duration":63,"executor":2},{"id":28,"duration":62,"executor":1},{"id":48,"duration":59,"executor":0},{"id":14,"duration":62,"executor":0},{"id":8,"duration":61,"executor":0},{"id":47,"duration":63,"executor":2},{"id":34,"duration":68,"executor":1},{"id":29,"duration":70,"executor":2},{"id":39,"duration":60,"executor":0},{"id":10,"duration":67,"executor":2},{"id":46,"duration":64,"executor":1},{"id":12,"duration":66,"executor":1},{"id":30,"duration":60,"executor":0},{"id":51,"duration":61,"executor":0},{"id":54,"duration":60,"executor":0},{"id":23,"duration":66,"executor":2}],"rdds":[421,422,423,424,425,426,427,428,429,430,431,432,433,434,435,436,437,438,439],"parents":[],"accIds":[5352,5371,5372,5373,5374,5375,5376,5378,5381,5382,5383,5384,5385,5400,5401,5402,5403,5404,5405,5406,5407,5408,5409,5410,5411,5412,5413,5417,5418,5419,5420,5421,5422,5423,5424,5428,5429,5430,5431,5432,5433,5434,5435,5436,5440,5441,5442,5443,5444,5445,5446,5447,5448,5536,5537,5538,5539,5540,5541,5545,5564,5565,5566,5567,5568]},{"id":103,"isQueryResult":true,"tasks":[{"id":29,"duration":5,"executor":2},{"id":44,"duration":22,"executor":0},{"id":51,"duration":7,"executor":2},{"id":48,"duration":7,"executor":2},{"id":22,"duration":8,"executor":1},{"id":15,"duration":6,"executor":2},{"id":55,"duration":7,"executor":0},{"id":13,"duration":9,"executor":0},{"id":50,"duration":7,"executor":1},{"id":0,"duration":13,"executor":2},{"id":27,"duration":6,"executor":0},{"id":7,"duration":6,"executor":2},{"id":18,"duration":11,"executor":2},{"id":53,"duration":7,"executor":1},{"id":25,"duration":6,"executor":1},{"id":58,"duration":8,"executor":2},{"id":19,"duration":6,"executor":1},{"id":31,"duration":8,"executor":1},{"id":34,"duration":7,"executor":1},{"id":2,"duration":11,"executor":0},{"id":12,"duration":6,"executor":2},{"id":38,"duration":6,"executor":0},{"id":46,"duration":7,"executor":0},{"id":5,"duration":6,"executor":2},{"id":45,"duration":7,"executor":2},{"id":33,"duration":4,"executor":0},{"id":26,"duration":7,"executor":2},{"id":14,"duration":7,"executor":1},{"id":10,"duration":7,"executor":1},{"id":42,"duration":26,"executor":2},{"id":3,"duration":8,"executor":0},{"id":39,"duration":9,"executor":2},{"id":8,"duration":7,"executor":1},{"id":17,"duration":10,"executor":0},{"id":9,"duration":6,"executor":2},{"id":30,"duration":7,"executor":0},{"id":32,"duration":7,"executor":2},{"id":24,"duration":7,"executor":0},{"id":23,"duration":6,"executor":2},{"id":16,"duration":11,"executor":1},{"id":59,"duration":9,"executor":0},{"id":37,"duration":7,"executor":1},{"id":43,"duration":28,"executor":1},{"id":57,"duration":5,"executor":1},{"id":4,"duration":9,"executor":1},{"id":40,"duration":7,"executor":0},{"id":41,"duration":7,"executor":1},{"id":56,"duration":7,"executor":1},{"id":6,"duration":8,"executor":0},{"id":35,"duration":7,"executor":2},{"id":36,"duration":7,"executor":0},{"id":21,"duration":7,"executor":2},{"id":28,"duration":7,"executor":1},{"id":11,"duration":6,"executor":0},{"id":20,"duration":9,"executor":0},{"id":47,"duration":8,"executor":1},{"id":52,"duration":7,"executor":0},{"id":49,"duration":6,"executor":0},{"id":1,"duration":12,"executor":1},{"id":54,"duration":7,"executor":2}],"rdds":[440,441,442,443],"parents":[102],"accIds":[5345,5346,5347,5349,5350,5354,5355,5356,5358,5359,5360,5369,5571,5572,5573,5574,5575,5580,5582,5583,5584,5585,5586,5587,5588,5589,5590,5591,5592,5593,5594,5595,5596,5597,5598]}]},"sqlPlan":{ "nodeName":"TakeOrderedAndProject", "description":"TakeOrderedAndProject(limit=100, orderBy=[numwait#842L DESC NULLS LAST,s_name#399 ASC NULLS FIRST], output=[s_name#399,numwait#842L])", "metadata":{}, "metrics":[{"metricName":"shuffle records written","value":0,"accId":5343},{"metricName":"local merged chunks fetched","value":0,"accId":5337},{"metricName":"shuffle write time","value":0,"accId":5344},{"metricName":"remote merged bytes read","value":0,"accId":5338},{"metricName":"local merged blocks fetched","value":0,"accId":5335},{"metricName":"corrupt merged block chunks","value":0,"accId":5332},{"metricName":"remote merged reqs duration","value":0,"accId":5341},{"metricName":"remote merged blocks fetched","value":0,"accId":5334},{"metricName":"records read","value":0,"accId":5331},{"metricName":"local bytes read","value":0,"accId":5329},{"metricName":"fetch wait time","value":0,"accId":5330},{"metricName":"remote bytes read","value":0,"accId":5327},{"metricName":"merged fetch fallback count","value":0,"accId":5333},{"metricName":"local blocks read","value":0,"accId":5326},{"metricName":"remote merged chunks fetched","value":0,"accId":5336},{"metricName":"remote blocks read","value":0,"accId":5325},{"metricName":"local merged bytes read","value":0,"accId":5339},{"metricName":"remote reqs duration","value":0,"accId":5340},{"metricName":"remote bytes read to disk","value":0,"accId":5328},{"metricName":"shuffle bytes written","value":0,"accId":5342}], "children":[{ "nodeName":"WholeStageCodegen (10)", "description":"WholeStageCodegen (10)", "metadata":{}, "metrics":[{"metricName":"duration","value":340,"accId":5345}], "children":[{ "nodeName":"HashAggregate", "description":"HashAggregate(keys=[s_name#399], functions=[count(1)])", "metadata":{}, "metrics":[{"metricName":"spill size","value":0,"accId":5348},{"metricName":"time in aggregation build","value":136,"accId":5349},{"metricName":"peak memory","value":3975150672,"accId":5347},{"metricName":"number of output rows","value":411,"accId":5346},{"metricName":"number of sort fallback tasks","value":0,"accId":5351},{"metricName":"avg hash probes per key","value":590,"accId":5350}], "children":[{ "nodeName":"InputAdapter", "description":"InputAdapter", "metadata":{}, "metrics":[], "children":[{ "nodeName":"Exchange", "description":"Exchange hashpartitioning(s_name#399, 60), ENSURE_REQUIREMENTS, [plan_id=3739]", "metadata":{}, "metrics":[{"metricName":"shuffle records written","value":3816,"accId":5372},{"metricName":"local merged chunks fetched","value":0,"accId":5366},{"metricName":"shuffle write time","value":258729425,"accId":5373},{"metricName":"remote merged bytes read","value":0,"accId":5367},{"metricName":"local merged blocks fetched","value":0,"accId":5364},{"metricName":"corrupt merged block chunks","value":0,"accId":5361},{"metricName":"remote merged reqs duration","value":0,"accId":5370},{"metricName":"remote merged blocks fetched","value":0,"accId":5363},{"metricName":"records read","value":3816,"accId":5360},{"metricName":"local bytes read","value":71381,"accId":5358},{"metricName":"fetch wait time","value":57,"accId":5359},{"metricName":"remote bytes read","value":143546,"accId":5356},{"metricName":"merged fetch fallback count","value":0,"accId":5362},{"metricName":"local blocks read","value":761,"accId":5355},{"metricName":"remote merged chunks fetched","value":0,"accId":5365},{"metricName":"remote blocks read","value":1523,"accId":5354},{"metricName":"data size","value":183168,"accId":5352},{"metricName":"local merged bytes read","value":0,"accId":5368},{"metricName":"number of partitions","value":60,"accId":5353},{"metricName":"remote reqs duration","value":298,"accId":5369},{"metricName":"remote bytes read to disk","value":0,"accId":5357},{"metricName":"shuffle bytes written","value":214927,"accId":5371}], "children":[{ "nodeName":"WholeStageCodegen (9)", "description":"WholeStageCodegen (9)", "metadata":{}, "metrics":[{"metricName":"duration","value":3504,"accId":5374}], "children":[{ "nodeName":"HashAggregate", "description":"HashAggregate(keys=[s_name#399], functions=[partial_count(1)])", "metadata":{}, "metrics":[{"metricName":"spill size","value":0,"accId":5377},{"metricName":"time in aggregation build","value":3302,"accId":5378},{"metricName":"peak memory","value":15728640,"accId":5376},{"metricName":"number of output rows","value":3816,"accId":5375},{"metricName":"number of sort fallback tasks","value":0,"accId":5380},{"metricName":"avg hash probes per key","value":0,"accId":5379}], "children":[{ "nodeName":"Project", "description":"Project [s_name#399]", "metadata":{}, "metrics":[], "children":[{ "nodeName":"BroadcastHashJoin", "description":"BroadcastHashJoin [s_nationkey#401L], [n_nationkey#253L], Inner, BuildRight, false", "metadata":{}, "metrics":[{"metricName":"number of output rows","value":4141,"accId":5381}], "children":[{ "nodeName":"Project", "description":"Project [s_name#399, s_nationkey#401L]", "metadata":{}, "metrics":[], "children":[{ "nodeName":"SortMergeJoin", "description":"SortMergeJoin [l_orderkey#9L], [o_orderkey#244L], Inner", "metadata":{}, "metrics":[{"metricName":"number of output rows","value":98833,"accId":5382},{"metricName":"spill size","value":0,"accId":5383}], "children":[{ "nodeName":"InputAdapter", "description":"InputAdapter", "metadata":{}, "metrics":[], "children":[{ "nodeName":"WholeStageCodegen (6)", "description":"WholeStageCodegen (6)", "metadata":{}, "metrics":[{"metricName":"duration","value":2894,"accId":5384}], "children":[{ "nodeName":"Project", "description":"Project [s_name#399, s_nationkey#401L, l_orderkey#9L]", "metadata":{}, "metrics":[], "children":[{ "nodeName":"BroadcastHashJoin", "description":"BroadcastHashJoin [s_suppkey#398L], [l_suppkey#11L], Inner, BuildLeft, false", "metadata":{}, "metrics":[{"metricName":"number of output rows","value":202092,"accId":5385}], "children":[{ "nodeName":"InputAdapter", "description":"InputAdapter", "metadata":{}, "metrics":[], "children":[{ "nodeName":"BroadcastExchange", "description":"BroadcastExchange HashedRelationBroadcastMode(List(input[0, bigint, false]),false), [plan_id=3690]", "metadata":{}, "metrics":[{"metricName":"time to broadcast","value":1,"accId":5390},{"metricName":"time to build","value":5,"accId":5389},{"metricName":"time to collect","value":103,"accId":5388},{"metricName":"number of output rows","value":10000,"accId":5387},{"metricName":"data size","value":1128576,"accId":5386}], "children":[{ "nodeName":"WholeStageCodegen (1)", "description":"WholeStageCodegen (1)", "metadata":{}, "metrics":[{"metricName":"duration","value":74,"accId":5391}], "children":[{ "nodeName":"Filter", "description":"Filter (isnotnull(s_suppkey#398L) AND isnotnull(s_nationkey#401L))", "metadata":{}, "metrics":[{"metricName":"number of output rows","value":10000,"accId":5392}], "children":[{ "nodeName":"ColumnarToRow", "description":"ColumnarToRow", "metadata":{}, "metrics":[{"metricName":"number of output rows","value":10000,"accId":5393},{"metricName":"number of input batches","value":60,"accId":5394}], "children":[{ "nodeName":"InputAdapter", "description":"InputAdapter", "metadata":{}, "metrics":[], "children":[{ "nodeName":"Scan parquet spark_catalog.tpch.supplier", "description":"FileScan parquet spark_catalog.tpch.supplier[s_suppkey#398L,s_name#399,s_nationkey#401L] Batched: true, Bucketed: true, DataFilters: [isnotnull(s_suppkey#398L), isnotnull(s_nationkey#401L)], Format: Parquet, Location: InMemoryFileIndex(1 paths)[file:/data/spark-warehouse/tpch.db/supplier], PartitionFilters: [], PushedFilters: [IsNotNull(s_suppkey), IsNotNull(s_nationkey)], ReadSchema: struct<s_suppkey:bigint,s_name:string,s_nationkey:bigint>, SelectedBucketsCount: 60 out of 60", "metadata":{"Location":"InMemoryFileIndex(1 paths)[file:/data/spark-warehouse/tpch.db/supplier]","ReadSchema":"struct<s_suppkey:bigint,s_name:string,s_nationkey:bigint>","Format":"Parquet","SelectedBucketsCount":"60 out of 60","Batched":"true","PartitionFilters":"[]","PushedFilters":"[IsNotNull(s_suppkey), IsNotNull(s_nationkey)]","DataFilters":"[isnotnull(s_suppkey#398L), isnotnull(s_nationkey#401L)]","Bucketed":"true"}, "metrics":[{"metricName":"number of files read","value":60,"accId":5397},{"metricName":"scan time","value":66,"accId":5396},{"metricName":"metadata time","value":0,"accId":5398},{"metricName":"size of files read","value":1689031,"accId":5399},{"metricName":"number of output rows","value":10000,"accId":5395}], "children":[] }] }] }] }] }] }] },{ "nodeName":"SortMergeJoin", "description":"SortMergeJoin [l_orderkey#9L], [l_orderkey#862L], LeftAnti, NOT (l_suppkey#864L = l_suppkey#11L)", "metadata":{}, "metrics":[{"metricName":"number of output rows","value":202092,"accId":5400},{"metricName":"spill size","value":0,"accId":5401}], "children":[{ "nodeName":"InputAdapter", "description":"InputAdapter", "metadata":{}, "metrics":[], "children":[{ "nodeName":"WholeStageCodegen (4)", "description":"WholeStageCodegen (4)", "metadata":{}, "metrics":[{"metricName":"duration","value":2905,"accId":5402}], "children":[{ "nodeName":"SortMergeJoin", "description":"SortMergeJoin [l_orderkey#9L], [l_orderkey#846L], LeftSemi, NOT (l_suppkey#848L = l_suppkey#11L)", "metadata":{}, "metrics":[{"metricName":"number of output rows","value":3657699,"accId":5403},{"metricName":"spill size","value":0,"accId":5404}], "children":[{ "nodeName":"InputAdapter", "description":"InputAdapter", "metadata":{}, "metrics":[], "children":[{ "nodeName":"WholeStageCodegen (2)", "description":"WholeStageCodegen (2)", "metadata":{}, "metrics":[{"metricName":"duration","value":2945,"accId":5405}], "children":[{ "nodeName":"Sort", "description":"Sort [l_orderkey#9L ASC NULLS FIRST], false, 0", "metadata":{}, "metrics":[{"metricName":"sort time","value":60,"accId":5406},{"metricName":"peak memory","value":4152360000,"accId":5407},{"metricName":"spill size","value":0,"accId":5408}], "children":[{ "nodeName":"Project", "description":"Project [l_orderkey#9L, l_suppkey#11L]", "metadata":{}, "metrics":[], "children":[{ "nodeName":"Filter", "description":"Filter ((((isnotnull(l_receiptdate#21) AND isnotnull(l_commitdate#20)) AND (l_receiptdate#21 > l_commitdate#20)) AND isnotnull(l_suppkey#11L)) AND isnotnull(l_orderkey#9L))", "metadata":{}, "metrics":[{"metricName":"number of output rows","value":3793296,"accId":5409}], "children":[{ "nodeName":"ColumnarToRow", "description":"ColumnarToRow", "metadata":{}, "metrics":[{"metricName":"number of output rows","value":6001215,"accId":5410},{"metricName":"number of input batches","value":1500,"accId":5411}], "children":[{ "nodeName":"InputAdapter", "description":"InputAdapter", "metadata":{}, "metrics":[], "children":[{ "nodeName":"Scan parquet spark_catalog.tpch.lineitem", "description":"FileScan parquet spark_catalog.tpch.lineitem[l_orderkey#9L,l_suppkey#11L,l_commitdate#20,l_receiptdate#21] Batched: true, Bucketed: true, DataFilters: [isnotnull(l_receiptdate#21), isnotnull(l_commitdate#20), (l_receiptdate#21 > l_commitdate#20), i..., Format: Parquet, Location: InMemoryFileIndex(1 paths)[file:/data/spark-warehouse/tpch.db/lineitem], PartitionFilters: [], PushedFilters: [IsNotNull(l_receiptdate), IsNotNull(l_commitdate), IsNotNull(l_suppkey), IsNotNull(l_orderkey)], ReadSchema: struct<l_orderkey:bigint,l_suppkey:bigint,l_commitdate:date,l_receiptdate:date>, SelectedBucketsCount: 60 out of 60", "metadata":{"Location":"InMemoryFileIndex(1 paths)[file:/data/spark-warehouse/tpch.db/lineitem]","ReadSchema":"struct<l_orderkey:bigint,l_suppkey:bigint,l_commitdate:date,l_receiptdate:date>","Format":"Parquet","SelectedBucketsCount":"60 out of 60","Batched":"true","PartitionFilters":"[]","PushedFilters":"[IsNotNull(l_receiptdate), IsNotNull(l_commitdate), IsNotNull(l_suppkey), IsNotNull(l_orderkey)]","DataFilters":"[isnotnull(l_receiptdate#21), isnotnull(l_commitdate#20), (l_receiptdate#21 > l_commitdate#20), isnotnull(l_suppkey#11L), isnotnull(l_orderkey#9L)]","Bucketed":"true"}, "metrics":[{"metricName":"number of files read","value":60,"accId":5414},{"metricName":"scan time","value":147,"accId":5413},{"metricName":"metadata time","value":0,"accId":5415},{"metricName":"size of files read","value":365478469,"accId":5416},{"metricName":"number of output rows","value":6001215,"accId":5412}], "children":[] }] }] }] }] }] }] }] },{ "nodeName":"InputAdapter", "description":"InputAdapter", "metadata":{}, "metrics":[], "children":[{ "nodeName":"WholeStageCodegen (3)", "description":"WholeStageCodegen (3)", "metadata":{}, "metrics":[{"metricName":"duration","value":3281,"accId":5417}], "children":[{ "nodeName":"Sort", "description":"Sort [l_orderkey#846L ASC NULLS FIRST], false, 0", "metadata":{}, "metrics":[{"metricName":"sort time","value":77,"accId":5418},{"metricName":"peak memory","value":4278189120,"accId":5419},{"metricName":"spill size","value":0,"accId":5420}], "children":[{ "nodeName":"ColumnarToRow", "description":"ColumnarToRow", "metadata":{}, "metrics":[{"metricName":"number of output rows","value":6001215,"accId":5421},{"metricName":"number of input batches","value":1500,"accId":5422}], "children":[{ "nodeName":"InputAdapter", "description":"InputAdapter", "metadata":{}, "metrics":[], "children":[{ "nodeName":"Scan parquet spark_catalog.tpch.lineitem", "description":"FileScan parquet spark_catalog.tpch.lineitem[l_orderkey#846L,l_suppkey#848L] Batched: true, Bucketed: true, DataFilters: [], Format: Parquet, Location: InMemoryFileIndex(1 paths)[file:/data/spark-warehouse/tpch.db/lineitem], PartitionFilters: [], PushedFilters: [], ReadSchema: struct<l_orderkey:bigint,l_suppkey:bigint>, SelectedBucketsCount: 60 out of 60", "metadata":{"Location":"InMemoryFileIndex(1 paths)[file:/data/spark-warehouse/tpch.db/lineitem]","ReadSchema":"struct<l_orderkey:bigint,l_suppkey:bigint>","Format":"Parquet","SelectedBucketsCount":"60 out of 60","Batched":"true","PartitionFilters":"[]","PushedFilters":"[]","DataFilters":"[]","Bucketed":"true"}, "metrics":[{"metricName":"number of files read","value":60,"accId":5425},{"metricName":"scan time","value":88,"accId":5424},{"metricName":"metadata time","value":0,"accId":5426},{"metricName":"size of files read","value":365478469,"accId":5427},{"metricName":"number of output rows","value":6001215,"accId":5423}], "children":[] }] }] }] }] }] }] }] }] },{ "nodeName":"InputAdapter", "description":"InputAdapter", "metadata":{}, "metrics":[], "children":[{ "nodeName":"WholeStageCodegen (5)", "description":"WholeStageCodegen (5)", "metadata":{}, "metrics":[{"metricName":"duration","value":2948,"accId":5428}], "children":[{ "nodeName":"Sort", "description":"Sort [l_orderkey#862L ASC NULLS FIRST], false, 0", "metadata":{}, "metrics":[{"metricName":"sort time","value":60,"accId":5429},{"metricName":"peak memory","value":4152360000,"accId":5430},{"metricName":"spill size","value":0,"accId":5431}], "children":[{ "nodeName":"Project", "description":"Project [l_orderkey#862L, l_suppkey#864L]", "metadata":{}, "metrics":[], "children":[{ "nodeName":"Filter", "description":"Filter ((isnotnull(l_receiptdate#874) AND isnotnull(l_commitdate#873)) AND (l_receiptdate#874 > l_commitdate#873))", "metadata":{}, "metrics":[{"metricName":"number of output rows","value":3793296,"accId":5432}], "children":[{ "nodeName":"ColumnarToRow", "description":"ColumnarToRow", "metadata":{}, "metrics":[{"metricName":"number of output rows","value":6001215,"accId":5433},{"metricName":"number of input batches","value":1500,"accId":5434}], "children":[{ "nodeName":"InputAdapter", "description":"InputAdapter", "metadata":{}, "metrics":[], "children":[{ "nodeName":"Scan parquet spark_catalog.tpch.lineitem", "description":"FileScan parquet spark_catalog.tpch.lineitem[l_orderkey#862L,l_suppkey#864L,l_commitdate#873,l_receiptdate#874] Batched: true, Bucketed: true, DataFilters: [isnotnull(l_receiptdate#874), isnotnull(l_commitdate#873), (l_receiptdate#874 > l_commitdate#873)], Format: Parquet, Location: InMemoryFileIndex(1 paths)[file:/data/spark-warehouse/tpch.db/lineitem], PartitionFilters: [], PushedFilters: [IsNotNull(l_receiptdate), IsNotNull(l_commitdate)], ReadSchema: struct<l_orderkey:bigint,l_suppkey:bigint,l_commitdate:date,l_receiptdate:date>, SelectedBucketsCount: 60 out of 60", "metadata":{"Location":"InMemoryFileIndex(1 paths)[file:/data/spark-warehouse/tpch.db/lineitem]","ReadSchema":"struct<l_orderkey:bigint,l_suppkey:bigint,l_commitdate:date,l_receiptdate:date>","Format":"Parquet","SelectedBucketsCount":"60 out of 60","Batched":"true","PartitionFilters":"[]","PushedFilters":"[IsNotNull(l_receiptdate), IsNotNull(l_commitdate)]","DataFilters":"[isnotnull(l_receiptdate#874), isnotnull(l_commitdate#873), (l_receiptdate#874 > l_commitdate#873)]","Bucketed":"true"}, "metrics":[{"metricName":"number of files read","value":60,"accId":5437},{"metricName":"scan time","value":189,"accId":5436},{"metricName":"metadata time","value":0,"accId":5438},{"metricName":"size of files read","value":365478469,"accId":5439},{"metricName":"number of output rows","value":6001215,"accId":5435}], "children":[] }] }] }] }] }] }] }] }] }] }] }] }] },{ "nodeName":"InputAdapter", "description":"InputAdapter", "metadata":{}, "metrics":[], "children":[{ "nodeName":"WholeStageCodegen (7)", "description":"WholeStageCodegen (7)", "metadata":{}, "metrics":[{"metricName":"duration","value":1275,"accId":5440}], "children":[{ "nodeName":"Sort", "description":"Sort [o_orderkey#244L ASC NULLS FIRST], false, 0", "metadata":{}, "metrics":[{"metricName":"sort time","value":0,"accId":5441},{"metricName":"peak memory","value":4057988160,"accId":5442},{"metricName":"spill size","value":0,"accId":5443}], "children":[{ "nodeName":"Project", "description":"Project [o_orderkey#244L]", "metadata":{}, "metrics":[], "children":[{ "nodeName":"Filter", "description":"Filter ((isnotnull(o_orderstatus#246) AND (o_orderstatus#246 = F)) AND isnotnull(o_orderkey#244L))", "metadata":{}, "metrics":[{"metricName":"number of output rows","value":729413,"accId":5444}], "children":[{ "nodeName":"ColumnarToRow", "description":"ColumnarToRow", "metadata":{}, "metrics":[{"metricName":"number of output rows","value":1500000,"accId":5445},{"metricName":"number of input batches","value":420,"accId":5446}], "children":[{ "nodeName":"InputAdapter", "description":"InputAdapter", "metadata":{}, "metrics":[], "children":[{ "nodeName":"Scan parquet spark_catalog.tpch.orders", "description":"FileScan parquet spark_catalog.tpch.orders[o_orderkey#244L,o_orderstatus#246] Batched: true, Bucketed: true, DataFilters: [isnotnull(o_orderstatus#246), (o_orderstatus#246 = F), isnotnull(o_orderkey#244L)], Format: Parquet, Location: InMemoryFileIndex(1 paths)[file:/data/spark-warehouse/tpch.db/orders], PartitionFilters: [], PushedFilters: [IsNotNull(o_orderstatus), EqualTo(o_orderstatus,F), IsNotNull(o_orderkey)], ReadSchema: struct<o_orderkey:bigint,o_orderstatus:string>, SelectedBucketsCount: 60 out of 60", "metadata":{"Location":"InMemoryFileIndex(1 paths)[file:/data/spark-warehouse/tpch.db/orders]","ReadSchema":"struct<o_orderkey:bigint,o_orderstatus:string>","Format":"Parquet","SelectedBucketsCount":"60 out of 60","Batched":"true","PartitionFilters":"[]","PushedFilters":"[IsNotNull(o_orderstatus), EqualTo(o_orderstatus,F), IsNotNull(o_orderkey)]","DataFilters":"[isnotnull(o_orderstatus#246), (o_orderstatus#246 = F), isnotnull(o_orderkey#244L)]","Bucketed":"true"}, "metrics":[{"metricName":"number of files read","value":60,"accId":5449},{"metricName":"scan time","value":139,"accId":5448},{"metricName":"metadata time","value":0,"accId":5450},{"metricName":"size of files read","value":121789992,"accId":5451},{"metricName":"number of output rows","value":1500000,"accId":5447}], "children":[] }] }] }] }] }] }] }] }] }] },{ "nodeName":"InputAdapter", "description":"InputAdapter", "metadata":{}, "metrics":[], "children":[{ "nodeName":"BroadcastExchange", "description":"BroadcastExchange HashedRelationBroadcastMode(List(input[0, bigint, true]),false), [plan_id=3733]", "metadata":{}, "metrics":[{"metricName":"time to broadcast","value":0,"accId":5456},{"metricName":"time to build","value":0,"accId":5455},{"metricName":"time to collect","value":110,"accId":5454},{"metricName":"number of output rows","value":1,"accId":5453},{"metricName":"data size","value":1048584,"accId":5452}], "children":[{ "nodeName":"WholeStageCodegen (8)", "description":"WholeStageCodegen (8)", "metadata":{}, "metrics":[{"metricName":"duration","value":8,"accId":5457}], "children":[{ "nodeName":"Project", "description":"Project [n_nationkey#253L]", "metadata":{}, "metrics":[], "children":[{ "nodeName":"Filter", "description":"Filter ((isnotnull(n_name#254) AND (n_name#254 = SAUDI ARABIA)) AND isnotnull(n_nationkey#253L))", "metadata":{}, "metrics":[{"metricName":"number of output rows","value":1,"accId":5458}], "children":[{ "nodeName":"ColumnarToRow", "description":"ColumnarToRow", "metadata":{}, "metrics":[{"metricName":"number of output rows","value":25,"accId":5459},{"metricName":"number of input batches","value":1,"accId":5460}], "children":[{ "nodeName":"InputAdapter", "description":"InputAdapter", "metadata":{}, "metrics":[], "children":[{ "nodeName":"Scan parquet spark_catalog.tpch.nation", "description":"FileScan parquet spark_catalog.tpch.nation[n_nationkey#253L,n_name#254] Batched: true, DataFilters: [isnotnull(n_name#254), (n_name#254 = SAUDI ARABIA), isnotnull(n_nationkey#253L)], Format: Parquet, Location: InMemoryFileIndex(1 paths)[file:/data/spark-warehouse/tpch.db/nation], PartitionFilters: [], PushedFilters: [IsNotNull(n_name), EqualTo(n_name,SAUDI ARABIA), IsNotNull(n_nationkey)], ReadSchema: struct<n_nationkey:bigint,n_name:string>", "metadata":{"Location":"InMemoryFileIndex(1 paths)[file:/data/spark-warehouse/tpch.db/nation]","ReadSchema":"struct<n_nationkey:bigint,n_name:string>","Format":"Parquet","Batched":"true","PartitionFilters":"[]","PushedFilters":"[IsNotNull(n_name), EqualTo(n_name,SAUDI ARABIA), IsNotNull(n_nationkey)]","DataFilters":"[isnotnull(n_name#254), (n_name#254 = SAUDI ARABIA), isnotnull(n_nationkey#253L)]"}, "metrics":[{"metricName":"number of files read","value":1,"accId":5463},{"metricName":"scan time","value":8,"accId":5462},{"metricName":"metadata time","value":0,"accId":5464},{"metricName":"size of files read","value":4008,"accId":5465},{"metricName":"number of output rows","value":25,"accId":5461}], "children":[] }] }] }] }] }] }] }] }] }] }] }] }] }] }] }] }] }}]