[
  {
    "totalTime": 688,
    "stagePlan": {
      "stages": [
        {
          "id": 106,
          "isQueryResult": false,
          "tasks": [
            { "id": 55, "duration": 3, "executor": 1 },
            { "id": 25, "duration": 5, "executor": 2 },
            { "id": 13, "duration": 4, "executor": 0 },
            { "id": 41, "duration": 4, "executor": 2 },
            { "id": 16, "duration": 4, "executor": 0 },
            { "id": 43, "duration": 4, "executor": 1 },
            { "id": 9, "duration": 5, "executor": 1 },
            { "id": 58, "duration": 4, "executor": 1 },
            { "id": 23, "duration": 3, "executor": 0 },
            { "id": 56, "duration": 4, "executor": 2 },
            { "id": 11, "duration": 4, "executor": 0 },
            { "id": 45, "duration": 4, "executor": 0 },
            { "id": 38, "duration": 4, "executor": 2 },
            { "id": 42, "duration": 3, "executor": 0 },
            { "id": 32, "duration": 3, "executor": 0 },
            { "id": 54, "duration": 4, "executor": 0 },
            { "id": 15, "duration": 5, "executor": 1 },
            { "id": 57, "duration": 4, "executor": 0 },
            { "id": 7, "duration": 4, "executor": 2 },
            { "id": 49, "duration": 4, "executor": 1 },
            { "id": 51, "duration": 4, "executor": 0 },
            { "id": 8, "duration": 5, "executor": 0 },
            { "id": 19, "duration": 3, "executor": 0 },
            { "id": 5, "duration": 4, "executor": 0 },
            { "id": 46, "duration": 3, "executor": 1 },
            { "id": 35, "duration": 4, "executor": 2 },
            { "id": 31, "duration": 4, "executor": 2 },
            { "id": 44, "duration": 3, "executor": 2 },
            { "id": 2, "duration": 18, "executor": 1 },
            { "id": 33, "duration": 4, "executor": 1 },
            { "id": 39, "duration": 4, "executor": 0 },
            { "id": 40, "duration": 3, "executor": 1 },
            { "id": 47, "duration": 4, "executor": 2 },
            { "id": 50, "duration": 3, "executor": 2 },
            { "id": 53, "duration": 4, "executor": 2 },
            { "id": 6, "duration": 5, "executor": 1 },
            { "id": 1, "duration": 13, "executor": 0 },
            { "id": 21, "duration": 4, "executor": 1 },
            { "id": 0, "duration": 17, "executor": 2 },
            { "id": 52, "duration": 4, "executor": 1 },
            { "id": 27, "duration": 5, "executor": 1 },
            { "id": 48, "duration": 3, "executor": 0 },
            { "id": 20, "duration": 4, "executor": 2 },
            { "id": 17, "duration": 5, "executor": 2 },
            { "id": 12, "duration": 5, "executor": 1 },
            { "id": 18, "duration": 4, "executor": 1 },
            { "id": 24, "duration": 5, "executor": 1 },
            { "id": 26, "duration": 4, "executor": 0 },
            { "id": 29, "duration": 3, "executor": 0 },
            { "id": 28, "duration": 5, "executor": 2 },
            { "id": 3, "duration": 4, "executor": 0 },
            { "id": 10, "duration": 5, "executor": 2 },
            { "id": 37, "duration": 4, "executor": 1 },
            { "id": 59, "duration": 3, "executor": 2 },
            { "id": 14, "duration": 4, "executor": 2 },
            { "id": 36, "duration": 3, "executor": 0 },
            { "id": 34, "duration": 4, "executor": 0 },
            { "id": 4, "duration": 4, "executor": 2 },
            { "id": 30, "duration": 4, "executor": 1 },
            { "id": 22, "duration": 3, "executor": 0 }
          ],
          "rdds": [458, 459, 460, 461],
          "parents": [],
          "accIds": [5795, 5796, 5797, 5798, 5799, 5800, 5824, 5825, 5826, 5827, 5828, 5855, 5856]
        },
        {
          "id": 107,
          "isQueryResult": true,
          "tasks": [
            { "id": 38, "duration": 23, "executor": 2 },
            { "id": 1, "duration": 40, "executor": 0 },
            { "id": 22, "duration": 25, "executor": 1 },
            { "id": 53, "duration": 18, "executor": 0 },
            { "id": 24, "duration": 23, "executor": 0 },
            { "id": 58, "duration": 21, "executor": 2 },
            { "id": 33, "duration": 21, "executor": 1 },
            { "id": 14, "duration": 23, "executor": 0 },
            { "id": 47, "duration": 20, "executor": 0 },
            { "id": 23, "duration": 32, "executor": 2 },
            { "id": 8, "duration": 22, "executor": 0 },
            { "id": 41, "duration": 25, "executor": 2 },
            { "id": 2, "duration": 60, "executor": 1 },
            { "id": 39, "duration": 20, "executor": 1 },
            { "id": 48, "duration": 20, "executor": 1 },
            { "id": 10, "duration": 24, "executor": 2 },
            { "id": 25, "duration": 25, "executor": 1 },
            { "id": 13, "duration": 24, "executor": 2 },
            { "id": 21, "duration": 22, "executor": 0 },
            { "id": 26, "duration": 45, "executor": 2 },
            { "id": 19, "duration": 23, "executor": 1 },
            { "id": 43, "duration": 20, "executor": 1 },
            { "id": 6, "duration": 23, "executor": 0 },
            { "id": 59, "duration": 19, "executor": 0 },
            { "id": 55, "duration": 20, "executor": 2 },
            { "id": 9, "duration": 26, "executor": 1 },
            { "id": 30, "duration": 21, "executor": 1 },
            { "id": 17, "duration": 24, "executor": 1 },
            { "id": 0, "duration": 59, "executor": 2 },
            { "id": 20, "duration": 25, "executor": 2 },
            { "id": 11, "duration": 23, "executor": 0 },
            { "id": 5, "duration": 47, "executor": 1 },
            { "id": 42, "duration": 19, "executor": 0 },
            { "id": 12, "duration": 26, "executor": 1 },
            { "id": 36, "duration": 19, "executor": 1 },
            { "id": 44, "duration": 21, "executor": 0 },
            { "id": 15, "duration": 25, "executor": 0 },
            { "id": 52, "duration": 20, "executor": 2 },
            { "id": 29, "duration": 20, "executor": 0 },
            { "id": 54, "duration": 19, "executor": 1 },
            { "id": 31, "duration": 26, "executor": 2 },
            { "id": 45, "duration": 24, "executor": 2 },
            { "id": 46, "duration": 20, "executor": 1 },
            { "id": 56, "duration": 19, "executor": 0 },
            { "id": 4, "duration": 25, "executor": 2 },
            { "id": 57, "duration": 20, "executor": 1 },
            { "id": 40, "duration": 18, "executor": 0 },
            { "id": 35, "duration": 25, "executor": 2 },
            { "id": 28, "duration": 28, "executor": 1 },
            { "id": 32, "duration": 18, "executor": 0 },
            { "id": 50, "duration": 19, "executor": 0 },
            { "id": 51, "duration": 20, "executor": 1 },
            { "id": 34, "duration": 19, "executor": 0 },
            { "id": 18, "duration": 23, "executor": 0 },
            { "id": 7, "duration": 24, "executor": 2 },
            { "id": 27, "duration": 21, "executor": 0 },
            { "id": 49, "duration": 25, "executor": 2 },
            { "id": 16, "duration": 25, "executor": 2 },
            { "id": 3, "duration": 24, "executor": 0 },
            { "id": 37, "duration": 19, "executor": 0 }
          ],
          "rdds": [462, 463, 464, 465, 466, 467, 468, 469, 470, 471],
          "parents": [],
          "accIds": [
            5770, 5771, 5772, 5774, 5775, 5777, 5778, 5780, 5781, 5783, 5784, 5785, 5786, 5787, 5788, 5789, 5804, 5805,
            5806, 5807, 5808, 5812, 5813, 5814, 5815, 5816, 5817, 5818, 5819, 5820, 5859, 5860, 5861, 5862, 5863, 5864,
            5865, 5868, 5890, 5891
          ]
        }
      ]
    },
    "sqlPlan": {
      "nodeName": "TakeOrderedAndProject",
      "description": "TakeOrderedAndProject(limit=10, orderBy=[revenue#900 DESC NULLS LAST,o_orderdate#248 ASC NULLS FIRST], output=[l_orderkey#9L,revenue#900,o_orderdate#248,o_shippriority#251])",
      "metadata": {},
      "metrics": [
        { "metricName": "shuffle records written", "value": 0, "accId": 5768 },
        { "metricName": "local merged chunks fetched", "value": 0, "accId": 5762 },
        { "metricName": "shuffle write time", "value": 0, "accId": 5769 },
        { "metricName": "remote merged bytes read", "value": 0, "accId": 5763 },
        { "metricName": "local merged blocks fetched", "value": 0, "accId": 5760 },
        { "metricName": "corrupt merged block chunks", "value": 0, "accId": 5757 },
        { "metricName": "remote merged reqs duration", "value": 0, "accId": 5766 },
        { "metricName": "remote merged blocks fetched", "value": 0, "accId": 5759 },
        { "metricName": "records read", "value": 0, "accId": 5756 },
        { "metricName": "local bytes read", "value": 0, "accId": 5754 },
        { "metricName": "fetch wait time", "value": 0, "accId": 5755 },
        { "metricName": "remote bytes read", "value": 0, "accId": 5752 },
        { "metricName": "merged fetch fallback count", "value": 0, "accId": 5758 },
        { "metricName": "local blocks read", "value": 0, "accId": 5751 },
        { "metricName": "remote merged chunks fetched", "value": 0, "accId": 5761 },
        { "metricName": "remote blocks read", "value": 0, "accId": 5750 },
        { "metricName": "local merged bytes read", "value": 0, "accId": 5764 },
        { "metricName": "remote reqs duration", "value": 0, "accId": 5765 },
        { "metricName": "remote bytes read to disk", "value": 0, "accId": 5753 },
        { "metricName": "shuffle bytes written", "value": 0, "accId": 5767 }
      ],
      "children": [
        {
          "nodeName": "WholeStageCodegen (4)",
          "description": "WholeStageCodegen (4)",
          "metadata": {},
          "metrics": [{ "metricName": "duration", "value": 1110, "accId": 5770 }],
          "children": [
            {
              "nodeName": "HashAggregate",
              "description": "HashAggregate(keys=[l_orderkey#9L, o_orderdate#248, o_shippriority#251], functions=[sum((l_extendedprice#14 * (1 - l_discount#15)))])",
              "metadata": {},
              "metrics": [
                { "metricName": "spill size", "value": 0, "accId": 5773 },
                { "metricName": "time in aggregation build", "value": 1051, "accId": 5774 },
                { "metricName": "peak memory", "value": 4042259520, "accId": 5772 },
                { "metricName": "number of output rows", "value": 11620, "accId": 5771 },
                { "metricName": "number of sort fallback tasks", "value": 0, "accId": 5776 },
                { "metricName": "avg hash probes per key", "value": 600, "accId": 5775 }
              ],
              "children": [
                {
                  "nodeName": "HashAggregate",
                  "description": "HashAggregate(keys=[l_orderkey#9L, o_orderdate#248, o_shippriority#251], functions=[partial_sum((l_extendedprice#14 * (1 - l_discount#15)))])",
                  "metadata": {},
                  "metrics": [
                    { "metricName": "spill size", "value": 0, "accId": 5779 },
                    { "metricName": "time in aggregation build", "value": 1012, "accId": 5780 },
                    { "metricName": "peak memory", "value": 4042259520, "accId": 5778 },
                    { "metricName": "number of output rows", "value": 11620, "accId": 5777 },
                    { "metricName": "number of sort fallback tasks", "value": 0, "accId": 5782 },
                    { "metricName": "avg hash probes per key", "value": 600, "accId": 5781 }
                  ],
                  "children": [
                    {
                      "nodeName": "Project",
                      "description": "Project [o_orderdate#248, o_shippriority#251, l_orderkey#9L, l_extendedprice#14, l_discount#15]",
                      "metadata": {},
                      "metrics": [],
                      "children": [
                        {
                          "nodeName": "SortMergeJoin",
                          "description": "SortMergeJoin [o_orderkey#244L], [l_orderkey#9L], Inner",
                          "metadata": {},
                          "metrics": [
                            { "metricName": "number of output rows", "value": 30519, "accId": 5783 },
                            { "metricName": "spill size", "value": 0, "accId": 5784 }
                          ],
                          "children": [
                            {
                              "nodeName": "InputAdapter",
                              "description": "InputAdapter",
                              "metadata": {},
                              "metrics": [],
                              "children": [
                                {
                                  "nodeName": "WholeStageCodegen (2)",
                                  "description": "WholeStageCodegen (2)",
                                  "metadata": {},
                                  "metrics": [{ "metricName": "duration", "value": 962, "accId": 5785 }],
                                  "children": [
                                    {
                                      "nodeName": "Sort",
                                      "description": "Sort [o_orderkey#244L ASC NULLS FIRST], false, 0",
                                      "metadata": {},
                                      "metrics": [
                                        { "metricName": "sort time", "value": 0, "accId": 5786 },
                                        { "metricName": "peak memory", "value": 4034395200, "accId": 5787 },
                                        { "metricName": "spill size", "value": 0, "accId": 5788 }
                                      ],
                                      "children": [
                                        {
                                          "nodeName": "Project",
                                          "description": "Project [o_orderkey#244L, o_orderdate#248, o_shippriority#251]",
                                          "metadata": {},
                                          "metrics": [],
                                          "children": [
                                            {
                                              "nodeName": "BroadcastHashJoin",
                                              "description": "BroadcastHashJoin [c_custkey#236L], [o_custkey#245L], Inner, BuildLeft, false",
                                              "metadata": {},
                                              "metrics": [
                                                {
                                                  "metricName": "number of output rows",
                                                  "value": 147126,
                                                  "accId": 5789
                                                }
                                              ],
                                              "children": [
                                                {
                                                  "nodeName": "InputAdapter",
                                                  "description": "InputAdapter",
                                                  "metadata": {},
                                                  "metrics": [],
                                                  "children": [
                                                    {
                                                      "nodeName": "BroadcastExchange",
                                                      "description": "BroadcastExchange HashedRelationBroadcastMode(List(input[0, bigint, true]),false), [plan_id=4041]",
                                                      "metadata": {},
                                                      "metrics": [
                                                        {
                                                          "metricName": "time to broadcast",
                                                          "value": 4,
                                                          "accId": 5794
                                                        },
                                                        { "metricName": "time to build", "value": 6, "accId": 5793 },
                                                        {
                                                          "metricName": "time to collect",
                                                          "value": 112,
                                                          "accId": 5792
                                                        },
                                                        {
                                                          "metricName": "number of output rows",
                                                          "value": 30142,
                                                          "accId": 5791
                                                        },
                                                        { "metricName": "data size", "value": 2097152, "accId": 5790 }
                                                      ],
                                                      "children": [
                                                        {
                                                          "nodeName": "WholeStageCodegen (1)",
                                                          "description": "WholeStageCodegen (1)",
                                                          "metadata": {},
                                                          "metrics": [
                                                            { "metricName": "duration", "value": 95, "accId": 5795 }
                                                          ],
                                                          "children": [
                                                            {
                                                              "nodeName": "Project",
                                                              "description": "Project [c_custkey#236L]",
                                                              "metadata": {},
                                                              "metrics": [],
                                                              "children": [
                                                                {
                                                                  "nodeName": "Filter",
                                                                  "description": "Filter ((isnotnull(c_mktsegment#242) AND (c_mktsegment#242 = BUILDING)) AND isnotnull(c_custkey#236L))",
                                                                  "metadata": {},
                                                                  "metrics": [
                                                                    {
                                                                      "metricName": "number of output rows",
                                                                      "value": 30142,
                                                                      "accId": 5796
                                                                    }
                                                                  ],
                                                                  "children": [
                                                                    {
                                                                      "nodeName": "ColumnarToRow",
                                                                      "description": "ColumnarToRow",
                                                                      "metadata": {},
                                                                      "metrics": [
                                                                        {
                                                                          "metricName": "number of output rows",
                                                                          "value": 150000,
                                                                          "accId": 5797
                                                                        },
                                                                        {
                                                                          "metricName": "number of input batches",
                                                                          "value": 60,
                                                                          "accId": 5798
                                                                        }
                                                                      ],
                                                                      "children": [
                                                                        {
                                                                          "nodeName": "InputAdapter",
                                                                          "description": "InputAdapter",
                                                                          "metadata": {},
                                                                          "metrics": [],
                                                                          "children": [
                                                                            {
                                                                              "nodeName": "Scan parquet spark_catalog.tpch.customer",
                                                                              "description": "FileScan parquet spark_catalog.tpch.customer[c_custkey#236L,c_mktsegment#242] Batched: true, Bucketed: true, DataFilters: [isnotnull(c_mktsegment#242), (c_mktsegment#242 = BUILDING), isnotnull(c_custkey#236L)], Format: Parquet, Location: InMemoryFileIndex(1 paths)[file:/data/spark-warehouse/tpch.db/customer], PartitionFilters: [], PushedFilters: [IsNotNull(c_mktsegment), EqualTo(c_mktsegment,BUILDING), IsNotNull(c_custkey)], ReadSchema: struct<c_custkey:bigint,c_mktsegment:string>, SelectedBucketsCount: 60 out of 60",
                                                                              "metadata": {
                                                                                "Location": "InMemoryFileIndex(1 paths)[file:/data/spark-warehouse/tpch.db/customer]",
                                                                                "ReadSchema": "struct<c_custkey:bigint,c_mktsegment:string>",
                                                                                "Format": "Parquet",
                                                                                "SelectedBucketsCount": "60 out of 60",
                                                                                "Batched": "true",
                                                                                "PartitionFilters": "[]",
                                                                                "PushedFilters": "[IsNotNull(c_mktsegment), EqualTo(c_mktsegment,BUILDING), IsNotNull(c_custkey)]",
                                                                                "DataFilters": "[isnotnull(c_mktsegment#242), (c_mktsegment#242 = BUILDING), isnotnull(c_custkey#236L)]",
                                                                                "Bucketed": "true"
                                                                              },
                                                                              "metrics": [
                                                                                {
                                                                                  "metricName": "number of files read",
                                                                                  "value": 60,
                                                                                  "accId": 5801
                                                                                },
                                                                                {
                                                                                  "metricName": "scan time",
                                                                                  "value": 87,
                                                                                  "accId": 5800
                                                                                },
                                                                                {
                                                                                  "metricName": "metadata time",
                                                                                  "value": 0,
                                                                                  "accId": 5802
                                                                                },
                                                                                {
                                                                                  "metricName": "size of files read",
                                                                                  "value": 24717733,
                                                                                  "accId": 5803
                                                                                },
                                                                                {
                                                                                  "metricName": "number of output rows",
                                                                                  "value": 150000,
                                                                                  "accId": 5799
                                                                                }
                                                                              ],
                                                                              "children": []
                                                                            }
                                                                          ]
                                                                        }
                                                                      ]
                                                                    }
                                                                  ]
                                                                }
                                                              ]
                                                            }
                                                          ]
                                                        }
                                                      ]
                                                    }
                                                  ]
                                                },
                                                {
                                                  "nodeName": "Filter",
                                                  "description": "Filter (((isnotnull(o_orderdate#248) AND (o_orderdate#248 < 1995-03-15)) AND isnotnull(o_custkey#245L)) AND isnotnull(o_orderkey#244L))",
                                                  "metadata": {},
                                                  "metrics": [
                                                    {
                                                      "metricName": "number of output rows",
                                                      "value": 727305,
                                                      "accId": 5804
                                                    }
                                                  ],
                                                  "children": [
                                                    {
                                                      "nodeName": "ColumnarToRow",
                                                      "description": "ColumnarToRow",
                                                      "metadata": {},
                                                      "metrics": [
                                                        {
                                                          "metricName": "number of output rows",
                                                          "value": 1500000,
                                                          "accId": 5805
                                                        },
                                                        {
                                                          "metricName": "number of input batches",
                                                          "value": 420,
                                                          "accId": 5806
                                                        }
                                                      ],
                                                      "children": [
                                                        {
                                                          "nodeName": "InputAdapter",
                                                          "description": "InputAdapter",
                                                          "metadata": {},
                                                          "metrics": [],
                                                          "children": [
                                                            {
                                                              "nodeName": "Scan parquet spark_catalog.tpch.orders",
                                                              "description": "FileScan parquet spark_catalog.tpch.orders[o_orderkey#244L,o_custkey#245L,o_orderdate#248,o_shippriority#251] Batched: true, Bucketed: true, DataFilters: [isnotnull(o_orderdate#248), (o_orderdate#248 < 1995-03-15), isnotnull(o_custkey#245L), isnotnull..., Format: Parquet, Location: InMemoryFileIndex(1 paths)[file:/data/spark-warehouse/tpch.db/orders], PartitionFilters: [], PushedFilters: [IsNotNull(o_orderdate), LessThan(o_orderdate,1995-03-15), IsNotNull(o_custkey), IsNotNull(o_orde..., ReadSchema: struct<o_orderkey:bigint,o_custkey:bigint,o_orderdate:date,o_shippriority:int>, SelectedBucketsCount: 60 out of 60",
                                                              "metadata": {
                                                                "Location": "InMemoryFileIndex(1 paths)[file:/data/spark-warehouse/tpch.db/orders]",
                                                                "ReadSchema": "struct<o_orderkey:bigint,o_custkey:bigint,o_orderdate:date,o_shippriority:int>",
                                                                "Format": "Parquet",
                                                                "SelectedBucketsCount": "60 out of 60",
                                                                "Batched": "true",
                                                                "PartitionFilters": "[]",
                                                                "PushedFilters": "[IsNotNull(o_orderdate), LessThan(o_orderdate,1995-03-15), IsNotNull(o_custkey), IsNotNull(o_orderkey)]",
                                                                "DataFilters": "[isnotnull(o_orderdate#248), (o_orderdate#248 < 1995-03-15), isnotnull(o_custkey#245L), isnotnull(o_orderkey#244L)]",
                                                                "Bucketed": "true"
                                                              },
                                                              "metrics": [
                                                                {
                                                                  "metricName": "number of files read",
                                                                  "value": 60,
                                                                  "accId": 5809
                                                                },
                                                                {
                                                                  "metricName": "scan time",
                                                                  "value": 100,
                                                                  "accId": 5808
                                                                },
                                                                {
                                                                  "metricName": "metadata time",
                                                                  "value": 0,
                                                                  "accId": 5810
                                                                },
                                                                {
                                                                  "metricName": "size of files read",
                                                                  "value": 121789992,
                                                                  "accId": 5811
                                                                },
                                                                {
                                                                  "metricName": "number of output rows",
                                                                  "value": 1500000,
                                                                  "accId": 5807
                                                                }
                                                              ],
                                                              "children": []
                                                            }
                                                          ]
                                                        }
                                                      ]
                                                    }
                                                  ]
                                                }
                                              ]
                                            }
                                          ]
                                        }
                                      ]
                                    }
                                  ]
                                }
                              ]
                            },
                            {
                              "nodeName": "InputAdapter",
                              "description": "InputAdapter",
                              "metadata": {},
                              "metrics": [],
                              "children": [
                                {
                                  "nodeName": "WholeStageCodegen (3)",
                                  "description": "WholeStageCodegen (3)",
                                  "metadata": {},
                                  "metrics": [{ "metricName": "duration", "value": 176, "accId": 5812 }],
                                  "children": [
                                    {
                                      "nodeName": "Sort",
                                      "description": "Sort [l_orderkey#9L ASC NULLS FIRST], false, 0",
                                      "metadata": {},
                                      "metrics": [
                                        { "metricName": "sort time", "value": 60, "accId": 5813 },
                                        { "metricName": "peak memory", "value": 4152360000, "accId": 5814 },
                                        { "metricName": "spill size", "value": 0, "accId": 5815 }
                                      ],
                                      "children": [
                                        {
                                          "nodeName": "Project",
                                          "description": "Project [l_orderkey#9L, l_extendedprice#14, l_discount#15]",
                                          "metadata": {},
                                          "metrics": [],
                                          "children": [
                                            {
                                              "nodeName": "Filter",
                                              "description": "Filter ((isnotnull(l_shipdate#19) AND (l_shipdate#19 > 1995-03-15)) AND isnotnull(l_orderkey#9L))",
                                              "metadata": {},
                                              "metrics": [
                                                {
                                                  "metricName": "number of output rows",
                                                  "value": 3241776,
                                                  "accId": 5816
                                                }
                                              ],
                                              "children": [
                                                {
                                                  "nodeName": "ColumnarToRow",
                                                  "description": "ColumnarToRow",
                                                  "metadata": {},
                                                  "metrics": [
                                                    {
                                                      "metricName": "number of output rows",
                                                      "value": 6001210,
                                                      "accId": 5817
                                                    },
                                                    {
                                                      "metricName": "number of input batches",
                                                      "value": 1500,
                                                      "accId": 5818
                                                    }
                                                  ],
                                                  "children": [
                                                    {
                                                      "nodeName": "InputAdapter",
                                                      "description": "InputAdapter",
                                                      "metadata": {},
                                                      "metrics": [],
                                                      "children": [
                                                        {
                                                          "nodeName": "Scan parquet spark_catalog.tpch.lineitem",
                                                          "description": "FileScan parquet spark_catalog.tpch.lineitem[l_orderkey#9L,l_extendedprice#14,l_discount#15,l_shipdate#19] Batched: true, Bucketed: true, DataFilters: [isnotnull(l_shipdate#19), (l_shipdate#19 > 1995-03-15), isnotnull(l_orderkey#9L)], Format: Parquet, Location: InMemoryFileIndex(1 paths)[file:/data/spark-warehouse/tpch.db/lineitem], PartitionFilters: [], PushedFilters: [IsNotNull(l_shipdate), GreaterThan(l_shipdate,1995-03-15), IsNotNull(l_orderkey)], ReadSchema: struct<l_orderkey:bigint,l_extendedprice:decimal(15,2),l_discount:decimal(15,2),l_shipdate:date>, SelectedBucketsCount: 60 out of 60",
                                                          "metadata": {
                                                            "Location": "InMemoryFileIndex(1 paths)[file:/data/spark-warehouse/tpch.db/lineitem]",
                                                            "ReadSchema": "struct<l_orderkey:bigint,l_extendedprice:decimal(15,2),l_discount:decimal(15,2),l_shipdate:date>",
                                                            "Format": "Parquet",
                                                            "SelectedBucketsCount": "60 out of 60",
                                                            "Batched": "true",
                                                            "PartitionFilters": "[]",
                                                            "PushedFilters": "[IsNotNull(l_shipdate), GreaterThan(l_shipdate,1995-03-15), IsNotNull(l_orderkey)]",
                                                            "DataFilters": "[isnotnull(l_shipdate#19), (l_shipdate#19 > 1995-03-15), isnotnull(l_orderkey#9L)]",
                                                            "Bucketed": "true"
                                                          },
                                                          "metrics": [
                                                            {
                                                              "metricName": "number of files read",
                                                              "value": 60,
                                                              "accId": 5821
                                                            },
                                                            { "metricName": "scan time", "value": 172, "accId": 5820 },
                                                            {
                                                              "metricName": "metadata time",
                                                              "value": 0,
                                                              "accId": 5822
                                                            },
                                                            {
                                                              "metricName": "size of files read",
                                                              "value": 365478469,
                                                              "accId": 5823
                                                            },
                                                            {
                                                              "metricName": "number of output rows",
                                                              "value": 6001210,
                                                              "accId": 5819
                                                            }
                                                          ],
                                                          "children": []
                                                        }
                                                      ]
                                                    }
                                                  ]
                                                }
                                              ]
                                            }
                                          ]
                                        }
                                      ]
                                    }
                                  ]
                                }
                              ]
                            }
                          ]
                        }
                      ]
                    }
                  ]
                }
              ]
            }
          ]
        }
      ]
    }
  }
]
