[{"totalTime":759,"stagePlan":{"stages":[{"id":113,"isQueryResult":false,"tasks":[{"id":18,"duration":24,"executor":1},{"id":27,"duration":25,"executor":1},{"id":44,"duration":19,"executor":0},{"id":6,"duration":20,"executor":0},{"id":0,"duration":48,"executor":2},{"id":23,"duration":22,"executor":2},{"id":29,"duration":25,"executor":2},{"id":30,"duration":19,"executor":0},{"id":1,"duration":40,"executor":1},{"id":42,"duration":20,"executor":1},{"id":48,"duration":20,"executor":1},{"id":54,"duration":27,"executor":1},{"id":32,"duration":24,"executor":2},{"id":16,"duration":20,"executor":0},{"id":7,"duration":24,"executor":1},{"id":2,"duration":40,"executor":0},{"id":59,"duration":32,"executor":2},{"id":20,"duration":22,"executor":2},{"id":11,"duration":42,"executor":2},{"id":15,"duration":25,"executor":1},{"id":19,"duration":20,"executor":0},{"id":13,"duration":23,"executor":2},{"id":31,"duration":24,"executor":1},{"id":36,"duration":23,"executor":2},{"id":4,"duration":22,"executor":0},{"id":55,"duration":20,"executor":0},{"id":41,"duration":19,"executor":0},{"id":39,"duration":21,"executor":2},{"id":25,"duration":21,"executor":0},{"id":12,"duration":33,"executor":0},{"id":33,"duration":19,"executor":0},{"id":21,"duration":24,"executor":1},{"id":52,"duration":19,"executor":0},{"id":28,"duration":19,"executor":0},{"id":38,"duration":19,"executor":0},{"id":17,"duration":25,"executor":2},{"id":51,"duration":21,"executor":1},{"id":56,"duration":29,"executor":2},{"id":8,"duration":22,"executor":2},{"id":45,"duration":20,"executor":1},{"id":22,"duration":20,"executor":0},{"id":50,"duration":19,"executor":0},{"id":53,"duration":22,"executor":2},{"id":58,"duration":22,"executor":1},{"id":34,"duration":22,"executor":1},{"id":14,"duration":20,"executor":0},{"id":24,"duration":25,"executor":1},{"id":35,"duration":19,"executor":0},{"id":5,"duration":22,"executor":2},{"id":9,"duration":20,"executor":0},{"id":10,"duration":47,"executor":1},{"id":26,"duration":24,"executor":2},{"id":43,"duration":21,"executor":2},{"id":49,"duration":23,"executor":2},{"id":57,"duration":20,"executor":0},{"id":37,"duration":20,"executor":1},{"id":46,"duration":22,"executor":2},{"id":40,"duration":19,"executor":1},{"id":3,"duration":24,"executor":1},{"id":47,"duration":19,"executor":0}],"rdds":[490,491,492,493,494,495,496,497,498],"parents":[],"accIds":[6155,6174,6175,6176,6177,6178,6179,6181,6184,6185,6186,6187,6188,6189,6190,6191,6192,6193,6194,6198,6199,6200,6201,6202,6203,6204,6205,6206,6210,6211,6212,6213,6214,6215,6216,6219,6238,6239,6240,6241,6242]},{"id":114,"isQueryResult":false,"tasks":[{"id":37,"duration":3,"executor":0},{"id":3,"duration":4,"executor":0},{"id":12,"duration":3,"executor":0},{"id":15,"duration":4,"executor":2},{"id":21,"duration":3,"executor":0},{"id":53,"duration":3,"executor":0},{"id":20,"duration":3,"executor":1},{"id":5,"duration":13,"executor":2},{"id":25,"duration":3,"executor":0},{"id":35,"duration":3,"executor":0},{"id":31,"duration":3,"executor":0},{"id":44,"duration":3,"executor":0},{"id":18,"duration":3,"executor":0},{"id":45,"duration":11,"executor":0},{"id":1,"duration":5,"executor":1},{"id":39,"duration":5,"executor":1},{"id":6,"duration":3,"executor":0},{"id":40,"duration":3,"executor":0},{"id":27,"duration":3,"executor":0},{"id":9,"duration":4,"executor":1},{"id":59,"duration":3,"executor":0},{"id":43,"duration":4,"executor":1},{"id":54,"duration":4,"executor":2},{"id":48,"duration":4,"executor":0},{"id":46,"duration":6,"executor":0},{"id":32,"duration":3,"executor":1},{"id":34,"duration":4,"executor":1},{"id":23,"duration":3,"executor":0},{"id":2,"duration":17,"executor":2},{"id":19,"duration":4,"executor":2},{"id":36,"duration":4,"executor":1},{"id":11,"duration":3,"executor":1},{"id":4,"duration":3,"executor":1},{"id":49,"duration":4,"executor":1},{"id":58,"duration":4,"executor":1},{"id":16,"duration":13,"executor":1},{"id":38,"duration":3,"executor":0},{"id":26,"duration":3,"executor":1},{"id":7,"duration":5,"executor":1},{"id":52,"duration":4,"executor":1},{"id":0,"duration":5,"executor":2},{"id":56,"duration":3,"executor":0},{"id":28,"duration":3,"executor":1},{"id":41,"duration":3,"executor":1},{"id":14,"duration":4,"executor":0},{"id":42,"duration":3,"executor":0},{"id":17,"duration":4,"executor":1},{"id":55,"duration":4,"executor":1},{"id":24,"duration":4,"executor":1},{"id":57,"duration":5,"executor":2},{"id":10,"duration":3,"executor":0},{"id":33,"duration":3,"executor":0},{"id":47,"duration":4,"executor":2},{"id":30,"duration":3,"executor":1},{"id":29,"duration":3,"executor":0},{"id":13,"duration":4,"executor":1},{"id":22,"duration":33,"executor":2},{"id":51,"duration":3,"executor":0},{"id":8,"duration":3,"executor":0},{"id":50,"duration":5,"executor":2}],"rdds":[499,500,501,502,503],"parents":[113],"accIds":[6148,6149,6150,6152,6153,6157,6158,6159,6161,6162,6163,6172,6245,6246,6247,6248,6249,6254,6256,6257,6258,6259,6260,6261,6262,6263,6264,6265,6266,6267,6268,6269,6270,6271,6272]},{"id":116,"isQueryResult":false,"tasks":[{"id":15,"duration":4,"executor":0},{"id":52,"duration":3,"executor":0},{"id":31,"duration":5,"executor":1},{"id":17,"duration":5,"executor":2},{"id":29,"duration":3,"executor":1},{"id":3,"duration":4,"executor":2},{"id":26,"duration":4,"executor":1},{"id":39,"duration":3,"executor":0},{"id":9,"duration":4,"executor":0},{"id":46,"duration":7,"executor":0},{"id":34,"duration":4,"executor":1},{"id":1,"duration":5,"executor":1},{"id":35,"duration":5,"executor":2},{"id":43,"duration":4,"executor":0},{"id":51,"duration":4,"executor":1},{"id":37,"duration":5,"executor":1},{"id":21,"duration":5,"executor":2},{"id":50,"duration":4,"executor":2},{"id":54,"duration":4,"executor":1},{"id":30,"duration":4,"executor":2},{"id":5,"duration":14,"executor":1},{"id":32,"duration":5,"executor":2},{"id":16,"duration":10,"executor":0},{"id":0,"duration":5,"executor":2},{"id":7,"duration":4,"executor":0},{"id":33,"duration":3,"executor":0},{"id":59,"duration":3,"executor":1},{"id":28,"duration":7,"executor":0},{"id":23,"duration":4,"executor":1},{"id":48,"duration":3,"executor":1},{"id":27,"duration":4,"executor":2},{"id":57,"duration":4,"executor":2},{"id":38,"duration":3,"executor":2},{"id":53,"duration":4,"executor":2},{"id":20,"duration":4,"executor":1},{"id":47,"duration":4,"executor":2},{"id":45,"duration":13,"executor":2},{"id":4,"duration":4,"executor":1},{"id":6,"duration":5,"executor":2},{"id":40,"duration":4,"executor":0},{"id":10,"duration":5,"executor":2},{"id":24,"duration":4,"executor":2},{"id":49,"duration":4,"executor":0},{"id":12,"duration":4,"executor":0},{"id":36,"duration":4,"executor":0},{"id":55,"duration":4,"executor":0},{"id":18,"duration":3,"executor":1},{"id":22,"duration":5,"executor":0},{"id":44,"duration":3,"executor":1},{"id":25,"duration":4,"executor":0},{"id":14,"duration":5,"executor":1},{"id":19,"duration":5,"executor":0},{"id":13,"duration":5,"executor":2},{"id":8,"duration":4,"executor":1},{"id":42,"duration":3,"executor":1},{"id":58,"duration":4,"executor":0},{"id":2,"duration":4,"executor":0},{"id":41,"duration":5,"executor":2},{"id":11,"duration":4,"executor":1},{"id":56,"duration":3,"executor":1}],"rdds":[499,500,504],"parents":[115],"accIds":[6126,6145,6146,6147,6148,6149,6150,6152,6153,6157,6158,6159,6161,6162,6163,6172,6280,6281,6282,6283,6284,6285,6289,6291,6292,6293,6294,6295,6296,6297,6298,6299,6300,6301,6302,6303,6304,6305,6306,6307,6308,6309,6310]},{"id":117,"isQueryResult":true,"tasks":[{"id":4,"duration":9,"executor":2},{"id":2,"duration":4,"executor":0},{"id":3,"duration":4,"executor":0},{"id":0,"duration":8,"executor":1},{"id":1,"duration":7,"executor":0}],"rdds":[505,506,507],"parents":[116],"accIds":[6122,6123,6124,6125,6129,6132,6133,6134,6315,6316,6317,6318,6319,6324,6326,6327,6328,6329,6330,6331,6332,6333,6334,6335,6336,6337,6338,6339,6340,6341,6342]}]},"sqlPlan":{ "nodeName":"WholeStageCodegen (5)", "description":"WholeStageCodegen (5)", "metadata":{}, "metrics":[{"metricName":"duration","value":1,"accId":6122}], "children":[{ "nodeName":"Sort", "description":"Sort [o_orderpriority#249 ASC NULLS FIRST], true, 0", "metadata":{}, "metrics":[{"metricName":"sort time","value":0,"accId":6123},{"metricName":"peak memory","value":335871920,"accId":6124},{"metricName":"spill size","value":0,"accId":6125}], "children":[{ "nodeName":"InputAdapter", "description":"InputAdapter", "metadata":{}, "metrics":[], "children":[{ "nodeName":"Exchange", "description":"Exchange rangepartitioning(o_orderpriority#249 ASC NULLS FIRST, 60), ENSURE_REQUIREMENTS, [plan_id=4280]", "metadata":{}, "metrics":[{"metricName":"shuffle records written","value":5,"accId":6146},{"metricName":"local merged chunks fetched","value":0,"accId":6140},{"metricName":"shuffle write time","value":1391362,"accId":6147},{"metricName":"remote merged bytes read","value":0,"accId":6141},{"metricName":"local merged blocks fetched","value":0,"accId":6138},{"metricName":"corrupt merged block chunks","value":0,"accId":6135},{"metricName":"remote merged reqs duration","value":0,"accId":6144},{"metricName":"remote merged blocks fetched","value":0,"accId":6137},{"metricName":"records read","value":5,"accId":6134},{"metricName":"local bytes read","value":369,"accId":6132},{"metricName":"fetch wait time","value":0,"accId":6133},{"metricName":"remote bytes read","value":0,"accId":6130},{"metricName":"merged fetch fallback count","value":0,"accId":6136},{"metricName":"local blocks read","value":5,"accId":6129},{"metricName":"remote merged chunks fetched","value":0,"accId":6139},{"metricName":"remote blocks read","value":0,"accId":6128},{"metricName":"data size","value":168,"accId":6126},{"metricName":"local merged bytes read","value":0,"accId":6142},{"metricName":"number of partitions","value":5,"accId":6127},{"metricName":"remote reqs duration","value":0,"accId":6143},{"metricName":"remote bytes read to disk","value":0,"accId":6131},{"metricName":"shuffle bytes written","value":369,"accId":6145}], "children":[{ "nodeName":"WholeStageCodegen (4)", "description":"WholeStageCodegen (4)", "metadata":{}, "metrics":[{"metricName":"duration","value":25,"accId":6148}], "children":[{ "nodeName":"HashAggregate", "description":"HashAggregate(keys=[o_orderpriority#249], functions=[count(1)])", "metadata":{}, "metrics":[{"metricName":"spill size","value":0,"accId":6151},{"metricName":"time in aggregation build","value":15,"accId":6152},{"metricName":"peak memory","value":568328064,"accId":6150},{"metricName":"number of output rows","value":10,"accId":6149},{"metricName":"number of sort fallback tasks","value":0,"accId":6154},{"metricName":"avg hash probes per key","value":80,"accId":6153}], "children":[{ "nodeName":"InputAdapter", "description":"InputAdapter", "metadata":{}, "metrics":[], "children":[{ "nodeName":"Exchange", "description":"Exchange hashpartitioning(o_orderpriority#249, 60), ENSURE_REQUIREMENTS, [plan_id=4276]", "metadata":{}, "metrics":[{"metricName":"shuffle records written","value":300,"accId":6175},{"metricName":"local merged chunks fetched","value":0,"accId":6169},{"metricName":"shuffle write time","value":90494165,"accId":6176},{"metricName":"remote merged bytes read","value":0,"accId":6170},{"metricName":"local merged blocks fetched","value":0,"accId":6167},{"metricName":"corrupt merged block chunks","value":0,"accId":6164},{"metricName":"remote merged reqs duration","value":0,"accId":6173},{"metricName":"remote merged blocks fetched","value":0,"accId":6166},{"metricName":"records read","value":600,"accId":6163},{"metricName":"local bytes read","value":13168,"accId":6161},{"metricName":"fetch wait time","value":0,"accId":6162},{"metricName":"remote bytes read","value":25088,"accId":6159},{"metricName":"merged fetch fallback count","value":0,"accId":6165},{"metricName":"local blocks read","value":164,"accId":6158},{"metricName":"remote merged chunks fetched","value":0,"accId":6168},{"metricName":"remote blocks read","value":316,"accId":6157},{"metricName":"data size","value":10080,"accId":6155},{"metricName":"local merged bytes read","value":0,"accId":6171},{"metricName":"number of partitions","value":60,"accId":6156},{"metricName":"remote reqs duration","value":42,"accId":6172},{"metricName":"remote bytes read to disk","value":0,"accId":6160},{"metricName":"shuffle bytes written","value":19128,"accId":6174}], "children":[{ "nodeName":"WholeStageCodegen (3)", "description":"WholeStageCodegen (3)", "metadata":{}, "metrics":[{"metricName":"duration","value":1014,"accId":6177}], "children":[{ "nodeName":"HashAggregate", "description":"HashAggregate(keys=[o_orderpriority#249], functions=[partial_count(1)])", "metadata":{}, "metrics":[{"metricName":"spill size","value":0,"accId":6180},{"metricName":"time in aggregation build","value":897,"accId":6181},{"metricName":"peak memory","value":15728640,"accId":6179},{"metricName":"number of output rows","value":300,"accId":6178},{"metricName":"number of sort fallback tasks","value":0,"accId":6183},{"metricName":"avg hash probes per key","value":0,"accId":6182}], "children":[{ "nodeName":"Project", "description":"Project [o_orderpriority#249]", "metadata":{}, "metrics":[], "children":[{ "nodeName":"SortMergeJoin", "description":"SortMergeJoin [o_orderkey#244L], [l_orderkey#9L], LeftSemi", "metadata":{}, "metrics":[{"metricName":"number of output rows","value":52523,"accId":6184},{"metricName":"spill size","value":0,"accId":6185}], "children":[{ "nodeName":"InputAdapter", "description":"InputAdapter", "metadata":{}, "metrics":[], "children":[{ "nodeName":"WholeStageCodegen (1)", "description":"WholeStageCodegen (1)", "metadata":{}, "metrics":[{"metricName":"duration","value":997,"accId":6186}], "children":[{ "nodeName":"Sort", "description":"Sort [o_orderkey#244L ASC NULLS FIRST], false, 0", "metadata":{}, "metrics":[{"metricName":"sort time","value":0,"accId":6187},{"metricName":"peak memory","value":4030463040,"accId":6188},{"metricName":"spill size","value":0,"accId":6189}], "children":[{ "nodeName":"Project", "description":"Project [o_orderkey#244L, o_orderpriority#249]", "metadata":{}, "metrics":[], "children":[{ "nodeName":"Filter", "description":"Filter ((isnotnull(o_orderdate#248) AND (o_orderdate#248 >= 1993-07-01)) AND (o_orderdate#248 < 1993-10-01))", "metadata":{}, "metrics":[{"metricName":"number of output rows","value":57218,"accId":6190}], "children":[{ "nodeName":"ColumnarToRow", "description":"ColumnarToRow", "metadata":{}, "metrics":[{"metricName":"number of output rows","value":1500000,"accId":6191},{"metricName":"number of input batches","value":420,"accId":6192}], "children":[{ "nodeName":"InputAdapter", "description":"InputAdapter", "metadata":{}, "metrics":[], "children":[{ "nodeName":"Scan parquet spark_catalog.tpch.orders", "description":"FileScan parquet spark_catalog.tpch.orders[o_orderkey#244L,o_orderdate#248,o_orderpriority#249] Batched: true, Bucketed: true, DataFilters: [isnotnull(o_orderdate#248), (o_orderdate#248 >= 1993-07-01), (o_orderdate#248 < 1993-10-01)], Format: Parquet, Location: InMemoryFileIndex(1 paths)[file:/data/spark-warehouse/tpch.db/orders], PartitionFilters: [], PushedFilters: [IsNotNull(o_orderdate), GreaterThanOrEqual(o_orderdate,1993-07-01), LessThan(o_orderdate,1993-10..., ReadSchema: struct<o_orderkey:bigint,o_orderdate:date,o_orderpriority:string>, SelectedBucketsCount: 60 out of 60", "metadata":{"Location":"InMemoryFileIndex(1 paths)[file:/data/spark-warehouse/tpch.db/orders]","ReadSchema":"struct<o_orderkey:bigint,o_orderdate:date,o_orderpriority:string>","Format":"Parquet","SelectedBucketsCount":"60 out of 60","Batched":"true","PartitionFilters":"[]","PushedFilters":"[IsNotNull(o_orderdate), GreaterThanOrEqual(o_orderdate,1993-07-01), LessThan(o_orderdate,1993-10-01)]","DataFilters":"[isnotnull(o_orderdate#248), (o_orderdate#248 >= 1993-07-01), (o_orderdate#248 < 1993-10-01)]","Bucketed":"true"}, "metrics":[{"metricName":"number of files read","value":60,"accId":6195},{"metricName":"scan time","value":97,"accId":6194},{"metricName":"metadata time","value":0,"accId":6196},{"metricName":"size of files read","value":121789992,"accId":6197},{"metricName":"number of output rows","value":1500000,"accId":6193}], "children":[] }] }] }] }] }] }] }] },{ "nodeName":"InputAdapter", "description":"InputAdapter", "metadata":{}, "metrics":[], "children":[{ "nodeName":"WholeStageCodegen (2)", "description":"WholeStageCodegen (2)", "metadata":{}, "metrics":[{"metricName":"duration","value":34,"accId":6198}], "children":[{ "nodeName":"Sort", "description":"Sort [l_orderkey#9L ASC NULLS FIRST], false, 0", "metadata":{}, "metrics":[{"metricName":"sort time","value":60,"accId":6199},{"metricName":"peak memory","value":4152360000,"accId":6200},{"metricName":"spill size","value":0,"accId":6201}], "children":[{ "nodeName":"Project", "description":"Project [l_orderkey#9L]", "metadata":{}, "metrics":[], "children":[{ "nodeName":"Filter", "description":"Filter ((isnotnull(l_commitdate#20) AND isnotnull(l_receiptdate#21)) AND (l_commitdate#20 < l_receiptdate#21))", "metadata":{}, "metrics":[{"metricName":"number of output rows","value":3793296,"accId":6202}], "children":[{ "nodeName":"ColumnarToRow", "description":"ColumnarToRow", "metadata":{}, "metrics":[{"metricName":"number of output rows","value":6001215,"accId":6203},{"metricName":"number of input batches","value":1500,"accId":6204}], "children":[{ "nodeName":"InputAdapter", "description":"InputAdapter", "metadata":{}, "metrics":[], "children":[{ "nodeName":"Scan parquet spark_catalog.tpch.lineitem", "description":"FileScan parquet spark_catalog.tpch.lineitem[l_orderkey#9L,l_commitdate#20,l_receiptdate#21] Batched: true, Bucketed: true, DataFilters: [isnotnull(l_commitdate#20), isnotnull(l_receiptdate#21), (l_commitdate#20 < l_receiptdate#21)], Format: Parquet, Location: InMemoryFileIndex(1 paths)[file:/data/spark-warehouse/tpch.db/lineitem], PartitionFilters: [], PushedFilters: [IsNotNull(l_commitdate), IsNotNull(l_receiptdate)], ReadSchema: struct<l_orderkey:bigint,l_commitdate:date,l_receiptdate:date>, SelectedBucketsCount: 60 out of 60", "metadata":{"Location":"InMemoryFileIndex(1 paths)[file:/data/spark-warehouse/tpch.db/lineitem]","ReadSchema":"struct<l_orderkey:bigint,l_commitdate:date,l_receiptdate:date>","Format":"Parquet","SelectedBucketsCount":"60 out of 60","Batched":"true","PartitionFilters":"[]","PushedFilters":"[IsNotNull(l_commitdate), IsNotNull(l_receiptdate)]","DataFilters":"[isnotnull(l_commitdate#20), isnotnull(l_receiptdate#21), (l_commitdate#20 < l_receiptdate#21)]","Bucketed":"true"}, "metrics":[{"metricName":"number of files read","value":60,"accId":6207},{"metricName":"scan time","value":102,"accId":6206},{"metricName":"metadata time","value":0,"accId":6208},{"metricName":"size of files read","value":365478469,"accId":6209},{"metricName":"number of output rows","value":6001215,"accId":6205}], "children":[] }] }] }] }] }] }] }] }] }] }] }] }] }] }] }] }] }] }] }] }}]