[{"totalTime":1408,"stagePlan":{"stages":[{"id":127,"isQueryResult":false,"tasks":[{"id":49,"duration":4,"executor":1},{"id":56,"duration":4,"executor":0},{"id":45,"duration":4,"executor":0},{"id":29,"duration":4,"executor":0},{"id":23,"duration":3,"executor":2},{"id":31,"duration":4,"executor":1},{"id":13,"duration":3,"executor":1},{"id":52,"duration":4,"executor":1},{"id":24,"duration":9,"executor":1},{"id":55,"duration":3,"executor":1},{"id":36,"duration":4,"executor":2},{"id":59,"duration":4,"executor":0},{"id":35,"duration":4,"executor":0},{"id":1,"duration":12,"executor":0},{"id":16,"duration":3,"executor":1},{"id":17,"duration":3,"executor":2},{"id":33,"duration":3,"executor":2},{"id":46,"duration":4,"executor":1},{"id":28,"duration":4,"executor":2},{"id":47,"duration":3,"executor":2},{"id":12,"duration":3,"executor":0},{"id":5,"duration":4,"executor":2},{"id":8,"duration":3,"executor":2},{"id":57,"duration":9,"executor":2},{"id":54,"duration":2,"executor":2},{"id":11,"duration":3,"executor":2},{"id":25,"duration":3,"executor":0},{"id":9,"duration":3,"executor":0},{"id":42,"duration":4,"executor":0},{"id":39,"duration":3,"executor":2},{"id":10,"duration":3,"executor":1},{"id":53,"duration":3,"executor":0},{"id":15,"duration":3,"executor":0},{"id":58,"duration":5,"executor":1},{"id":48,"duration":4,"executor":0},{"id":43,"duration":3,"executor":1},{"id":14,"duration":3,"executor":2},{"id":20,"duration":3,"executor":2},{"id":40,"duration":3,"executor":1},{"id":4,"duration":3,"executor":1},{"id":44,"duration":3,"executor":2},{"id":37,"duration":4,"executor":1},{"id":30,"duration":4,"executor":2},{"id":3,"duration":4,"executor":0},{"id":51,"duration":3,"executor":2},{"id":27,"duration":3,"executor":0},{"id":18,"duration":3,"executor":0},{"id":41,"duration":3,"executor":2},{"id":0,"duration":14,"executor":1},{"id":6,"duration":4,"executor":0},{"id":26,"duration":3,"executor":2},{"id":50,"duration":3,"executor":2},{"id":22,"duration":3,"executor":1},{"id":19,"duration":3,"executor":1},{"id":32,"duration":4,"executor":0},{"id":2,"duration":14,"executor":2},{"id":7,"duration":3,"executor":1},{"id":38,"duration":5,"executor":0},{"id":34,"duration":4,"executor":1},{"id":21,"duration":4,"executor":0}],"rdds":[545,547,552,555],"parents":[],"accIds":[6889,6890,6891,6892,6893,6894,6926,6927,6928,6929,6930,6931,6932,6957,6958]},{"id":128,"isQueryResult":false,"tasks":[{"id":0,"duration":46,"executor":0}],"rdds":[542,544,550,553],"parents":[],"accIds":[6903,6904,6905,6906,6907,6908,6961,6962,6963,6964,6965,6992,6993]},{"id":129,"isQueryResult":false,"tasks":[{"id":33,"duration":4,"executor":1},{"id":12,"duration":5,"executor":1},{"id":40,"duration":5,"executor":1},{"id":55,"duration":4,"executor":1},{"id":9,"duration":4,"executor":0},{"id":28,"duration":6,"executor":1},{"id":11,"duration":3,"executor":0},{"id":30,"duration":5,"executor":1},{"id":46,"duration":6,"executor":2},{"id":19,"duration":6,"executor":2},{"id":15,"duration":4,"executor":0},{"id":52,"duration":6,"executor":2},{"id":1,"duration":22,"executor":0},{"id":21,"duration":5,"executor":0},{"id":8,"duration":5,"executor":0},{"id":32,"duration":4,"executor":0},{"id":13,"duration":3,"executor":0},{"id":41,"duration":3,"executor":0},{"id":31,"duration":4,"executor":2},{"id":37,"duration":4,"executor":0},{"id":57,"duration":5,"executor":0},{"id":47,"duration":4,"executor":0},{"id":56,"duration":5,"executor":2},{"id":26,"duration":5,"executor":0},{"id":22,"duration":5,"executor":1},{"id":20,"duration":5,"executor":1},{"id":23,"duration":8,"executor":2},{"id":6,"duration":5,"executor":0},{"id":4,"duration":5,"executor":0},{"id":54,"duration":7,"executor":0},{"id":3,"duration":4,"executor":0},{"id":25,"duration":5,"executor":1},{"id":16,"duration":4,"executor":0},{"id":50,"duration":6,"executor":2},{"id":53,"duration":4,"executor":1},{"id":49,"duration":4,"executor":0},{"id":43,"duration":4,"executor":1},{"id":58,"duration":4,"executor":1},{"id":27,"duration":6,"executor":2},{"id":29,"duration":4,"executor":0},{"id":2,"duration":28,"executor":2},{"id":7,"duration":5,"executor":0},{"id":48,"duration":9,"executor":1},{"id":10,"duration":3,"executor":0},{"id":42,"duration":4,"executor":0},{"id":34,"duration":21,"executor":2},{"id":39,"duration":4,"executor":0},{"id":0,"duration":51,"executor":1},{"id":45,"duration":4,"executor":1},{"id":35,"duration":4,"executor":0},{"id":36,"duration":4,"executor":1},{"id":38,"duration":5,"executor":1},{"id":44,"duration":4,"executor":0},{"id":5,"duration":34,"executor":2},{"id":24,"duration":6,"executor":0},{"id":59,"duration":5,"executor":2},{"id":17,"duration":5,"executor":1},{"id":18,"duration":4,"executor":0},{"id":14,"duration":4,"executor":1},{"id":51,"duration":3,"executor":0}],"rdds":[543,546,551,554],"parents":[],"accIds":[6855,6856,6857,6858,6859,6860,6996,6997,6998,6999,7000,7001,7002,7027,7028]},{"id":130,"isQueryResult":false,"tasks":[{"id":0,"duration":37,"executor":1}],"rdds":[548,549,556,557],"parents":[],"accIds":[6917,6918,6919,6920,6921,6922,7031,7032,7033,7034,7035,7062,7063]},{"id":131,"isQueryResult":false,"tasks":[{"id":23,"duration":32,"executor":0},{"id":22,"duration":29,"executor":2},{"id":51,"duration":29,"executor":1},{"id":10,"duration":35,"executor":2},{"id":1,"duration":110,"executor":0},{"id":49,"duration":30,"executor":2},{"id":38,"duration":29,"executor":1},{"id":59,"duration":27,"executor":0},{"id":36,"duration":27,"executor":0},{"id":19,"duration":30,"executor":2},{"id":7,"duration":29,"executor":1},{"id":9,"duration":28,"executor":1},{"id":34,"duration":29,"executor":2},{"id":17,"duration":29,"executor":0},{"id":30,"duration":28,"executor":0},{"id":21,"duration":29,"executor":1},{"id":29,"duration":29,"executor":1},{"id":27,"duration":30,"executor":1},{"id":2,"duration":144,"executor":2},{"id":15,"duration":29,"executor":1},{"id":26,"duration":38,"executor":0},{"id":54,"duration":29,"executor":1},{"id":56,"duration":32,"executor":0},{"id":39,"duration":28,"executor":0},{"id":35,"duration":30,"executor":1},{"id":3,"duration":32,"executor":0},{"id":8,"duration":28,"executor":0},{"id":24,"duration":29,"executor":1},{"id":46,"duration":29,"executor":2},{"id":31,"duration":29,"executor":2},{"id":44,"duration":27,"executor":0},{"id":4,"duration":30,"executor":1},{"id":32,"duration":30,"executor":1},{"id":42,"duration":29,"executor":1},{"id":48,"duration":29,"executor":1},{"id":14,"duration":29,"executor":0},{"id":41,"duration":28,"executor":0},{"id":58,"duration":32,"executor":2},{"id":11,"duration":27,"executor":0},{"id":33,"duration":31,"executor":0},{"id":45,"duration":29,"executor":1},{"id":18,"duration":29,"executor":1},{"id":5,"duration":30,"executor":0},{"id":55,"duration":29,"executor":2},{"id":20,"duration":28,"executor":0},{"id":16,"duration":30,"executor":2},{"id":50,"duration":29,"executor":0},{"id":43,"duration":30,"executor":2},{"id":25,"duration":29,"executor":2},{"id":47,"duration":28,"executor":0},{"id":37,"duration":29,"executor":2},{"id":53,"duration":28,"executor":0},{"id":12,"duration":28,"executor":1},{"id":0,"duration":120,"executor":1},{"id":57,"duration":29,"executor":1},{"id":52,"duration":29,"executor":2},{"id":6,"duration":36,"executor":2},{"id":28,"duration":30,"executor":2},{"id":13,"duration":29,"executor":2},{"id":40,"duration":29,"executor":2}],"rdds":[558,559,560,561,562,563,564,565,566],"parents":[],"accIds":[6811,6830,6831,6832,6833,6834,6835,6837,6838,6840,6841,6842,6843,6844,6845,6846,6847,6848,6849,6864,6865,6866,6867,6868,6872,6873,6874,6875,6876,6877,6878,6879,6880,7066,7067,7068,7069,7070,7071,7075,7094,7095,7096,7097,7098]},{"id":132,"isQueryResult":false,"tasks":[{"id":11,"duration":5,"executor":1},{"id":43,"duration":5,"executor":1},{"id":20,"duration":6,"executor":0},{"id":2,"duration":7,"executor":0},{"id":44,"duration":5,"executor":0},{"id":12,"duration":6,"executor":0},{"id":36,"duration":4,"executor":2},{"id":0,"duration":10,"executor":2},{"id":22,"duration":7,"executor":1},{"id":23,"duration":12,"executor":2},{"id":26,"duration":5,"executor":0},{"id":47,"duration":13,"executor":1},{"id":29,"duration":4,"executor":1},{"id":3,"duration":7,"executor":1},{"id":6,"duration":5,"executor":2},{"id":49,"duration":5,"executor":2},{"id":50,"duration":11,"executor":1},{"id":31,"duration":4,"executor":2},{"id":24,"duration":7,"executor":0},{"id":56,"duration":4,"executor":0},{"id":48,"duration":5,"executor":0},{"id":21,"duration":4,"executor":1},{"id":17,"duration":5,"executor":1},{"id":51,"duration":7,"executor":2},{"id":58,"duration":5,"executor":1},{"id":40,"duration":5,"executor":0},{"id":30,"duration":5,"executor":0},{"id":37,"duration":5,"executor":0},{"id":8,"duration":10,"executor":0},{"id":57,"duration":4,"executor":2},{"id":53,"duration":4,"executor":0},{"id":35,"duration":4,"executor":1},{"id":13,"duration":12,"executor":1},{"id":45,"duration":4,"executor":2},{"id":9,"duration":6,"executor":0},{"id":19,"duration":4,"executor":1},{"id":15,"duration":4,"executor":1},{"id":41,"duration":6,"executor":2},{"id":10,"duration":6,"executor":2},{"id":27,"duration":12,"executor":0},{"id":33,"duration":4,"executor":0},{"id":39,"duration":5,"executor":1},{"id":7,"duration":6,"executor":1},{"id":28,"duration":5,"executor":2},{"id":5,"duration":7,"executor":0},{"id":59,"duration":4,"executor":0},{"id":25,"duration":5,"executor":1},{"id":18,"duration":6,"executor":0},{"id":34,"duration":4,"executor":2},{"id":42,"duration":5,"executor":0},{"id":55,"duration":5,"executor":1},{"id":54,"duration":5,"executor":2},{"id":14,"duration":4,"executor":2},{"id":4,"duration":4,"executor":2},{"id":52,"duration":4,"executor":0},{"id":46,"duration":4,"executor":1},{"id":1,"duration":5,"executor":2},{"id":38,"duration":5,"executor":2},{"id":16,"duration":22,"executor":2},{"id":32,"duration":5,"executor":1}],"rdds":[567,568,569,570,571],"parents":[131],"accIds":[6804,6805,6806,6808,6809,6813,6814,6815,6817,6818,6819,6828,7101,7102,7103,7104,7105,7106,7107,7110,7112,7113,7114,7115,7116,7117,7118,7119,7120,7121,7122,7123,7124,7125,7126,7127,7128]},{"id":134,"isQueryResult":false,"tasks":[{"id":33,"duration":4,"executor":2},{"id":16,"duration":5,"executor":0},{"id":45,"duration":5,"executor":0},{"id":36,"duration":5,"executor":1},{"id":10,"duration":5,"executor":2},{"id":1,"duration":5,"executor":2},{"id":18,"duration":6,"executor":1},{"id":7,"duration":5,"executor":1},{"id":9,"duration":5,"executor":0},{"id":24,"duration":4,"executor":2},{"id":44,"duration":4,"executor":2},{"id":46,"duration":5,"executor":1},{"id":21,"duration":5,"executor":1},{"id":8,"duration":14,"executor":1},{"id":20,"duration":5,"executor":0},{"id":59,"duration":4,"executor":2},{"id":34,"duration":5,"executor":0},{"id":26,"duration":5,"executor":0},{"id":32,"duration":6,"executor":1},{"id":55,"duration":4,"executor":0},{"id":40,"duration":5,"executor":1},{"id":30,"duration":4,"executor":2},{"id":11,"duration":5,"executor":1},{"id":48,"duration":5,"executor":2},{"id":50,"duration":5,"executor":1},{"id":15,"duration":6,"executor":1},{"id":56,"duration":4,"executor":2},{"id":42,"duration":5,"executor":1},{"id":52,"duration":5,"executor":0},{"id":22,"duration":4,"executor":0},{"id":28,"duration":4,"executor":2},{"id":57,"duration":5,"executor":1},{"id":43,"duration":5,"executor":0},{"id":23,"duration":12,"executor":0},{"id":19,"duration":6,"executor":2},{"id":3,"duration":5,"executor":1},{"id":58,"duration":5,"executor":0},{"id":49,"duration":5,"executor":0},{"id":0,"duration":5,"executor":2},{"id":6,"duration":4,"executor":2},{"id":29,"duration":6,"executor":1},{"id":51,"duration":5,"executor":2},{"id":17,"duration":4,"executor":2},{"id":4,"duration":4,"executor":2},{"id":53,"duration":4,"executor":1},{"id":5,"duration":5,"executor":0},{"id":47,"duration":10,"executor":1},{"id":54,"duration":4,"executor":2},{"id":31,"duration":5,"executor":0},{"id":38,"duration":5,"executor":2},{"id":39,"duration":5,"executor":0},{"id":37,"duration":5,"executor":0},{"id":35,"duration":4,"executor":2},{"id":25,"duration":4,"executor":1},{"id":2,"duration":5,"executor":0},{"id":12,"duration":7,"executor":0},{"id":41,"duration":5,"executor":2},{"id":13,"duration":15,"executor":2},{"id":27,"duration":10,"executor":0},{"id":14,"duration":5,"executor":2}],"rdds":[567,568,572],"parents":[133],"accIds":[6782,6801,6802,6803,6804,6805,6806,6808,6809,6813,6814,6815,6817,6818,6819,6828,7136,7137,7138,7139,7140,7145,7147,7148,7149,7150,7151,7152,7153,7154,7155,7156,7157,7158,7159,7160,7161,7162,7163,7164,7165,7166]},{"id":135,"isQueryResult":true,"tasks":[{"id":2,"duration":9,"executor":1},{"id":1,"duration":9,"executor":2},{"id":4,"duration":5,"executor":0},{"id":3,"duration":5,"executor":1},{"id":0,"duration":7,"executor":0}],"rdds":[573,574,575],"parents":[134],"accIds":[6778,6779,6780,6781,6785,6788,6789,6790,7171,7172,7173,7174,7175,7180,7182,7183,7184,7185,7186,7187,7188,7189,7190,7191,7192,7193,7194,7195,7196,7197,7198]}]},"sqlPlan":{ "nodeName":"WholeStageCodegen (9)", "description":"WholeStageCodegen (9)", "metadata":{}, "metrics":[{"metricName":"duration","value":0,"accId":6778}], "children":[{ "nodeName":"Sort", "description":"Sort [revenue#956 DESC NULLS LAST], true, 0", "metadata":{}, "metrics":[{"metricName":"sort time","value":0,"accId":6779},{"metricName":"peak memory","value":335871920,"accId":6780},{"metricName":"spill size","value":0,"accId":6781}], "children":[{ "nodeName":"InputAdapter", "description":"InputAdapter", "metadata":{}, "metrics":[], "children":[{ "nodeName":"Exchange", "description":"Exchange rangepartitioning(revenue#956 DESC NULLS LAST, 60), ENSURE_REQUIREMENTS, [plan_id=4866]", "metadata":{}, "metrics":[{"metricName":"shuffle records written","value":5,"accId":6802},{"metricName":"local merged chunks fetched","value":0,"accId":6796},{"metricName":"shuffle write time","value":1652361,"accId":6803},{"metricName":"remote merged bytes read","value":0,"accId":6797},{"metricName":"local merged blocks fetched","value":0,"accId":6794},{"metricName":"corrupt merged block chunks","value":0,"accId":6791},{"metricName":"remote merged reqs duration","value":0,"accId":6800},{"metricName":"remote merged blocks fetched","value":0,"accId":6793},{"metricName":"records read","value":5,"accId":6790},{"metricName":"local bytes read","value":453,"accId":6788},{"metricName":"fetch wait time","value":0,"accId":6789},{"metricName":"remote bytes read","value":0,"accId":6786},{"metricName":"merged fetch fallback count","value":0,"accId":6792},{"metricName":"local blocks read","value":5,"accId":6785},{"metricName":"remote merged chunks fetched","value":0,"accId":6795},{"metricName":"remote blocks read","value":0,"accId":6784},{"metricName":"data size","value":248,"accId":6782},{"metricName":"local merged bytes read","value":0,"accId":6798},{"metricName":"number of partitions","value":5,"accId":6783},{"metricName":"remote reqs duration","value":0,"accId":6799},{"metricName":"remote bytes read to disk","value":0,"accId":6787},{"metricName":"shuffle bytes written","value":453,"accId":6801}], "children":[{ "nodeName":"WholeStageCodegen (8)", "description":"WholeStageCodegen (8)", "metadata":{}, "metrics":[{"metricName":"duration","value":73,"accId":6804}], "children":[{ "nodeName":"HashAggregate", "description":"HashAggregate(keys=[n_name#254], functions=[sum((l_extendedprice#14 * (1 - l_discount#15)))])", "metadata":{}, "metrics":[{"metricName":"spill size","value":0,"accId":6807},{"metricName":"time in aggregation build","value":33,"accId":6808},{"metricName":"peak memory","value":702545760,"accId":6806},{"metricName":"number of output rows","value":10,"accId":6805},{"metricName":"number of sort fallback tasks","value":0,"accId":6810},{"metricName":"avg hash probes per key","value":100,"accId":6809}], "children":[{ "nodeName":"InputAdapter", "description":"InputAdapter", "metadata":{}, "metrics":[], "children":[{ "nodeName":"Exchange", "description":"Exchange hashpartitioning(n_name#254, 60), ENSURE_REQUIREMENTS, [plan_id=4862]", "metadata":{}, "metrics":[{"metricName":"shuffle records written","value":300,"accId":6831},{"metricName":"local merged chunks fetched","value":0,"accId":6825},{"metricName":"shuffle write time","value":92930170,"accId":6832},{"metricName":"remote merged bytes read","value":0,"accId":6826},{"metricName":"local merged blocks fetched","value":0,"accId":6823},{"metricName":"corrupt merged block chunks","value":0,"accId":6820},{"metricName":"remote merged reqs duration","value":0,"accId":6829},{"metricName":"remote merged blocks fetched","value":0,"accId":6822},{"metricName":"records read","value":600,"accId":6819},{"metricName":"local bytes read","value":18963,"accId":6817},{"metricName":"fetch wait time","value":8,"accId":6818},{"metricName":"remote bytes read","value":37401,"accId":6815},{"metricName":"merged fetch fallback count","value":0,"accId":6821},{"metricName":"local blocks read","value":202,"accId":6814},{"metricName":"remote merged chunks fetched","value":0,"accId":6824},{"metricName":"remote blocks read","value":398,"accId":6813},{"metricName":"data size","value":17280,"accId":6811},{"metricName":"local merged bytes read","value":0,"accId":6827},{"metricName":"number of partitions","value":60,"accId":6812},{"metricName":"remote reqs duration","value":71,"accId":6828},{"metricName":"remote bytes read to disk","value":0,"accId":6816},{"metricName":"shuffle bytes written","value":28182,"accId":6830}], "children":[{ "nodeName":"WholeStageCodegen (7)", "description":"WholeStageCodegen (7)", "metadata":{}, "metrics":[{"metricName":"duration","value":1565,"accId":6833}], "children":[{ "nodeName":"HashAggregate", "description":"HashAggregate(keys=[n_name#254], functions=[partial_sum((l_extendedprice#14 * (1 - l_discount#15)))])", "metadata":{}, "metrics":[{"metricName":"spill size","value":0,"accId":6836},{"metricName":"time in aggregation build","value":1384,"accId":6837},{"metricName":"peak memory","value":4042259520,"accId":6835},{"metricName":"number of output rows","value":300,"accId":6834},{"metricName":"number of sort fallback tasks","value":0,"accId":6839},{"metricName":"avg hash probes per key","value":600,"accId":6838}], "children":[{ "nodeName":"Project", "description":"Project [l_extendedprice#14, l_discount#15, n_name#254]", "metadata":{}, "metrics":[], "children":[{ "nodeName":"BroadcastHashJoin", "description":"BroadcastHashJoin [n_regionkey#255L], [r_regionkey#936L], Inner, BuildRight, false", "metadata":{}, "metrics":[{"metricName":"number of output rows","value":7243,"accId":6840}], "children":[{ "nodeName":"Project", "description":"Project [l_extendedprice#14, l_discount#15, n_name#254, n_regionkey#255L]", "metadata":{}, "metrics":[], "children":[{ "nodeName":"BroadcastHashJoin", "description":"BroadcastHashJoin [s_nationkey#401L], [n_nationkey#253L], Inner, BuildRight, false", "metadata":{}, "metrics":[{"metricName":"number of output rows","value":36236,"accId":6841}], "children":[{ "nodeName":"Project", "description":"Project [l_extendedprice#14, l_discount#15, s_nationkey#401L]", "metadata":{}, "metrics":[], "children":[{ "nodeName":"BroadcastHashJoin", "description":"BroadcastHashJoin [l_suppkey#11L, c_nationkey#239L], [s_suppkey#398L, s_nationkey#401L], Inner, BuildRight, false", "metadata":{}, "metrics":[{"metricName":"number of output rows","value":36236,"accId":6842}], "children":[{ "nodeName":"Project", "description":"Project [c_nationkey#239L, l_suppkey#11L, l_extendedprice#14, l_discount#15]", "metadata":{}, "metrics":[], "children":[{ "nodeName":"SortMergeJoin", "description":"SortMergeJoin [o_orderkey#244L], [l_orderkey#9L], Inner", "metadata":{}, "metrics":[{"metricName":"number of output rows","value":910519,"accId":6843},{"metricName":"spill size","value":0,"accId":6844}], "children":[{ "nodeName":"InputAdapter", "description":"InputAdapter", "metadata":{}, "metrics":[], "children":[{ "nodeName":"WholeStageCodegen (2)", "description":"WholeStageCodegen (2)", "metadata":{}, "metrics":[{"metricName":"duration","value":1650,"accId":6845}], "children":[{ "nodeName":"Sort", "description":"Sort [o_orderkey#244L ASC NULLS FIRST], false, 0", "metadata":{}, "metrics":[{"metricName":"sort time","value":0,"accId":6846},{"metricName":"peak memory","value":4034395200,"accId":6847},{"metricName":"spill size","value":0,"accId":6848}], "children":[{ "nodeName":"Project", "description":"Project [c_nationkey#239L, o_orderkey#244L]", "metadata":{}, "metrics":[], "children":[{ "nodeName":"BroadcastHashJoin", "description":"BroadcastHashJoin [c_custkey#236L], [o_custkey#245L], Inner, BuildLeft, false", "metadata":{}, "metrics":[{"metricName":"number of output rows","value":227597,"accId":6849}], "children":[{ "nodeName":"InputAdapter", "description":"InputAdapter", "metadata":{}, "metrics":[], "children":[{ "nodeName":"BroadcastExchange", "description":"BroadcastExchange HashedRelationBroadcastMode(List(input[0, bigint, false]),false), [plan_id=4816]", "metadata":{}, "metrics":[{"metricName":"time to broadcast","value":10,"accId":6854},{"metricName":"time to build","value":86,"accId":6853},{"metricName":"time to collect","value":233,"accId":6852},{"metricName":"number of output rows","value":150000,"accId":6851},{"metricName":"data size","value":9588608,"accId":6850}], "children":[{ "nodeName":"WholeStageCodegen (1)", "description":"WholeStageCodegen (1)", "metadata":{}, "metrics":[{"metricName":"duration","value":185,"accId":6855}], "children":[{ "nodeName":"Filter", "description":"Filter (isnotnull(c_custkey#236L) AND isnotnull(c_nationkey#239L))", "metadata":{}, "metrics":[{"metricName":"number of output rows","value":150000,"accId":6856}], "children":[{ "nodeName":"ColumnarToRow", "description":"ColumnarToRow", "metadata":{}, "metrics":[{"metricName":"number of output rows","value":150000,"accId":6857},{"metricName":"number of input batches","value":60,"accId":6858}], "children":[{ "nodeName":"InputAdapter", "description":"InputAdapter", "metadata":{}, "metrics":[], "children":[{ "nodeName":"Scan parquet spark_catalog.tpch.customer", "description":"FileScan parquet spark_catalog.tpch.customer[c_custkey#236L,c_nationkey#239L] Batched: true, Bucketed: true, DataFilters: [isnotnull(c_custkey#236L), isnotnull(c_nationkey#239L)], Format: Parquet, Location: InMemoryFileIndex(1 paths)[file:/data/spark-warehouse/tpch.db/customer], PartitionFilters: [], PushedFilters: [IsNotNull(c_custkey), IsNotNull(c_nationkey)], ReadSchema: struct<c_custkey:bigint,c_nationkey:bigint>, SelectedBucketsCount: 60 out of 60", "metadata":{"Location":"InMemoryFileIndex(1 paths)[file:/data/spark-warehouse/tpch.db/customer]","ReadSchema":"struct<c_custkey:bigint,c_nationkey:bigint>","Format":"Parquet","SelectedBucketsCount":"60 out of 60","Batched":"true","PartitionFilters":"[]","PushedFilters":"[IsNotNull(c_custkey), IsNotNull(c_nationkey)]","DataFilters":"[isnotnull(c_custkey#236L), isnotnull(c_nationkey#239L)]","Bucketed":"true"}, "metrics":[{"metricName":"number of files read","value":60,"accId":6861},{"metricName":"scan time","value":161,"accId":6860},{"metricName":"metadata time","value":0,"accId":6862},{"metricName":"size of files read","value":24717733,"accId":6863},{"metricName":"number of output rows","value":150000,"accId":6859}], "children":[] }] }] }] }] }] }] },{ "nodeName":"Project", "description":"Project [o_orderkey#244L, o_custkey#245L]", "metadata":{}, "metrics":[], "children":[{ "nodeName":"Filter", "description":"Filter ((((isnotnull(o_orderdate#248) AND (o_orderdate#248 >= 1994-01-01)) AND (o_orderdate#248 < 1995-01-01)) AND isnotnull(o_custkey#245L)) AND isnotnull(o_orderkey#244L))", "metadata":{}, "metrics":[{"metricName":"number of output rows","value":227597,"accId":6864}], "children":[{ "nodeName":"ColumnarToRow", "description":"ColumnarToRow", "metadata":{}, "metrics":[{"metricName":"number of output rows","value":1500000,"accId":6865},{"metricName":"number of input batches","value":420,"accId":6866}], "children":[{ "nodeName":"InputAdapter", "description":"InputAdapter", "metadata":{}, "metrics":[], "children":[{ "nodeName":"Scan parquet spark_catalog.tpch.orders", "description":"FileScan parquet spark_catalog.tpch.orders[o_orderkey#244L,o_custkey#245L,o_orderdate#248] Batched: true, Bucketed: true, DataFilters: [isnotnull(o_orderdate#248), (o_orderdate#248 >= 1994-01-01), (o_orderdate#248 < 1995-01-01), isn..., Format: Parquet, Location: InMemoryFileIndex(1 paths)[file:/data/spark-warehouse/tpch.db/orders], PartitionFilters: [], PushedFilters: [IsNotNull(o_orderdate), GreaterThanOrEqual(o_orderdate,1994-01-01), LessThan(o_orderdate,1995-01..., ReadSchema: struct<o_orderkey:bigint,o_custkey:bigint,o_orderdate:date>, SelectedBucketsCount: 60 out of 60", "metadata":{"Location":"InMemoryFileIndex(1 paths)[file:/data/spark-warehouse/tpch.db/orders]","ReadSchema":"struct<o_orderkey:bigint,o_custkey:bigint,o_orderdate:date>","Format":"Parquet","SelectedBucketsCount":"60 out of 60","Batched":"true","PartitionFilters":"[]","PushedFilters":"[IsNotNull(o_orderdate), GreaterThanOrEqual(o_orderdate,1994-01-01), LessThan(o_orderdate,1995-01-01), IsNotNull(o_custkey), IsNotNull(o_orderkey)]","DataFilters":"[isnotnull(o_orderdate#248), (o_orderdate#248 >= 1994-01-01), (o_orderdate#248 < 1995-01-01), isnotnull(o_custkey#245L), isnotnull(o_orderkey#244L)]","Bucketed":"true"}, "metrics":[{"metricName":"number of files read","value":60,"accId":6869},{"metricName":"scan time","value":96,"accId":6868},{"metricName":"metadata time","value":0,"accId":6870},{"metricName":"size of files read","value":121789992,"accId":6871},{"metricName":"number of output rows","value":1500000,"accId":6867}], "children":[] }] }] }] }] }] }] }] }] }] },{ "nodeName":"InputAdapter", "description":"InputAdapter", "metadata":{}, "metrics":[], "children":[{ "nodeName":"WholeStageCodegen (3)", "description":"WholeStageCodegen (3)", "metadata":{}, "metrics":[{"metricName":"duration","value":270,"accId":6872}], "children":[{ "nodeName":"Sort", "description":"Sort [l_orderkey#9L ASC NULLS FIRST], false, 0", "metadata":{}, "metrics":[{"metricName":"sort time","value":96,"accId":6873},{"metricName":"peak memory","value":4278189120,"accId":6874},{"metricName":"spill size","value":0,"accId":6875}], "children":[{ "nodeName":"Filter", "description":"Filter (isnotnull(l_orderkey#9L) AND isnotnull(l_suppkey#11L))", "metadata":{}, "metrics":[{"metricName":"number of output rows","value":6001215,"accId":6876}], "children":[{ "nodeName":"ColumnarToRow", "description":"ColumnarToRow", "metadata":{}, "metrics":[{"metricName":"number of output rows","value":6001215,"accId":6877},{"metricName":"number of input batches","value":1500,"accId":6878}], "children":[{ "nodeName":"InputAdapter", "description":"InputAdapter", "metadata":{}, "metrics":[], "children":[{ "nodeName":"Scan parquet spark_catalog.tpch.lineitem", "description":"FileScan parquet spark_catalog.tpch.lineitem[l_orderkey#9L,l_suppkey#11L,l_extendedprice#14,l_discount#15] Batched: true, Bucketed: true, DataFilters: [isnotnull(l_orderkey#9L), isnotnull(l_suppkey#11L)], Format: Parquet, Location: InMemoryFileIndex(1 paths)[file:/data/spark-warehouse/tpch.db/lineitem], PartitionFilters: [], PushedFilters: [IsNotNull(l_orderkey), IsNotNull(l_suppkey)], ReadSchema: struct<l_orderkey:bigint,l_suppkey:bigint,l_extendedprice:decimal(15,2),l_discount:decimal(15,2)>, SelectedBucketsCount: 60 out of 60", "metadata":{"Location":"InMemoryFileIndex(1 paths)[file:/data/spark-warehouse/tpch.db/lineitem]","ReadSchema":"struct<l_orderkey:bigint,l_suppkey:bigint,l_extendedprice:decimal(15,2),l_discount:decimal(15,2)>","Format":"Parquet","SelectedBucketsCount":"60 out of 60","Batched":"true","PartitionFilters":"[]","PushedFilters":"[IsNotNull(l_orderkey), IsNotNull(l_suppkey)]","DataFilters":"[isnotnull(l_orderkey#9L), isnotnull(l_suppkey#11L)]","Bucketed":"true"}, "metrics":[{"metricName":"number of files read","value":60,"accId":6881},{"metricName":"scan time","value":145,"accId":6880},{"metricName":"metadata time","value":0,"accId":6882},{"metricName":"size of files read","value":365478469,"accId":6883},{"metricName":"number of output rows","value":6001215,"accId":6879}], "children":[] }] }] }] }] }] }] }] }] },{ "nodeName":"InputAdapter", "description":"InputAdapter", "metadata":{}, "metrics":[], "children":[{ "nodeName":"BroadcastExchange", "description":"BroadcastExchange HashedRelationBroadcastMode(List(input[0, bigint, false], input[1, bigint, false]),false), [plan_id=4839]", "metadata":{}, "metrics":[{"metricName":"time to broadcast","value":6,"accId":6888},{"metricName":"time to build","value":25,"accId":6887},{"metricName":"time to collect","value":98,"accId":6886},{"metricName":"number of output rows","value":10000,"accId":6885},{"metricName":"data size","value":34078704,"accId":6884}], "children":[{ "nodeName":"WholeStageCodegen (4)", "description":"WholeStageCodegen (4)", "metadata":{}, "metrics":[{"metricName":"duration","value":78,"accId":6889}], "children":[{ "nodeName":"Filter", "description":"Filter (isnotnull(s_suppkey#398L) AND isnotnull(s_nationkey#401L))", "metadata":{}, "metrics":[{"metricName":"number of output rows","value":10000,"accId":6890}], "children":[{ "nodeName":"ColumnarToRow", "description":"ColumnarToRow", "metadata":{}, "metrics":[{"metricName":"number of output rows","value":10000,"accId":6891},{"metricName":"number of input batches","value":60,"accId":6892}], "children":[{ "nodeName":"InputAdapter", "description":"InputAdapter", "metadata":{}, "metrics":[], "children":[{ "nodeName":"Scan parquet spark_catalog.tpch.supplier", "description":"FileScan parquet spark_catalog.tpch.supplier[s_suppkey#398L,s_nationkey#401L] Batched: true, Bucketed: true, DataFilters: [isnotnull(s_suppkey#398L), isnotnull(s_nationkey#401L)], Format: Parquet, Location: InMemoryFileIndex(1 paths)[file:/data/spark-warehouse/tpch.db/supplier], PartitionFilters: [], PushedFilters: [IsNotNull(s_suppkey), IsNotNull(s_nationkey)], ReadSchema: struct<s_suppkey:bigint,s_nationkey:bigint>, SelectedBucketsCount: 60 out of 60", "metadata":{"Location":"InMemoryFileIndex(1 paths)[file:/data/spark-warehouse/tpch.db/supplier]","ReadSchema":"struct<s_suppkey:bigint,s_nationkey:bigint>","Format":"Parquet","SelectedBucketsCount":"60 out of 60","Batched":"true","PartitionFilters":"[]","PushedFilters":"[IsNotNull(s_suppkey), IsNotNull(s_nationkey)]","DataFilters":"[isnotnull(s_suppkey#398L), isnotnull(s_nationkey#401L)]","Bucketed":"true"}, "metrics":[{"metricName":"number of files read","value":60,"accId":6895},{"metricName":"scan time","value":75,"accId":6894},{"metricName":"metadata time","value":0,"accId":6896},{"metricName":"size of files read","value":1689031,"accId":6897},{"metricName":"number of output rows","value":10000,"accId":6893}], "children":[] }] }] }] }] }] }] }] }] },{ "nodeName":"InputAdapter", "description":"InputAdapter", "metadata":{}, "metrics":[], "children":[{ "nodeName":"BroadcastExchange", "description":"BroadcastExchange HashedRelationBroadcastMode(List(input[0, bigint, false]),false), [plan_id=4847]", "metadata":{}, "metrics":[{"metricName":"time to broadcast","value":0,"accId":6902},{"metricName":"time to build","value":0,"accId":6901},{"metricName":"time to collect","value":274,"accId":6900},{"metricName":"number of output rows","value":25,"accId":6899},{"metricName":"data size","value":1048776,"accId":6898}], "children":[{ "nodeName":"WholeStageCodegen (5)", "description":"WholeStageCodegen (5)", "metadata":{}, "metrics":[{"metricName":"duration","value":5,"accId":6903}], "children":[{ "nodeName":"Filter", "description":"Filter (isnotnull(n_nationkey#253L) AND isnotnull(n_regionkey#255L))", "metadata":{}, "metrics":[{"metricName":"number of output rows","value":25,"accId":6904}], "children":[{ "nodeName":"ColumnarToRow", "description":"ColumnarToRow", "metadata":{}, "metrics":[{"metricName":"number of output rows","value":25,"accId":6905},{"metricName":"number of input batches","value":1,"accId":6906}], "children":[{ "nodeName":"InputAdapter", "description":"InputAdapter", "metadata":{}, "metrics":[], "children":[{ "nodeName":"Scan parquet spark_catalog.tpch.nation", "description":"FileScan parquet spark_catalog.tpch.nation[n_nationkey#253L,n_name#254,n_regionkey#255L] Batched: true, DataFilters: [isnotnull(n_nationkey#253L), isnotnull(n_regionkey#255L)], Format: Parquet, Location: InMemoryFileIndex(1 paths)[file:/data/spark-warehouse/tpch.db/nation], PartitionFilters: [], PushedFilters: [IsNotNull(n_nationkey), IsNotNull(n_regionkey)], ReadSchema: struct<n_nationkey:bigint,n_name:string,n_regionkey:bigint>", "metadata":{"Location":"InMemoryFileIndex(1 paths)[file:/data/spark-warehouse/tpch.db/nation]","ReadSchema":"struct<n_nationkey:bigint,n_name:string,n_regionkey:bigint>","Format":"Parquet","Batched":"true","PartitionFilters":"[]","PushedFilters":"[IsNotNull(n_nationkey), IsNotNull(n_regionkey)]","DataFilters":"[isnotnull(n_nationkey#253L), isnotnull(n_regionkey#255L)]"}, "metrics":[{"metricName":"number of files read","value":1,"accId":6909},{"metricName":"scan time","value":5,"accId":6908},{"metricName":"metadata time","value":0,"accId":6910},{"metricName":"size of files read","value":4008,"accId":6911},{"metricName":"number of output rows","value":25,"accId":6907}], "children":[] }] }] }] }] }] }] }] }] },{ "nodeName":"InputAdapter", "description":"InputAdapter", "metadata":{}, "metrics":[], "children":[{ "nodeName":"BroadcastExchange", "description":"BroadcastExchange HashedRelationBroadcastMode(List(input[0, bigint, true]),false), [plan_id=4856]", "metadata":{}, "metrics":[{"metricName":"time to broadcast","value":0,"accId":6916},{"metricName":"time to build","value":1,"accId":6915},{"metricName":"time to collect","value":273,"accId":6914},{"metricName":"number of output rows","value":1,"accId":6913},{"metricName":"data size","value":1048584,"accId":6912}], "children":[{ "nodeName":"WholeStageCodegen (6)", "description":"WholeStageCodegen (6)", "metadata":{}, "metrics":[{"metricName":"duration","value":23,"accId":6917}], "children":[{ "nodeName":"Project", "description":"Project [r_regionkey#936L]", "metadata":{}, "metrics":[], "children":[{ "nodeName":"Filter", "description":"Filter ((isnotnull(r_name#937) AND (r_name#937 = ASIA)) AND isnotnull(r_regionkey#936L))", "metadata":{}, "metrics":[{"metricName":"number of output rows","value":1,"accId":6918}], "children":[{ "nodeName":"ColumnarToRow", "description":"ColumnarToRow", "metadata":{}, "metrics":[{"metricName":"number of output rows","value":5,"accId":6919},{"metricName":"number of input batches","value":1,"accId":6920}], "children":[{ "nodeName":"InputAdapter", "description":"InputAdapter", "metadata":{}, "metrics":[], "children":[{ "nodeName":"Scan parquet spark_catalog.tpch.region", "description":"FileScan parquet spark_catalog.tpch.region[r_regionkey#936L,r_name#937] Batched: true, DataFilters: [isnotnull(r_name#937), (r_name#937 = ASIA), isnotnull(r_regionkey#936L)], Format: Parquet, Location: InMemoryFileIndex(1 paths)[file:/data/spark-warehouse/tpch.db/region], PartitionFilters: [], PushedFilters: [IsNotNull(r_name), EqualTo(r_name,ASIA), IsNotNull(r_regionkey)], ReadSchema: struct<r_regionkey:bigint,r_name:string>", "metadata":{"Location":"InMemoryFileIndex(1 paths)[file:/data/spark-warehouse/tpch.db/region]","ReadSchema":"struct<r_regionkey:bigint,r_name:string>","Format":"Parquet","Batched":"true","PartitionFilters":"[]","PushedFilters":"[IsNotNull(r_name), EqualTo(r_name,ASIA), IsNotNull(r_regionkey)]","DataFilters":"[isnotnull(r_name#937), (r_name#937 = ASIA), isnotnull(r_regionkey#936L)]"}, "metrics":[{"metricName":"number of files read","value":1,"accId":6923},{"metricName":"scan time","value":23,"accId":6922},{"metricName":"metadata time","value":0,"accId":6924},{"metricName":"size of files read","value":1634,"accId":6925},{"metricName":"number of output rows","value":5,"accId":6921}], "children":[] }] }] }] }] }] }] }] }] }] }] }] }] }] }] }] }] }] }] }] }}]