[{"totalTime":228,"stagePlan":{"stages":[{"id":138,"isQueryResult":false,"tasks":[{"id":2,"duration":20,"executor":1},{"id":37,"duration":8,"executor":1},{"id":50,"duration":10,"executor":2},{"id":19,"duration":9,"executor":1},{"id":7,"duration":9,"executor":1},{"id":31,"duration":9,"executor":1},{"id":18,"duration":8,"executor":2},{"id":3,"duration":9,"executor":0},{"id":23,"duration":8,"executor":0},{"id":26,"duration":9,"executor":0},{"id":40,"duration":9,"executor":1},{"id":0,"duration":23,"executor":2},{"id":22,"duration":8,"executor":1},{"id":24,"duration":7,"executor":2},{"id":28,"duration":10,"executor":1},{"id":41,"duration":9,"executor":0},{"id":54,"duration":9,"executor":0},{"id":47,"duration":7,"executor":2},{"id":48,"duration":9,"executor":0},{"id":53,"duration":8,"executor":2},{"id":10,"duration":8,"executor":1},{"id":56,"duration":7,"executor":2},{"id":4,"duration":10,"executor":1},{"id":44,"duration":9,"executor":0},{"id":5,"duration":11,"executor":2},{"id":39,"duration":7,"executor":2},{"id":49,"duration":9,"executor":1},{"id":29,"duration":9,"executor":0},{"id":17,"duration":8,"executor":0},{"id":46,"duration":9,"executor":1},{"id":13,"duration":8,"executor":1},{"id":9,"duration":11,"executor":2},{"id":16,"duration":7,"executor":2},{"id":57,"duration":9,"executor":0},{"id":8,"duration":9,"executor":0},{"id":42,"duration":7,"executor":2},{"id":33,"duration":8,"executor":0},{"id":6,"duration":8,"executor":0},{"id":45,"duration":8,"executor":2},{"id":43,"duration":9,"executor":1},{"id":52,"duration":8,"executor":1},{"id":59,"duration":8,"executor":0},{"id":21,"duration":8,"executor":2},{"id":11,"duration":8,"executor":0},{"id":25,"duration":8,"executor":1},{"id":34,"duration":9,"executor":1},{"id":27,"duration":8,"executor":2},{"id":1,"duration":17,"executor":0},{"id":30,"duration":8,"executor":2},{"id":51,"duration":9,"executor":0},{"id":20,"duration":8,"executor":0},{"id":35,"duration":9,"executor":0},{"id":14,"duration":8,"executor":0},{"id":36,"duration":9,"executor":2},{"id":38,"duration":8,"executor":0},{"id":55,"duration":15,"executor":1},{"id":32,"duration":13,"executor":2},{"id":58,"duration":7,"executor":2},{"id":15,"duration":8,"executor":1},{"id":12,"duration":10,"executor":2}],"rdds":[583,584,585,586],"parents":[],"accIds":[7327,7346,7347,7348,7349,7350,7353,7356,7357,7358,7359,7360,7364,7365,7366,7367,7368,7369,7370,7392,7393,7394,7395,7396]},{"id":139,"isQueryResult":true,"tasks":[{"id":0,"duration":14,"executor":0}],"rdds":[587,588,589],"parents":[138],"accIds":[7320,7321,7324,7329,7330,7331,7333,7334,7335,7344,7399,7400,7401,7402,7403,7410,7411,7412,7413,7414,7415,7416,7417,7418,7419,7420,7421,7422,7423,7424,7425,7426]}]},"sqlPlan":{ "nodeName":"WholeStageCodegen (2)", "description":"WholeStageCodegen (2)", "metadata":{}, "metrics":[{"metricName":"duration","value":1,"accId":7320}], "children":[{ "nodeName":"HashAggregate", "description":"HashAggregate(keys=[], functions=[sum((l_extendedprice#14 * l_discount#15))])", "metadata":{}, "metrics":[{"metricName":"spill size","value":0,"accId":7323},{"metricName":"time in aggregation build","value":1,"accId":7324},{"metricName":"peak memory","value":0,"accId":7322},{"metricName":"number of output rows","value":1,"accId":7321},{"metricName":"number of sort fallback tasks","value":0,"accId":7326},{"metricName":"avg hash probes per key","value":0,"accId":7325}], "children":[{ "nodeName":"InputAdapter", "description":"InputAdapter", "metadata":{}, "metrics":[], "children":[{ "nodeName":"Exchange", "description":"Exchange SinglePartition, ENSURE_REQUIREMENTS, [plan_id=5026]", "metadata":{}, "metrics":[{"metricName":"shuffle records written","value":60,"accId":7347},{"metricName":"local merged chunks fetched","value":0,"accId":7341},{"metricName":"shuffle write time","value":13859386,"accId":7348},{"metricName":"remote merged bytes read","value":0,"accId":7342},{"metricName":"local merged blocks fetched","value":0,"accId":7339},{"metricName":"corrupt merged block chunks","value":0,"accId":7336},{"metricName":"remote merged reqs duration","value":0,"accId":7345},{"metricName":"remote merged blocks fetched","value":0,"accId":7338},{"metricName":"records read","value":60,"accId":7335},{"metricName":"local bytes read","value":1659,"accId":7333},{"metricName":"fetch wait time","value":0,"accId":7334},{"metricName":"remote bytes read","value":3081,"accId":7331},{"metricName":"merged fetch fallback count","value":0,"accId":7337},{"metricName":"local blocks read","value":21,"accId":7330},{"metricName":"remote merged chunks fetched","value":0,"accId":7340},{"metricName":"remote blocks read","value":39,"accId":7329},{"metricName":"data size","value":2400,"accId":7327},{"metricName":"local merged bytes read","value":0,"accId":7343},{"metricName":"number of partitions","value":1,"accId":7328},{"metricName":"remote reqs duration","value":5,"accId":7344},{"metricName":"remote bytes read to disk","value":0,"accId":7332},{"metricName":"shuffle bytes written","value":4740,"accId":7346}], "children":[{ "nodeName":"WholeStageCodegen (1)", "description":"WholeStageCodegen (1)", "metadata":{}, "metrics":[{"metricName":"duration","value":326,"accId":7349}], "children":[{ "nodeName":"HashAggregate", "description":"HashAggregate(keys=[], functions=[partial_sum((l_extendedprice#14 * l_discount#15))])", "metadata":{}, "metrics":[{"metricName":"spill size","value":0,"accId":7352},{"metricName":"time in aggregation build","value":320,"accId":7353},{"metricName":"peak memory","value":0,"accId":7351},{"metricName":"number of output rows","value":60,"accId":7350},{"metricName":"number of sort fallback tasks","value":0,"accId":7355},{"metricName":"avg hash probes per key","value":0,"accId":7354}], "children":[{ "nodeName":"Project", "description":"Project [l_extendedprice#14, l_discount#15]", "metadata":{}, "metrics":[], "children":[{ "nodeName":"Filter", "description":"Filter (((((((isnotnull(l_shipdate#19) AND isnotnull(l_discount#15)) AND isnotnull(l_quantity#13)) AND (l_shipdate#19 >= 1994-01-01)) AND (l_shipdate#19 < 1995-01-01)) AND (l_discount#15 >= 0.05)) AND (l_discount#15 <= 0.07)) AND (l_quantity#13 < 24.00))", "metadata":{}, "metrics":[{"metricName":"number of output rows","value":114160,"accId":7356}], "children":[{ "nodeName":"ColumnarToRow", "description":"ColumnarToRow", "metadata":{}, "metrics":[{"metricName":"number of output rows","value":6001210,"accId":7357},{"metricName":"number of input batches","value":1500,"accId":7358}], "children":[{ "nodeName":"InputAdapter", "description":"InputAdapter", "metadata":{}, "metrics":[], "children":[{ "nodeName":"Scan parquet spark_catalog.tpch.lineitem", "description":"FileScan parquet spark_catalog.tpch.lineitem[l_quantity#13,l_extendedprice#14,l_discount#15,l_shipdate#19] Batched: true, Bucketed: false (bucket column(s) not read), DataFilters: [isnotnull(l_shipdate#19), isnotnull(l_discount#15), isnotnull(l_quantity#13), (l_shipdate#19 >= ..., Format: Parquet, Location: InMemoryFileIndex(1 paths)[file:/data/spark-warehouse/tpch.db/lineitem], PartitionFilters: [], PushedFilters: [IsNotNull(l_shipdate), IsNotNull(l_discount), IsNotNull(l_quantity), GreaterThanOrEqual(l_shipda..., ReadSchema: struct<l_quantity:decimal(15,2),l_extendedprice:decimal(15,2),l_discount:decimal(15,2),l_shipdate...", "metadata":{"Location":"InMemoryFileIndex(1 paths)[file:/data/spark-warehouse/tpch.db/lineitem]","ReadSchema":"struct<l_quantity:decimal(15,2),l_extendedprice:decimal(15,2),l_discount:decimal(15,2),l_shipdate:date>","Format":"Parquet","Batched":"true","PartitionFilters":"[]","PushedFilters":"[IsNotNull(l_shipdate), IsNotNull(l_discount), IsNotNull(l_quantity), GreaterThanOrEqual(l_shipdate,1994-01-01), LessThan(l_shipdate,1995-01-01), GreaterThanOrEqual(l_discount,0.05), LessThanOrEqual(l_discount,0.07), LessThan(l_quantity,24.00)]","DataFilters":"[isnotnull(l_shipdate#19), isnotnull(l_discount#15), isnotnull(l_quantity#13), (l_shipdate#19 >= 1994-01-01), (l_shipdate#19 < 1995-01-01), (l_discount#15 >= 0.05), (l_discount#15 <= 0.07), (l_quantity#13 < 24.00)]","Bucketed":"false (bucket column(s) not read)"}, "metrics":[{"metricName":"number of files read","value":60,"accId":7361},{"metricName":"scan time","value":140,"accId":7360},{"metricName":"metadata time","value":0,"accId":7362},{"metricName":"size of files read","value":365478469,"accId":7363},{"metricName":"number of output rows","value":6001210,"accId":7359}], "children":[] }] }] }] }] }] }] }] }] }] }] }}]