[{"totalTime":1199,"stagePlan":{"stages":[{"id":148,"isQueryResult":false,"tasks":[{"id":44,"duration":3,"executor":0},{"id":38,"duration":4,"executor":0},{"id":30,"duration":3,"executor":1},{"id":23,"duration":4,"executor":0},{"id":46,"duration":4,"executor":0},{"id":15,"duration":3,"executor":1},{"id":56,"duration":3,"executor":1},{"id":50,"duration":4,"executor":1},{"id":37,"duration":3,"executor":2},{"id":59,"duration":5,"executor":1},{"id":3,"duration":3,"executor":0},{"id":2,"duration":14,"executor":2},{"id":25,"duration":4,"executor":2},{"id":28,"duration":3,"executor":2},{"id":45,"duration":4,"executor":2},{"id":6,"duration":4,"executor":1},{"id":35,"duration":4,"executor":2},{"id":48,"duration":3,"executor":2},{"id":21,"duration":3,"executor":1},{"id":54,"duration":3,"executor":2},{"id":51,"duration":4,"executor":2},{"id":27,"duration":4,"executor":1},{"id":20,"duration":4,"executor":0},{"id":5,"duration":4,"executor":2},{"id":22,"duration":4,"executor":2},{"id":16,"duration":4,"executor":0},{"id":24,"duration":4,"executor":1},{"id":29,"duration":3,"executor":0},{"id":31,"duration":3,"executor":0},{"id":26,"duration":3,"executor":0},{"id":11,"duration":4,"executor":2},{"id":1,"duration":14,"executor":1},{"id":40,"duration":5,"executor":1},{"id":8,"duration":4,"executor":2},{"id":33,"duration":5,"executor":1},{"id":57,"duration":4,"executor":2},{"id":32,"duration":3,"executor":2},{"id":7,"duration":4,"executor":0},{"id":39,"duration":4,"executor":2},{"id":17,"duration":3,"executor":2},{"id":47,"duration":3,"executor":1},{"id":13,"duration":4,"executor":0},{"id":52,"duration":3,"executor":0},{"id":34,"duration":6,"executor":0},{"id":53,"duration":4,"executor":1},{"id":18,"duration":4,"executor":1},{"id":10,"duration":4,"executor":0},{"id":14,"duration":4,"executor":2},{"id":58,"duration":3,"executor":0},{"id":36,"duration":5,"executor":1},{"id":9,"duration":4,"executor":1},{"id":43,"duration":5,"executor":1},{"id":42,"duration":3,"executor":2},{"id":4,"duration":4,"executor":0},{"id":41,"duration":3,"executor":0},{"id":49,"duration":3,"executor":0},{"id":55,"duration":4,"executor":0},{"id":0,"duration":10,"executor":0},{"id":12,"duration":4,"executor":1},{"id":19,"duration":3,"executor":2}],"rdds":[620,621,622,623],"parents":[],"accIds":[7924,7925,7926,7927,7928,7929,7947,7948,7949,7950,7951,7978,7979]},{"id":149,"isQueryResult":false,"tasks":[{"id":0,"duration":30,"executor":2}],"rdds":[624,625,628,629],"parents":[],"accIds":[7938,7939,7940,7941,7942,7943,7982,7983,7984,7985,7986,8013,8014]},{"id":150,"isQueryResult":false,"tasks":[{"id":33,"duration":3,"executor":0},{"id":46,"duration":6,"executor":1},{"id":23,"duration":4,"executor":1},{"id":55,"duration":3,"executor":1},{"id":3,"duration":4,"executor":0},{"id":26,"duration":5,"executor":1},{"id":6,"duration":13,"executor":2},{"id":39,"duration":3,"executor":0},{"id":54,"duration":3,"executor":0},{"id":48,"duration":5,"executor":1},{"id":13,"duration":4,"executor":0},{"id":7,"duration":4,"executor":0},{"id":31,"duration":5,"executor":1},{"id":5,"duration":5,"executor":0},{"id":12,"duration":6,"executor":1},{"id":14,"duration":4,"executor":2},{"id":29,"duration":4,"executor":2},{"id":30,"duration":3,"executor":0},{"id":59,"duration":3,"executor":1},{"id":53,"duration":4,"executor":1},{"id":34,"duration":57,"executor":1},{"id":42,"duration":3,"executor":0},{"id":35,"duration":3,"executor":0},{"id":57,"duration":5,"executor":1},{"id":58,"duration":3,"executor":0},{"id":9,"duration":6,"executor":1},{"id":21,"duration":4,"executor":0},{"id":49,"duration":4,"executor":0},{"id":47,"duration":4,"executor":0},{"id":27,"duration":3,"executor":2},{"id":45,"duration":33,"executor":2},{"id":10,"duration":4,"executor":0},{"id":0,"duration":20,"executor":0},{"id":2,"duration":5,"executor":0},{"id":17,"duration":3,"executor":2},{"id":16,"duration":5,"executor":1},{"id":25,"duration":3,"executor":2},{"id":44,"duration":39,"executor":2},{"id":20,"duration":5,"executor":1},{"id":41,"duration":3,"executor":0},{"id":22,"duration":4,"executor":2},{"id":18,"duration":4,"executor":0},{"id":24,"duration":4,"executor":0},{"id":15,"duration":4,"executor":0},{"id":52,"duration":3,"executor":0},{"id":11,"duration":4,"executor":2},{"id":43,"duration":44,"executor":0},{"id":4,"duration":12,"executor":1},{"id":32,"duration":3,"executor":2},{"id":1,"duration":22,"executor":1},{"id":37,"duration":3,"executor":0},{"id":51,"duration":3,"executor":1},{"id":19,"duration":4,"executor":2},{"id":8,"duration":4,"executor":0},{"id":28,"duration":3,"executor":0},{"id":56,"duration":4,"executor":0},{"id":50,"duration":4,"executor":0},{"id":40,"duration":10,"executor":2},{"id":36,"duration":4,"executor":2},{"id":38,"duration":3,"executor":2}],"rdds":[626,627,630,631],"parents":[],"accIds":[7890,7891,7892,7893,7894,7895,8017,8018,8019,8020,8021,8022,8023,8048,8049]},{"id":151,"isQueryResult":false,"tasks":[{"id":21,"duration":26,"executor":2},{"id":33,"duration":23,"executor":0},{"id":40,"duration":23,"executor":1},{"id":34,"duration":24,"executor":1},{"id":3,"duration":27,"executor":0},{"id":1,"duration":90,"executor":2},{"id":14,"duration":24,"executor":0},{"id":39,"duration":23,"executor":0},{"id":28,"duration":23,"executor":0},{"id":53,"duration":24,"executor":0},{"id":2,"duration":52,"executor":0},{"id":52,"duration":24,"executor":2},{"id":44,"duration":23,"executor":0},{"id":47,"duration":23,"executor":0},{"id":25,"duration":29,"executor":2},{"id":29,"duration":29,"executor":2},{"id":27,"duration":24,"executor":1},{"id":5,"duration":31,"executor":2},{"id":22,"duration":24,"executor":1},{"id":36,"duration":23,"executor":0},{"id":45,"duration":25,"executor":1},{"id":20,"duration":23,"executor":0},{"id":55,"duration":26,"executor":2},{"id":58,"duration":28,"executor":2},{"id":43,"duration":24,"executor":1},{"id":6,"duration":28,"executor":1},{"id":24,"duration":24,"executor":1},{"id":0,"duration":96,"executor":1},{"id":19,"duration":26,"executor":2},{"id":57,"duration":24,"executor":1},{"id":59,"duration":23,"executor":0},{"id":38,"duration":28,"executor":2},{"id":46,"duration":26,"executor":2},{"id":18,"duration":28,"executor":1},{"id":41,"duration":27,"executor":2},{"id":42,"duration":24,"executor":0},{"id":56,"duration":23,"executor":0},{"id":37,"duration":24,"executor":1},{"id":7,"duration":23,"executor":0},{"id":9,"duration":28,"executor":1},{"id":26,"duration":23,"executor":0},{"id":32,"duration":26,"executor":2},{"id":17,"duration":23,"executor":0},{"id":15,"duration":29,"executor":1},{"id":30,"duration":25,"executor":1},{"id":4,"duration":23,"executor":0},{"id":11,"duration":24,"executor":0},{"id":49,"duration":26,"executor":2},{"id":12,"duration":31,"executor":2},{"id":23,"duration":26,"executor":0},{"id":8,"duration":30,"executor":2},{"id":31,"duration":23,"executor":0},{"id":13,"duration":28,"executor":1},{"id":10,"duration":23,"executor":0},{"id":50,"duration":23,"executor":0},{"id":48,"duration":23,"executor":1},{"id":54,"duration":24,"executor":1},{"id":16,"duration":30,"executor":2},{"id":35,"duration":27,"executor":2},{"id":51,"duration":24,"executor":1}],"rdds":[632,633,634,635,636,637,638,639,640],"parents":[],"accIds":[7846,7865,7866,7867,7868,7869,7870,7872,7873,7875,7876,7877,7878,7879,7880,7881,7882,7883,7884,7899,7900,7901,7902,7903,7907,7908,7909,7910,7911,7912,7913,7914,7915,8052,8053,8054,8055,8056,8057,8061,8080,8081,8082,8083,8084]},{"id":152,"isQueryResult":false,"tasks":[{"id":58,"duration":4,"executor":2},{"id":8,"duration":4,"executor":1},{"id":42,"duration":4,"executor":2},{"id":10,"duration":4,"executor":2},{"id":7,"duration":4,"executor":2},{"id":0,"duration":4,"executor":2},{"id":5,"duration":4,"executor":1},{"id":52,"duration":4,"executor":2},{"id":21,"duration":5,"executor":1},{"id":36,"duration":4,"executor":0},{"id":47,"duration":4,"executor":0},{"id":51,"duration":5,"executor":0},{"id":9,"duration":3,"executor":0},{"id":46,"duration":4,"executor":2},{"id":26,"duration":5,"executor":2},{"id":39,"duration":4,"executor":2},{"id":59,"duration":4,"executor":1},{"id":11,"duration":3,"executor":1},{"id":23,"duration":4,"executor":2},{"id":48,"duration":4,"executor":1},{"id":53,"duration":5,"executor":1},{"id":28,"duration":3,"executor":0},{"id":20,"duration":4,"executor":0},{"id":45,"duration":13,"executor":2},{"id":49,"duration":4,"executor":2},{"id":22,"duration":4,"executor":0},{"id":24,"duration":4,"executor":1},{"id":44,"duration":5,"executor":0},{"id":18,"duration":4,"executor":0},{"id":57,"duration":4,"executor":0},{"id":43,"duration":5,"executor":1},{"id":40,"duration":5,"executor":1},{"id":14,"duration":6,"executor":2},{"id":29,"duration":5,"executor":2},{"id":32,"duration":4,"executor":2},{"id":41,"duration":5,"executor":0},{"id":54,"duration":4,"executor":0},{"id":30,"duration":5,"executor":1},{"id":34,"duration":4,"executor":1},{"id":56,"duration":5,"executor":1},{"id":55,"duration":4,"executor":2},{"id":33,"duration":4,"executor":0},{"id":16,"duration":15,"executor":1},{"id":4,"duration":5,"executor":2},{"id":31,"duration":4,"executor":0},{"id":2,"duration":4,"executor":1},{"id":38,"duration":4,"executor":0},{"id":27,"duration":4,"executor":1},{"id":12,"duration":3,"executor":0},{"id":15,"duration":3,"executor":0},{"id":6,"duration":4,"executor":0},{"id":19,"duration":6,"executor":2},{"id":25,"duration":3,"executor":0},{"id":35,"duration":4,"executor":2},{"id":37,"duration":5,"executor":1},{"id":13,"duration":4,"executor":1},{"id":1,"duration":11,"executor":0},{"id":50,"duration":6,"executor":0},{"id":17,"duration":4,"executor":1},{"id":3,"duration":4,"executor":0}],"rdds":[641,642,643,644,645],"parents":[151],"accIds":[7839,7840,7841,7843,7844,7848,7849,7850,7852,7853,7854,7863,8087,8088,8089,8090,8091,8092,8096,8098,8099,8100,8101,8102,8103,8104,8105,8106,8107,8108,8109,8110,8111,8112,8113,8114]},{"id":154,"isQueryResult":false,"tasks":[{"id":20,"duration":4,"executor":0},{"id":12,"duration":5,"executor":2},{"id":19,"duration":5,"executor":2},{"id":47,"duration":5,"executor":0},{"id":32,"duration":4,"executor":0},{"id":59,"duration":4,"executor":0},{"id":56,"duration":4,"executor":2},{"id":50,"duration":7,"executor":0},{"id":9,"duration":5,"executor":2},{"id":38,"duration":4,"executor":0},{"id":14,"duration":5,"executor":1},{"id":53,"duration":5,"executor":2},{"id":34,"duration":6,"executor":2},{"id":42,"duration":4,"executor":2},{"id":25,"duration":5,"executor":2},{"id":52,"duration":5,"executor":1},{"id":45,"duration":12,"executor":1},{"id":24,"duration":5,"executor":1},{"id":13,"duration":4,"executor":0},{"id":33,"duration":4,"executor":0},{"id":11,"duration":4,"executor":1},{"id":41,"duration":4,"executor":0},{"id":46,"duration":4,"executor":2},{"id":30,"duration":5,"executor":2},{"id":36,"duration":5,"executor":0},{"id":8,"duration":6,"executor":1},{"id":29,"duration":4,"executor":0},{"id":4,"duration":24,"executor":0},{"id":35,"duration":11,"executor":1},{"id":2,"duration":6,"executor":2},{"id":7,"duration":24,"executor":0},{"id":51,"duration":4,"executor":0},{"id":49,"duration":5,"executor":2},{"id":10,"duration":5,"executor":0},{"id":39,"duration":6,"executor":1},{"id":48,"duration":6,"executor":1},{"id":6,"duration":21,"executor":1},{"id":5,"duration":23,"executor":2},{"id":23,"duration":5,"executor":0},{"id":26,"duration":5,"executor":0},{"id":55,"duration":6,"executor":1},{"id":18,"duration":5,"executor":1},{"id":1,"duration":12,"executor":0},{"id":44,"duration":6,"executor":1},{"id":58,"duration":4,"executor":2},{"id":0,"duration":5,"executor":1},{"id":28,"duration":6,"executor":1},{"id":16,"duration":15,"executor":2},{"id":17,"duration":5,"executor":0},{"id":22,"duration":5,"executor":2},{"id":27,"duration":5,"executor":2},{"id":37,"duration":7,"executor":2},{"id":31,"duration":5,"executor":1},{"id":3,"duration":5,"executor":1},{"id":40,"duration":5,"executor":2},{"id":54,"duration":5,"executor":0},{"id":57,"duration":5,"executor":0},{"id":43,"duration":5,"executor":0},{"id":21,"duration":5,"executor":1},{"id":15,"duration":5,"executor":2}],"rdds":[641,642,646],"parents":[153],"accIds":[7817,7836,7837,7838,7839,7840,7841,7843,7844,7848,7849,7850,7852,7853,7854,7863,8122,8123,8124,8125,8126,8127,8128,8131,8133,8134,8135,8136,8137,8138,8139,8140,8141,8142,8143,8144,8145,8146,8147,8148,8149,8150,8151,8152]},{"id":155,"isQueryResult":true,"tasks":[{"id":1,"duration":4,"executor":0},{"id":0,"duration":8,"executor":0},{"id":2,"duration":26,"executor":1},{"id":3,"duration":8,"executor":2}],"rdds":[647,648,649],"parents":[154],"accIds":[7813,7814,7815,7816,7820,7823,7824,7825,8157,8158,8159,8160,8161,8166,8168,8169,8170,8171,8172,8173,8174,8175,8176,8177,8178,8179,8180,8181,8182,8183,8184]}]},"sqlPlan":{ "nodeName":"WholeStageCodegen (9)", "description":"WholeStageCodegen (9)", "metadata":{}, "metrics":[{"metricName":"duration","value":0,"accId":7813}], "children":[{ "nodeName":"Sort", "description":"Sort [supp_nation#1025 ASC NULLS FIRST, cust_nation#1026 ASC NULLS FIRST, l_year#1027 ASC NULLS FIRST], true, 0", "metadata":{}, "metrics":[{"metricName":"sort time","value":0,"accId":7814},{"metricName":"peak memory","value":268697536,"accId":7815},{"metricName":"spill size","value":0,"accId":7816}], "children":[{ "nodeName":"InputAdapter", "description":"InputAdapter", "metadata":{}, "metrics":[], "children":[{ "nodeName":"Exchange", "description":"Exchange rangepartitioning(supp_nation#1025 ASC NULLS FIRST, cust_nation#1026 ASC NULLS FIRST, l_year#1027 ASC NULLS FIRST, 60), ENSURE_REQUIREMENTS, [plan_id=5677]", "metadata":{}, "metrics":[{"metricName":"shuffle records written","value":4,"accId":7837},{"metricName":"local merged chunks fetched","value":0,"accId":7831},{"metricName":"shuffle write time","value":1164476,"accId":7838},{"metricName":"remote merged bytes read","value":0,"accId":7832},{"metricName":"local merged blocks fetched","value":0,"accId":7829},{"metricName":"corrupt merged block chunks","value":0,"accId":7826},{"metricName":"remote merged reqs duration","value":0,"accId":7835},{"metricName":"remote merged blocks fetched","value":0,"accId":7828},{"metricName":"records read","value":4,"accId":7825},{"metricName":"local bytes read","value":463,"accId":7823},{"metricName":"fetch wait time","value":0,"accId":7824},{"metricName":"remote bytes read","value":0,"accId":7821},{"metricName":"merged fetch fallback count","value":0,"accId":7827},{"metricName":"local blocks read","value":4,"accId":7820},{"metricName":"remote merged chunks fetched","value":0,"accId":7830},{"metricName":"remote blocks read","value":0,"accId":7819},{"metricName":"data size","value":288,"accId":7817},{"metricName":"local merged bytes read","value":0,"accId":7833},{"metricName":"number of partitions","value":4,"accId":7818},{"metricName":"remote reqs duration","value":0,"accId":7834},{"metricName":"remote bytes read to disk","value":0,"accId":7822},{"metricName":"shuffle bytes written","value":463,"accId":7836}], "children":[{ "nodeName":"WholeStageCodegen (8)", "description":"WholeStageCodegen (8)", "metadata":{}, "metrics":[{"metricName":"duration","value":36,"accId":7839}], "children":[{ "nodeName":"HashAggregate", "description":"HashAggregate(keys=[supp_nation#1025, cust_nation#1026, l_year#1027], functions=[sum(volume#1028)])", "metadata":{}, "metrics":[{"metricName":"spill size","value":0,"accId":7842},{"metricName":"time in aggregation build","value":22,"accId":7843},{"metricName":"peak memory","value":568328064,"accId":7841},{"metricName":"number of output rows","value":8,"accId":7840},{"metricName":"number of sort fallback tasks","value":0,"accId":7845},{"metricName":"avg hash probes per key","value":80,"accId":7844}], "children":[{ "nodeName":"InputAdapter", "description":"InputAdapter", "metadata":{}, "metrics":[], "children":[{ "nodeName":"Exchange", "description":"Exchange hashpartitioning(supp_nation#1025, cust_nation#1026, l_year#1027, 60), ENSURE_REQUIREMENTS, [plan_id=5626]", "metadata":{}, "metrics":[{"metricName":"shuffle records written","value":240,"accId":7866},{"metricName":"local merged chunks fetched","value":0,"accId":7860},{"metricName":"shuffle write time","value":90469535,"accId":7867},{"metricName":"remote merged bytes read","value":0,"accId":7861},{"metricName":"local merged blocks fetched","value":0,"accId":7858},{"metricName":"corrupt merged block chunks","value":0,"accId":7855},{"metricName":"remote merged reqs duration","value":0,"accId":7864},{"metricName":"remote merged blocks fetched","value":0,"accId":7857},{"metricName":"records read","value":480,"accId":7854},{"metricName":"local bytes read","value":19733,"accId":7852},{"metricName":"fetch wait time","value":1,"accId":7853},{"metricName":"remote bytes read","value":37355,"accId":7850},{"metricName":"merged fetch fallback count","value":0,"accId":7856},{"metricName":"local blocks read","value":166,"accId":7849},{"metricName":"remote merged chunks fetched","value":0,"accId":7859},{"metricName":"remote blocks read","value":314,"accId":7848},{"metricName":"data size","value":19200,"accId":7846},{"metricName":"local merged bytes read","value":0,"accId":7862},{"metricName":"number of partitions","value":60,"accId":7847},{"metricName":"remote reqs duration","value":51,"accId":7863},{"metricName":"remote bytes read to disk","value":0,"accId":7851},{"metricName":"shuffle bytes written","value":28544,"accId":7865}], "children":[{ "nodeName":"WholeStageCodegen (7)", "description":"WholeStageCodegen (7)", "metadata":{}, "metrics":[{"metricName":"duration","value":1286,"accId":7868}], "children":[{ "nodeName":"HashAggregate", "description":"HashAggregate(keys=[supp_nation#1025, cust_nation#1026, l_year#1027], functions=[partial_sum(volume#1028)])", "metadata":{}, "metrics":[{"metricName":"spill size","value":0,"accId":7871},{"metricName":"time in aggregation build","value":1087,"accId":7872},{"metricName":"peak memory","value":4042259520,"accId":7870},{"metricName":"number of output rows","value":240,"accId":7869},{"metricName":"number of sort fallback tasks","value":0,"accId":7874},{"metricName":"avg hash probes per key","value":600,"accId":7873}], "children":[{ "nodeName":"Project", "description":"Project [n_name#254 AS supp_nation#1025, n_name#1031 AS cust_nation#1026, year(l_shipdate#19) AS l_year#1027, (l_extendedprice#14 * (1 - l_discount#15)) AS volume#1028]", "metadata":{}, "metrics":[], "children":[{ "nodeName":"BroadcastHashJoin", "description":"BroadcastHashJoin [c_nationkey#239L], [n_nationkey#1030L], Inner, BuildRight, (((n_name#254 = FRANCE) AND (n_name#1031 = GERMANY)) OR ((n_name#254 = GERMANY) AND (n_name#1031 = FRANCE))), false", "metadata":{}, "metrics":[{"metricName":"number of output rows","value":5924,"accId":7875}], "children":[{ "nodeName":"Project", "description":"Project [l_extendedprice#14, l_discount#15, l_shipdate#19, c_nationkey#239L, n_name#254]", "metadata":{}, "metrics":[], "children":[{ "nodeName":"BroadcastHashJoin", "description":"BroadcastHashJoin [s_nationkey#401L], [n_nationkey#253L], Inner, BuildRight, false", "metadata":{}, "metrics":[{"metricName":"number of output rows","value":145703,"accId":7876}], "children":[{ "nodeName":"Project", "description":"Project [s_nationkey#401L, l_extendedprice#14, l_discount#15, l_shipdate#19, c_nationkey#239L]", "metadata":{}, "metrics":[], "children":[{ "nodeName":"BroadcastHashJoin", "description":"BroadcastHashJoin [o_custkey#245L], [c_custkey#236L], Inner, BuildRight, false", "metadata":{}, "metrics":[{"metricName":"number of output rows","value":1828450,"accId":7877}], "children":[{ "nodeName":"Project", "description":"Project [s_nationkey#401L, l_extendedprice#14, l_discount#15, l_shipdate#19, o_custkey#245L]", "metadata":{}, "metrics":[], "children":[{ "nodeName":"SortMergeJoin", "description":"SortMergeJoin [l_orderkey#9L], [o_orderkey#244L], Inner", "metadata":{}, "metrics":[{"metricName":"number of output rows","value":1828450,"accId":7878},{"metricName":"spill size","value":0,"accId":7879}], "children":[{ "nodeName":"InputAdapter", "description":"InputAdapter", "metadata":{}, "metrics":[], "children":[{ "nodeName":"WholeStageCodegen (2)", "description":"WholeStageCodegen (2)", "metadata":{}, "metrics":[{"metricName":"duration","value":1284,"accId":7880}], "children":[{ "nodeName":"Sort", "description":"Sort [l_orderkey#9L ASC NULLS FIRST], false, 0", "metadata":{}, "metrics":[{"metricName":"sort time","value":0,"accId":7881},{"metricName":"peak memory","value":4089445440,"accId":7882},{"metricName":"spill size","value":0,"accId":7883}], "children":[{ "nodeName":"Project", "description":"Project [s_nationkey#401L, l_orderkey#9L, l_extendedprice#14, l_discount#15, l_shipdate#19]", "metadata":{}, "metrics":[], "children":[{ "nodeName":"BroadcastHashJoin", "description":"BroadcastHashJoin [s_suppkey#398L], [l_suppkey#11L], Inner, BuildLeft, false", "metadata":{}, "metrics":[{"metricName":"number of output rows","value":1828450,"accId":7884}], "children":[{ "nodeName":"InputAdapter", "description":"InputAdapter", "metadata":{}, "metrics":[], "children":[{ "nodeName":"BroadcastExchange", "description":"BroadcastExchange HashedRelationBroadcastMode(List(input[0, bigint, false]),false), [plan_id=5540]", "metadata":{}, "metrics":[{"metricName":"time to broadcast","value":1,"accId":7889},{"metricName":"time to build","value":3,"accId":7888},{"metricName":"time to collect","value":259,"accId":7887},{"metricName":"number of output rows","value":10000,"accId":7886},{"metricName":"data size","value":1128576,"accId":7885}], "children":[{ "nodeName":"WholeStageCodegen (1)", "description":"WholeStageCodegen (1)", "metadata":{}, "metrics":[{"metricName":"duration","value":135,"accId":7890}], "children":[{ "nodeName":"Filter", "description":"Filter (isnotnull(s_suppkey#398L) AND isnotnull(s_nationkey#401L))", "metadata":{}, "metrics":[{"metricName":"number of output rows","value":10000,"accId":7891}], "children":[{ "nodeName":"ColumnarToRow", "description":"ColumnarToRow", "metadata":{}, "metrics":[{"metricName":"number of output rows","value":10000,"accId":7892},{"metricName":"number of input batches","value":60,"accId":7893}], "children":[{ "nodeName":"InputAdapter", "description":"InputAdapter", "metadata":{}, "metrics":[], "children":[{ "nodeName":"Scan parquet spark_catalog.tpch.supplier", "description":"FileScan parquet spark_catalog.tpch.supplier[s_suppkey#398L,s_nationkey#401L] Batched: true, Bucketed: true, DataFilters: [isnotnull(s_suppkey#398L), isnotnull(s_nationkey#401L)], Format: Parquet, Location: InMemoryFileIndex(1 paths)[file:/data/spark-warehouse/tpch.db/supplier], PartitionFilters: [], PushedFilters: [IsNotNull(s_suppkey), IsNotNull(s_nationkey)], ReadSchema: struct<s_suppkey:bigint,s_nationkey:bigint>, SelectedBucketsCount: 60 out of 60", "metadata":{"Location":"InMemoryFileIndex(1 paths)[file:/data/spark-warehouse/tpch.db/supplier]","ReadSchema":"struct<s_suppkey:bigint,s_nationkey:bigint>","Format":"Parquet","SelectedBucketsCount":"60 out of 60","Batched":"true","PartitionFilters":"[]","PushedFilters":"[IsNotNull(s_suppkey), IsNotNull(s_nationkey)]","DataFilters":"[isnotnull(s_suppkey#398L), isnotnull(s_nationkey#401L)]","Bucketed":"true"}, "metrics":[{"metricName":"number of files read","value":60,"accId":7896},{"metricName":"scan time","value":134,"accId":7895},{"metricName":"metadata time","value":0,"accId":7897},{"metricName":"size of files read","value":1689031,"accId":7898},{"metricName":"number of output rows","value":10000,"accId":7894}], "children":[] }] }] }] }] }] }] },{ "nodeName":"Filter", "description":"Filter ((((isnotnull(l_shipdate#19) AND (l_shipdate#19 >= 1995-01-01)) AND (l_shipdate#19 <= 1996-12-31)) AND isnotnull(l_suppkey#11L)) AND isnotnull(l_orderkey#9L))", "metadata":{}, "metrics":[{"metricName":"number of output rows","value":1828450,"accId":7899}], "children":[{ "nodeName":"ColumnarToRow", "description":"ColumnarToRow", "metadata":{}, "metrics":[{"metricName":"number of output rows","value":6001210,"accId":7900},{"metricName":"number of input batches","value":1500,"accId":7901}], "children":[{ "nodeName":"InputAdapter", "description":"InputAdapter", "metadata":{}, "metrics":[], "children":[{ "nodeName":"Scan parquet spark_catalog.tpch.lineitem", "description":"FileScan parquet spark_catalog.tpch.lineitem[l_orderkey#9L,l_suppkey#11L,l_extendedprice#14,l_discount#15,l_shipdate#19] Batched: true, Bucketed: true, DataFilters: [isnotnull(l_shipdate#19), (l_shipdate#19 >= 1995-01-01), (l_shipdate#19 <= 1996-12-31), isnotnul..., Format: Parquet, Location: InMemoryFileIndex(1 paths)[file:/data/spark-warehouse/tpch.db/lineitem], PartitionFilters: [], PushedFilters: [IsNotNull(l_shipdate), GreaterThanOrEqual(l_shipdate,1995-01-01), LessThanOrEqual(l_shipdate,199..., ReadSchema: struct<l_orderkey:bigint,l_suppkey:bigint,l_extendedprice:decimal(15,2),l_discount:decimal(15,2),..., SelectedBucketsCount: 60 out of 60", "metadata":{"Location":"InMemoryFileIndex(1 paths)[file:/data/spark-warehouse/tpch.db/lineitem]","ReadSchema":"struct<l_orderkey:bigint,l_suppkey:bigint,l_extendedprice:decimal(15,2),l_discount:decimal(15,2),l_shipdate:date>","Format":"Parquet","SelectedBucketsCount":"60 out of 60","Batched":"true","PartitionFilters":"[]","PushedFilters":"[IsNotNull(l_shipdate), GreaterThanOrEqual(l_shipdate,1995-01-01), LessThanOrEqual(l_shipdate,1996-12-31), IsNotNull(l_suppkey), IsNotNull(l_orderkey)]","DataFilters":"[isnotnull(l_shipdate#19), (l_shipdate#19 >= 1995-01-01), (l_shipdate#19 <= 1996-12-31), isnotnull(l_suppkey#11L), isnotnull(l_orderkey#9L)]","Bucketed":"true"}, "metrics":[{"metricName":"number of files read","value":60,"accId":7904},{"metricName":"scan time","value":160,"accId":7903},{"metricName":"metadata time","value":0,"accId":7905},{"metricName":"size of files read","value":365478469,"accId":7906},{"metricName":"number of output rows","value":6001210,"accId":7902}], "children":[] }] }] }] }] }] }] }] }] },{ "nodeName":"InputAdapter", "description":"InputAdapter", "metadata":{}, "metrics":[], "children":[{ "nodeName":"WholeStageCodegen (3)", "description":"WholeStageCodegen (3)", "metadata":{}, "metrics":[{"metricName":"duration","value":409,"accId":7907}], "children":[{ "nodeName":"Sort", "description":"Sort [o_orderkey#244L ASC NULLS FIRST], false, 0", "metadata":{}, "metrics":[{"metricName":"sort time","value":0,"accId":7908},{"metricName":"peak memory","value":4089445440,"accId":7909},{"metricName":"spill size","value":0,"accId":7910}], "children":[{ "nodeName":"Filter", "description":"Filter (isnotnull(o_orderkey#244L) AND isnotnull(o_custkey#245L))", "metadata":{}, "metrics":[{"metricName":"number of output rows","value":1500000,"accId":7911}], "children":[{ "nodeName":"ColumnarToRow", "description":"ColumnarToRow", "metadata":{}, "metrics":[{"metricName":"number of output rows","value":1500000,"accId":7912},{"metricName":"number of input batches","value":420,"accId":7913}], "children":[{ "nodeName":"InputAdapter", "description":"InputAdapter", "metadata":{}, "metrics":[], "children":[{ "nodeName":"Scan parquet spark_catalog.tpch.orders", "description":"FileScan parquet spark_catalog.tpch.orders[o_orderkey#244L,o_custkey#245L] Batched: true, Bucketed: true, DataFilters: [isnotnull(o_orderkey#244L), isnotnull(o_custkey#245L)], Format: Parquet, Location: InMemoryFileIndex(1 paths)[file:/data/spark-warehouse/tpch.db/orders], PartitionFilters: [], PushedFilters: [IsNotNull(o_orderkey), IsNotNull(o_custkey)], ReadSchema: struct<o_orderkey:bigint,o_custkey:bigint>, SelectedBucketsCount: 60 out of 60", "metadata":{"Location":"InMemoryFileIndex(1 paths)[file:/data/spark-warehouse/tpch.db/orders]","ReadSchema":"struct<o_orderkey:bigint,o_custkey:bigint>","Format":"Parquet","SelectedBucketsCount":"60 out of 60","Batched":"true","PartitionFilters":"[]","PushedFilters":"[IsNotNull(o_orderkey), IsNotNull(o_custkey)]","DataFilters":"[isnotnull(o_orderkey#244L), isnotnull(o_custkey#245L)]","Bucketed":"true"}, "metrics":[{"metricName":"number of files read","value":60,"accId":7916},{"metricName":"scan time","value":77,"accId":7915},{"metricName":"metadata time","value":0,"accId":7917},{"metricName":"size of files read","value":121789992,"accId":7918},{"metricName":"number of output rows","value":1500000,"accId":7914}], "children":[] }] }] }] }] }] }] }] }] },{ "nodeName":"InputAdapter", "description":"InputAdapter", "metadata":{}, "metrics":[], "children":[{ "nodeName":"BroadcastExchange", "description":"BroadcastExchange HashedRelationBroadcastMode(List(input[0, bigint, false]),false), [plan_id=5562]", "metadata":{}, "metrics":[{"metricName":"time to broadcast","value":11,"accId":7923},{"metricName":"time to build","value":51,"accId":7922},{"metricName":"time to collect","value":100,"accId":7921},{"metricName":"number of output rows","value":150000,"accId":7920},{"metricName":"data size","value":9588608,"accId":7919}], "children":[{ "nodeName":"WholeStageCodegen (4)", "description":"WholeStageCodegen (4)", "metadata":{}, "metrics":[{"metricName":"duration","value":81,"accId":7924}], "children":[{ "nodeName":"Filter", "description":"Filter (isnotnull(c_custkey#236L) AND isnotnull(c_nationkey#239L))", "metadata":{}, "metrics":[{"metricName":"number of output rows","value":150000,"accId":7925}], "children":[{ "nodeName":"ColumnarToRow", "description":"ColumnarToRow", "metadata":{}, "metrics":[{"metricName":"number of output rows","value":150000,"accId":7926},{"metricName":"number of input batches","value":60,"accId":7927}], "children":[{ "nodeName":"InputAdapter", "description":"InputAdapter", "metadata":{}, "metrics":[], "children":[{ "nodeName":"Scan parquet spark_catalog.tpch.customer", "description":"FileScan parquet spark_catalog.tpch.customer[c_custkey#236L,c_nationkey#239L] Batched: true, Bucketed: true, DataFilters: [isnotnull(c_custkey#236L), isnotnull(c_nationkey#239L)], Format: Parquet, Location: InMemoryFileIndex(1 paths)[file:/data/spark-warehouse/tpch.db/customer], PartitionFilters: [], PushedFilters: [IsNotNull(c_custkey), IsNotNull(c_nationkey)], ReadSchema: struct<c_custkey:bigint,c_nationkey:bigint>, SelectedBucketsCount: 60 out of 60", "metadata":{"Location":"InMemoryFileIndex(1 paths)[file:/data/spark-warehouse/tpch.db/customer]","ReadSchema":"struct<c_custkey:bigint,c_nationkey:bigint>","Format":"Parquet","SelectedBucketsCount":"60 out of 60","Batched":"true","PartitionFilters":"[]","PushedFilters":"[IsNotNull(c_custkey), IsNotNull(c_nationkey)]","DataFilters":"[isnotnull(c_custkey#236L), isnotnull(c_nationkey#239L)]","Bucketed":"true"}, "metrics":[{"metricName":"number of files read","value":60,"accId":7930},{"metricName":"scan time","value":74,"accId":7929},{"metricName":"metadata time","value":0,"accId":7931},{"metricName":"size of files read","value":24717733,"accId":7932},{"metricName":"number of output rows","value":150000,"accId":7928}], "children":[] }] }] }] }] }] }] }] }] },{ "nodeName":"InputAdapter", "description":"InputAdapter", "metadata":{}, "metrics":[], "children":[{ "nodeName":"BroadcastExchange", "description":"BroadcastExchange HashedRelationBroadcastMode(List(input[0, bigint, false]),false), [plan_id=5570]", "metadata":{}, "metrics":[{"metricName":"time to broadcast","value":0,"accId":7937},{"metricName":"time to build","value":1,"accId":7936},{"metricName":"time to collect","value":126,"accId":7935},{"metricName":"number of output rows","value":2,"accId":7934},{"metricName":"data size","value":1048592,"accId":7933}], "children":[{ "nodeName":"WholeStageCodegen (5)", "description":"WholeStageCodegen (5)", "metadata":{}, "metrics":[{"metricName":"duration","value":8,"accId":7938}], "children":[{ "nodeName":"Filter", "description":"Filter (isnotnull(n_nationkey#253L) AND ((n_name#254 = FRANCE) OR (n_name#254 = GERMANY)))", "metadata":{}, "metrics":[{"metricName":"number of output rows","value":2,"accId":7939}], "children":[{ "nodeName":"ColumnarToRow", "description":"ColumnarToRow", "metadata":{}, "metrics":[{"metricName":"number of output rows","value":25,"accId":7940},{"metricName":"number of input batches","value":1,"accId":7941}], "children":[{ "nodeName":"InputAdapter", "description":"InputAdapter", "metadata":{}, "metrics":[], "children":[{ "nodeName":"Scan parquet spark_catalog.tpch.nation", "description":"FileScan parquet spark_catalog.tpch.nation[n_nationkey#253L,n_name#254] Batched: true, DataFilters: [isnotnull(n_nationkey#253L), ((n_name#254 = FRANCE) OR (n_name#254 = GERMANY))], Format: Parquet, Location: InMemoryFileIndex(1 paths)[file:/data/spark-warehouse/tpch.db/nation], PartitionFilters: [], PushedFilters: [IsNotNull(n_nationkey), Or(EqualTo(n_name,FRANCE),EqualTo(n_name,GERMANY))], ReadSchema: struct<n_nationkey:bigint,n_name:string>", "metadata":{"Location":"InMemoryFileIndex(1 paths)[file:/data/spark-warehouse/tpch.db/nation]","ReadSchema":"struct<n_nationkey:bigint,n_name:string>","Format":"Parquet","Batched":"true","PartitionFilters":"[]","PushedFilters":"[IsNotNull(n_nationkey), Or(EqualTo(n_name,FRANCE),EqualTo(n_name,GERMANY))]","DataFilters":"[isnotnull(n_nationkey#253L), ((n_name#254 = FRANCE) OR (n_name#254 = GERMANY))]"}, "metrics":[{"metricName":"number of files read","value":1,"accId":7944},{"metricName":"scan time","value":8,"accId":7943},{"metricName":"metadata time","value":0,"accId":7945},{"metricName":"size of files read","value":4008,"accId":7946},{"metricName":"number of output rows","value":25,"accId":7942}], "children":[] }] }] }] }] }] }] }] }] },{ "nodeName":"InputAdapter", "description":"InputAdapter", "metadata":{}, "metrics":[], "children":[{ "nodeName":"ReusedExchange", "description":"ReusedExchange [n_nationkey#1030L, n_name#1031], BroadcastExchange HashedRelationBroadcastMode(List(input[0, bigint, false]),false), [plan_id=5570]", "metadata":{}, "metrics":[], "children":[{ "nodeName":"BroadcastExchange", "description":"BroadcastExchange HashedRelationBroadcastMode(List(input[0, bigint, false]),false), [plan_id=5570]", "metadata":{}, "metrics":[{"metricName":"time to broadcast","value":0,"accId":7937},{"metricName":"time to build","value":1,"accId":7936},{"metricName":"time to collect","value":126,"accId":7935},{"metricName":"number of output rows","value":2,"accId":7934},{"metricName":"data size","value":1048592,"accId":7933}], "children":[{ "nodeName":"WholeStageCodegen (5)", "description":"WholeStageCodegen (5)", "metadata":{}, "metrics":[{"metricName":"duration","value":8,"accId":7938}], "children":[{ "nodeName":"Filter", "description":"Filter (isnotnull(n_nationkey#253L) AND ((n_name#254 = FRANCE) OR (n_name#254 = GERMANY)))", "metadata":{}, "metrics":[{"metricName":"number of output rows","value":2,"accId":7939}], "children":[{ "nodeName":"ColumnarToRow", "description":"ColumnarToRow", "metadata":{}, "metrics":[{"metricName":"number of output rows","value":25,"accId":7940},{"metricName":"number of input batches","value":1,"accId":7941}], "children":[{ "nodeName":"InputAdapter", "description":"InputAdapter", "metadata":{}, "metrics":[], "children":[{ "nodeName":"Scan parquet spark_catalog.tpch.nation", "description":"FileScan parquet spark_catalog.tpch.nation[n_nationkey#253L,n_name#254] Batched: true, DataFilters: [isnotnull(n_nationkey#253L), ((n_name#254 = FRANCE) OR (n_name#254 = GERMANY))], Format: Parquet, Location: InMemoryFileIndex(1 paths)[file:/data/spark-warehouse/tpch.db/nation], PartitionFilters: [], PushedFilters: [IsNotNull(n_nationkey), Or(EqualTo(n_name,FRANCE),EqualTo(n_name,GERMANY))], ReadSchema: struct<n_nationkey:bigint,n_name:string>", "metadata":{"Location":"InMemoryFileIndex(1 paths)[file:/data/spark-warehouse/tpch.db/nation]","ReadSchema":"struct<n_nationkey:bigint,n_name:string>","Format":"Parquet","Batched":"true","PartitionFilters":"[]","PushedFilters":"[IsNotNull(n_nationkey), Or(EqualTo(n_name,FRANCE),EqualTo(n_name,GERMANY))]","DataFilters":"[isnotnull(n_nationkey#253L), ((n_name#254 = FRANCE) OR (n_name#254 = GERMANY))]"}, "metrics":[{"metricName":"number of files read","value":1,"accId":7944},{"metricName":"scan time","value":8,"accId":7943},{"metricName":"metadata time","value":0,"accId":7945},{"metricName":"size of files read","value":4008,"accId":7946},{"metricName":"number of output rows","value":25,"accId":7942}], "children":[] }] }] }] }] }] }] }] }] }] }] }] }] }] }] }] }] }] }] }] }}]