[{"totalTime":1151,"stagePlan":{"stages":[{"id":167,"isQueryResult":false,"tasks":[{"id":0,"duration":25,"executor":2}],"rdds":[692,693,696,698],"parents":[],"accIds":[8861,8862,8863,8864,8865,8866,8898,8899,8900,8901,8902,8929,8930]},{"id":168,"isQueryResult":false,"tasks":[{"id":9,"duration":4,"executor":1},{"id":5,"duration":4,"executor":0},{"id":16,"duration":5,"executor":0},{"id":42,"duration":4,"executor":2},{"id":39,"duration":4,"executor":2},{"id":1,"duration":19,"executor":1},{"id":29,"duration":5,"executor":1},{"id":57,"duration":5,"executor":0},{"id":0,"duration":13,"executor":0},{"id":44,"duration":4,"executor":0},{"id":3,"duration":5,"executor":0},{"id":2,"duration":5,"executor":0},{"id":46,"duration":5,"executor":0},{"id":21,"duration":4,"executor":2},{"id":59,"duration":5,"executor":1},{"id":50,"duration":6,"executor":0},{"id":37,"duration":4,"executor":1},{"id":24,"duration":4,"executor":2},{"id":17,"duration":4,"executor":1},{"id":45,"duration":5,"executor":2},{"id":43,"duration":5,"executor":1},{"id":28,"duration":4,"executor":0},{"id":30,"duration":4,"executor":2},{"id":32,"duration":4,"executor":1},{"id":6,"duration":19,"executor":2},{"id":26,"duration":5,"executor":1},{"id":49,"duration":4,"executor":1},{"id":15,"duration":4,"executor":1},{"id":55,"duration":5,"executor":1},{"id":14,"duration":44,"executor":2},{"id":20,"duration":4,"executor":1},{"id":18,"duration":5,"executor":2},{"id":35,"duration":4,"executor":1},{"id":19,"duration":4,"executor":0},{"id":33,"duration":4,"executor":2},{"id":4,"duration":5,"executor":1},{"id":10,"duration":52,"executor":0},{"id":11,"duration":5,"executor":1},{"id":47,"duration":5,"executor":1},{"id":53,"duration":5,"executor":0},{"id":8,"duration":4,"executor":0},{"id":54,"duration":4,"executor":2},{"id":52,"duration":5,"executor":1},{"id":40,"duration":4,"executor":1},{"id":41,"duration":4,"executor":0},{"id":22,"duration":5,"executor":0},{"id":13,"duration":38,"executor":1},{"id":36,"duration":4,"executor":2},{"id":48,"duration":6,"executor":2},{"id":58,"duration":4,"executor":2},{"id":27,"duration":4,"executor":2},{"id":23,"duration":5,"executor":1},{"id":31,"duration":5,"executor":0},{"id":25,"duration":4,"executor":0},{"id":7,"duration":5,"executor":1},{"id":56,"duration":4,"executor":2},{"id":12,"duration":4,"executor":1},{"id":38,"duration":5,"executor":0},{"id":51,"duration":5,"executor":2},{"id":34,"duration":5,"executor":0}],"rdds":[700,703,709,711],"parents":[],"accIds":[8847,8848,8849,8850,8851,8852,8933,8934,8935,8936,8937,8964,8965]},{"id":169,"isQueryResult":false,"tasks":[{"id":0,"duration":36,"executor":0}],"rdds":[694,695,705,707],"parents":[],"accIds":[8889,8890,8891,8892,8893,8894,8968,8969,8970,8971,8972,8999,9000]},{"id":170,"isQueryResult":false,"tasks":[{"id":24,"duration":4,"executor":2},{"id":11,"duration":4,"executor":1},{"id":4,"duration":3,"executor":1},{"id":58,"duration":5,"executor":0},{"id":15,"duration":4,"executor":1},{"id":49,"duration":4,"executor":0},{"id":30,"duration":4,"executor":2},{"id":31,"duration":6,"executor":0},{"id":9,"duration":3,"executor":1},{"id":33,"duration":5,"executor":2},{"id":1,"duration":14,"executor":1},{"id":36,"duration":4,"executor":2},{"id":29,"duration":4,"executor":1},{"id":27,"duration":6,"executor":0},{"id":10,"duration":5,"executor":2},{"id":0,"duration":13,"executor":2},{"id":40,"duration":5,"executor":1},{"id":39,"duration":5,"executor":2},{"id":20,"duration":4,"executor":1},{"id":7,"duration":4,"executor":1},{"id":16,"duration":6,"executor":0},{"id":50,"duration":3,"executor":1},{"id":54,"duration":34,"executor":2},{"id":46,"duration":4,"executor":2},{"id":25,"duration":3,"executor":1},{"id":43,"duration":4,"executor":1},{"id":53,"duration":35,"executor":1},{"id":2,"duration":19,"executor":2},{"id":18,"duration":4,"executor":2},{"id":8,"duration":14,"executor":0},{"id":45,"duration":4,"executor":0},{"id":6,"duration":5,"executor":2},{"id":19,"duration":6,"executor":0},{"id":52,"duration":4,"executor":0},{"id":37,"duration":4,"executor":1},{"id":48,"duration":4,"executor":2},{"id":51,"duration":3,"executor":2},{"id":12,"duration":5,"executor":2},{"id":22,"duration":3,"executor":1},{"id":42,"duration":4,"executor":2},{"id":59,"duration":4,"executor":1},{"id":17,"duration":3,"executor":1},{"id":38,"duration":5,"executor":0},{"id":55,"duration":33,"executor":0},{"id":56,"duration":35,"executor":1},{"id":34,"duration":5,"executor":0},{"id":13,"duration":4,"executor":1},{"id":35,"duration":4,"executor":1},{"id":47,"duration":4,"executor":1},{"id":41,"duration":5,"executor":0},{"id":3,"duration":4,"executor":1},{"id":23,"duration":5,"executor":0},{"id":32,"duration":5,"executor":1},{"id":14,"duration":5,"executor":2},{"id":5,"duration":10,"executor":1},{"id":21,"duration":5,"executor":2},{"id":28,"duration":4,"executor":1},{"id":44,"duration":3,"executor":1},{"id":57,"duration":5,"executor":2},{"id":26,"duration":5,"executor":2}],"rdds":[699,701,708,710],"parents":[],"accIds":[8799,8800,8801,8802,8803,8804,9003,9004,9005,9006,9007,9034,9035]},{"id":171,"isQueryResult":false,"tasks":[{"id":0,"duration":12,"executor":2}],"rdds":[697,702,712,714],"parents":[],"accIds":[8875,8876,8877,8878,8879,8880,9038,9039,9040,9041,9042,9069,9070]},{"id":172,"isQueryResult":false,"tasks":[{"id":5,"duration":4,"executor":1},{"id":29,"duration":4,"executor":1},{"id":26,"duration":4,"executor":1},{"id":40,"duration":3,"executor":0},{"id":6,"duration":4,"executor":0},{"id":15,"duration":3,"executor":2},{"id":44,"duration":4,"executor":2},{"id":0,"duration":12,"executor":0},{"id":41,"duration":3,"executor":2},{"id":25,"duration":3,"executor":0},{"id":13,"duration":3,"executor":1},{"id":45,"duration":3,"executor":0},{"id":27,"duration":4,"executor":2},{"id":28,"duration":3,"executor":0},{"id":21,"duration":3,"executor":2},{"id":31,"duration":4,"executor":0},{"id":53,"duration":3,"executor":2},{"id":46,"duration":4,"executor":2},{"id":59,"duration":3,"executor":2},{"id":56,"duration":3,"executor":0},{"id":47,"duration":3,"executor":0},{"id":4,"duration":4,"executor":0},{"id":35,"duration":3,"executor":2},{"id":50,"duration":3,"executor":0},{"id":18,"duration":3,"executor":2},{"id":43,"duration":29,"executor":1},{"id":36,"duration":4,"executor":1},{"id":16,"duration":4,"executor":1},{"id":7,"duration":8,"executor":1},{"id":10,"duration":4,"executor":2},{"id":52,"duration":3,"executor":0},{"id":11,"duration":3,"executor":0},{"id":37,"duration":3,"executor":0},{"id":3,"duration":13,"executor":2},{"id":32,"duration":3,"executor":2},{"id":38,"duration":3,"executor":2},{"id":39,"duration":4,"executor":1},{"id":30,"duration":4,"executor":2},{"id":20,"duration":3,"executor":0},{"id":8,"duration":3,"executor":0},{"id":57,"duration":3,"executor":2},{"id":54,"duration":2,"executor":0},{"id":24,"duration":3,"executor":2},{"id":58,"duration":2,"executor":0},{"id":19,"duration":4,"executor":1},{"id":49,"duration":3,"executor":0},{"id":48,"duration":3,"executor":2},{"id":51,"duration":3,"executor":2},{"id":9,"duration":3,"executor":0},{"id":33,"duration":4,"executor":1},{"id":14,"duration":3,"executor":0},{"id":22,"duration":3,"executor":1},{"id":23,"duration":3,"executor":0},{"id":42,"duration":2,"executor":0},{"id":55,"duration":3,"executor":2},{"id":12,"duration":4,"executor":2},{"id":2,"duration":3,"executor":0},{"id":1,"duration":14,"executor":1},{"id":17,"duration":3,"executor":0},{"id":34,"duration":3,"executor":0}],"rdds":[704,706,713,715],"parents":[],"accIds":[8821,8822,8823,8824,8825,8826,9073,9074,9075,9076,9077,9078,9104,9105]},{"id":173,"isQueryResult":false,"tasks":[{"id":43,"duration":20,"executor":1},{"id":17,"duration":20,"executor":1},{"id":42,"duration":17,"executor":2},{"id":37,"duration":20,"executor":1},{"id":55,"duration":17,"executor":2},{"id":25,"duration":19,"executor":0},{"id":58,"duration":17,"executor":2},{"id":0,"duration":52,"executor":0},{"id":15,"duration":20,"executor":2},{"id":56,"duration":15,"executor":0},{"id":31,"duration":19,"executor":0},{"id":21,"duration":19,"executor":2},{"id":49,"duration":18,"executor":2},{"id":7,"duration":21,"executor":0},{"id":6,"duration":22,"executor":1},{"id":47,"duration":20,"executor":1},{"id":11,"duration":21,"executor":1},{"id":22,"duration":18,"executor":0},{"id":51,"duration":15,"executor":0},{"id":45,"duration":24,"executor":2},{"id":8,"duration":22,"executor":1},{"id":3,"duration":25,"executor":0},{"id":9,"duration":22,"executor":2},{"id":10,"duration":19,"executor":0},{"id":32,"duration":20,"executor":1},{"id":46,"duration":15,"executor":0},{"id":57,"duration":19,"executor":1},{"id":26,"duration":20,"executor":1},{"id":52,"duration":18,"executor":2},{"id":29,"duration":22,"executor":1},{"id":33,"duration":17,"executor":2},{"id":36,"duration":18,"executor":2},{"id":27,"duration":19,"executor":2},{"id":34,"duration":16,"executor":0},{"id":5,"duration":20,"executor":0},{"id":59,"duration":15,"executor":0},{"id":16,"duration":19,"executor":0},{"id":20,"duration":19,"executor":1},{"id":2,"duration":104,"executor":1},{"id":13,"duration":19,"executor":0},{"id":4,"duration":28,"executor":0},{"id":12,"duration":21,"executor":2},{"id":1,"duration":133,"executor":2},{"id":28,"duration":18,"executor":0},{"id":23,"duration":21,"executor":1},{"id":53,"duration":20,"executor":1},{"id":35,"duration":15,"executor":0},{"id":14,"duration":19,"executor":1},{"id":38,"duration":15,"executor":0},{"id":39,"duration":19,"executor":2},{"id":40,"duration":20,"executor":1},{"id":19,"duration":19,"executor":0},{"id":18,"duration":19,"executor":2},{"id":24,"duration":19,"executor":2},{"id":44,"duration":14,"executor":0},{"id":30,"duration":21,"executor":2},{"id":50,"duration":19,"executor":1},{"id":54,"duration":15,"executor":0},{"id":41,"duration":15,"executor":0},{"id":48,"duration":15,"executor":0}],"rdds":[716,717,718,719,720,721,722,723,724],"parents":[],"accIds":[8753,8772,8773,8774,8775,8776,8777,8779,8780,8782,8783,8784,8785,8786,8787,8788,8789,8790,8791,8792,8793,8808,8809,8810,8811,8812,8830,8831,8832,8833,8834,8835,8836,8837,8838,9108,9109,9110,9111,9112,9113,9117,9136,9137,9138,9139,9140]},{"id":174,"isQueryResult":false,"tasks":[{"id":48,"duration":5,"executor":1},{"id":37,"duration":3,"executor":0},{"id":46,"duration":3,"executor":0},{"id":8,"duration":4,"executor":1},{"id":40,"duration":4,"executor":0},{"id":54,"duration":4,"executor":0},{"id":51,"duration":4,"executor":0},{"id":5,"duration":4,"executor":1},{"id":23,"duration":6,"executor":0},{"id":12,"duration":4,"executor":0},{"id":49,"duration":12,"executor":2},{"id":56,"duration":4,"executor":2},{"id":35,"duration":3,"executor":0},{"id":36,"duration":4,"executor":1},{"id":38,"duration":4,"executor":2},{"id":39,"duration":4,"executor":1},{"id":59,"duration":3,"executor":0},{"id":21,"duration":4,"executor":1},{"id":14,"duration":4,"executor":1},{"id":53,"duration":4,"executor":2},{"id":11,"duration":4,"executor":1},{"id":24,"duration":4,"executor":1},{"id":52,"duration":4,"executor":1},{"id":26,"duration":4,"executor":1},{"id":15,"duration":4,"executor":0},{"id":1,"duration":4,"executor":0},{"id":31,"duration":5,"executor":2},{"id":42,"duration":4,"executor":1},{"id":29,"duration":4,"executor":1},{"id":44,"duration":5,"executor":1},{"id":0,"duration":7,"executor":0},{"id":16,"duration":4,"executor":2},{"id":7,"duration":4,"executor":2},{"id":25,"duration":4,"executor":2},{"id":45,"duration":4,"executor":2},{"id":10,"duration":4,"executor":2},{"id":19,"duration":4,"executor":2},{"id":41,"duration":5,"executor":2},{"id":55,"duration":4,"executor":1},{"id":18,"duration":3,"executor":0},{"id":17,"duration":4,"executor":1},{"id":27,"duration":3,"executor":0},{"id":2,"duration":4,"executor":0},{"id":32,"duration":3,"executor":0},{"id":43,"duration":3,"executor":0},{"id":22,"duration":4,"executor":2},{"id":6,"duration":4,"executor":0},{"id":50,"duration":4,"executor":2},{"id":28,"duration":4,"executor":2},{"id":30,"duration":4,"executor":0},{"id":33,"duration":4,"executor":1},{"id":20,"duration":4,"executor":0},{"id":13,"duration":4,"executor":2},{"id":9,"duration":4,"executor":0},{"id":4,"duration":13,"executor":1},{"id":3,"duration":5,"executor":2},{"id":47,"duration":3,"executor":0},{"id":58,"duration":4,"executor":1},{"id":57,"duration":3,"executor":0},{"id":34,"duration":4,"executor":2}],"rdds":[725,726,727,728,729],"parents":[173],"accIds":[8746,8747,8748,8750,8751,8755,8756,8757,8759,8760,8761,8770,9143,9144,9145,9146,9147,9152,9154,9155,9156,9157,9158,9159,9160,9161,9162,9163,9164,9165,9166,9167,9168,9169,9170]},{"id":176,"isQueryResult":false,"tasks":[{"id":49,"duration":13,"executor":1},{"id":38,"duration":5,"executor":2},{"id":48,"duration":5,"executor":2},{"id":6,"duration":5,"executor":0},{"id":10,"duration":5,"executor":2},{"id":8,"duration":5,"executor":2},{"id":41,"duration":4,"executor":0},{"id":55,"duration":5,"executor":2},{"id":17,"duration":4,"executor":1},{"id":0,"duration":9,"executor":2},{"id":9,"duration":5,"executor":0},{"id":11,"duration":6,"executor":1},{"id":2,"duration":5,"executor":0},{"id":37,"duration":5,"executor":1},{"id":40,"duration":5,"executor":1},{"id":31,"duration":5,"executor":2},{"id":54,"duration":5,"executor":0},{"id":5,"duration":5,"executor":2},{"id":29,"duration":4,"executor":1},{"id":39,"duration":4,"executor":0},{"id":51,"duration":4,"executor":0},{"id":30,"duration":4,"executor":0},{"id":42,"duration":5,"executor":2},{"id":58,"duration":5,"executor":2},{"id":22,"duration":5,"executor":2},{"id":12,"duration":4,"executor":0},{"id":28,"duration":4,"executor":2},{"id":3,"duration":6,"executor":1},{"id":15,"duration":4,"executor":0},{"id":7,"duration":5,"executor":1},{"id":52,"duration":5,"executor":2},{"id":13,"duration":4,"executor":2},{"id":35,"duration":5,"executor":2},{"id":20,"duration":5,"executor":1},{"id":47,"duration":5,"executor":0},{"id":21,"duration":4,"executor":0},{"id":45,"duration":5,"executor":2},{"id":26,"duration":4,"executor":1},{"id":27,"duration":4,"executor":0},{"id":16,"duration":5,"executor":2},{"id":50,"duration":5,"executor":1},{"id":24,"duration":5,"executor":0},{"id":59,"duration":5,"executor":1},{"id":57,"duration":4,"executor":0},{"id":43,"duration":4,"executor":1},{"id":34,"duration":4,"executor":1},{"id":56,"duration":4,"executor":1},{"id":44,"duration":4,"executor":0},{"id":53,"duration":4,"executor":1},{"id":32,"duration":5,"executor":1},{"id":4,"duration":11,"executor":0},{"id":14,"duration":4,"executor":1},{"id":46,"duration":4,"executor":1},{"id":36,"duration":5,"executor":0},{"id":1,"duration":5,"executor":2},{"id":23,"duration":4,"executor":1},{"id":18,"duration":5,"executor":0},{"id":25,"duration":5,"executor":2},{"id":33,"duration":4,"executor":0},{"id":19,"duration":5,"executor":2}],"rdds":[725,726,730],"parents":[175],"accIds":[8724,8743,8744,8745,8746,8747,8748,8750,8751,8755,8756,8757,8759,8760,8761,8770,9178,9179,9180,9181,9182,9187,9189,9190,9191,9192,9193,9194,9195,9196,9197,9198,9199,9200,9201,9202,9203,9204,9205,9206,9207,9208]},{"id":177,"isQueryResult":true,"tasks":[{"id":1,"duration":20,"executor":0},{"id":0,"duration":14,"executor":1}],"rdds":[731,732,733],"parents":[176],"accIds":[8720,8721,8722,8723,8727,8730,8731,8732,9213,9214,9215,9216,9217,9218,9219,9222,9224,9225,9226,9227,9228,9229,9230,9231,9232,9233,9234,9235,9236,9237,9238,9239,9240]}]},"sqlPlan":{ "nodeName":"WholeStageCodegen (11)", "description":"WholeStageCodegen (11)", "metadata":{}, "metrics":[{"metricName":"duration","value":5,"accId":8720}], "children":[{ "nodeName":"Sort", "description":"Sort [o_year#1091 ASC NULLS FIRST], true, 0", "metadata":{}, "metrics":[{"metricName":"sort time","value":0,"accId":8721},{"metricName":"peak memory","value":134348768,"accId":8722},{"metricName":"spill size","value":0,"accId":8723}], "children":[{ "nodeName":"InputAdapter", "description":"InputAdapter", "metadata":{}, "metrics":[], "children":[{ "nodeName":"Exchange", "description":"Exchange rangepartitioning(o_year#1091 ASC NULLS FIRST, 60), ENSURE_REQUIREMENTS, [plan_id=6396]", "metadata":{}, "metrics":[{"metricName":"shuffle records written","value":2,"accId":8744},{"metricName":"local merged chunks fetched","value":0,"accId":8738},{"metricName":"shuffle write time","value":567076,"accId":8745},{"metricName":"remote merged bytes read","value":0,"accId":8739},{"metricName":"local merged blocks fetched","value":0,"accId":8736},{"metricName":"corrupt merged block chunks","value":0,"accId":8733},{"metricName":"remote merged reqs duration","value":0,"accId":8742},{"metricName":"remote merged blocks fetched","value":0,"accId":8735},{"metricName":"records read","value":2,"accId":8732},{"metricName":"local bytes read","value":156,"accId":8730},{"metricName":"fetch wait time","value":0,"accId":8731},{"metricName":"remote bytes read","value":0,"accId":8728},{"metricName":"merged fetch fallback count","value":0,"accId":8734},{"metricName":"local blocks read","value":2,"accId":8727},{"metricName":"remote merged chunks fetched","value":0,"accId":8737},{"metricName":"remote blocks read","value":0,"accId":8726},{"metricName":"data size","value":80,"accId":8724},{"metricName":"local merged bytes read","value":0,"accId":8740},{"metricName":"number of partitions","value":2,"accId":8725},{"metricName":"remote reqs duration","value":0,"accId":8741},{"metricName":"remote bytes read to disk","value":0,"accId":8729},{"metricName":"shuffle bytes written","value":156,"accId":8743}], "children":[{ "nodeName":"WholeStageCodegen (10)", "description":"WholeStageCodegen (10)", "metadata":{}, "metrics":[{"metricName":"duration","value":14,"accId":8746}], "children":[{ "nodeName":"HashAggregate", "description":"HashAggregate(keys=[o_year#1091], functions=[sum(CASE WHEN (nation#1093 = BRAZIL) THEN volume#1092 ELSE 0.0000 END), sum(volume#1092)])", "metadata":{}, "metrics":[{"metricName":"spill size","value":0,"accId":8749},{"metricName":"time in aggregation build","value":9,"accId":8750},{"metricName":"peak memory","value":299892672,"accId":8748},{"metricName":"number of output rows","value":4,"accId":8747},{"metricName":"number of sort fallback tasks","value":0,"accId":8752},{"metricName":"avg hash probes per key","value":40,"accId":8751}], "children":[{ "nodeName":"InputAdapter", "description":"InputAdapter", "metadata":{}, "metrics":[], "children":[{ "nodeName":"Exchange", "description":"Exchange hashpartitioning(o_year#1091, 60), ENSURE_REQUIREMENTS, [plan_id=6392]", "metadata":{}, "metrics":[{"metricName":"shuffle records written","value":120,"accId":8773},{"metricName":"local merged chunks fetched","value":0,"accId":8767},{"metricName":"shuffle write time","value":86568451,"accId":8774},{"metricName":"remote merged bytes read","value":0,"accId":8768},{"metricName":"local merged blocks fetched","value":0,"accId":8765},{"metricName":"corrupt merged block chunks","value":0,"accId":8762},{"metricName":"remote merged reqs duration","value":0,"accId":8771},{"metricName":"remote merged blocks fetched","value":0,"accId":8764},{"metricName":"records read","value":240,"accId":8761},{"metricName":"local bytes read","value":7831,"accId":8759},{"metricName":"fetch wait time","value":0,"accId":8760},{"metricName":"remote bytes read","value":16277,"accId":8757},{"metricName":"merged fetch fallback count","value":0,"accId":8763},{"metricName":"local blocks read","value":78,"accId":8756},{"metricName":"remote merged chunks fetched","value":0,"accId":8766},{"metricName":"remote blocks read","value":162,"accId":8755},{"metricName":"data size","value":9600,"accId":8753},{"metricName":"local merged bytes read","value":0,"accId":8769},{"metricName":"number of partitions","value":60,"accId":8754},{"metricName":"remote reqs duration","value":22,"accId":8770},{"metricName":"remote bytes read to disk","value":0,"accId":8758},{"metricName":"shuffle bytes written","value":12054,"accId":8772}], "children":[{ "nodeName":"WholeStageCodegen (9)", "description":"WholeStageCodegen (9)", "metadata":{}, "metrics":[{"metricName":"duration","value":938,"accId":8775}], "children":[{ "nodeName":"HashAggregate", "description":"HashAggregate(keys=[o_year#1091], functions=[partial_sum(CASE WHEN (nation#1093 = BRAZIL) THEN volume#1092 ELSE 0.0000 END), partial_sum(volume#1092)])", "metadata":{}, "metrics":[{"metricName":"spill size","value":0,"accId":8778},{"metricName":"time in aggregation build","value":708,"accId":8779},{"metricName":"peak memory","value":4042259520,"accId":8777},{"metricName":"number of output rows","value":120,"accId":8776},{"metricName":"number of sort fallback tasks","value":0,"accId":8781},{"metricName":"avg hash probes per key","value":600,"accId":8780}], "children":[{ "nodeName":"Project", "description":"Project [year(o_orderdate#248) AS o_year#1091, (l_extendedprice#14 * (1 - l_discount#15)) AS volume#1092, n_name#1096 AS nation#1093]", "metadata":{}, "metrics":[], "children":[{ "nodeName":"BroadcastHashJoin", "description":"BroadcastHashJoin [n_regionkey#255L], [r_regionkey#936L], Inner, BuildRight, false", "metadata":{}, "metrics":[{"metricName":"number of output rows","value":2603,"accId":8782}], "children":[{ "nodeName":"Project", "description":"Project [l_extendedprice#14, l_discount#15, o_orderdate#248, n_regionkey#255L, n_name#1096]", "metadata":{}, "metrics":[], "children":[{ "nodeName":"BroadcastHashJoin", "description":"BroadcastHashJoin [s_nationkey#401L], [n_nationkey#1095L], Inner, BuildRight, false", "metadata":{}, "metrics":[{"metricName":"number of output rows","value":13389,"accId":8783}], "children":[{ "nodeName":"Project", "description":"Project [l_extendedprice#14, l_discount#15, s_nationkey#401L, o_orderdate#248, n_regionkey#255L]", "metadata":{}, "metrics":[], "children":[{ "nodeName":"BroadcastHashJoin", "description":"BroadcastHashJoin [c_nationkey#239L], [n_nationkey#253L], Inner, BuildRight, false", "metadata":{}, "metrics":[{"metricName":"number of output rows","value":13389,"accId":8784}], "children":[{ "nodeName":"Project", "description":"Project [l_extendedprice#14, l_discount#15, s_nationkey#401L, o_orderdate#248, c_nationkey#239L]", "metadata":{}, "metrics":[], "children":[{ "nodeName":"BroadcastHashJoin", "description":"BroadcastHashJoin [o_custkey#245L], [c_custkey#236L], Inner, BuildRight, false", "metadata":{}, "metrics":[{"metricName":"number of output rows","value":13389,"accId":8785}], "children":[{ "nodeName":"Project", "description":"Project [l_extendedprice#14, l_discount#15, s_nationkey#401L, o_custkey#245L, o_orderdate#248]", "metadata":{}, "metrics":[], "children":[{ "nodeName":"SortMergeJoin", "description":"SortMergeJoin [l_orderkey#9L], [o_orderkey#244L], Inner", "metadata":{}, "metrics":[{"metricName":"number of output rows","value":13389,"accId":8786},{"metricName":"spill size","value":0,"accId":8787}], "children":[{ "nodeName":"InputAdapter", "description":"InputAdapter", "metadata":{}, "metrics":[], "children":[{ "nodeName":"WholeStageCodegen (3)", "description":"WholeStageCodegen (3)", "metadata":{}, "metrics":[{"metricName":"duration","value":919,"accId":8788}], "children":[{ "nodeName":"Sort", "description":"Sort [l_orderkey#9L ASC NULLS FIRST], false, 0", "metadata":{}, "metrics":[{"metricName":"sort time","value":0,"accId":8789},{"metricName":"peak memory","value":4030463040,"accId":8790},{"metricName":"spill size","value":0,"accId":8791}], "children":[{ "nodeName":"Project", "description":"Project [l_orderkey#9L, l_extendedprice#14, l_discount#15, s_nationkey#401L]", "metadata":{}, "metrics":[], "children":[{ "nodeName":"BroadcastHashJoin", "description":"BroadcastHashJoin [l_suppkey#11L], [s_suppkey#398L], Inner, BuildRight, false", "metadata":{}, "metrics":[{"metricName":"number of output rows","value":43693,"accId":8792}], "children":[{ "nodeName":"Project", "description":"Project [l_orderkey#9L, l_suppkey#11L, l_extendedprice#14, l_discount#15]", "metadata":{}, "metrics":[], "children":[{ "nodeName":"BroadcastHashJoin", "description":"BroadcastHashJoin [p_partkey#352L], [l_partkey#10L], Inner, BuildLeft, false", "metadata":{}, "metrics":[{"metricName":"number of output rows","value":43693,"accId":8793}], "children":[{ "nodeName":"InputAdapter", "description":"InputAdapter", "metadata":{}, "metrics":[], "children":[{ "nodeName":"BroadcastExchange", "description":"BroadcastExchange HashedRelationBroadcastMode(List(input[0, bigint, true]),false), [plan_id=6331]", "metadata":{}, "metrics":[{"metricName":"time to broadcast","value":1,"accId":8798},{"metricName":"time to build","value":2,"accId":8797},{"metricName":"time to collect","value":321,"accId":8796},{"metricName":"number of output rows","value":1451,"accId":8795},{"metricName":"data size","value":1114112,"accId":8794}], "children":[{ "nodeName":"WholeStageCodegen (1)", "description":"WholeStageCodegen (1)", "metadata":{}, "metrics":[{"metricName":"duration","value":103,"accId":8799}], "children":[{ "nodeName":"Project", "description":"Project [p_partkey#352L]", "metadata":{}, "metrics":[], "children":[{ "nodeName":"Filter", "description":"Filter ((isnotnull(p_type#356) AND (p_type#356 = ECONOMY ANODIZED STEEL)) AND isnotnull(p_partkey#352L))", "metadata":{}, "metrics":[{"metricName":"number of output rows","value":1451,"accId":8800}], "children":[{ "nodeName":"ColumnarToRow", "description":"ColumnarToRow", "metadata":{}, "metrics":[{"metricName":"number of output rows","value":200000,"accId":8801},{"metricName":"number of input batches","value":60,"accId":8802}], "children":[{ "nodeName":"InputAdapter", "description":"InputAdapter", "metadata":{}, "metrics":[], "children":[{ "nodeName":"Scan parquet spark_catalog.tpch.part", "description":"FileScan parquet spark_catalog.tpch.part[p_partkey#352L,p_type#356] Batched: true, Bucketed: true, DataFilters: [isnotnull(p_type#356), (p_type#356 = ECONOMY ANODIZED STEEL), isnotnull(p_partkey#352L)], Format: Parquet, Location: InMemoryFileIndex(1 paths)[file:/data/spark-warehouse/tpch.db/part], PartitionFilters: [], PushedFilters: [IsNotNull(p_type), EqualTo(p_type,ECONOMY ANODIZED STEEL), IsNotNull(p_partkey)], ReadSchema: struct<p_partkey:bigint,p_type:string>, SelectedBucketsCount: 60 out of 60", "metadata":{"Location":"InMemoryFileIndex(1 paths)[file:/data/spark-warehouse/tpch.db/part]","ReadSchema":"struct<p_partkey:bigint,p_type:string>","Format":"Parquet","SelectedBucketsCount":"60 out of 60","Batched":"true","PartitionFilters":"[]","PushedFilters":"[IsNotNull(p_type), EqualTo(p_type,ECONOMY ANODIZED STEEL), IsNotNull(p_partkey)]","DataFilters":"[isnotnull(p_type#356), (p_type#356 = ECONOMY ANODIZED STEEL), isnotnull(p_partkey#352L)]","Bucketed":"true"}, "metrics":[{"metricName":"number of files read","value":60,"accId":8805},{"metricName":"scan time","value":91,"accId":8804},{"metricName":"metadata time","value":0,"accId":8806},{"metricName":"size of files read","value":15214963,"accId":8807},{"metricName":"number of output rows","value":200000,"accId":8803}], "children":[] }] }] }] }] }] }] }] },{ "nodeName":"Filter", "description":"Filter ((isnotnull(l_partkey#10L) AND isnotnull(l_suppkey#11L)) AND isnotnull(l_orderkey#9L))", "metadata":{}, "metrics":[{"metricName":"number of output rows","value":6001215,"accId":8808}], "children":[{ "nodeName":"ColumnarToRow", "description":"ColumnarToRow", "metadata":{}, "metrics":[{"metricName":"number of output rows","value":6001215,"accId":8809},{"metricName":"number of input batches","value":1500,"accId":8810}], "children":[{ "nodeName":"InputAdapter", "description":"InputAdapter", "metadata":{}, "metrics":[], "children":[{ "nodeName":"Scan parquet spark_catalog.tpch.lineitem", "description":"FileScan parquet spark_catalog.tpch.lineitem[l_orderkey#9L,l_partkey#10L,l_suppkey#11L,l_extendedprice#14,l_discount#15] Batched: true, Bucketed: true, DataFilters: [isnotnull(l_partkey#10L), isnotnull(l_suppkey#11L), isnotnull(l_orderkey#9L)], Format: Parquet, Location: InMemoryFileIndex(1 paths)[file:/data/spark-warehouse/tpch.db/lineitem], PartitionFilters: [], PushedFilters: [IsNotNull(l_partkey), IsNotNull(l_suppkey), IsNotNull(l_orderkey)], ReadSchema: struct<l_orderkey:bigint,l_partkey:bigint,l_suppkey:bigint,l_extendedprice:decimal(15,2),l_discou..., SelectedBucketsCount: 60 out of 60", "metadata":{"Location":"InMemoryFileIndex(1 paths)[file:/data/spark-warehouse/tpch.db/lineitem]","ReadSchema":"struct<l_orderkey:bigint,l_partkey:bigint,l_suppkey:bigint,l_extendedprice:decimal(15,2),l_discount:decimal(15,2)>","Format":"Parquet","SelectedBucketsCount":"60 out of 60","Batched":"true","PartitionFilters":"[]","PushedFilters":"[IsNotNull(l_partkey), IsNotNull(l_suppkey), IsNotNull(l_orderkey)]","DataFilters":"[isnotnull(l_partkey#10L), isnotnull(l_suppkey#11L), isnotnull(l_orderkey#9L)]","Bucketed":"true"}, "metrics":[{"metricName":"number of files read","value":60,"accId":8813},{"metricName":"scan time","value":180,"accId":8812},{"metricName":"metadata time","value":0,"accId":8814},{"metricName":"size of files read","value":365478469,"accId":8815},{"metricName":"number of output rows","value":6001215,"accId":8811}], "children":[] }] }] }] }] }] },{ "nodeName":"InputAdapter", "description":"InputAdapter", "metadata":{}, "metrics":[], "children":[{ "nodeName":"BroadcastExchange", "description":"BroadcastExchange HashedRelationBroadcastMode(List(input[0, bigint, false]),false), [plan_id=6342]", "metadata":{}, "metrics":[{"metricName":"time to broadcast","value":1,"accId":8820},{"metricName":"time to build","value":12,"accId":8819},{"metricName":"time to collect","value":409,"accId":8818},{"metricName":"number of output rows","value":10000,"accId":8817},{"metricName":"data size","value":1128576,"accId":8816}], "children":[{ "nodeName":"WholeStageCodegen (2)", "description":"WholeStageCodegen (2)", "metadata":{}, "metrics":[{"metricName":"duration","value":79,"accId":8821}], "children":[{ "nodeName":"Filter", "description":"Filter (isnotnull(s_suppkey#398L) AND isnotnull(s_nationkey#401L))", "metadata":{}, "metrics":[{"metricName":"number of output rows","value":10000,"accId":8822}], "children":[{ "nodeName":"ColumnarToRow", "description":"ColumnarToRow", "metadata":{}, "metrics":[{"metricName":"number of output rows","value":10000,"accId":8823},{"metricName":"number of input batches","value":60,"accId":8824}], "children":[{ "nodeName":"InputAdapter", "description":"InputAdapter", "metadata":{}, "metrics":[], "children":[{ "nodeName":"Scan parquet spark_catalog.tpch.supplier", "description":"FileScan parquet spark_catalog.tpch.supplier[s_suppkey#398L,s_nationkey#401L] Batched: true, Bucketed: true, DataFilters: [isnotnull(s_suppkey#398L), isnotnull(s_nationkey#401L)], Format: Parquet, Location: InMemoryFileIndex(1 paths)[file:/data/spark-warehouse/tpch.db/supplier], PartitionFilters: [], PushedFilters: [IsNotNull(s_suppkey), IsNotNull(s_nationkey)], ReadSchema: struct<s_suppkey:bigint,s_nationkey:bigint>, SelectedBucketsCount: 60 out of 60", "metadata":{"Location":"InMemoryFileIndex(1 paths)[file:/data/spark-warehouse/tpch.db/supplier]","ReadSchema":"struct<s_suppkey:bigint,s_nationkey:bigint>","Format":"Parquet","SelectedBucketsCount":"60 out of 60","Batched":"true","PartitionFilters":"[]","PushedFilters":"[IsNotNull(s_suppkey), IsNotNull(s_nationkey)]","DataFilters":"[isnotnull(s_suppkey#398L), isnotnull(s_nationkey#401L)]","Bucketed":"true"}, "metrics":[{"metricName":"number of files read","value":60,"accId":8827},{"metricName":"scan time","value":79,"accId":8826},{"metricName":"metadata time","value":0,"accId":8828},{"metricName":"size of files read","value":1689031,"accId":8829},{"metricName":"number of output rows","value":10000,"accId":8825}], "children":[] }] }] }] }] }] }] }] }] }] }] }] },{ "nodeName":"InputAdapter", "description":"InputAdapter", "metadata":{}, "metrics":[], "children":[{ "nodeName":"WholeStageCodegen (4)", "description":"WholeStageCodegen (4)", "metadata":{}, "metrics":[{"metricName":"duration","value":45,"accId":8830}], "children":[{ "nodeName":"Sort", "description":"Sort [o_orderkey#244L ASC NULLS FIRST], false, 0", "metadata":{}, "metrics":[{"metricName":"sort time","value":0,"accId":8831},{"metricName":"peak memory","value":4042259520,"accId":8832},{"metricName":"spill size","value":0,"accId":8833}], "children":[{ "nodeName":"Filter", "description":"Filter ((((isnotnull(o_orderdate#248) AND (o_orderdate#248 >= 1995-01-01)) AND (o_orderdate#248 <= 1996-12-31)) AND isnotnull(o_orderkey#244L)) AND isnotnull(o_custkey#245L))", "metadata":{}, "metrics":[{"metricName":"number of output rows","value":457263,"accId":8834}], "children":[{ "nodeName":"ColumnarToRow", "description":"ColumnarToRow", "metadata":{}, "metrics":[{"metricName":"number of output rows","value":1500000,"accId":8835},{"metricName":"number of input batches","value":420,"accId":8836}], "children":[{ "nodeName":"InputAdapter", "description":"InputAdapter", "metadata":{}, "metrics":[], "children":[{ "nodeName":"Scan parquet spark_catalog.tpch.orders", "description":"FileScan parquet spark_catalog.tpch.orders[o_orderkey#244L,o_custkey#245L,o_orderdate#248] Batched: true, Bucketed: true, DataFilters: [isnotnull(o_orderdate#248), (o_orderdate#248 >= 1995-01-01), (o_orderdate#248 <= 1996-12-31), is..., Format: Parquet, Location: InMemoryFileIndex(1 paths)[file:/data/spark-warehouse/tpch.db/orders], PartitionFilters: [], PushedFilters: [IsNotNull(o_orderdate), GreaterThanOrEqual(o_orderdate,1995-01-01), LessThanOrEqual(o_orderdate,..., ReadSchema: struct<o_orderkey:bigint,o_custkey:bigint,o_orderdate:date>, SelectedBucketsCount: 60 out of 60", "metadata":{"Location":"InMemoryFileIndex(1 paths)[file:/data/spark-warehouse/tpch.db/orders]","ReadSchema":"struct<o_orderkey:bigint,o_custkey:bigint,o_orderdate:date>","Format":"Parquet","SelectedBucketsCount":"60 out of 60","Batched":"true","PartitionFilters":"[]","PushedFilters":"[IsNotNull(o_orderdate), GreaterThanOrEqual(o_orderdate,1995-01-01), LessThanOrEqual(o_orderdate,1996-12-31), IsNotNull(o_orderkey), IsNotNull(o_custkey)]","DataFilters":"[isnotnull(o_orderdate#248), (o_orderdate#248 >= 1995-01-01), (o_orderdate#248 <= 1996-12-31), isnotnull(o_orderkey#244L), isnotnull(o_custkey#245L)]","Bucketed":"true"}, "metrics":[{"metricName":"number of files read","value":60,"accId":8839},{"metricName":"scan time","value":100,"accId":8838},{"metricName":"metadata time","value":0,"accId":8840},{"metricName":"size of files read","value":121789992,"accId":8841},{"metricName":"number of output rows","value":1500000,"accId":8837}], "children":[] }] }] }] }] }] }] }] }] },{ "nodeName":"InputAdapter", "description":"InputAdapter", "metadata":{}, "metrics":[], "children":[{ "nodeName":"BroadcastExchange", "description":"BroadcastExchange HashedRelationBroadcastMode(List(input[0, bigint, false]),false), [plan_id=6361]", "metadata":{}, "metrics":[{"metricName":"time to broadcast","value":10,"accId":8846},{"metricName":"time to build","value":50,"accId":8845},{"metricName":"time to collect","value":178,"accId":8844},{"metricName":"number of output rows","value":150000,"accId":8843},{"metricName":"data size","value":9588608,"accId":8842}], "children":[{ "nodeName":"WholeStageCodegen (5)", "description":"WholeStageCodegen (5)", "metadata":{}, "metrics":[{"metricName":"duration","value":172,"accId":8847}], "children":[{ "nodeName":"Filter", "description":"Filter (isnotnull(c_custkey#236L) AND isnotnull(c_nationkey#239L))", "metadata":{}, "metrics":[{"metricName":"number of output rows","value":150000,"accId":8848}], "children":[{ "nodeName":"ColumnarToRow", "description":"ColumnarToRow", "metadata":{}, "metrics":[{"metricName":"number of output rows","value":150000,"accId":8849},{"metricName":"number of input batches","value":60,"accId":8850}], "children":[{ "nodeName":"InputAdapter", "description":"InputAdapter", "metadata":{}, "metrics":[], "children":[{ "nodeName":"Scan parquet spark_catalog.tpch.customer", "description":"FileScan parquet spark_catalog.tpch.customer[c_custkey#236L,c_nationkey#239L] Batched: true, Bucketed: true, DataFilters: [isnotnull(c_custkey#236L), isnotnull(c_nationkey#239L)], Format: Parquet, Location: InMemoryFileIndex(1 paths)[file:/data/spark-warehouse/tpch.db/customer], PartitionFilters: [], PushedFilters: [IsNotNull(c_custkey), IsNotNull(c_nationkey)], ReadSchema: struct<c_custkey:bigint,c_nationkey:bigint>, SelectedBucketsCount: 60 out of 60", "metadata":{"Location":"InMemoryFileIndex(1 paths)[file:/data/spark-warehouse/tpch.db/customer]","ReadSchema":"struct<c_custkey:bigint,c_nationkey:bigint>","Format":"Parquet","SelectedBucketsCount":"60 out of 60","Batched":"true","PartitionFilters":"[]","PushedFilters":"[IsNotNull(c_custkey), IsNotNull(c_nationkey)]","DataFilters":"[isnotnull(c_custkey#236L), isnotnull(c_nationkey#239L)]","Bucketed":"true"}, "metrics":[{"metricName":"number of files read","value":60,"accId":8853},{"metricName":"scan time","value":136,"accId":8852},{"metricName":"metadata time","value":0,"accId":8854},{"metricName":"size of files read","value":24717733,"accId":8855},{"metricName":"number of output rows","value":150000,"accId":8851}], "children":[] }] }] }] }] }] }] }] }] },{ "nodeName":"InputAdapter", "description":"InputAdapter", "metadata":{}, "metrics":[], "children":[{ "nodeName":"BroadcastExchange", "description":"BroadcastExchange HashedRelationBroadcastMode(List(input[0, bigint, false]),false), [plan_id=6369]", "metadata":{}, "metrics":[{"metricName":"time to broadcast","value":0,"accId":8860},{"metricName":"time to build","value":1,"accId":8859},{"metricName":"time to collect","value":52,"accId":8858},{"metricName":"number of output rows","value":25,"accId":8857},{"metricName":"data size","value":1048776,"accId":8856}], "children":[{ "nodeName":"WholeStageCodegen (6)", "description":"WholeStageCodegen (6)", "metadata":{}, "metrics":[{"metricName":"duration","value":10,"accId":8861}], "children":[{ "nodeName":"Filter", "description":"Filter (isnotnull(n_nationkey#253L) AND isnotnull(n_regionkey#255L))", "metadata":{}, "metrics":[{"metricName":"number of output rows","value":25,"accId":8862}], "children":[{ "nodeName":"ColumnarToRow", "description":"ColumnarToRow", "metadata":{}, "metrics":[{"metricName":"number of output rows","value":25,"accId":8863},{"metricName":"number of input batches","value":1,"accId":8864}], "children":[{ "nodeName":"InputAdapter", "description":"InputAdapter", "metadata":{}, "metrics":[], "children":[{ "nodeName":"Scan parquet spark_catalog.tpch.nation", "description":"FileScan parquet spark_catalog.tpch.nation[n_nationkey#253L,n_regionkey#255L] Batched: true, DataFilters: [isnotnull(n_nationkey#253L), isnotnull(n_regionkey#255L)], Format: Parquet, Location: InMemoryFileIndex(1 paths)[file:/data/spark-warehouse/tpch.db/nation], PartitionFilters: [], PushedFilters: [IsNotNull(n_nationkey), IsNotNull(n_regionkey)], ReadSchema: struct<n_nationkey:bigint,n_regionkey:bigint>", "metadata":{"Location":"InMemoryFileIndex(1 paths)[file:/data/spark-warehouse/tpch.db/nation]","ReadSchema":"struct<n_nationkey:bigint,n_regionkey:bigint>","Format":"Parquet","Batched":"true","PartitionFilters":"[]","PushedFilters":"[IsNotNull(n_nationkey), IsNotNull(n_regionkey)]","DataFilters":"[isnotnull(n_nationkey#253L), isnotnull(n_regionkey#255L)]"}, "metrics":[{"metricName":"number of files read","value":1,"accId":8867},{"metricName":"scan time","value":10,"accId":8866},{"metricName":"metadata time","value":0,"accId":8868},{"metricName":"size of files read","value":4008,"accId":8869},{"metricName":"number of output rows","value":25,"accId":8865}], "children":[] }] }] }] }] }] }] }] }] },{ "nodeName":"InputAdapter", "description":"InputAdapter", "metadata":{}, "metrics":[], "children":[{ "nodeName":"BroadcastExchange", "description":"BroadcastExchange HashedRelationBroadcastMode(List(input[0, bigint, false]),false), [plan_id=6377]", "metadata":{}, "metrics":[{"metricName":"time to broadcast","value":0,"accId":8874},{"metricName":"time to build","value":1,"accId":8873},{"metricName":"time to collect","value":329,"accId":8872},{"metricName":"number of output rows","value":25,"accId":8871},{"metricName":"data size","value":1048776,"accId":8870}], "children":[{ "nodeName":"WholeStageCodegen (7)", "description":"WholeStageCodegen (7)", "metadata":{}, "metrics":[{"metricName":"duration","value":7,"accId":8875}], "children":[{ "nodeName":"Filter", "description":"Filter isnotnull(n_nationkey#1095L)", "metadata":{}, "metrics":[{"metricName":"number of output rows","value":25,"accId":8876}], "children":[{ "nodeName":"ColumnarToRow", "description":"ColumnarToRow", "metadata":{}, "metrics":[{"metricName":"number of output rows","value":25,"accId":8877},{"metricName":"number of input batches","value":1,"accId":8878}], "children":[{ "nodeName":"InputAdapter", "description":"InputAdapter", "metadata":{}, "metrics":[], "children":[{ "nodeName":"Scan parquet spark_catalog.tpch.nation", "description":"FileScan parquet spark_catalog.tpch.nation[n_nationkey#1095L,n_name#1096] Batched: true, DataFilters: [isnotnull(n_nationkey#1095L)], Format: Parquet, Location: InMemoryFileIndex(1 paths)[file:/data/spark-warehouse/tpch.db/nation], PartitionFilters: [], PushedFilters: [IsNotNull(n_nationkey)], ReadSchema: struct<n_nationkey:bigint,n_name:string>", "metadata":{"Location":"InMemoryFileIndex(1 paths)[file:/data/spark-warehouse/tpch.db/nation]","ReadSchema":"struct<n_nationkey:bigint,n_name:string>","Format":"Parquet","Batched":"true","PartitionFilters":"[]","PushedFilters":"[IsNotNull(n_nationkey)]","DataFilters":"[isnotnull(n_nationkey#1095L)]"}, "metrics":[{"metricName":"number of files read","value":1,"accId":8881},{"metricName":"scan time","value":7,"accId":8880},{"metricName":"metadata time","value":0,"accId":8882},{"metricName":"size of files read","value":4008,"accId":8883},{"metricName":"number of output rows","value":25,"accId":8879}], "children":[] }] }] }] }] }] }] }] }] },{ "nodeName":"InputAdapter", "description":"InputAdapter", "metadata":{}, "metrics":[], "children":[{ "nodeName":"BroadcastExchange", "description":"BroadcastExchange HashedRelationBroadcastMode(List(input[0, bigint, true]),false), [plan_id=6386]", "metadata":{}, "metrics":[{"metricName":"time to broadcast","value":1,"accId":8888},{"metricName":"time to build","value":1,"accId":8887},{"metricName":"time to collect","value":210,"accId":8886},{"metricName":"number of output rows","value":1,"accId":8885},{"metricName":"data size","value":1048584,"accId":8884}], "children":[{ "nodeName":"WholeStageCodegen (8)", "description":"WholeStageCodegen (8)", "metadata":{}, "metrics":[{"metricName":"duration","value":25,"accId":8889}], "children":[{ "nodeName":"Project", "description":"Project [r_regionkey#936L]", "metadata":{}, "metrics":[], "children":[{ "nodeName":"Filter", "description":"Filter ((isnotnull(r_name#937) AND (r_name#937 = AMERICA)) AND isnotnull(r_regionkey#936L))", "metadata":{}, "metrics":[{"metricName":"number of output rows","value":1,"accId":8890}], "children":[{ "nodeName":"ColumnarToRow", "description":"ColumnarToRow", "metadata":{}, "metrics":[{"metricName":"number of output rows","value":5,"accId":8891},{"metricName":"number of input batches","value":1,"accId":8892}], "children":[{ "nodeName":"InputAdapter", "description":"InputAdapter", "metadata":{}, "metrics":[], "children":[{ "nodeName":"Scan parquet spark_catalog.tpch.region", "description":"FileScan parquet spark_catalog.tpch.region[r_regionkey#936L,r_name#937] Batched: true, DataFilters: [isnotnull(r_name#937), (r_name#937 = AMERICA), isnotnull(r_regionkey#936L)], Format: Parquet, Location: InMemoryFileIndex(1 paths)[file:/data/spark-warehouse/tpch.db/region], PartitionFilters: [], PushedFilters: [IsNotNull(r_name), EqualTo(r_name,AMERICA), IsNotNull(r_regionkey)], ReadSchema: struct<r_regionkey:bigint,r_name:string>", "metadata":{"Location":"InMemoryFileIndex(1 paths)[file:/data/spark-warehouse/tpch.db/region]","ReadSchema":"struct<r_regionkey:bigint,r_name:string>","Format":"Parquet","Batched":"true","PartitionFilters":"[]","PushedFilters":"[IsNotNull(r_name), EqualTo(r_name,AMERICA), IsNotNull(r_regionkey)]","DataFilters":"[isnotnull(r_name#937), (r_name#937 = AMERICA), isnotnull(r_regionkey#936L)]"}, "metrics":[{"metricName":"number of files read","value":1,"accId":8895},{"metricName":"scan time","value":25,"accId":8894},{"metricName":"metadata time","value":0,"accId":8896},{"metricName":"size of files read","value":1634,"accId":8897},{"metricName":"number of output rows","value":5,"accId":8893}], "children":[] }] }] }] }] }] }] }] }] }] }] }] }] }] }] }] }] }] }] }] }}]