[{"totalTime":2705,"stagePlan":{"stages":[{"id":192,"isQueryResult":false,"tasks":[{"id":3,"duration":4,"executor":0},{"id":15,"duration":4,"executor":1},{"id":4,"duration":4,"executor":2},{"id":13,"duration":3,"executor":2},{"id":1,"duration":11,"executor":0},{"id":30,"duration":6,"executor":2},{"id":38,"duration":4,"executor":0},{"id":7,"duration":4,"executor":2},{"id":45,"duration":5,"executor":1},{"id":26,"duration":11,"executor":2},{"id":12,"duration":4,"executor":1},{"id":39,"duration":4,"executor":1},{"id":53,"duration":4,"executor":2},{"id":36,"duration":4,"executor":1},{"id":23,"duration":3,"executor":2},{"id":17,"duration":3,"executor":2},{"id":27,"duration":8,"executor":0},{"id":40,"duration":4,"executor":2},{"id":22,"duration":3,"executor":0},{"id":5,"duration":5,"executor":1},{"id":10,"duration":4,"executor":0},{"id":42,"duration":5,"executor":1},{"id":52,"duration":5,"executor":0},{"id":2,"duration":13,"executor":2},{"id":18,"duration":3,"executor":1},{"id":34,"duration":5,"executor":2},{"id":25,"duration":3,"executor":0},{"id":29,"duration":4,"executor":0},{"id":33,"duration":4,"executor":1},{"id":37,"duration":4,"executor":2},{"id":20,"duration":3,"executor":2},{"id":46,"duration":4,"executor":0},{"id":57,"duration":4,"executor":1},{"id":35,"duration":4,"executor":0},{"id":59,"duration":9,"executor":2},{"id":56,"duration":4,"executor":2},{"id":55,"duration":3,"executor":0},{"id":8,"duration":3,"executor":0},{"id":48,"duration":4,"executor":1},{"id":50,"duration":5,"executor":2},{"id":21,"duration":3,"executor":1},{"id":44,"duration":4,"executor":2},{"id":32,"duration":3,"executor":0},{"id":28,"duration":8,"executor":1},{"id":43,"duration":4,"executor":0},{"id":19,"duration":2,"executor":0},{"id":11,"duration":4,"executor":2},{"id":49,"duration":4,"executor":0},{"id":14,"duration":3,"executor":0},{"id":54,"duration":4,"executor":1},{"id":41,"duration":3,"executor":0},{"id":0,"duration":15,"executor":1},{"id":58,"duration":3,"executor":0},{"id":16,"duration":3,"executor":0},{"id":31,"duration":3,"executor":1},{"id":51,"duration":3,"executor":1},{"id":24,"duration":4,"executor":1},{"id":6,"duration":3,"executor":0},{"id":47,"duration":5,"executor":2},{"id":9,"duration":4,"executor":1}],"rdds":[778,781,784,786],"parents":[],"accIds":[9968,9969,9970,9971,9972,9973,10038,10039,10040,10041,10042,10069,10070]},{"id":193,"isQueryResult":false,"tasks":[{"id":0,"duration":18,"executor":1}],"rdds":[779,780,785,788],"parents":[],"accIds":[10029,10030,10031,10032,10033,10034,10073,10074,10075,10076,10077,10104,10105]},{"id":194,"isQueryResult":false,"tasks":[{"id":55,"duration":9,"executor":1},{"id":49,"duration":4,"executor":1},{"id":58,"duration":3,"executor":0},{"id":6,"duration":5,"executor":0},{"id":12,"duration":5,"executor":2},{"id":52,"duration":3,"executor":1},{"id":56,"duration":9,"executor":2},{"id":27,"duration":4,"executor":2},{"id":37,"duration":4,"executor":2},{"id":5,"duration":5,"executor":0},{"id":9,"duration":5,"executor":2},{"id":35,"duration":4,"executor":1},{"id":43,"duration":5,"executor":2},{"id":42,"duration":3,"executor":0},{"id":38,"duration":5,"executor":1},{"id":44,"duration":4,"executor":1},{"id":7,"duration":4,"executor":2},{"id":3,"duration":5,"executor":2},{"id":47,"duration":4,"executor":2},{"id":36,"duration":4,"executor":0},{"id":51,"duration":4,"executor":0},{"id":4,"duration":13,"executor":1},{"id":8,"duration":5,"executor":0},{"id":18,"duration":4,"executor":2},{"id":30,"duration":4,"executor":2},{"id":32,"duration":4,"executor":1},{"id":57,"duration":4,"executor":0},{"id":0,"duration":15,"executor":0},{"id":41,"duration":4,"executor":1},{"id":53,"duration":4,"executor":2},{"id":46,"duration":3,"executor":1},{"id":40,"duration":4,"executor":2},{"id":21,"duration":4,"executor":2},{"id":26,"duration":4,"executor":1},{"id":15,"duration":4,"executor":2},{"id":16,"duration":4,"executor":0},{"id":31,"duration":3,"executor":0},{"id":39,"duration":4,"executor":0},{"id":50,"duration":4,"executor":2},{"id":48,"duration":4,"executor":0},{"id":2,"duration":5,"executor":0},{"id":22,"duration":4,"executor":0},{"id":10,"duration":4,"executor":1},{"id":34,"duration":3,"executor":0},{"id":23,"duration":3,"executor":1},{"id":28,"duration":4,"executor":0},{"id":20,"duration":4,"executor":1},{"id":1,"duration":15,"executor":2},{"id":25,"duration":4,"executor":0},{"id":29,"duration":4,"executor":1},{"id":33,"duration":4,"executor":2},{"id":11,"duration":4,"executor":0},{"id":14,"duration":3,"executor":0},{"id":59,"duration":5,"executor":1},{"id":24,"duration":4,"executor":2},{"id":54,"duration":3,"executor":0},{"id":19,"duration":4,"executor":0},{"id":45,"duration":4,"executor":0},{"id":13,"duration":4,"executor":1},{"id":17,"duration":3,"executor":1}],"rdds":[782,783,787,789],"parents":[],"accIds":[9946,9947,9948,9949,9950,9951,10108,10109,10110,10111,10112,10113,10114,10139,10140]},{"id":195,"isQueryResult":false,"tasks":[{"id":21,"duration":19,"executor":1},{"id":50,"duration":16,"executor":1},{"id":32,"duration":16,"executor":2},{"id":43,"duration":15,"executor":1},{"id":10,"duration":24,"executor":0},{"id":42,"duration":16,"executor":0},{"id":46,"duration":19,"executor":1},{"id":3,"duration":20,"executor":0},{"id":40,"duration":17,"executor":2},{"id":49,"duration":16,"executor":2},{"id":55,"duration":17,"executor":2},{"id":7,"duration":19,"executor":1},{"id":58,"duration":16,"executor":1},{"id":31,"duration":16,"executor":0},{"id":24,"duration":19,"executor":1},{"id":16,"duration":20,"executor":2},{"id":56,"duration":16,"executor":1},{"id":35,"duration":16,"executor":2},{"id":44,"duration":17,"executor":2},{"id":1,"duration":30,"executor":1},{"id":19,"duration":19,"executor":2},{"id":18,"duration":19,"executor":1},{"id":14,"duration":20,"executor":0},{"id":11,"duration":20,"executor":2},{"id":36,"duration":20,"executor":1},{"id":6,"duration":25,"executor":0},{"id":53,"duration":15,"executor":1},{"id":8,"duration":21,"executor":2},{"id":22,"duration":20,"executor":2},{"id":23,"duration":19,"executor":0},{"id":39,"duration":16,"executor":0},{"id":9,"duration":19,"executor":1},{"id":13,"duration":19,"executor":2},{"id":54,"duration":19,"executor":0},{"id":52,"duration":16,"executor":2},{"id":25,"duration":20,"executor":2},{"id":41,"duration":16,"executor":1},{"id":5,"duration":21,"executor":2},{"id":20,"duration":20,"executor":0},{"id":26,"duration":16,"executor":0},{"id":30,"duration":19,"executor":1},{"id":47,"duration":16,"executor":2},{"id":15,"duration":18,"executor":1},{"id":59,"duration":16,"executor":2},{"id":28,"duration":15,"executor":0},{"id":57,"duration":16,"executor":0},{"id":33,"duration":19,"executor":1},{"id":37,"duration":16,"executor":0},{"id":29,"duration":17,"executor":2},{"id":4,"duration":19,"executor":1},{"id":17,"duration":19,"executor":0},{"id":2,"duration":27,"executor":0},{"id":38,"duration":16,"executor":2},{"id":12,"duration":19,"executor":1},{"id":48,"duration":16,"executor":0},{"id":27,"duration":19,"executor":1},{"id":0,"duration":32,"executor":2},{"id":45,"duration":16,"executor":0},{"id":34,"duration":16,"executor":0},{"id":51,"duration":15,"executor":0}],"rdds":[796,797,798,799],"parents":[],"accIds":[9981,10000,10001,10002,10003,10004,10005,10006,10007,10008,10143,10144,10145,10146,10147,10148,10171,10172,10173,10174,10175]},{"id":196,"isQueryResult":false,"tasks":[{"id":43,"duration":22,"executor":1},{"id":50,"duration":22,"executor":2},{"id":6,"duration":20,"executor":0},{"id":0,"duration":31,"executor":0},{"id":55,"duration":21,"executor":1},{"id":59,"duration":21,"executor":2},{"id":29,"duration":22,"executor":2},{"id":27,"duration":24,"executor":0},{"id":35,"duration":23,"executor":2},{"id":45,"duration":22,"executor":0},{"id":21,"duration":22,"executor":0},{"id":18,"duration":21,"executor":0},{"id":48,"duration":21,"executor":0},{"id":14,"duration":22,"executor":2},{"id":33,"duration":21,"executor":0},{"id":15,"duration":21,"executor":0},{"id":12,"duration":21,"executor":0},{"id":13,"duration":21,"executor":1},{"id":20,"duration":22,"executor":2},{"id":9,"duration":21,"executor":0},{"id":11,"duration":21,"executor":2},{"id":42,"duration":22,"executor":0},{"id":37,"duration":22,"executor":1},{"id":30,"duration":22,"executor":0},{"id":39,"duration":22,"executor":0},{"id":46,"duration":21,"executor":1},{"id":28,"duration":21,"executor":1},{"id":53,"duration":22,"executor":2},{"id":54,"duration":21,"executor":0},{"id":23,"duration":21,"executor":2},{"id":7,"duration":22,"executor":1},{"id":10,"duration":21,"executor":1},{"id":56,"duration":23,"executor":2},{"id":49,"duration":22,"executor":1},{"id":31,"duration":21,"executor":1},{"id":19,"duration":22,"executor":1},{"id":3,"duration":22,"executor":0},{"id":17,"duration":22,"executor":2},{"id":5,"duration":22,"executor":2},{"id":34,"duration":21,"executor":1},{"id":8,"duration":22,"executor":2},{"id":41,"duration":22,"executor":2},{"id":4,"duration":22,"executor":1},{"id":24,"duration":22,"executor":0},{"id":16,"duration":21,"executor":1},{"id":36,"duration":22,"executor":0},{"id":38,"duration":23,"executor":2},{"id":22,"duration":21,"executor":1},{"id":44,"duration":23,"executor":2},{"id":51,"duration":22,"executor":0},{"id":40,"duration":21,"executor":1},{"id":52,"duration":21,"executor":1},{"id":2,"duration":39,"executor":2},{"id":25,"duration":22,"executor":1},{"id":57,"duration":22,"executor":0},{"id":26,"duration":23,"executor":2},{"id":1,"duration":39,"executor":1},{"id":32,"duration":23,"executor":2},{"id":58,"duration":21,"executor":1},{"id":47,"duration":22,"executor":2}],"rdds":[790,791,792,793],"parents":[],"accIds":[9916,9935,9936,9937,9938,9939,9940,9955,9956,9957,9958,9959,10178,10179,10180,10181,10182,10183,10187,10206,10207,10208,10209,10210]},{"id":197,"isQueryResult":false,"tasks":[{"id":22,"duration":45,"executor":2},{"id":52,"duration":25,"executor":1},{"id":26,"duration":32,"executor":2},{"id":51,"duration":33,"executor":2},{"id":58,"duration":26,"executor":1},{"id":12,"duration":34,"executor":2},{"id":16,"duration":27,"executor":2},{"id":40,"duration":26,"executor":1},{"id":25,"duration":26,"executor":0},{"id":6,"duration":27,"executor":2},{"id":9,"duration":26,"executor":2},{"id":55,"duration":33,"executor":1},{"id":3,"duration":26,"executor":2},{"id":35,"duration":28,"executor":1},{"id":34,"duration":42,"executor":0},{"id":37,"duration":42,"executor":0},{"id":14,"duration":26,"executor":0},{"id":42,"duration":26,"executor":2},{"id":2,"duration":39,"executor":0},{"id":43,"duration":37,"executor":1},{"id":48,"duration":35,"executor":2},{"id":38,"duration":25,"executor":1},{"id":18,"duration":26,"executor":1},{"id":0,"duration":38,"executor":1},{"id":57,"duration":29,"executor":2},{"id":8,"duration":31,"executor":0},{"id":53,"duration":27,"executor":0},{"id":29,"duration":35,"executor":2},{"id":24,"duration":26,"executor":1},{"id":21,"duration":26,"executor":1},{"id":28,"duration":27,"executor":0},{"id":4,"duration":29,"executor":1},{"id":13,"duration":26,"executor":1},{"id":45,"duration":32,"executor":2},{"id":39,"duration":27,"executor":2},{"id":19,"duration":27,"executor":2},{"id":32,"duration":28,"executor":1},{"id":33,"duration":46,"executor":2},{"id":36,"duration":26,"executor":2},{"id":49,"duration":33,"executor":1},{"id":5,"duration":32,"executor":0},{"id":23,"duration":28,"executor":0},{"id":15,"duration":25,"executor":1},{"id":44,"duration":34,"executor":0},{"id":10,"duration":25,"executor":1},{"id":59,"duration":27,"executor":0},{"id":17,"duration":30,"executor":0},{"id":7,"duration":25,"executor":1},{"id":11,"duration":26,"executor":0},{"id":50,"duration":28,"executor":0},{"id":54,"duration":34,"executor":2},{"id":31,"duration":26,"executor":0},{"id":20,"duration":29,"executor":0},{"id":27,"duration":32,"executor":1},{"id":1,"duration":34,"executor":2},{"id":56,"duration":28,"executor":0},{"id":30,"duration":32,"executor":1},{"id":47,"duration":33,"executor":0},{"id":41,"duration":32,"executor":0},{"id":46,"duration":27,"executor":1}],"rdds":[794,795,800,801,802,803,804],"parents":[195,196],"accIds":[9887,9906,9907,9908,9909,9910,9911,9912,9913,9914,9915,9918,9919,9920,9922,9923,9924,9933,9977,9978,9979,9980,9983,9984,9985,9987,9988,9989,9998,10213,10214,10215,10216,10217,10218,10222,10224,10225,10226,10227,10228,10229,10230,10231,10232,10233,10234,10235,10236,10237,10238,10239,10240,10241,10242,10243]},{"id":198,"isQueryResult":false,"tasks":[{"id":15,"duration":51,"executor":1},{"id":19,"duration":26,"executor":1},{"id":51,"duration":24,"executor":1},{"id":25,"duration":24,"executor":2},{"id":59,"duration":23,"executor":2},{"id":0,"duration":43,"executor":1},{"id":33,"duration":25,"executor":2},{"id":38,"duration":24,"executor":1},{"id":27,"duration":24,"executor":2},{"id":9,"duration":23,"executor":1},{"id":58,"duration":23,"executor":0},{"id":12,"duration":24,"executor":1},{"id":13,"duration":25,"executor":0},{"id":23,"duration":25,"executor":1},{"id":45,"duration":32,"executor":2},{"id":36,"duration":24,"executor":2},{"id":14,"duration":24,"executor":2},{"id":8,"duration":24,"executor":2},{"id":47,"duration":24,"executor":0},{"id":2,"duration":51,"executor":0},{"id":30,"duration":24,"executor":2},{"id":43,"duration":24,"executor":1},{"id":11,"duration":23,"executor":2},{"id":35,"duration":25,"executor":0},{"id":24,"duration":26,"executor":0},{"id":18,"duration":24,"executor":0},{"id":1,"duration":53,"executor":2},{"id":22,"duration":25,"executor":2},{"id":48,"duration":24,"executor":1},{"id":5,"duration":27,"executor":2},{"id":53,"duration":24,"executor":2},{"id":40,"duration":23,"executor":1},{"id":3,"duration":23,"executor":1},{"id":31,"duration":25,"executor":1},{"id":32,"duration":25,"executor":0},{"id":7,"duration":24,"executor":0},{"id":16,"duration":33,"executor":0},{"id":37,"duration":25,"executor":0},{"id":4,"duration":26,"executor":0},{"id":28,"duration":25,"executor":0},{"id":34,"duration":26,"executor":1},{"id":44,"duration":24,"executor":0},{"id":49,"duration":24,"executor":0},{"id":56,"duration":23,"executor":2},{"id":55,"duration":24,"executor":0},{"id":17,"duration":33,"executor":2},{"id":39,"duration":24,"executor":2},{"id":10,"duration":24,"executor":0},{"id":52,"duration":25,"executor":0},{"id":29,"duration":24,"executor":1},{"id":21,"duration":24,"executor":0},{"id":26,"duration":25,"executor":1},{"id":41,"duration":24,"executor":0},{"id":50,"duration":24,"executor":2},{"id":42,"duration":24,"executor":2},{"id":54,"duration":23,"executor":1},{"id":46,"duration":24,"executor":1},{"id":20,"duration":24,"executor":2},{"id":57,"duration":23,"executor":1},{"id":6,"duration":23,"executor":1}],"rdds":[805,806,807,808,809,810,811,812],"parents":[197],"accIds":[9851,9870,9871,9872,9873,9874,9875,9877,9878,9880,9881,9882,9883,9884,9885,9886,9889,9890,9891,9893,9894,9895,9904,10012,10013,10014,10015,10016,10017,10018,10019,10020,10248,10249,10250,10251,10252,10253,10257,10259,10260,10261,10262,10263,10264,10265,10266,10267,10268,10269,10270,10271,10272,10273,10274,10275,10276,10277,10278,10279,10280]},{"id":199,"isQueryResult":false,"tasks":[{"id":45,"duration":7,"executor":0},{"id":35,"duration":7,"executor":2},{"id":51,"duration":7,"executor":0},{"id":52,"duration":7,"executor":1},{"id":4,"duration":7,"executor":1},{"id":20,"duration":7,"executor":2},{"id":31,"duration":6,"executor":1},{"id":50,"duration":8,"executor":1},{"id":39,"duration":8,"executor":0},{"id":44,"duration":7,"executor":1},{"id":16,"duration":6,"executor":1},{"id":58,"duration":7,"executor":1},{"id":14,"duration":6,"executor":2},{"id":21,"duration":8,"executor":0},{"id":59,"duration":8,"executor":2},{"id":11,"duration":6,"executor":2},{"id":10,"duration":7,"executor":1},{"id":25,"duration":7,"executor":1},{"id":33,"duration":7,"executor":0},{"id":23,"duration":7,"executor":2},{"id":24,"duration":7,"executor":0},{"id":19,"duration":7,"executor":1},{"id":53,"duration":9,"executor":2},{"id":17,"duration":6,"executor":2},{"id":26,"duration":6,"executor":2},{"id":8,"duration":7,"executor":2},{"id":40,"duration":7,"executor":2},{"id":47,"duration":8,"executor":1},{"id":1,"duration":10,"executor":0},{"id":22,"duration":7,"executor":1},{"id":49,"duration":9,"executor":2},{"id":55,"duration":6,"executor":1},{"id":5,"duration":8,"executor":2},{"id":41,"duration":8,"executor":1},{"id":29,"duration":7,"executor":2},{"id":36,"duration":8,"executor":0},{"id":6,"duration":6,"executor":0},{"id":30,"duration":6,"executor":0},{"id":38,"duration":7,"executor":2},{"id":37,"duration":8,"executor":1},{"id":2,"duration":12,"executor":2},{"id":12,"duration":7,"executor":0},{"id":18,"duration":7,"executor":0},{"id":32,"duration":6,"executor":2},{"id":43,"duration":7,"executor":2},{"id":56,"duration":7,"executor":2},{"id":57,"duration":7,"executor":0},{"id":9,"duration":7,"executor":0},{"id":7,"duration":6,"executor":1},{"id":0,"duration":12,"executor":1},{"id":28,"duration":6,"executor":1},{"id":13,"duration":7,"executor":1},{"id":34,"duration":7,"executor":1},{"id":42,"duration":7,"executor":0},{"id":27,"duration":7,"executor":0},{"id":3,"duration":7,"executor":0},{"id":15,"duration":7,"executor":0},{"id":46,"duration":7,"executor":2},{"id":48,"duration":8,"executor":0},{"id":54,"duration":6,"executor":0}],"rdds":[813,814,815,816,817],"parents":[198],"accIds":[9844,9845,9846,9848,9849,9853,9854,9855,9857,9858,9859,9868,10283,10284,10285,10286,10287,10292,10294,10295,10296,10297,10298,10299,10300,10301,10302,10303,10304,10305,10306,10307,10308,10309,10310]},{"id":204,"isQueryResult":false,"tasks":[{"id":12,"duration":9,"executor":0},{"id":35,"duration":8,"executor":0},{"id":6,"duration":10,"executor":0},{"id":14,"duration":10,"executor":1},{"id":25,"duration":8,"executor":2},{"id":20,"duration":9,"executor":1},{"id":21,"duration":9,"executor":0},{"id":27,"duration":9,"executor":0},{"id":0,"duration":13,"executor":0},{"id":29,"duration":9,"executor":1},{"id":54,"duration":12,"executor":1},{"id":1,"duration":14,"executor":2},{"id":38,"duration":8,"executor":0},{"id":53,"duration":9,"executor":2},{"id":8,"duration":10,"executor":1},{"id":43,"duration":10,"executor":2},{"id":46,"duration":11,"executor":1},{"id":39,"duration":10,"executor":1},{"id":41,"duration":8,"executor":0},{"id":42,"duration":12,"executor":1},{"id":50,"duration":13,"executor":1},{"id":49,"duration":8,"executor":0},{"id":24,"duration":8,"executor":0},{"id":22,"duration":9,"executor":2},{"id":37,"duration":9,"executor":2},{"id":9,"duration":9,"executor":0},{"id":13,"duration":8,"executor":2},{"id":51,"duration":10,"executor":2},{"id":48,"duration":8,"executor":2},{"id":56,"duration":10,"executor":2},{"id":34,"duration":10,"executor":2},{"id":19,"duration":8,"executor":2},{"id":40,"duration":10,"executor":2},{"id":2,"duration":14,"executor":1},{"id":5,"duration":12,"executor":1},{"id":23,"duration":10,"executor":1},{"id":10,"duration":10,"executor":2},{"id":47,"duration":8,"executor":0},{"id":44,"duration":9,"executor":0},{"id":4,"duration":11,"executor":2},{"id":31,"duration":10,"executor":2},{"id":55,"duration":13,"executor":0},{"id":11,"duration":9,"executor":1},{"id":15,"duration":9,"executor":0},{"id":45,"duration":8,"executor":2},{"id":33,"duration":8,"executor":0},{"id":17,"duration":10,"executor":1},{"id":3,"duration":12,"executor":0},{"id":32,"duration":10,"executor":1},{"id":57,"duration":12,"executor":1},{"id":16,"duration":9,"executor":2},{"id":7,"duration":9,"executor":2},{"id":30,"duration":10,"executor":0},{"id":59,"duration":8,"executor":2},{"id":18,"duration":9,"executor":0},{"id":36,"duration":9,"executor":1},{"id":28,"duration":9,"executor":2},{"id":58,"duration":10,"executor":0},{"id":26,"duration":10,"executor":1},{"id":52,"duration":10,"executor":0}],"rdds":[813,814,818],"parents":[203],"accIds":[9822,9841,9842,9843,9844,9845,9846,9848,9849,9853,9854,9855,9857,9858,9859,9868,10318,10319,10320,10321,10322,10323,10327,10329,10330,10331,10332,10333,10334,10335,10336,10337,10338,10339,10340,10341,10342,10343,10344,10345,10346,10347,10348]},{"id":205,"isQueryResult":true,"tasks":[{"id":32,"duration":5,"executor":2},{"id":53,"duration":5,"executor":1},{"id":39,"duration":6,"executor":1},{"id":47,"duration":11,"executor":2},{"id":41,"duration":4,"executor":0},{"id":24,"duration":5,"executor":0},{"id":5,"duration":4,"executor":1},{"id":42,"duration":4,"executor":2},{"id":20,"duration":5,"executor":2},{"id":52,"duration":4,"executor":0},{"id":7,"duration":4,"executor":1},{"id":19,"duration":5,"executor":1},{"id":50,"duration":5,"executor":0},{"id":55,"duration":5,"executor":1},{"id":37,"duration":4,"executor":2},{"id":58,"duration":4,"executor":2},{"id":1,"duration":7,"executor":0},{"id":21,"duration":5,"executor":1},{"id":48,"duration":4,"executor":2},{"id":6,"duration":4,"executor":0},{"id":17,"duration":4,"executor":0},{"id":26,"duration":5,"executor":1},{"id":36,"duration":4,"executor":0},{"id":9,"duration":4,"executor":0},{"id":8,"duration":4,"executor":2},{"id":23,"duration":5,"executor":2},{"id":56,"duration":5,"executor":0},{"id":46,"duration":5,"executor":2},{"id":44,"duration":5,"executor":2},{"id":33,"duration":4,"executor":1},{"id":31,"duration":4,"executor":0},{"id":28,"duration":4,"executor":0},{"id":13,"duration":4,"executor":1},{"id":11,"duration":4,"executor":0},{"id":38,"duration":4,"executor":1},{"id":43,"duration":6,"executor":1},{"id":15,"duration":4,"executor":2},{"id":30,"duration":4,"executor":1},{"id":10,"duration":4,"executor":2},{"id":16,"duration":4,"executor":1},{"id":34,"duration":4,"executor":0},{"id":14,"duration":4,"executor":0},{"id":40,"duration":4,"executor":0},{"id":51,"duration":13,"executor":1},{"id":25,"duration":5,"executor":0},{"id":0,"duration":9,"executor":1},{"id":29,"duration":5,"executor":2},{"id":12,"duration":4,"executor":1},{"id":18,"duration":5,"executor":2},{"id":27,"duration":4,"executor":1},{"id":2,"duration":8,"executor":2},{"id":3,"duration":5,"executor":0},{"id":49,"duration":4,"executor":0},{"id":4,"duration":4,"executor":2},{"id":45,"duration":5,"executor":1},{"id":54,"duration":6,"executor":0},{"id":57,"duration":5,"executor":2},{"id":59,"duration":5,"executor":1},{"id":22,"duration":4,"executor":2},{"id":35,"duration":4,"executor":2}],"rdds":[819,820,821],"parents":[204],"accIds":[9818,9819,9820,9821,9824,9825,9826,9828,9829,9830,9839,10353,10354,10355,10356,10357,10362,10364,10365,10366,10367,10368,10369,10370,10371,10372,10373,10374,10375,10376,10377,10378,10379,10380]}]},"sqlPlan":{ "nodeName":"WholeStageCodegen (13)", "description":"WholeStageCodegen (13)", "metadata":{}, "metrics":[{"metricName":"duration","value":11,"accId":9818}], "children":[{ "nodeName":"Sort", "description":"Sort [nation#1149 ASC NULLS FIRST, o_year#1150 DESC NULLS LAST], true, 0", "metadata":{}, "metrics":[{"metricName":"sort time","value":0,"accId":9819},{"metricName":"peak memory","value":4030463040,"accId":9820},{"metricName":"spill size","value":0,"accId":9821}], "children":[{ "nodeName":"InputAdapter", "description":"InputAdapter", "metadata":{}, "metrics":[], "children":[{ "nodeName":"Exchange", "description":"Exchange rangepartitioning(nation#1149 ASC NULLS FIRST, o_year#1150 DESC NULLS LAST, 60), ENSURE_REQUIREMENTS, [plan_id=7141]", "metadata":{}, "metrics":[{"metricName":"shuffle records written","value":175,"accId":9842},{"metricName":"local merged chunks fetched","value":0,"accId":9836},{"metricName":"shuffle write time","value":91501121,"accId":9843},{"metricName":"remote merged bytes read","value":0,"accId":9837},{"metricName":"local merged blocks fetched","value":0,"accId":9834},{"metricName":"corrupt merged block chunks","value":0,"accId":9831},{"metricName":"remote merged reqs duration","value":0,"accId":9840},{"metricName":"remote merged blocks fetched","value":0,"accId":9833},{"metricName":"records read","value":175,"accId":9830},{"metricName":"local bytes read","value":9653,"accId":9828},{"metricName":"fetch wait time","value":7,"accId":9829},{"metricName":"remote bytes read","value":7543,"accId":9826},{"metricName":"merged fetch fallback count","value":0,"accId":9832},{"metricName":"local blocks read","value":98,"accId":9825},{"metricName":"remote merged chunks fetched","value":0,"accId":9835},{"metricName":"remote blocks read","value":76,"accId":9824},{"metricName":"data size","value":10136,"accId":9822},{"metricName":"local merged bytes read","value":0,"accId":9838},{"metricName":"number of partitions","value":60,"accId":9823},{"metricName":"remote reqs duration","value":11,"accId":9839},{"metricName":"remote bytes read to disk","value":0,"accId":9827},{"metricName":"shuffle bytes written","value":17196,"accId":9841}], "children":[{ "nodeName":"WholeStageCodegen (12)", "description":"WholeStageCodegen (12)", "metadata":{}, "metrics":[{"metricName":"duration","value":361,"accId":9844}], "children":[{ "nodeName":"HashAggregate", "description":"HashAggregate(keys=[nation#1149, o_year#1150], functions=[sum(amount#1151)])", "metadata":{}, "metrics":[{"metricName":"spill size","value":0,"accId":9847},{"metricName":"time in aggregation build","value":220,"accId":9848},{"metricName":"peak memory","value":8084519040,"accId":9846},{"metricName":"number of output rows","value":350,"accId":9845},{"metricName":"number of sort fallback tasks","value":0,"accId":9850},{"metricName":"avg hash probes per key","value":1200,"accId":9849}], "children":[{ "nodeName":"InputAdapter", "description":"InputAdapter", "metadata":{}, "metrics":[], "children":[{ "nodeName":"Exchange", "description":"Exchange hashpartitioning(nation#1149, o_year#1150, 60), ENSURE_REQUIREMENTS, [plan_id=7137]", "metadata":{}, "metrics":[{"metricName":"shuffle records written","value":10500,"accId":9871},{"metricName":"local merged chunks fetched","value":0,"accId":9865},{"metricName":"shuffle write time","value":392452671,"accId":9872},{"metricName":"remote merged bytes read","value":0,"accId":9866},{"metricName":"local merged blocks fetched","value":0,"accId":9863},{"metricName":"corrupt merged block chunks","value":0,"accId":9860},{"metricName":"remote merged reqs duration","value":0,"accId":9869},{"metricName":"remote merged blocks fetched","value":0,"accId":9862},{"metricName":"records read","value":21000,"accId":9859},{"metricName":"local bytes read","value":400069,"accId":9857},{"metricName":"fetch wait time","value":2,"accId":9858},{"metricName":"remote bytes read","value":800037,"accId":9855},{"metricName":"merged fetch fallback count","value":0,"accId":9861},{"metricName":"local blocks read","value":2400,"accId":9854},{"metricName":"remote merged chunks fetched","value":0,"accId":9864},{"metricName":"remote blocks read","value":4800,"accId":9853},{"metricName":"data size","value":692160,"accId":9851},{"metricName":"local merged bytes read","value":0,"accId":9867},{"metricName":"number of partitions","value":60,"accId":9852},{"metricName":"remote reqs duration","value":619,"accId":9868},{"metricName":"remote bytes read to disk","value":0,"accId":9856},{"metricName":"shuffle bytes written","value":600053,"accId":9870}], "children":[{ "nodeName":"WholeStageCodegen (11)", "description":"WholeStageCodegen (11)", "metadata":{}, "metrics":[{"metricName":"duration","value":779,"accId":9873}], "children":[{ "nodeName":"HashAggregate", "description":"HashAggregate(keys=[nation#1149, o_year#1150], functions=[partial_sum(amount#1151)])", "metadata":{}, "metrics":[{"metricName":"spill size","value":0,"accId":9876},{"metricName":"time in aggregation build","value":534,"accId":9877},{"metricName":"peak memory","value":4042259520,"accId":9875},{"metricName":"number of output rows","value":10500,"accId":9874},{"metricName":"number of sort fallback tasks","value":0,"accId":9879},{"metricName":"avg hash probes per key","value":600,"accId":9878}], "children":[{ "nodeName":"Project", "description":"Project [n_name#254 AS nation#1149, year(o_orderdate#248) AS o_year#1150, ((l_extendedprice#14 * (1 - l_discount#15)) - (ps_supplycost#759 * l_quantity#13)) AS amount#1151]", "metadata":{}, "metrics":[], "children":[{ "nodeName":"BroadcastHashJoin", "description":"BroadcastHashJoin [s_nationkey#401L], [n_nationkey#253L], Inner, BuildRight, false", "metadata":{}, "metrics":[{"metricName":"number of output rows","value":319404,"accId":9880}], "children":[{ "nodeName":"Project", "description":"Project [l_quantity#13, l_extendedprice#14, l_discount#15, s_nationkey#401L, ps_supplycost#759, o_orderdate#248]", "metadata":{}, "metrics":[], "children":[{ "nodeName":"SortMergeJoin", "description":"SortMergeJoin [l_orderkey#9L], [o_orderkey#244L], Inner", "metadata":{}, "metrics":[{"metricName":"number of output rows","value":319404,"accId":9881},{"metricName":"spill size","value":0,"accId":9882}], "children":[{ "nodeName":"InputAdapter", "description":"InputAdapter", "metadata":{}, "metrics":[], "children":[{ "nodeName":"WholeStageCodegen (8)", "description":"WholeStageCodegen (8)", "metadata":{}, "metrics":[{"metricName":"duration","value":631,"accId":9883}], "children":[{ "nodeName":"Sort", "description":"Sort [l_orderkey#9L ASC NULLS FIRST], false, 0", "metadata":{}, "metrics":[{"metricName":"sort time","value":0,"accId":9884},{"metricName":"peak memory","value":4042259520,"accId":9885},{"metricName":"spill size","value":0,"accId":9886}], "children":[{ "nodeName":"InputAdapter", "description":"InputAdapter", "metadata":{}, "metrics":[], "children":[{ "nodeName":"Exchange", "description":"Exchange hashpartitioning(l_orderkey#9L, 60), ENSURE_REQUIREMENTS, [plan_id=7114]", "metadata":{}, "metrics":[{"metricName":"shuffle records written","value":319404,"accId":9907},{"metricName":"local merged chunks fetched","value":0,"accId":9901},{"metricName":"shuffle write time","value":419621005,"accId":9908},{"metricName":"remote merged bytes read","value":0,"accId":9902},{"metricName":"local merged blocks fetched","value":0,"accId":9899},{"metricName":"corrupt merged block chunks","value":0,"accId":9896},{"metricName":"remote merged reqs duration","value":0,"accId":9905},{"metricName":"remote merged blocks fetched","value":0,"accId":9898},{"metricName":"records read","value":319404,"accId":9895},{"metricName":"local bytes read","value":3206506,"accId":9893},{"metricName":"fetch wait time","value":0,"accId":9894},{"metricName":"remote bytes read","value":6401407,"accId":9891},{"metricName":"merged fetch fallback count","value":0,"accId":9897},{"metricName":"local blocks read","value":1200,"accId":9890},{"metricName":"remote merged chunks fetched","value":0,"accId":9900},{"metricName":"remote blocks read","value":2400,"accId":9889},{"metricName":"data size","value":17886624,"accId":9887},{"metricName":"local merged bytes read","value":0,"accId":9903},{"metricName":"number of partitions","value":60,"accId":9888},{"metricName":"remote reqs duration","value":322,"accId":9904},{"metricName":"remote bytes read to disk","value":0,"accId":9892},{"metricName":"shuffle bytes written","value":9607913,"accId":9906}], "children":[{ "nodeName":"WholeStageCodegen (7)", "description":"WholeStageCodegen (7)", "metadata":{}, "metrics":[{"metricName":"duration","value":998,"accId":9909}], "children":[{ "nodeName":"Project", "description":"Project [l_orderkey#9L, l_quantity#13, l_extendedprice#14, l_discount#15, s_nationkey#401L, ps_supplycost#759]", "metadata":{}, "metrics":[], "children":[{ "nodeName":"SortMergeJoin", "description":"SortMergeJoin [l_suppkey#11L, l_partkey#10L], [ps_suppkey#757L, ps_partkey#756L], Inner", "metadata":{}, "metrics":[{"metricName":"number of output rows","value":319404,"accId":9910},{"metricName":"spill size","value":0,"accId":9911}], "children":[{ "nodeName":"InputAdapter", "description":"InputAdapter", "metadata":{}, "metrics":[], "children":[{ "nodeName":"WholeStageCodegen (4)", "description":"WholeStageCodegen (4)", "metadata":{}, "metrics":[{"metricName":"duration","value":1076,"accId":9912}], "children":[{ "nodeName":"Sort", "description":"Sort [l_suppkey#11L ASC NULLS FIRST, l_partkey#10L ASC NULLS FIRST], false, 0", "metadata":{}, "metrics":[{"metricName":"sort time","value":67,"accId":9913},{"metricName":"peak memory","value":4036492352,"accId":9914},{"metricName":"spill size","value":0,"accId":9915}], "children":[{ "nodeName":"InputAdapter", "description":"InputAdapter", "metadata":{}, "metrics":[], "children":[{ "nodeName":"Exchange", "description":"Exchange hashpartitioning(l_suppkey#11L, l_partkey#10L, 60), ENSURE_REQUIREMENTS, [plan_id=7097]", "metadata":{}, "metrics":[{"metricName":"shuffle records written","value":319404,"accId":9936},{"metricName":"local merged chunks fetched","value":0,"accId":9930},{"metricName":"shuffle write time","value":382947783,"accId":9937},{"metricName":"remote merged bytes read","value":0,"accId":9931},{"metricName":"local merged blocks fetched","value":0,"accId":9928},{"metricName":"corrupt merged block chunks","value":0,"accId":9925},{"metricName":"remote merged reqs duration","value":0,"accId":9934},{"metricName":"remote merged blocks fetched","value":0,"accId":9927},{"metricName":"records read","value":319404,"accId":9924},{"metricName":"local bytes read","value":3645957,"accId":9922},{"metricName":"fetch wait time","value":28,"accId":9923},{"metricName":"remote bytes read","value":7263811,"accId":9920},{"metricName":"merged fetch fallback count","value":0,"accId":9926},{"metricName":"local blocks read","value":1200,"accId":9919},{"metricName":"remote merged chunks fetched","value":0,"accId":9929},{"metricName":"remote blocks read","value":2400,"accId":9918},{"metricName":"data size","value":20441856,"accId":9916},{"metricName":"local merged bytes read","value":0,"accId":9932},{"metricName":"number of partitions","value":60,"accId":9917},{"metricName":"remote reqs duration","value":361,"accId":9933},{"metricName":"remote bytes read to disk","value":0,"accId":9921},{"metricName":"shuffle bytes written","value":10909768,"accId":9935}], "children":[{ "nodeName":"WholeStageCodegen (3)", "description":"WholeStageCodegen (3)", "metadata":{}, "metrics":[{"metricName":"duration","value":758,"accId":9938}], "children":[{ "nodeName":"Project", "description":"Project [l_orderkey#9L, l_partkey#10L, l_suppkey#11L, l_quantity#13, l_extendedprice#14, l_discount#15, s_nationkey#401L]", "metadata":{}, "metrics":[], "children":[{ "nodeName":"BroadcastHashJoin", "description":"BroadcastHashJoin [l_suppkey#11L], [s_suppkey#398L], Inner, BuildRight, false", "metadata":{}, "metrics":[{"metricName":"number of output rows","value":319404,"accId":9939}], "children":[{ "nodeName":"Project", "description":"Project [l_orderkey#9L, l_partkey#10L, l_suppkey#11L, l_quantity#13, l_extendedprice#14, l_discount#15]", "metadata":{}, "metrics":[], "children":[{ "nodeName":"BroadcastHashJoin", "description":"BroadcastHashJoin [p_partkey#352L], [l_partkey#10L], Inner, BuildLeft, false", "metadata":{}, "metrics":[{"metricName":"number of output rows","value":319404,"accId":9940}], "children":[{ "nodeName":"InputAdapter", "description":"InputAdapter", "metadata":{}, "metrics":[], "children":[{ "nodeName":"BroadcastExchange", "description":"BroadcastExchange HashedRelationBroadcastMode(List(input[0, bigint, true]),false), [plan_id=7081]", "metadata":{}, "metrics":[{"metricName":"time to broadcast","value":2,"accId":9945},{"metricName":"time to build","value":3,"accId":9944},{"metricName":"time to collect","value":205,"accId":9943},{"metricName":"number of output rows","value":10664,"accId":9942},{"metricName":"data size","value":1572864,"accId":9941}], "children":[{ "nodeName":"WholeStageCodegen (1)", "description":"WholeStageCodegen (1)", "metadata":{}, "metrics":[{"metricName":"duration","value":103,"accId":9946}], "children":[{ "nodeName":"Project", "description":"Project [p_partkey#352L]", "metadata":{}, "metrics":[], "children":[{ "nodeName":"Filter", "description":"Filter ((isnotnull(p_name#353) AND Contains(p_name#353, green)) AND isnotnull(p_partkey#352L))", "metadata":{}, "metrics":[{"metricName":"number of output rows","value":10664,"accId":9947}], "children":[{ "nodeName":"ColumnarToRow", "description":"ColumnarToRow", "metadata":{}, "metrics":[{"metricName":"number of output rows","value":200000,"accId":9948},{"metricName":"number of input batches","value":60,"accId":9949}], "children":[{ "nodeName":"InputAdapter", "description":"InputAdapter", "metadata":{}, "metrics":[], "children":[{ "nodeName":"Scan parquet spark_catalog.tpch.part", "description":"FileScan parquet spark_catalog.tpch.part[p_partkey#352L,p_name#353] Batched: true, Bucketed: true, DataFilters: [isnotnull(p_name#353), Contains(p_name#353, green), isnotnull(p_partkey#352L)], Format: Parquet, Location: InMemoryFileIndex(1 paths)[file:/data/spark-warehouse/tpch.db/part], PartitionFilters: [], PushedFilters: [IsNotNull(p_name), StringContains(p_name,green), IsNotNull(p_partkey)], ReadSchema: struct<p_partkey:bigint,p_name:string>, SelectedBucketsCount: 60 out of 60", "metadata":{"Location":"InMemoryFileIndex(1 paths)[file:/data/spark-warehouse/tpch.db/part]","ReadSchema":"struct<p_partkey:bigint,p_name:string>","Format":"Parquet","SelectedBucketsCount":"60 out of 60","Batched":"true","PartitionFilters":"[]","PushedFilters":"[IsNotNull(p_name), StringContains(p_name,green), IsNotNull(p_partkey)]","DataFilters":"[isnotnull(p_name#353), Contains(p_name#353, green), isnotnull(p_partkey#352L)]","Bucketed":"true"}, "metrics":[{"metricName":"number of files read","value":60,"accId":9952},{"metricName":"scan time","value":81,"accId":9951},{"metricName":"metadata time","value":0,"accId":9953},{"metricName":"size of files read","value":15214963,"accId":9954},{"metricName":"number of output rows","value":200000,"accId":9950}], "children":[] }] }] }] }] }] }] }] },{ "nodeName":"Filter", "description":"Filter ((isnotnull(l_partkey#10L) AND isnotnull(l_suppkey#11L)) AND isnotnull(l_orderkey#9L))", "metadata":{}, "metrics":[{"metricName":"number of output rows","value":6001215,"accId":9955}], "children":[{ "nodeName":"ColumnarToRow", "description":"ColumnarToRow", "metadata":{}, "metrics":[{"metricName":"number of output rows","value":6001215,"accId":9956},{"metricName":"number of input batches","value":1500,"accId":9957}], "children":[{ "nodeName":"InputAdapter", "description":"InputAdapter", "metadata":{}, "metrics":[], "children":[{ "nodeName":"Scan parquet spark_catalog.tpch.lineitem", "description":"FileScan parquet spark_catalog.tpch.lineitem[l_orderkey#9L,l_partkey#10L,l_suppkey#11L,l_quantity#13,l_extendedprice#14,l_discount#15] Batched: true, Bucketed: true, DataFilters: [isnotnull(l_partkey#10L), isnotnull(l_suppkey#11L), isnotnull(l_orderkey#9L)], Format: Parquet, Location: InMemoryFileIndex(1 paths)[file:/data/spark-warehouse/tpch.db/lineitem], PartitionFilters: [], PushedFilters: [IsNotNull(l_partkey), IsNotNull(l_suppkey), IsNotNull(l_orderkey)], ReadSchema: struct<l_orderkey:bigint,l_partkey:bigint,l_suppkey:bigint,l_quantity:decimal(15,2),l_extendedpri..., SelectedBucketsCount: 60 out of 60", "metadata":{"Location":"InMemoryFileIndex(1 paths)[file:/data/spark-warehouse/tpch.db/lineitem]","ReadSchema":"struct<l_orderkey:bigint,l_partkey:bigint,l_suppkey:bigint,l_quantity:decimal(15,2),l_extendedprice:decimal(15,2),l_discount:decimal(15,2)>","Format":"Parquet","SelectedBucketsCount":"60 out of 60","Batched":"true","PartitionFilters":"[]","PushedFilters":"[IsNotNull(l_partkey), IsNotNull(l_suppkey), IsNotNull(l_orderkey)]","DataFilters":"[isnotnull(l_partkey#10L), isnotnull(l_suppkey#11L), isnotnull(l_orderkey#9L)]","Bucketed":"true"}, "metrics":[{"metricName":"number of files read","value":60,"accId":9960},{"metricName":"scan time","value":132,"accId":9959},{"metricName":"metadata time","value":0,"accId":9961},{"metricName":"size of files read","value":365478469,"accId":9962},{"metricName":"number of output rows","value":6001215,"accId":9958}], "children":[] }] }] }] }] }] },{ "nodeName":"InputAdapter", "description":"InputAdapter", "metadata":{}, "metrics":[], "children":[{ "nodeName":"BroadcastExchange", "description":"BroadcastExchange HashedRelationBroadcastMode(List(input[0, bigint, false]),false), [plan_id=7092]", "metadata":{}, "metrics":[{"metricName":"time to broadcast","value":1,"accId":9967},{"metricName":"time to build","value":3,"accId":9966},{"metricName":"time to collect","value":111,"accId":9965},{"metricName":"number of output rows","value":10000,"accId":9964},{"metricName":"data size","value":1128576,"accId":9963}], "children":[{ "nodeName":"WholeStageCodegen (2)", "description":"WholeStageCodegen (2)", "metadata":{}, "metrics":[{"metricName":"duration","value":81,"accId":9968}], "children":[{ "nodeName":"Filter", "description":"Filter (isnotnull(s_suppkey#398L) AND isnotnull(s_nationkey#401L))", "metadata":{}, "metrics":[{"metricName":"number of output rows","value":10000,"accId":9969}], "children":[{ "nodeName":"ColumnarToRow", "description":"ColumnarToRow", "metadata":{}, "metrics":[{"metricName":"number of output rows","value":10000,"accId":9970},{"metricName":"number of input batches","value":60,"accId":9971}], "children":[{ "nodeName":"InputAdapter", "description":"InputAdapter", "metadata":{}, "metrics":[], "children":[{ "nodeName":"Scan parquet spark_catalog.tpch.supplier", "description":"FileScan parquet spark_catalog.tpch.supplier[s_suppkey#398L,s_nationkey#401L] Batched: true, Bucketed: true, DataFilters: [isnotnull(s_suppkey#398L), isnotnull(s_nationkey#401L)], Format: Parquet, Location: InMemoryFileIndex(1 paths)[file:/data/spark-warehouse/tpch.db/supplier], PartitionFilters: [], PushedFilters: [IsNotNull(s_suppkey), IsNotNull(s_nationkey)], ReadSchema: struct<s_suppkey:bigint,s_nationkey:bigint>, SelectedBucketsCount: 60 out of 60", "metadata":{"Location":"InMemoryFileIndex(1 paths)[file:/data/spark-warehouse/tpch.db/supplier]","ReadSchema":"struct<s_suppkey:bigint,s_nationkey:bigint>","Format":"Parquet","SelectedBucketsCount":"60 out of 60","Batched":"true","PartitionFilters":"[]","PushedFilters":"[IsNotNull(s_suppkey), IsNotNull(s_nationkey)]","DataFilters":"[isnotnull(s_suppkey#398L), isnotnull(s_nationkey#401L)]","Bucketed":"true"}, "metrics":[{"metricName":"number of files read","value":60,"accId":9974},{"metricName":"scan time","value":77,"accId":9973},{"metricName":"metadata time","value":0,"accId":9975},{"metricName":"size of files read","value":1689031,"accId":9976},{"metricName":"number of output rows","value":10000,"accId":9972}], "children":[] }] }] }] }] }] }] }] }] }] }] }] }] }] }] },{ "nodeName":"InputAdapter", "description":"InputAdapter", "metadata":{}, "metrics":[], "children":[{ "nodeName":"WholeStageCodegen (6)", "description":"WholeStageCodegen (6)", "metadata":{}, "metrics":[{"metricName":"duration","value":63,"accId":9977}], "children":[{ "nodeName":"Sort", "description":"Sort [ps_suppkey#757L ASC NULLS FIRST, ps_partkey#756L ASC NULLS FIRST], false, 0", "metadata":{}, "metrics":[{"metricName":"sort time","value":213,"accId":9978},{"metricName":"peak memory","value":4057988160,"accId":9979},{"metricName":"spill size","value":0,"accId":9980}], "children":[{ "nodeName":"InputAdapter", "description":"InputAdapter", "metadata":{}, "metrics":[], "children":[{ "nodeName":"Exchange", "description":"Exchange hashpartitioning(ps_suppkey#757L, ps_partkey#756L, 60), ENSURE_REQUIREMENTS, [plan_id=7106]", "metadata":{}, "metrics":[{"metricName":"shuffle records written","value":800000,"accId":10001},{"metricName":"local merged chunks fetched","value":0,"accId":9995},{"metricName":"shuffle write time","value":446766422,"accId":10002},{"metricName":"remote merged bytes read","value":0,"accId":9996},{"metricName":"local merged blocks fetched","value":0,"accId":9993},{"metricName":"corrupt merged block chunks","value":0,"accId":9990},{"metricName":"remote merged reqs duration","value":0,"accId":9999},{"metricName":"remote merged blocks fetched","value":0,"accId":9992},{"metricName":"records read","value":800000,"accId":9989},{"metricName":"local bytes read","value":4521924,"accId":9987},{"metricName":"fetch wait time","value":14,"accId":9988},{"metricName":"remote bytes read","value":9050597,"accId":9985},{"metricName":"merged fetch fallback count","value":0,"accId":9991},{"metricName":"local blocks read","value":1200,"accId":9984},{"metricName":"remote merged chunks fetched","value":0,"accId":9994},{"metricName":"remote blocks read","value":2400,"accId":9983},{"metricName":"data size","value":25600000,"accId":9981},{"metricName":"local merged bytes read","value":0,"accId":9997},{"metricName":"number of partitions","value":60,"accId":9982},{"metricName":"remote reqs duration","value":521,"accId":9998},{"metricName":"remote bytes read to disk","value":0,"accId":9986},{"metricName":"shuffle bytes written","value":13572521,"accId":10000}], "children":[{ "nodeName":"WholeStageCodegen (5)", "description":"WholeStageCodegen (5)", "metadata":{}, "metrics":[{"metricName":"duration","value":438,"accId":10003}], "children":[{ "nodeName":"Filter", "description":"Filter (isnotnull(ps_suppkey#757L) AND isnotnull(ps_partkey#756L))", "metadata":{}, "metrics":[{"metricName":"number of output rows","value":800000,"accId":10004}], "children":[{ "nodeName":"ColumnarToRow", "description":"ColumnarToRow", "metadata":{}, "metrics":[{"metricName":"number of output rows","value":800000,"accId":10005},{"metricName":"number of input batches","value":240,"accId":10006}], "children":[{ "nodeName":"InputAdapter", "description":"InputAdapter", "metadata":{}, "metrics":[], "children":[{ "nodeName":"Scan parquet spark_catalog.tpch.partsupp", "description":"FileScan parquet spark_catalog.tpch.partsupp[ps_partkey#756L,ps_suppkey#757L,ps_supplycost#759] Batched: true, Bucketed: false (disabled by query planner), DataFilters: [isnotnull(ps_suppkey#757L), isnotnull(ps_partkey#756L)], Format: Parquet, Location: InMemoryFileIndex(1 paths)[file:/data/spark-warehouse/tpch.db/partsupp], PartitionFilters: [], PushedFilters: [IsNotNull(ps_suppkey), IsNotNull(ps_partkey)], ReadSchema: struct<ps_partkey:bigint,ps_suppkey:bigint,ps_supplycost:decimal(15,2)>", "metadata":{"Location":"InMemoryFileIndex(1 paths)[file:/data/spark-warehouse/tpch.db/partsupp]","ReadSchema":"struct<ps_partkey:bigint,ps_suppkey:bigint,ps_supplycost:decimal(15,2)>","Format":"Parquet","Batched":"true","PartitionFilters":"[]","PushedFilters":"[IsNotNull(ps_suppkey), IsNotNull(ps_partkey)]","DataFilters":"[isnotnull(ps_suppkey#757L), isnotnull(ps_partkey#756L)]","Bucketed":"false (disabled by query planner)"}, "metrics":[{"metricName":"number of files read","value":60,"accId":10009},{"metricName":"scan time","value":80,"accId":10008},{"metricName":"metadata time","value":0,"accId":10010},{"metricName":"size of files read","value":119347912,"accId":10011},{"metricName":"number of output rows","value":800000,"accId":10007}], "children":[] }] }] }] }] }] }] }] }] }] }] }] }] }] }] }] }] }] },{ "nodeName":"InputAdapter", "description":"InputAdapter", "metadata":{}, "metrics":[], "children":[{ "nodeName":"WholeStageCodegen (9)", "description":"WholeStageCodegen (9)", "metadata":{}, "metrics":[{"metricName":"duration","value":93,"accId":10012}], "children":[{ "nodeName":"Sort", "description":"Sort [o_orderkey#244L ASC NULLS FIRST], false, 0", "metadata":{}, "metrics":[{"metricName":"sort time","value":0,"accId":10013},{"metricName":"peak memory","value":4089445440,"accId":10014},{"metricName":"spill size","value":0,"accId":10015}], "children":[{ "nodeName":"Filter", "description":"Filter isnotnull(o_orderkey#244L)", "metadata":{}, "metrics":[{"metricName":"number of output rows","value":1500000,"accId":10016}], "children":[{ "nodeName":"ColumnarToRow", "description":"ColumnarToRow", "metadata":{}, "metrics":[{"metricName":"number of output rows","value":1500000,"accId":10017},{"metricName":"number of input batches","value":420,"accId":10018}], "children":[{ "nodeName":"InputAdapter", "description":"InputAdapter", "metadata":{}, "metrics":[], "children":[{ "nodeName":"Scan parquet spark_catalog.tpch.orders", "description":"FileScan parquet spark_catalog.tpch.orders[o_orderkey#244L,o_orderdate#248] Batched: true, Bucketed: true, DataFilters: [isnotnull(o_orderkey#244L)], Format: Parquet, Location: InMemoryFileIndex(1 paths)[file:/data/spark-warehouse/tpch.db/orders], PartitionFilters: [], PushedFilters: [IsNotNull(o_orderkey)], ReadSchema: struct<o_orderkey:bigint,o_orderdate:date>, SelectedBucketsCount: 60 out of 60", "metadata":{"Location":"InMemoryFileIndex(1 paths)[file:/data/spark-warehouse/tpch.db/orders]","ReadSchema":"struct<o_orderkey:bigint,o_orderdate:date>","Format":"Parquet","SelectedBucketsCount":"60 out of 60","Batched":"true","PartitionFilters":"[]","PushedFilters":"[IsNotNull(o_orderkey)]","DataFilters":"[isnotnull(o_orderkey#244L)]","Bucketed":"true"}, "metrics":[{"metricName":"number of files read","value":60,"accId":10021},{"metricName":"scan time","value":76,"accId":10020},{"metricName":"metadata time","value":0,"accId":10022},{"metricName":"size of files read","value":121789992,"accId":10023},{"metricName":"number of output rows","value":1500000,"accId":10019}], "children":[] }] }] }] }] }] }] }] }] },{ "nodeName":"InputAdapter", "description":"InputAdapter", "metadata":{}, "metrics":[], "children":[{ "nodeName":"BroadcastExchange", "description":"BroadcastExchange HashedRelationBroadcastMode(List(input[0, bigint, false]),false), [plan_id=7131]", "metadata":{}, "metrics":[{"metricName":"time to broadcast","value":0,"accId":10028},{"metricName":"time to build","value":0,"accId":10027},{"metricName":"time to collect","value":122,"accId":10026},{"metricName":"number of output rows","value":25,"accId":10025},{"metricName":"data size","value":1048776,"accId":10024}], "children":[{ "nodeName":"WholeStageCodegen (10)", "description":"WholeStageCodegen (10)", "metadata":{}, "metrics":[{"metricName":"duration","value":7,"accId":10029}], "children":[{ "nodeName":"Filter", "description":"Filter isnotnull(n_nationkey#253L)", "metadata":{}, "metrics":[{"metricName":"number of output rows","value":25,"accId":10030}], "children":[{ "nodeName":"ColumnarToRow", "description":"ColumnarToRow", "metadata":{}, "metrics":[{"metricName":"number of output rows","value":25,"accId":10031},{"metricName":"number of input batches","value":1,"accId":10032}], "children":[{ "nodeName":"InputAdapter", "description":"InputAdapter", "metadata":{}, "metrics":[], "children":[{ "nodeName":"Scan parquet spark_catalog.tpch.nation", "description":"FileScan parquet spark_catalog.tpch.nation[n_nationkey#253L,n_name#254] Batched: true, DataFilters: [isnotnull(n_nationkey#253L)], Format: Parquet, Location: InMemoryFileIndex(1 paths)[file:/data/spark-warehouse/tpch.db/nation], PartitionFilters: [], PushedFilters: [IsNotNull(n_nationkey)], ReadSchema: struct<n_nationkey:bigint,n_name:string>", "metadata":{"Location":"InMemoryFileIndex(1 paths)[file:/data/spark-warehouse/tpch.db/nation]","ReadSchema":"struct<n_nationkey:bigint,n_name:string>","Format":"Parquet","Batched":"true","PartitionFilters":"[]","PushedFilters":"[IsNotNull(n_nationkey)]","DataFilters":"[isnotnull(n_nationkey#253L)]"}, "metrics":[{"metricName":"number of files read","value":1,"accId":10035},{"metricName":"scan time","value":7,"accId":10034},{"metricName":"metadata time","value":0,"accId":10036},{"metricName":"size of files read","value":4008,"accId":10037},{"metricName":"number of output rows","value":25,"accId":10033}], "children":[] }] }] }] }] }] }] }] }] }] }] }] }] }] }] }] }] }] }] }}]