{"cluster":{"nodes":[{"nCores":4, "memorySize":10.5, "networkSpeed":20, "networkLatency":0.00025}, {"nCores":36, "memorySize":96, "networkSpeed":50, "networkLatency":0.00025}, {"nCores":72, "memorySize":192, "networkSpeed":100, "networkLatency":0.00025}, {"nCores":0, "memorySize":1e+06, "networkSpeed":1e+06, "networkLatency":0.1}], "storageService":true}, "plan":{"dataUnits":[{"name":"intermediate_0", "id":0, "estimatedCard":52745, "isIntermediate":true, "attributes":[{"name":"l_orderkey", "dataUnitId":0, "attributeIndex":0, "size":4}, {"name":"l_shipdate", "dataUnitId":0, "attributeIndex":1, "size":32}, {"name":"l_commitdate", "dataUnitId":0, "attributeIndex":2, "size":32}, {"name":"l_receiptdate", "dataUnitId":0, "attributeIndex":3, "size":32}, {"name":"l_shipmode", "dataUnitId":0, "attributeIndex":4, "size":1}], "partitionLayout":{"type":"hashpartitioned", "nPartitions":4, "attributes":[{"name":"l_orderkey", "dataUnitId":0, "attributeIndex":0, "size":4}]}}, {"name":"lineitem", "id":1, "estimatedCard":6001215, "isIntermediate":false, "attributes":[{"name":"l_orderkey", "dataUnitId":1, "attributeIndex":0, "size":4}, {"name":"l_partkey", "dataUnitId":1, "attributeIndex":1, "size":4}, {"name":"l_suppkey", "dataUnitId":1, "attributeIndex":2, "size":4}, {"name":"l_linenumber", "dataUnitId":1, "attributeIndex":3, "size":4}, {"name":"l_quantity", "dataUnitId":1, "attributeIndex":4, "size":8}, {"name":"l_extendedprice", "dataUnitId":1, "attributeIndex":5, "size":8}, {"name":"l_discount", "dataUnitId":1, "attributeIndex":6, "size":8}, {"name":"l_tax", "dataUnitId":1, "attributeIndex":7, "size":8}, {"name":"l_returnflag", "dataUnitId":1, "attributeIndex":8, "size":1}, {"name":"l_linestatus", "dataUnitId":1, "attributeIndex":9, "size":1}, {"name":"l_shipdate", "dataUnitId":1, "attributeIndex":10, "size":32}, {"name":"l_commitdate", "dataUnitId":1, "attributeIndex":11, "size":32}, {"name":"l_receiptdate", "dataUnitId":1, "attributeIndex":12, "size":32}, {"name":"l_shipinstruct", "dataUnitId":1, "attributeIndex":13, "size":1}, {"name":"l_shipmode", "dataUnitId":1, "attributeIndex":14, "size":1}, {"name":"l_comment", "dataUnitId":1, "attributeIndex":15, "size":10}], "partitionLayout":{"type":"hashpartitioned", "nPartitions":4, "attributes":[{"name":"l_orderkey", "dataUnitId":1, "attributeIndex":0, "size":4}]}}, {"name":"intermediate_1", "id":2, "estimatedCard":52745, "isIntermediate":true, "attributes":[{"name":"o_orderkey", "dataUnitId":2, "attributeIndex":0, "size":4}, {"name":"o_orderpriority", "dataUnitId":2, "attributeIndex":1, "size":1}, {"name":"l_orderkey", "dataUnitId":2, "attributeIndex":2, "size":4}, {"name":"l_shipdate", "dataUnitId":2, "attributeIndex":3, "size":32}, {"name":"l_commitdate", "dataUnitId":2, "attributeIndex":4, "size":32}, {"name":"l_receiptdate", "dataUnitId":2, "attributeIndex":5, "size":32}, {"name":"l_shipmode", "dataUnitId":2, "attributeIndex":6, "size":1}], "partitionLayout":{"type":"broadcast", "nPartitions":1, "attributes":[]}}, {"name":"intermediate_0_shuffled", "id":3, "estimatedCard":52745, "isIntermediate":true, "attributes":[{"name":"l_orderkey", "dataUnitId":0, "attributeIndex":0, "size":4}, {"name":"l_shipdate", "dataUnitId":0, "attributeIndex":1, "size":32}, {"name":"l_commitdate", "dataUnitId":0, "attributeIndex":2, "size":32}, {"name":"l_receiptdate", "dataUnitId":0, "attributeIndex":3, "size":32}, {"name":"l_shipmode", "dataUnitId":0, "attributeIndex":4, "size":1}], "partitionLayout":{"type":"broadcast", "nPartitions":1, "attributes":[]}}, {"name":"intermediate_2", "id":4, "estimatedCard":7.41748329209580781, "isIntermediate":true, "attributes":[{"name":"l_shipmode", "dataUnitId":4, "attributeIndex":0, "size":1}, {"name":"sum()", "dataUnitId":4, "attributeIndex":1, "size":8}, {"name":"sum()", "dataUnitId":4, "attributeIndex":2, "size":8}], "partitionLayout":{"type":"hashpartitioned", "nPartitions":4, "attributes":[{"name":"o_orderkey", "dataUnitId":5, "attributeIndex":0, "size":4}]}}, {"name":"orders", "id":5, "estimatedCard":1.5e+06, "isIntermediate":false, "attributes":[{"name":"o_orderkey", "dataUnitId":5, "attributeIndex":0, "size":4}, {"name":"o_custkey", "dataUnitId":5, "attributeIndex":1, "size":4}, {"name":"o_orderstatus", "dataUnitId":5, "attributeIndex":2, "size":1}, {"name":"o_totalprice", "dataUnitId":5, "attributeIndex":3, "size":8}, {"name":"o_orderdate", "dataUnitId":5, "attributeIndex":4, "size":32}, {"name":"o_orderpriority", "dataUnitId":5, "attributeIndex":5, "size":1}, {"name":"o_clerk", "dataUnitId":5, "attributeIndex":6, "size":1}, {"name":"o_shippriority", "dataUnitId":5, "attributeIndex":7, "size":4}, {"name":"o_comment", "dataUnitId":5, "attributeIndex":8, "size":10}], "partitionLayout":{"type":"hashpartitioned", "nPartitions":4, "attributes":[{"name":"o_orderkey", "dataUnitId":5, "attributeIndex":0, "size":4}]}}, {"name":"intermediate_3", "id":6, "estimatedCard":7.41748329209580781, "isIntermediate":true, "attributes":[{"name":"l_shipmode", "dataUnitId":6, "attributeIndex":0, "size":1}, {"name":"sum()", "dataUnitId":6, "attributeIndex":1, "size":8}, {"name":"sum()", "dataUnitId":6, "attributeIndex":2, "size":8}], "partitionLayout":{"type":"singlenode", "nPartitions":1, "attributes":[]}}, {"name":"intermediate_2_shuffled", "id":7, "estimatedCard":7.41748329209580781, "isIntermediate":true, "attributes":[{"name":"l_shipmode", "dataUnitId":4, "attributeIndex":0, "size":1}, {"name":"sum()", "dataUnitId":4, "attributeIndex":1, "size":8}, {"name":"sum()", "dataUnitId":4, "attributeIndex":2, "size":8}], "partitionLayout":{"type":"singlenode", "nPartitions":1, "attributes":[]}}, {"name":"intermediate_4", "id":8, "estimatedCard":7.41748329209580781, "isIntermediate":true, "attributes":[{"name":"l_shipmode", "dataUnitId":8, "attributeIndex":0, "size":1}, {"name":"sum()", "dataUnitId":8, "attributeIndex":1, "size":8}, {"name":"sum()", "dataUnitId":8, "attributeIndex":2, "size":8}], "partitionLayout":{"type":"singlenode", "nPartitions":1, "attributes":[]}}], "pipelines":[{"id":0, "scan":1, "output":0, "estimatedLoad":1.82312773407668552e-10, "requiredData":[]}, {"id":1, "scan":3, "output":2, "estimatedLoad":1.20618419843501548e-08, "requiredData":[]}, {"id":2, "scan":5, "output":4, "estimatedLoad":7.31311030359649826e-10, "requiredData":[2]}, {"id":3, "scan":7, "output":6, "estimatedLoad":7.98455759934590602e-06, "requiredData":[]}, {"id":4, "scan":6, "output":8, "estimatedLoad":3.45729626408444952e-06, "requiredData":[]}], "shuffleStages":[{"from":4, "to":7}, {"from":0, "to":3}], "dependencyOrder":[0, 1, 2, 3, 4]}, "tasks":[{"k":4, "v":[{"pipelineId":4, "scannedPartition":{"dataUnitId":6, "partitionIndex":0}, "requiredPartitions":[], "outputPartition":{"dataUnitId":8, "partitionIndex":0}, "broadcast":false}]}, {"k":3, "v":[{"pipelineId":3, "scannedPartition":{"dataUnitId":7, "partitionIndex":0}, "requiredPartitions":[], "outputPartition":{"dataUnitId":6, "partitionIndex":0}, "broadcast":false}]}, {"k":2, "v":[{"pipelineId":2, "scannedPartition":{"dataUnitId":5, "partitionIndex":0}, "requiredPartitions":[{"dataUnitId":2, "partitionIndex":0}], "outputPartition":{"dataUnitId":4, "partitionIndex":0}, "broadcast":false}, {"pipelineId":2, "scannedPartition":{"dataUnitId":5, "partitionIndex":1}, "requiredPartitions":[{"dataUnitId":2, "partitionIndex":0}], "outputPartition":{"dataUnitId":4, "partitionIndex":1}, "broadcast":false}, {"pipelineId":2, "scannedPartition":{"dataUnitId":5, "partitionIndex":2}, "requiredPartitions":[{"dataUnitId":2, "partitionIndex":0}], "outputPartition":{"dataUnitId":4, "partitionIndex":2}, "broadcast":false}, {"pipelineId":2, "scannedPartition":{"dataUnitId":5, "partitionIndex":3}, "requiredPartitions":[{"dataUnitId":2, "partitionIndex":0}], "outputPartition":{"dataUnitId":4, "partitionIndex":3}, "broadcast":false}]}, {"k":0, "v":[{"pipelineId":0, "scannedPartition":{"dataUnitId":1, "partitionIndex":0}, "requiredPartitions":[], "outputPartition":{"dataUnitId":0, "partitionIndex":0}, "broadcast":false}, {"pipelineId":0, "scannedPartition":{"dataUnitId":1, "partitionIndex":1}, "requiredPartitions":[], "outputPartition":{"dataUnitId":0, "partitionIndex":1}, "broadcast":false}, {"pipelineId":0, "scannedPartition":{"dataUnitId":1, "partitionIndex":2}, "requiredPartitions":[], "outputPartition":{"dataUnitId":0, "partitionIndex":2}, "broadcast":false}, {"pipelineId":0, "scannedPartition":{"dataUnitId":1, "partitionIndex":3}, "requiredPartitions":[], "outputPartition":{"dataUnitId":0, "partitionIndex":3}, "broadcast":false}]}], "broadcastTasks":[{"k":1, "v":{"pipelineId":1, "scannedPartition":{"dataUnitId":3, "partitionIndex":0}, "requiredPartitions":[], "outputPartition":{"dataUnitId":2, "partitionIndex":0}, "broadcast":true}}], "initialPartitioning":{"owningNode":[{"k":{"dataUnitId":5, "partitionIndex":3}, "v":1}, {"k":{"dataUnitId":5, "partitionIndex":1}, "v":3}, {"k":{"dataUnitId":5, "partitionIndex":0}, "v":3}, {"k":{"dataUnitId":1, "partitionIndex":3}, "v":1}, {"k":{"dataUnitId":1, "partitionIndex":2}, "v":3}, {"k":{"dataUnitId":5, "partitionIndex":2}, "v":3}, {"k":{"dataUnitId":1, "partitionIndex":1}, "v":3}, {"k":{"dataUnitId":1, "partitionIndex":0}, "v":3}], "cachingNodes":[{"k":{"dataUnitId":5, "partitionIndex":3}, "v":[3, 2, 0]}, {"k":{"dataUnitId":5, "partitionIndex":1}, "v":[0]}, {"k":{"dataUnitId":5, "partitionIndex":0}, "v":[0]}, {"k":{"dataUnitId":1, "partitionIndex":3}, "v":[3, 2, 0]}, {"k":{"dataUnitId":1, "partitionIndex":2}, "v":[2, 0]}, {"k":{"dataUnitId":5, "partitionIndex":2}, "v":[2, 0]}, {"k":{"dataUnitId":1, "partitionIndex":1}, "v":[0]}, {"k":{"dataUnitId":1, "partitionIndex":0}, "v":[0]}], "nNodes":4}, "name":"c5nxlarge-c5n9xlarge-c5n18xlargex3_rand2_4_q12", "resultNode":0, "nParallelTasks":10000}