{"cluster":{"nodes":[{"nCores":4, "memorySize":10.5, "networkSpeed":20, "networkLatency":0.00025}, {"nCores":4, "memorySize":10.5, "networkSpeed":20, "networkLatency":0.00025}, {"nCores":4, "memorySize":10.5, "networkSpeed":20, "networkLatency":0.00025}, {"nCores":4, "memorySize":10.5, "networkSpeed":20, "networkLatency":0.00025}, {"nCores":0, "memorySize":1e+06, "networkSpeed":1e+06, "networkLatency":0.1}], "storageService":true}, "plan":{"dataUnits":[{"name":"intermediate_0", "id":0, "estimatedCard":31250, "isIntermediate":true, "attributes":[{"name":"p_partkey", "dataUnitId":0, "attributeIndex":0, "size":4}, {"name":"p_brand", "dataUnitId":0, "attributeIndex":1, "size":1}, {"name":"p_type", "dataUnitId":0, "attributeIndex":2, "size":10}, {"name":"p_size", "dataUnitId":0, "attributeIndex":3, "size":4}], "partitionLayout":{"type":"hashpartitioned", "nPartitions":16, "attributes":[{"name":"p_partkey", "dataUnitId":0, "attributeIndex":0, "size":4}]}}, {"name":"part", "id":1, "estimatedCard":200000, "isIntermediate":false, "attributes":[{"name":"p_partkey", "dataUnitId":1, "attributeIndex":0, "size":4}, {"name":"p_name", "dataUnitId":1, "attributeIndex":1, "size":10}, {"name":"p_mfgr", "dataUnitId":1, "attributeIndex":2, "size":1}, {"name":"p_brand", "dataUnitId":1, "attributeIndex":3, "size":1}, {"name":"p_type", "dataUnitId":1, "attributeIndex":4, "size":10}, {"name":"p_size", "dataUnitId":1, "attributeIndex":5, "size":4}, {"name":"p_container", "dataUnitId":1, "attributeIndex":6, "size":1}, {"name":"p_retailprice", "dataUnitId":1, "attributeIndex":7, "size":8}, {"name":"p_comment", "dataUnitId":1, "attributeIndex":8, "size":10}], "partitionLayout":{"type":"hashpartitioned", "nPartitions":16, "attributes":[{"name":"p_partkey", "dataUnitId":1, "attributeIndex":0, "size":4}]}}, {"name":"intermediate_1", "id":2, "estimatedCard":31250, "isIntermediate":true, "attributes":[{"name":"ps_partkey", "dataUnitId":2, "attributeIndex":0, "size":4}, {"name":"ps_suppkey", "dataUnitId":2, "attributeIndex":1, "size":4}, {"name":"p_partkey", "dataUnitId":2, "attributeIndex":2, "size":4}, {"name":"p_brand", "dataUnitId":2, "attributeIndex":3, "size":1}, {"name":"p_type", "dataUnitId":2, "attributeIndex":4, "size":10}, {"name":"p_size", "dataUnitId":2, "attributeIndex":5, "size":4}], "partitionLayout":{"type":"broadcast", "nPartitions":1, "attributes":[]}}, {"name":"intermediate_0_shuffled", "id":3, "estimatedCard":31250, "isIntermediate":true, "attributes":[{"name":"p_partkey", "dataUnitId":0, "attributeIndex":0, "size":4}, {"name":"p_brand", "dataUnitId":0, "attributeIndex":1, "size":1}, {"name":"p_type", "dataUnitId":0, "attributeIndex":2, "size":10}, {"name":"p_size", "dataUnitId":0, "attributeIndex":3, "size":4}], "partitionLayout":{"type":"broadcast", "nPartitions":1, "attributes":[]}}, {"name":"intermediate_2", "id":4, "estimatedCard":9, "isIntermediate":true, "attributes":[{"name":"s_suppkey", "dataUnitId":4, "attributeIndex":0, "size":4}, {"name":"s_comment", "dataUnitId":4, "attributeIndex":1, "size":10}], "partitionLayout":{"type":"hashpartitioned", "nPartitions":16, "attributes":[{"name":"s_suppkey", "dataUnitId":4, "attributeIndex":0, "size":4}]}}, {"name":"supplier", "id":5, "estimatedCard":10000, "isIntermediate":false, "attributes":[{"name":"s_suppkey", "dataUnitId":5, "attributeIndex":0, "size":4}, {"name":"s_name", "dataUnitId":5, "attributeIndex":1, "size":1}, {"name":"s_address", "dataUnitId":5, "attributeIndex":2, "size":10}, {"name":"s_nationkey", "dataUnitId":5, "attributeIndex":3, "size":4}, {"name":"s_phone", "dataUnitId":5, "attributeIndex":4, "size":1}, {"name":"s_acctbal", "dataUnitId":5, "attributeIndex":5, "size":8}, {"name":"s_comment", "dataUnitId":5, "attributeIndex":6, "size":10}], "partitionLayout":{"type":"hashpartitioned", "nPartitions":16, "attributes":[{"name":"s_suppkey", "dataUnitId":5, "attributeIndex":0, "size":4}]}}, {"name":"intermediate_3", "id":6, "estimatedCard":9, "isIntermediate":true, "attributes":[{"name":"ps_partkey", "dataUnitId":6, "attributeIndex":0, "size":4}, {"name":"ps_suppkey", "dataUnitId":6, "attributeIndex":1, "size":4}, {"name":"p_partkey", "dataUnitId":6, "attributeIndex":2, "size":4}, {"name":"p_brand", "dataUnitId":6, "attributeIndex":3, "size":1}, {"name":"p_type", "dataUnitId":6, "attributeIndex":4, "size":10}, {"name":"p_size", "dataUnitId":6, "attributeIndex":5, "size":4}], "partitionLayout":{"type":"broadcast", "nPartitions":1, "attributes":[]}}, {"name":"intermediate_2_shuffled", "id":7, "estimatedCard":9, "isIntermediate":true, "attributes":[{"name":"s_suppkey", "dataUnitId":4, "attributeIndex":0, "size":4}, {"name":"s_comment", "dataUnitId":4, "attributeIndex":1, "size":10}], "partitionLayout":{"type":"broadcast", "nPartitions":1, "attributes":[]}}, {"name":"intermediate_4", "id":8, "estimatedCard":107269.072419828517, "isIntermediate":true, "attributes":[{"name":"p_brand", "dataUnitId":8, "attributeIndex":0, "size":1}, {"name":"p_type", "dataUnitId":8, "attributeIndex":1, "size":10}, {"name":"p_size", "dataUnitId":8, "attributeIndex":2, "size":4}, {"name":"ps_suppkey", "dataUnitId":8, "attributeIndex":3, "size":4}], "partitionLayout":{"type":"hashpartitioned", "nPartitions":16, "attributes":[{"name":"ps_partkey", "dataUnitId":9, "attributeIndex":0, "size":4}]}}, {"name":"partsupp", "id":9, "estimatedCard":800000, "isIntermediate":false, "attributes":[{"name":"ps_partkey", "dataUnitId":9, "attributeIndex":0, "size":4}, {"name":"ps_suppkey", "dataUnitId":9, "attributeIndex":1, "size":4}, {"name":"ps_availqty", "dataUnitId":9, "attributeIndex":2, "size":4}, {"name":"ps_supplycost", "dataUnitId":9, "attributeIndex":3, "size":8}, {"name":"ps_comment", "dataUnitId":9, "attributeIndex":4, "size":10}], "partitionLayout":{"type":"hashpartitioned", "nPartitions":16, "attributes":[{"name":"ps_partkey", "dataUnitId":9, "attributeIndex":0, "size":4}]}}, {"name":"intermediate_5", "id":10, "estimatedCard":2728.1723800605, "isIntermediate":true, "attributes":[{"name":"p_brand", "dataUnitId":10, "attributeIndex":0, "size":1}, {"name":"p_type", "dataUnitId":10, "attributeIndex":1, "size":10}, {"name":"p_size", "dataUnitId":10, "attributeIndex":2, "size":4}, {"name":"count(ps_suppkey)", "dataUnitId":10, "attributeIndex":3, "size":8}], "partitionLayout":{"type":"singlenode", "nPartitions":1, "attributes":[]}}, {"name":"intermediate_4_shuffled", "id":11, "estimatedCard":107269.072419828517, "isIntermediate":true, "attributes":[{"name":"p_brand", "dataUnitId":8, "attributeIndex":0, "size":1}, {"name":"p_type", "dataUnitId":8, "attributeIndex":1, "size":10}, {"name":"p_size", "dataUnitId":8, "attributeIndex":2, "size":4}, {"name":"ps_suppkey", "dataUnitId":8, "attributeIndex":3, "size":4}], "partitionLayout":{"type":"singlenode", "nPartitions":1, "attributes":[]}}, {"name":"intermediate_6", "id":12, "estimatedCard":2728.1723800605, "isIntermediate":true, "attributes":[{"name":"p_brand", "dataUnitId":12, "attributeIndex":0, "size":1}, {"name":"p_type", "dataUnitId":12, "attributeIndex":1, "size":10}, {"name":"p_size", "dataUnitId":12, "attributeIndex":2, "size":4}, {"name":"count(ps_suppkey)", "dataUnitId":12, "attributeIndex":3, "size":8}], "partitionLayout":{"type":"singlenode", "nPartitions":1, "attributes":[]}}, {"name":"intermediate_7", "id":13, "estimatedCard":2728.1723800605, "isIntermediate":true, "attributes":[{"name":"p_brand", "dataUnitId":13, "attributeIndex":0, "size":1}, {"name":"p_type", "dataUnitId":13, "attributeIndex":1, "size":10}, {"name":"p_size", "dataUnitId":13, "attributeIndex":2, "size":4}, {"name":"count(ps_suppkey)", "dataUnitId":13, "attributeIndex":3, "size":8}], "partitionLayout":{"type":"singlenode", "nPartitions":1, "attributes":[]}}], "pipelines":[{"id":0, "scan":1, "output":0, "estimatedLoad":6.88009566322388221e-10, "requiredData":[]}, {"id":1, "scan":3, "output":2, "estimatedLoad":1.12958094802876321e-08, "requiredData":[]}, {"id":2, "scan":5, "output":4, "estimatedLoad":7.61089806854397242e-09, "requiredData":[]}, {"id":3, "scan":7, "output":6, "estimatedLoad":7.25235197481137526e-07, "requiredData":[]}, {"id":4, "scan":9, "output":8, "estimatedLoad":3.1605290023771096e-09, "requiredData":[2, 6]}, {"id":5, "scan":11, "output":10, "estimatedLoad":2.73431355895075198e-09, "requiredData":[]}, {"id":6, "scan":10, "output":12, "estimatedLoad":2.01840203996161126e-07, "requiredData":[]}, {"id":7, "scan":12, "output":13, "estimatedLoad":2.9820049953620257e-06, "requiredData":[]}], "shuffleStages":[{"from":8, "to":11}, {"from":4, "to":7}, {"from":0, "to":3}], "dependencyOrder":[0, 1, 2, 3, 4, 5, 6, 7]}, "tasks":[{"k":7, "v":[{"pipelineId":7, "scannedPartition":{"dataUnitId":12, "partitionIndex":0}, "requiredPartitions":[], "outputPartition":{"dataUnitId":13, "partitionIndex":0}, "broadcast":false}]}, {"k":6, "v":[{"pipelineId":6, "scannedPartition":{"dataUnitId":10, "partitionIndex":0}, "requiredPartitions":[], "outputPartition":{"dataUnitId":12, "partitionIndex":0}, "broadcast":false}]}, {"k":5, "v":[{"pipelineId":5, "scannedPartition":{"dataUnitId":11, "partitionIndex":0}, "requiredPartitions":[], "outputPartition":{"dataUnitId":10, "partitionIndex":0}, "broadcast":false}]}, {"k":4, "v":[{"pipelineId":4, "scannedPartition":{"dataUnitId":9, "partitionIndex":0}, "requiredPartitions":[{"dataUnitId":2, "partitionIndex":0}, {"dataUnitId":6, "partitionIndex":0}], "outputPartition":{"dataUnitId":8, "partitionIndex":0}, "broadcast":false}, {"pipelineId":4, "scannedPartition":{"dataUnitId":9, "partitionIndex":1}, "requiredPartitions":[{"dataUnitId":2, "partitionIndex":0}, {"dataUnitId":6, "partitionIndex":0}], "outputPartition":{"dataUnitId":8, "partitionIndex":1}, "broadcast":false}, {"pipelineId":4, "scannedPartition":{"dataUnitId":9, "partitionIndex":2}, "requiredPartitions":[{"dataUnitId":2, "partitionIndex":0}, {"dataUnitId":6, "partitionIndex":0}], "outputPartition":{"dataUnitId":8, "partitionIndex":2}, "broadcast":false}, {"pipelineId":4, "scannedPartition":{"dataUnitId":9, "partitionIndex":3}, "requiredPartitions":[{"dataUnitId":2, "partitionIndex":0}, {"dataUnitId":6, "partitionIndex":0}], "outputPartition":{"dataUnitId":8, "partitionIndex":3}, "broadcast":false}, {"pipelineId":4, "scannedPartition":{"dataUnitId":9, "partitionIndex":4}, "requiredPartitions":[{"dataUnitId":2, "partitionIndex":0}, {"dataUnitId":6, "partitionIndex":0}], "outputPartition":{"dataUnitId":8, "partitionIndex":4}, "broadcast":false}, {"pipelineId":4, "scannedPartition":{"dataUnitId":9, "partitionIndex":5}, "requiredPartitions":[{"dataUnitId":2, "partitionIndex":0}, {"dataUnitId":6, "partitionIndex":0}], "outputPartition":{"dataUnitId":8, "partitionIndex":5}, "broadcast":false}, {"pipelineId":4, "scannedPartition":{"dataUnitId":9, "partitionIndex":6}, "requiredPartitions":[{"dataUnitId":2, "partitionIndex":0}, {"dataUnitId":6, "partitionIndex":0}], "outputPartition":{"dataUnitId":8, "partitionIndex":6}, "broadcast":false}, {"pipelineId":4, "scannedPartition":{"dataUnitId":9, "partitionIndex":7}, "requiredPartitions":[{"dataUnitId":2, "partitionIndex":0}, {"dataUnitId":6, "partitionIndex":0}], "outputPartition":{"dataUnitId":8, "partitionIndex":7}, "broadcast":false}, {"pipelineId":4, "scannedPartition":{"dataUnitId":9, "partitionIndex":8}, "requiredPartitions":[{"dataUnitId":2, "partitionIndex":0}, {"dataUnitId":6, "partitionIndex":0}], "outputPartition":{"dataUnitId":8, "partitionIndex":8}, "broadcast":false}, {"pipelineId":4, "scannedPartition":{"dataUnitId":9, "partitionIndex":9}, "requiredPartitions":[{"dataUnitId":2, "partitionIndex":0}, {"dataUnitId":6, "partitionIndex":0}], "outputPartition":{"dataUnitId":8, "partitionIndex":9}, "broadcast":false}, {"pipelineId":4, "scannedPartition":{"dataUnitId":9, "partitionIndex":10}, "requiredPartitions":[{"dataUnitId":2, "partitionIndex":0}, {"dataUnitId":6, "partitionIndex":0}], "outputPartition":{"dataUnitId":8, "partitionIndex":10}, "broadcast":false}, {"pipelineId":4, "scannedPartition":{"dataUnitId":9, "partitionIndex":11}, "requiredPartitions":[{"dataUnitId":2, "partitionIndex":0}, {"dataUnitId":6, "partitionIndex":0}], "outputPartition":{"dataUnitId":8, "partitionIndex":11}, "broadcast":false}, {"pipelineId":4, "scannedPartition":{"dataUnitId":9, "partitionIndex":12}, "requiredPartitions":[{"dataUnitId":2, "partitionIndex":0}, {"dataUnitId":6, "partitionIndex":0}], "outputPartition":{"dataUnitId":8, "partitionIndex":12}, "broadcast":false}, {"pipelineId":4, "scannedPartition":{"dataUnitId":9, "partitionIndex":13}, "requiredPartitions":[{"dataUnitId":2, "partitionIndex":0}, {"dataUnitId":6, "partitionIndex":0}], "outputPartition":{"dataUnitId":8, "partitionIndex":13}, "broadcast":false}, {"pipelineId":4, "scannedPartition":{"dataUnitId":9, "partitionIndex":14}, "requiredPartitions":[{"dataUnitId":2, "partitionIndex":0}, {"dataUnitId":6, "partitionIndex":0}], "outputPartition":{"dataUnitId":8, "partitionIndex":14}, "broadcast":false}, {"pipelineId":4, "scannedPartition":{"dataUnitId":9, "partitionIndex":15}, "requiredPartitions":[{"dataUnitId":2, "partitionIndex":0}, {"dataUnitId":6, "partitionIndex":0}], "outputPartition":{"dataUnitId":8, "partitionIndex":15}, "broadcast":false}]}, {"k":2, "v":[{"pipelineId":2, "scannedPartition":{"dataUnitId":5, "partitionIndex":0}, "requiredPartitions":[], "outputPartition":{"dataUnitId":4, "partitionIndex":0}, "broadcast":false}, {"pipelineId":2, "scannedPartition":{"dataUnitId":5, "partitionIndex":1}, "requiredPartitions":[], "outputPartition":{"dataUnitId":4, "partitionIndex":1}, "broadcast":false}, {"pipelineId":2, "scannedPartition":{"dataUnitId":5, "partitionIndex":2}, "requiredPartitions":[], "outputPartition":{"dataUnitId":4, "partitionIndex":2}, "broadcast":false}, {"pipelineId":2, "scannedPartition":{"dataUnitId":5, "partitionIndex":3}, "requiredPartitions":[], "outputPartition":{"dataUnitId":4, "partitionIndex":3}, "broadcast":false}, {"pipelineId":2, "scannedPartition":{"dataUnitId":5, "partitionIndex":4}, "requiredPartitions":[], "outputPartition":{"dataUnitId":4, "partitionIndex":4}, "broadcast":false}, {"pipelineId":2, "scannedPartition":{"dataUnitId":5, "partitionIndex":5}, "requiredPartitions":[], "outputPartition":{"dataUnitId":4, "partitionIndex":5}, "broadcast":false}, {"pipelineId":2, "scannedPartition":{"dataUnitId":5, "partitionIndex":6}, "requiredPartitions":[], "outputPartition":{"dataUnitId":4, "partitionIndex":6}, "broadcast":false}, {"pipelineId":2, "scannedPartition":{"dataUnitId":5, "partitionIndex":7}, "requiredPartitions":[], "outputPartition":{"dataUnitId":4, "partitionIndex":7}, "broadcast":false}, {"pipelineId":2, "scannedPartition":{"dataUnitId":5, "partitionIndex":8}, "requiredPartitions":[], "outputPartition":{"dataUnitId":4, "partitionIndex":8}, "broadcast":false}, {"pipelineId":2, "scannedPartition":{"dataUnitId":5, "partitionIndex":9}, "requiredPartitions":[], "outputPartition":{"dataUnitId":4, "partitionIndex":9}, "broadcast":false}, {"pipelineId":2, "scannedPartition":{"dataUnitId":5, "partitionIndex":10}, "requiredPartitions":[], "outputPartition":{"dataUnitId":4, "partitionIndex":10}, "broadcast":false}, {"pipelineId":2, "scannedPartition":{"dataUnitId":5, "partitionIndex":11}, "requiredPartitions":[], "outputPartition":{"dataUnitId":4, "partitionIndex":11}, "broadcast":false}, {"pipelineId":2, "scannedPartition":{"dataUnitId":5, "partitionIndex":12}, "requiredPartitions":[], "outputPartition":{"dataUnitId":4, "partitionIndex":12}, "broadcast":false}, {"pipelineId":2, "scannedPartition":{"dataUnitId":5, "partitionIndex":13}, "requiredPartitions":[], "outputPartition":{"dataUnitId":4, "partitionIndex":13}, "broadcast":false}, {"pipelineId":2, "scannedPartition":{"dataUnitId":5, "partitionIndex":14}, "requiredPartitions":[], "outputPartition":{"dataUnitId":4, "partitionIndex":14}, "broadcast":false}, {"pipelineId":2, "scannedPartition":{"dataUnitId":5, "partitionIndex":15}, "requiredPartitions":[], "outputPartition":{"dataUnitId":4, "partitionIndex":15}, "broadcast":false}]}, {"k":0, "v":[{"pipelineId":0, "scannedPartition":{"dataUnitId":1, "partitionIndex":0}, "requiredPartitions":[], "outputPartition":{"dataUnitId":0, "partitionIndex":0}, "broadcast":false}, {"pipelineId":0, "scannedPartition":{"dataUnitId":1, "partitionIndex":1}, "requiredPartitions":[], "outputPartition":{"dataUnitId":0, "partitionIndex":1}, "broadcast":false}, {"pipelineId":0, "scannedPartition":{"dataUnitId":1, "partitionIndex":2}, "requiredPartitions":[], "outputPartition":{"dataUnitId":0, "partitionIndex":2}, "broadcast":false}, {"pipelineId":0, "scannedPartition":{"dataUnitId":1, "partitionIndex":3}, "requiredPartitions":[], "outputPartition":{"dataUnitId":0, "partitionIndex":3}, "broadcast":false}, {"pipelineId":0, "scannedPartition":{"dataUnitId":1, "partitionIndex":4}, "requiredPartitions":[], "outputPartition":{"dataUnitId":0, "partitionIndex":4}, "broadcast":false}, {"pipelineId":0, "scannedPartition":{"dataUnitId":1, "partitionIndex":5}, "requiredPartitions":[], "outputPartition":{"dataUnitId":0, "partitionIndex":5}, "broadcast":false}, {"pipelineId":0, "scannedPartition":{"dataUnitId":1, "partitionIndex":6}, "requiredPartitions":[], "outputPartition":{"dataUnitId":0, "partitionIndex":6}, "broadcast":false}, {"pipelineId":0, "scannedPartition":{"dataUnitId":1, "partitionIndex":7}, "requiredPartitions":[], "outputPartition":{"dataUnitId":0, "partitionIndex":7}, "broadcast":false}, {"pipelineId":0, "scannedPartition":{"dataUnitId":1, "partitionIndex":8}, "requiredPartitions":[], "outputPartition":{"dataUnitId":0, "partitionIndex":8}, "broadcast":false}, {"pipelineId":0, "scannedPartition":{"dataUnitId":1, "partitionIndex":9}, "requiredPartitions":[], "outputPartition":{"dataUnitId":0, "partitionIndex":9}, "broadcast":false}, {"pipelineId":0, "scannedPartition":{"dataUnitId":1, "partitionIndex":10}, "requiredPartitions":[], "outputPartition":{"dataUnitId":0, "partitionIndex":10}, "broadcast":false}, {"pipelineId":0, "scannedPartition":{"dataUnitId":1, "partitionIndex":11}, "requiredPartitions":[], "outputPartition":{"dataUnitId":0, "partitionIndex":11}, "broadcast":false}, {"pipelineId":0, "scannedPartition":{"dataUnitId":1, "partitionIndex":12}, "requiredPartitions":[], "outputPartition":{"dataUnitId":0, "partitionIndex":12}, "broadcast":false}, {"pipelineId":0, "scannedPartition":{"dataUnitId":1, "partitionIndex":13}, "requiredPartitions":[], "outputPartition":{"dataUnitId":0, "partitionIndex":13}, "broadcast":false}, {"pipelineId":0, "scannedPartition":{"dataUnitId":1, "partitionIndex":14}, "requiredPartitions":[], "outputPartition":{"dataUnitId":0, "partitionIndex":14}, "broadcast":false}, {"pipelineId":0, "scannedPartition":{"dataUnitId":1, "partitionIndex":15}, "requiredPartitions":[], "outputPartition":{"dataUnitId":0, "partitionIndex":15}, "broadcast":false}]}], "broadcastTasks":[{"k":3, "v":{"pipelineId":3, "scannedPartition":{"dataUnitId":7, "partitionIndex":0}, "requiredPartitions":[], "outputPartition":{"dataUnitId":6, "partitionIndex":0}, "broadcast":true}}, {"k":1, "v":{"pipelineId":1, "scannedPartition":{"dataUnitId":3, "partitionIndex":0}, "requiredPartitions":[], "outputPartition":{"dataUnitId":2, "partitionIndex":0}, "broadcast":true}}], "initialPartitioning":{"owningNode":[{"k":{"dataUnitId":9, "partitionIndex":12}, "v":0}, {"k":{"dataUnitId":9, "partitionIndex":10}, "v":2}, {"k":{"dataUnitId":9, "partitionIndex":9}, "v":1}, {"k":{"dataUnitId":9, "partitionIndex":8}, "v":0}, {"k":{"dataUnitId":9, "partitionIndex":11}, "v":3}, {"k":{"dataUnitId":9, "partitionIndex":7}, "v":3}, {"k":{"dataUnitId":9, "partitionIndex":14}, "v":2}, {"k":{"dataUnitId":9, "partitionIndex":4}, "v":0}, {"k":{"dataUnitId":9, "partitionIndex":3}, "v":3}, {"k":{"dataUnitId":9, "partitionIndex":1}, "v":1}, {"k":{"dataUnitId":5, "partitionIndex":15}, "v":3}, {"k":{"dataUnitId":5, "partitionIndex":14}, "v":2}, {"k":{"dataUnitId":5, "partitionIndex":13}, "v":1}, {"k":{"dataUnitId":1, "partitionIndex":9}, "v":1}, {"k":{"dataUnitId":9, "partitionIndex":0}, "v":0}, {"k":{"dataUnitId":5, "partitionIndex":4}, "v":0}, {"k":{"dataUnitId":1, "partitionIndex":3}, "v":3}, {"k":{"dataUnitId":5, "partitionIndex":2}, "v":2}, {"k":{"dataUnitId":5, "partitionIndex":9}, "v":1}, {"k":{"dataUnitId":1, "partitionIndex":8}, "v":0}, {"k":{"dataUnitId":9, "partitionIndex":5}, "v":1}, {"k":{"dataUnitId":1, "partitionIndex":5}, "v":1}, {"k":{"dataUnitId":1, "partitionIndex":7}, "v":3}, {"k":{"dataUnitId":1, "partitionIndex":4}, "v":0}, {"k":{"dataUnitId":1, "partitionIndex":15}, "v":3}, {"k":{"dataUnitId":9, "partitionIndex":15}, "v":3}, {"k":{"dataUnitId":1, "partitionIndex":2}, "v":2}, {"k":{"dataUnitId":1, "partitionIndex":12}, "v":0}, {"k":{"dataUnitId":1, "partitionIndex":11}, "v":3}, {"k":{"dataUnitId":1, "partitionIndex":1}, "v":1}, {"k":{"dataUnitId":1, "partitionIndex":13}, "v":1}, {"k":{"dataUnitId":5, "partitionIndex":11}, "v":3}, {"k":{"dataUnitId":9, "partitionIndex":6}, "v":2}, {"k":{"dataUnitId":1, "partitionIndex":0}, "v":0}, {"k":{"dataUnitId":1, "partitionIndex":14}, "v":2}, {"k":{"dataUnitId":5, "partitionIndex":1}, "v":1}, {"k":{"dataUnitId":1, "partitionIndex":6}, "v":2}, {"k":{"dataUnitId":5, "partitionIndex":5}, "v":1}, {"k":{"dataUnitId":5, "partitionIndex":0}, "v":0}, {"k":{"dataUnitId":9, "partitionIndex":13}, "v":1}, {"k":{"dataUnitId":9, "partitionIndex":2}, "v":2}, {"k":{"dataUnitId":5, "partitionIndex":10}, "v":2}, {"k":{"dataUnitId":5, "partitionIndex":8}, "v":0}, {"k":{"dataUnitId":5, "partitionIndex":3}, "v":3}, {"k":{"dataUnitId":5, "partitionIndex":6}, "v":2}, {"k":{"dataUnitId":1, "partitionIndex":10}, "v":2}, {"k":{"dataUnitId":5, "partitionIndex":7}, "v":3}, {"k":{"dataUnitId":5, "partitionIndex":12}, "v":0}], "cachingNodes":[{"k":{"dataUnitId":9, "partitionIndex":12}, "v":[4]}, {"k":{"dataUnitId":9, "partitionIndex":10}, "v":[4]}, {"k":{"dataUnitId":9, "partitionIndex":9}, "v":[4]}, {"k":{"dataUnitId":9, "partitionIndex":8}, "v":[4]}, {"k":{"dataUnitId":9, "partitionIndex":11}, "v":[4]}, {"k":{"dataUnitId":9, "partitionIndex":7}, "v":[4]}, {"k":{"dataUnitId":9, "partitionIndex":14}, "v":[4]}, {"k":{"dataUnitId":9, "partitionIndex":4}, "v":[4]}, {"k":{"dataUnitId":9, "partitionIndex":3}, "v":[4]}, {"k":{"dataUnitId":9, "partitionIndex":1}, "v":[4]}, {"k":{"dataUnitId":5, "partitionIndex":15}, "v":[4]}, {"k":{"dataUnitId":5, "partitionIndex":14}, "v":[4]}, {"k":{"dataUnitId":5, "partitionIndex":13}, "v":[4]}, {"k":{"dataUnitId":1, "partitionIndex":9}, "v":[4]}, {"k":{"dataUnitId":9, "partitionIndex":0}, "v":[4]}, {"k":{"dataUnitId":5, "partitionIndex":4}, "v":[4]}, {"k":{"dataUnitId":1, "partitionIndex":3}, "v":[4]}, {"k":{"dataUnitId":5, "partitionIndex":2}, "v":[4]}, {"k":{"dataUnitId":5, "partitionIndex":9}, "v":[4]}, {"k":{"dataUnitId":1, "partitionIndex":8}, "v":[4]}, {"k":{"dataUnitId":9, "partitionIndex":5}, "v":[4]}, {"k":{"dataUnitId":1, "partitionIndex":5}, "v":[4]}, {"k":{"dataUnitId":1, "partitionIndex":7}, "v":[4]}, {"k":{"dataUnitId":1, "partitionIndex":4}, "v":[4]}, {"k":{"dataUnitId":1, "partitionIndex":15}, "v":[4]}, {"k":{"dataUnitId":9, "partitionIndex":15}, "v":[4]}, {"k":{"dataUnitId":1, "partitionIndex":2}, "v":[4]}, {"k":{"dataUnitId":1, "partitionIndex":12}, "v":[4]}, {"k":{"dataUnitId":1, "partitionIndex":11}, "v":[4]}, {"k":{"dataUnitId":1, "partitionIndex":1}, "v":[4]}, {"k":{"dataUnitId":1, "partitionIndex":13}, "v":[4]}, {"k":{"dataUnitId":5, "partitionIndex":11}, "v":[4]}, {"k":{"dataUnitId":9, "partitionIndex":6}, "v":[4]}, {"k":{"dataUnitId":1, "partitionIndex":0}, "v":[4]}, {"k":{"dataUnitId":1, "partitionIndex":14}, "v":[4]}, {"k":{"dataUnitId":5, "partitionIndex":1}, "v":[4]}, {"k":{"dataUnitId":1, "partitionIndex":6}, "v":[4]}, {"k":{"dataUnitId":5, "partitionIndex":5}, "v":[4]}, {"k":{"dataUnitId":5, "partitionIndex":0}, "v":[4]}, {"k":{"dataUnitId":9, "partitionIndex":13}, "v":[4]}, {"k":{"dataUnitId":9, "partitionIndex":2}, "v":[4]}, {"k":{"dataUnitId":5, "partitionIndex":10}, "v":[4]}, {"k":{"dataUnitId":5, "partitionIndex":8}, "v":[4]}, {"k":{"dataUnitId":5, "partitionIndex":3}, "v":[4]}, {"k":{"dataUnitId":5, "partitionIndex":6}, "v":[4]}, {"k":{"dataUnitId":1, "partitionIndex":10}, "v":[4]}, {"k":{"dataUnitId":5, "partitionIndex":7}, "v":[4]}, {"k":{"dataUnitId":5, "partitionIndex":12}, "v":[4]}], "nNodes":5}, "name":"c5nxlargex4_rrall_16_q16", "resultNode":0, "nParallelTasks":10000}