{"cluster":{"nodes":[{"nCores":4, "memorySize":10.5, "networkSpeed":20, "networkLatency":0.00025}, {"nCores":4, "memorySize":10.5, "networkSpeed":20, "networkLatency":0.00025}, {"nCores":4, "memorySize":10.5, "networkSpeed":20, "networkLatency":0.00025}, {"nCores":4, "memorySize":10.5, "networkSpeed":20, "networkLatency":0.00025}, {"nCores":0, "memorySize":1e+06, "networkSpeed":1e+06, "networkLatency":0.1}], "storageService":true}, "plan":{"dataUnits":[{"name":"intermediate_0", "id":0, "estimatedCard":9887.1684538785139, "isIntermediate":true, "attributes":[{"name":"l_suppkey", "dataUnitId":0, "attributeIndex":0, "size":4}, {"name":"sum()", "dataUnitId":0, "attributeIndex":1, "size":16}], "partitionLayout":{"type":"hashpartitioned", "nPartitions":16, "attributes":[{"name":"l_orderkey", "dataUnitId":1, "attributeIndex":0, "size":4}]}}, {"name":"lineitem", "id":1, "estimatedCard":6001215, "isIntermediate":false, "attributes":[{"name":"l_orderkey", "dataUnitId":1, "attributeIndex":0, "size":4}, {"name":"l_partkey", "dataUnitId":1, "attributeIndex":1, "size":4}, {"name":"l_suppkey", "dataUnitId":1, "attributeIndex":2, "size":4}, {"name":"l_linenumber", "dataUnitId":1, "attributeIndex":3, "size":4}, {"name":"l_quantity", "dataUnitId":1, "attributeIndex":4, "size":8}, {"name":"l_extendedprice", "dataUnitId":1, "attributeIndex":5, "size":8}, {"name":"l_discount", "dataUnitId":1, "attributeIndex":6, "size":8}, {"name":"l_tax", "dataUnitId":1, "attributeIndex":7, "size":8}, {"name":"l_returnflag", "dataUnitId":1, "attributeIndex":8, "size":1}, {"name":"l_linestatus", "dataUnitId":1, "attributeIndex":9, "size":1}, {"name":"l_shipdate", "dataUnitId":1, "attributeIndex":10, "size":32}, {"name":"l_commitdate", "dataUnitId":1, "attributeIndex":11, "size":32}, {"name":"l_receiptdate", "dataUnitId":1, "attributeIndex":12, "size":32}, {"name":"l_shipinstruct", "dataUnitId":1, "attributeIndex":13, "size":1}, {"name":"l_shipmode", "dataUnitId":1, "attributeIndex":14, "size":1}, {"name":"l_comment", "dataUnitId":1, "attributeIndex":15, "size":10}], "partitionLayout":{"type":"hashpartitioned", "nPartitions":16, "attributes":[{"name":"l_orderkey", "dataUnitId":1, "attributeIndex":0, "size":4}]}}, {"name":"intermediate_1", "id":2, "estimatedCard":9887.1684538785139, "isIntermediate":true, "attributes":[{"name":"l_suppkey", "dataUnitId":2, "attributeIndex":0, "size":4}, {"name":"sum()", "dataUnitId":2, "attributeIndex":1, "size":16}], "partitionLayout":{"type":"singlenode", "nPartitions":1, "attributes":[]}}, {"name":"intermediate_0_shuffled", "id":3, "estimatedCard":9887.1684538785139, "isIntermediate":true, "attributes":[{"name":"l_suppkey", "dataUnitId":0, "attributeIndex":0, "size":4}, {"name":"sum()", "dataUnitId":0, "attributeIndex":1, "size":16}], "partitionLayout":{"type":"singlenode", "nPartitions":1, "attributes":[]}}, {"name":"intermediate_2", "id":4, "estimatedCard":1, "isIntermediate":true, "attributes":[{"name":"max(total_revenue)", "dataUnitId":4, "attributeIndex":0, "size":16}], "partitionLayout":{"type":"singlenode", "nPartitions":1, "attributes":[]}}, {"name":"intermediate_3", "id":5, "estimatedCard":1, "isIntermediate":true, "attributes":[{"name":"supplier_no", "dataUnitId":5, "attributeIndex":0, "size":4}, {"name":"total_revenue", "dataUnitId":5, "attributeIndex":1, "size":16}, {"name":"max(total_revenue)", "dataUnitId":5, "attributeIndex":2, "size":16}], "partitionLayout":{"type":"singlenode", "nPartitions":1, "attributes":[]}}, {"name":"intermediate_4", "id":6, "estimatedCard":1, "isIntermediate":true, "attributes":[{"name":"s_suppkey", "dataUnitId":6, "attributeIndex":0, "size":4}, {"name":"s_name", "dataUnitId":6, "attributeIndex":1, "size":1}, {"name":"s_address", "dataUnitId":6, "attributeIndex":2, "size":10}, {"name":"s_phone", "dataUnitId":6, "attributeIndex":3, "size":1}, {"name":"supplier_no", "dataUnitId":6, "attributeIndex":4, "size":4}, {"name":"total_revenue", "dataUnitId":6, "attributeIndex":5, "size":16}, {"name":"max(total_revenue)", "dataUnitId":6, "attributeIndex":6, "size":16}], "partitionLayout":{"type":"singlenode", "nPartitions":1, "attributes":[]}}, {"name":"intermediate_5", "id":7, "estimatedCard":1.01141191703649236, "isIntermediate":true, "attributes":[{"name":"s_suppkey", "dataUnitId":7, "attributeIndex":0, "size":4}, {"name":"s_name", "dataUnitId":7, "attributeIndex":1, "size":1}, {"name":"s_address", "dataUnitId":7, "attributeIndex":2, "size":10}, {"name":"s_phone", "dataUnitId":7, "attributeIndex":3, "size":1}, {"name":"supplier_no", "dataUnitId":7, "attributeIndex":4, "size":4}, {"name":"total_revenue", "dataUnitId":7, "attributeIndex":5, "size":16}, {"name":"max(total_revenue)", "dataUnitId":7, "attributeIndex":6, "size":16}], "partitionLayout":{"type":"singlenode", "nPartitions":1, "attributes":[]}}, {"name":"supplier", "id":8, "estimatedCard":10000, "isIntermediate":false, "attributes":[{"name":"s_suppkey", "dataUnitId":8, "attributeIndex":0, "size":4}, {"name":"s_name", "dataUnitId":8, "attributeIndex":1, "size":1}, {"name":"s_address", "dataUnitId":8, "attributeIndex":2, "size":10}, {"name":"s_nationkey", "dataUnitId":8, "attributeIndex":3, "size":4}, {"name":"s_phone", "dataUnitId":8, "attributeIndex":4, "size":1}, {"name":"s_acctbal", "dataUnitId":8, "attributeIndex":5, "size":8}, {"name":"s_comment", "dataUnitId":8, "attributeIndex":6, "size":10}], "partitionLayout":{"type":"hashpartitioned", "nPartitions":16, "attributes":[{"name":"s_suppkey", "dataUnitId":8, "attributeIndex":0, "size":4}]}}, {"name":"supplier_shuffled", "id":9, "estimatedCard":10000, "isIntermediate":true, "attributes":[{"name":"s_suppkey", "dataUnitId":8, "attributeIndex":0, "size":4}, {"name":"s_name", "dataUnitId":8, "attributeIndex":1, "size":1}, {"name":"s_address", "dataUnitId":8, "attributeIndex":2, "size":10}, {"name":"s_nationkey", "dataUnitId":8, "attributeIndex":3, "size":4}, {"name":"s_phone", "dataUnitId":8, "attributeIndex":4, "size":1}, {"name":"s_acctbal", "dataUnitId":8, "attributeIndex":5, "size":8}, {"name":"s_comment", "dataUnitId":8, "attributeIndex":6, "size":10}], "partitionLayout":{"type":"singlenode", "nPartitions":1, "attributes":[]}}, {"name":"intermediate_6", "id":10, "estimatedCard":1.01141191703649236, "isIntermediate":true, "attributes":[{"name":"s_suppkey", "dataUnitId":10, "attributeIndex":0, "size":4}, {"name":"s_name", "dataUnitId":10, "attributeIndex":1, "size":1}, {"name":"s_address", "dataUnitId":10, "attributeIndex":2, "size":10}, {"name":"s_phone", "dataUnitId":10, "attributeIndex":3, "size":1}, {"name":"supplier_no", "dataUnitId":10, "attributeIndex":4, "size":4}, {"name":"total_revenue", "dataUnitId":10, "attributeIndex":5, "size":16}, {"name":"max(total_revenue)", "dataUnitId":10, "attributeIndex":6, "size":16}], "partitionLayout":{"type":"singlenode", "nPartitions":1, "attributes":[]}}], "pipelines":[{"id":0, "scan":1, "output":0, "estimatedLoad":3.25918584158951706e-10, "requiredData":[]}, {"id":1, "scan":3, "output":2, "estimatedLoad":1.59032802119050168e-06, "requiredData":[]}, {"id":2, "scan":2, "output":4, "estimatedLoad":1.0292098684490857e-08, "requiredData":[]}, {"id":3, "scan":4, "output":5, "estimatedLoad":2.69796094749434e-06, "requiredData":[]}, {"id":4, "scan":2, "output":6, "estimatedLoad":1.11838575281797606e-06, "requiredData":[5]}, {"id":5, "scan":9, "output":7, "estimatedLoad":5.82958606016001577e-09, "requiredData":[6]}, {"id":6, "scan":7, "output":10, "estimatedLoad":4.52158442012131445e-06, "requiredData":[]}], "shuffleStages":[{"from":8, "to":9}, {"from":0, "to":3}], "dependencyOrder":[0, 1, 2, 3, 4, 5, 6]}, "tasks":[{"k":6, "v":[{"pipelineId":6, "scannedPartition":{"dataUnitId":7, "partitionIndex":0}, "requiredPartitions":[], "outputPartition":{"dataUnitId":10, "partitionIndex":0}, "broadcast":false}]}, {"k":5, "v":[{"pipelineId":5, "scannedPartition":{"dataUnitId":9, "partitionIndex":0}, "requiredPartitions":[{"dataUnitId":6, "partitionIndex":0}], "outputPartition":{"dataUnitId":7, "partitionIndex":0}, "broadcast":false}]}, {"k":4, "v":[{"pipelineId":4, "scannedPartition":{"dataUnitId":2, "partitionIndex":0}, "requiredPartitions":[{"dataUnitId":5, "partitionIndex":0}], "outputPartition":{"dataUnitId":6, "partitionIndex":0}, "broadcast":false}]}, {"k":3, "v":[{"pipelineId":3, "scannedPartition":{"dataUnitId":4, "partitionIndex":0}, "requiredPartitions":[], "outputPartition":{"dataUnitId":5, "partitionIndex":0}, "broadcast":false}]}, {"k":2, "v":[{"pipelineId":2, "scannedPartition":{"dataUnitId":2, "partitionIndex":0}, "requiredPartitions":[], "outputPartition":{"dataUnitId":4, "partitionIndex":0}, "broadcast":false}]}, {"k":1, "v":[{"pipelineId":1, "scannedPartition":{"dataUnitId":3, "partitionIndex":0}, "requiredPartitions":[], "outputPartition":{"dataUnitId":2, "partitionIndex":0}, "broadcast":false}]}, {"k":0, "v":[{"pipelineId":0, "scannedPartition":{"dataUnitId":1, "partitionIndex":0}, "requiredPartitions":[], "outputPartition":{"dataUnitId":0, "partitionIndex":0}, "broadcast":false}, {"pipelineId":0, "scannedPartition":{"dataUnitId":1, "partitionIndex":1}, "requiredPartitions":[], "outputPartition":{"dataUnitId":0, "partitionIndex":1}, "broadcast":false}, {"pipelineId":0, "scannedPartition":{"dataUnitId":1, "partitionIndex":2}, "requiredPartitions":[], "outputPartition":{"dataUnitId":0, "partitionIndex":2}, "broadcast":false}, {"pipelineId":0, "scannedPartition":{"dataUnitId":1, "partitionIndex":3}, "requiredPartitions":[], "outputPartition":{"dataUnitId":0, "partitionIndex":3}, "broadcast":false}, {"pipelineId":0, "scannedPartition":{"dataUnitId":1, "partitionIndex":4}, "requiredPartitions":[], "outputPartition":{"dataUnitId":0, "partitionIndex":4}, "broadcast":false}, {"pipelineId":0, "scannedPartition":{"dataUnitId":1, "partitionIndex":5}, "requiredPartitions":[], "outputPartition":{"dataUnitId":0, "partitionIndex":5}, "broadcast":false}, {"pipelineId":0, "scannedPartition":{"dataUnitId":1, "partitionIndex":6}, "requiredPartitions":[], "outputPartition":{"dataUnitId":0, "partitionIndex":6}, "broadcast":false}, {"pipelineId":0, "scannedPartition":{"dataUnitId":1, "partitionIndex":7}, "requiredPartitions":[], "outputPartition":{"dataUnitId":0, "partitionIndex":7}, "broadcast":false}, {"pipelineId":0, "scannedPartition":{"dataUnitId":1, "partitionIndex":8}, "requiredPartitions":[], "outputPartition":{"dataUnitId":0, "partitionIndex":8}, "broadcast":false}, {"pipelineId":0, "scannedPartition":{"dataUnitId":1, "partitionIndex":9}, "requiredPartitions":[], "outputPartition":{"dataUnitId":0, "partitionIndex":9}, "broadcast":false}, {"pipelineId":0, "scannedPartition":{"dataUnitId":1, "partitionIndex":10}, "requiredPartitions":[], "outputPartition":{"dataUnitId":0, "partitionIndex":10}, "broadcast":false}, {"pipelineId":0, "scannedPartition":{"dataUnitId":1, "partitionIndex":11}, "requiredPartitions":[], "outputPartition":{"dataUnitId":0, "partitionIndex":11}, "broadcast":false}, {"pipelineId":0, "scannedPartition":{"dataUnitId":1, "partitionIndex":12}, "requiredPartitions":[], "outputPartition":{"dataUnitId":0, "partitionIndex":12}, "broadcast":false}, {"pipelineId":0, "scannedPartition":{"dataUnitId":1, "partitionIndex":13}, "requiredPartitions":[], "outputPartition":{"dataUnitId":0, "partitionIndex":13}, "broadcast":false}, {"pipelineId":0, "scannedPartition":{"dataUnitId":1, "partitionIndex":14}, "requiredPartitions":[], "outputPartition":{"dataUnitId":0, "partitionIndex":14}, "broadcast":false}, {"pipelineId":0, "scannedPartition":{"dataUnitId":1, "partitionIndex":15}, "requiredPartitions":[], "outputPartition":{"dataUnitId":0, "partitionIndex":15}, "broadcast":false}]}], "broadcastTasks":[], "initialPartitioning":{"owningNode":[{"k":{"dataUnitId":8, "partitionIndex":13}, "v":1}, {"k":{"dataUnitId":1, "partitionIndex":9}, "v":1}, {"k":{"dataUnitId":1, "partitionIndex":3}, "v":3}, {"k":{"dataUnitId":1, "partitionIndex":6}, "v":2}, {"k":{"dataUnitId":8, "partitionIndex":1}, "v":1}, {"k":{"dataUnitId":8, "partitionIndex":10}, "v":2}, {"k":{"dataUnitId":1, "partitionIndex":5}, "v":1}, {"k":{"dataUnitId":8, "partitionIndex":12}, "v":0}, {"k":{"dataUnitId":1, "partitionIndex":2}, "v":2}, {"k":{"dataUnitId":8, "partitionIndex":6}, "v":2}, {"k":{"dataUnitId":1, "partitionIndex":12}, "v":0}, {"k":{"dataUnitId":1, "partitionIndex":11}, "v":3}, {"k":{"dataUnitId":1, "partitionIndex":1}, "v":1}, {"k":{"dataUnitId":1, "partitionIndex":13}, "v":1}, {"k":{"dataUnitId":1, "partitionIndex":8}, "v":0}, {"k":{"dataUnitId":8, "partitionIndex":5}, "v":1}, {"k":{"dataUnitId":8, "partitionIndex":15}, "v":3}, {"k":{"dataUnitId":8, "partitionIndex":14}, "v":2}, {"k":{"dataUnitId":1, "partitionIndex":0}, "v":0}, {"k":{"dataUnitId":1, "partitionIndex":14}, "v":2}, {"k":{"dataUnitId":8, "partitionIndex":2}, "v":2}, {"k":{"dataUnitId":1, "partitionIndex":10}, "v":2}, {"k":{"dataUnitId":8, "partitionIndex":0}, "v":0}, {"k":{"dataUnitId":8, "partitionIndex":4}, "v":0}, {"k":{"dataUnitId":8, "partitionIndex":7}, "v":3}, {"k":{"dataUnitId":1, "partitionIndex":15}, "v":3}, {"k":{"dataUnitId":8, "partitionIndex":8}, "v":0}, {"k":{"dataUnitId":1, "partitionIndex":7}, "v":3}, {"k":{"dataUnitId":1, "partitionIndex":4}, "v":0}, {"k":{"dataUnitId":8, "partitionIndex":3}, "v":3}, {"k":{"dataUnitId":8, "partitionIndex":9}, "v":1}, {"k":{"dataUnitId":8, "partitionIndex":11}, "v":3}], "cachingNodes":[{"k":{"dataUnitId":8, "partitionIndex":13}, "v":[4]}, {"k":{"dataUnitId":1, "partitionIndex":9}, "v":[4]}, {"k":{"dataUnitId":1, "partitionIndex":3}, "v":[4]}, {"k":{"dataUnitId":1, "partitionIndex":6}, "v":[4]}, {"k":{"dataUnitId":8, "partitionIndex":1}, "v":[4]}, {"k":{"dataUnitId":8, "partitionIndex":10}, "v":[4]}, {"k":{"dataUnitId":1, "partitionIndex":5}, "v":[4]}, {"k":{"dataUnitId":8, "partitionIndex":12}, "v":[4]}, {"k":{"dataUnitId":1, "partitionIndex":2}, "v":[4]}, {"k":{"dataUnitId":8, "partitionIndex":6}, "v":[4]}, {"k":{"dataUnitId":1, "partitionIndex":12}, "v":[4]}, {"k":{"dataUnitId":1, "partitionIndex":11}, "v":[4]}, {"k":{"dataUnitId":1, "partitionIndex":1}, "v":[4]}, {"k":{"dataUnitId":1, "partitionIndex":13}, "v":[4]}, {"k":{"dataUnitId":1, "partitionIndex":8}, "v":[4]}, {"k":{"dataUnitId":8, "partitionIndex":5}, "v":[4]}, {"k":{"dataUnitId":8, "partitionIndex":15}, "v":[4]}, {"k":{"dataUnitId":8, "partitionIndex":14}, "v":[4]}, {"k":{"dataUnitId":1, "partitionIndex":0}, "v":[4]}, {"k":{"dataUnitId":1, "partitionIndex":14}, "v":[4]}, {"k":{"dataUnitId":8, "partitionIndex":2}, "v":[4]}, {"k":{"dataUnitId":1, "partitionIndex":10}, "v":[4]}, {"k":{"dataUnitId":8, "partitionIndex":0}, "v":[4]}, {"k":{"dataUnitId":8, "partitionIndex":4}, "v":[4]}, {"k":{"dataUnitId":8, "partitionIndex":7}, "v":[4]}, {"k":{"dataUnitId":1, "partitionIndex":15}, "v":[4]}, {"k":{"dataUnitId":8, "partitionIndex":8}, "v":[4]}, {"k":{"dataUnitId":1, "partitionIndex":7}, "v":[4]}, {"k":{"dataUnitId":1, "partitionIndex":4}, "v":[4]}, {"k":{"dataUnitId":8, "partitionIndex":3}, "v":[4]}, {"k":{"dataUnitId":8, "partitionIndex":9}, "v":[4]}, {"k":{"dataUnitId":8, "partitionIndex":11}, "v":[4]}], "nNodes":5}, "name":"c5nxlargex4_rrall_16_q15", "resultNode":0, "nParallelTasks":10000}